project_id,response_id,question,text,sentence,sentiment,sentiment_score,is_learning,embedding,outcome_key,outcome_label,outcome_score,multi_matches
proj_test,26,What did you learn?,I became more confident speaking English in front of others.,I became more confident speaking English in front of others.,positive,0.5413,True,"[ 7.27227628e-02 -8.43702350e-03  8.48916695e-02 -1.84105262e-02
  5.11240214e-02 -6.47603124e-02  9.52111632e-02  7.66424276e-03
  5.84308570e-03 -6.23099841e-02  2.30637994e-02  3.13724242e-02
  5.69746122e-02 -5.03155924e-02  1.08241983e-01 -3.28957923e-02
 -2.48942766e-02  2.03983244e-02 -9.28695872e-02 -9.01397169e-02
 -9.52763185e-02  5.63652478e-02  1.22379903e-02  6.14362163e-03
  1.96589082e-02  1.66845378e-02 -1.01424642e-02  1.47644803e-02
  5.82234859e-02 -1.89458057e-02 -3.53496522e-02 -1.15434723e-02
  8.85074809e-02 -3.11960857e-02 -3.48380804e-02  4.28575266e-04
  4.89841588e-03 -1.09123103e-02  3.05389091e-02 -2.23348383e-02
 -7.34627619e-02 -5.48500530e-02  1.11662790e-01 -2.17553606e-04
  2.12636292e-02  3.60718835e-03  4.15796749e-02  3.70852575e-02
 -9.64536704e-03 -6.94094400e-04 -2.72485949e-02 -4.99262027e-02
  1.92542584e-03 -5.29186726e-02 -5.62659502e-02  2.16063205e-03
  5.44466171e-03  1.17653832e-01  1.14156473e-02  1.19558107e-02
 -8.71240273e-02 -2.44217142e-02 -4.69374582e-02  8.75091180e-02
  1.02787348e-03  2.47583427e-02 -1.18971514e-02  3.01387534e-02
 -2.39507910e-02  4.30952124e-02  2.86847018e-02  2.61369832e-02
  5.97566292e-02  4.49573882e-02  2.17660442e-02 -5.56506440e-02
  9.36919078e-03 -5.49262017e-02  2.29503643e-02  4.59202975e-02
  5.78077137e-02  4.76168655e-02 -3.40543874e-02  2.14561950e-02
  1.91296078e-02 -1.22193038e-01 -8.80117901e-03 -5.80557287e-02
 -3.06457952e-02 -4.62657064e-02 -1.57182589e-02 -4.94960621e-02
 -4.99822907e-02  1.10078774e-01 -1.67526603e-02 -6.03748038e-02
 -1.04007669e-01  6.77964929e-03 -8.04285519e-04  7.00054839e-02
 -1.05442433e-02 -1.27509877e-03  1.20325489e-02  6.75891805e-03
 -6.58276156e-02  1.38243912e-02 -6.12451055e-04  3.47386710e-02
 -9.85818636e-03 -1.82528459e-02 -1.22465473e-02 -2.72481274e-02
 -1.80491302e-02  5.94462901e-02  3.04301474e-02  9.47764516e-03
 -5.37085757e-02  2.73883212e-02 -7.98233040e-03 -2.51804013e-03
  2.34388802e-02  1.10776506e-01  1.41404010e-02 -5.56624234e-02
 -3.23643610e-02  9.03537963e-03  8.14571828e-02 -1.80522982e-33
  5.06110787e-02  2.31591333e-02 -6.72972202e-03  1.21242188e-01
  2.26110741e-02  9.84198041e-03 -1.85409058e-02  2.88020410e-02
  1.49333561e-02 -6.63090870e-02  7.20063224e-02  3.09149758e-03
 -3.34034525e-02 -1.24290973e-01 -5.45858890e-02  6.72619566e-02
 -7.30902627e-02  8.45883191e-02  1.73647217e-02  6.90652803e-02
  3.62738557e-02  2.96621118e-02  1.29941478e-02 -4.60011549e-02
  9.92431864e-03  4.16597538e-02  9.13017839e-02 -6.96751848e-02
  4.67252769e-02  6.70701638e-03  4.20450047e-02  2.68011782e-02
 -4.65309508e-02 -2.33294610e-02  5.46044204e-03 -2.71370653e-02
  1.18839882e-01 -1.09407082e-01  1.10676419e-02 -1.19667342e-02
  2.22829208e-02  5.54764783e-03  8.52259099e-02  3.33796442e-02
  2.01522652e-02  3.62238660e-02 -5.10433540e-02  8.69682990e-03
 -1.19814716e-01 -2.21777498e-03 -9.77910906e-02 -4.41117585e-02
  1.27300406e-02  3.27474102e-02  5.95567450e-02 -1.82022192e-02
  1.30421277e-02  6.64700046e-02  2.63533611e-02 -1.85280535e-02
 -4.40554954e-02  4.79065403e-02  2.16791639e-03  9.00463015e-03
 -3.39807905e-02  7.97674898e-03 -3.17490511e-02 -3.02060936e-02
  2.66737863e-02 -3.86800990e-02 -6.02786765e-02 -5.12488820e-02
 -4.71129157e-02  5.78729920e-02  1.49757834e-02 -3.23145427e-02
 -5.29970489e-02 -2.62524262e-02  5.07695712e-02 -5.35785779e-02
  2.38412898e-02  1.41802514e-02 -5.90854175e-02 -5.04202303e-03
  6.82227761e-02  4.50011678e-02  6.53729141e-02 -8.27730969e-02
  6.05608784e-02  3.93033028e-02  3.17051075e-02 -2.24129912e-02
  2.50164121e-02 -5.88537380e-02 -7.71679580e-02  1.35198133e-33
 -3.34627321e-03  2.11739913e-02 -2.03512888e-03  7.13172331e-02
 -1.24155350e-01 -1.72057860e-02  1.39800861e-01  6.58168197e-02
  2.24224031e-02 -2.21256986e-02  4.20319624e-02  2.35907966e-03
  8.86218548e-02  2.83144675e-02  4.40254062e-03 -7.79165849e-02
  4.98965643e-02  6.54229224e-02  5.13436608e-02  5.39106652e-02
 -8.27295333e-03  4.21070904e-02 -8.73979181e-03  4.06107530e-02
 -8.58299807e-03 -5.66357523e-02 -4.22598422e-02  2.40654610e-02
 -2.37607453e-02 -5.88026866e-02  4.51930910e-02  1.60276927e-02
 -8.86144564e-02  2.27830578e-02 -3.71287465e-02  8.32129717e-02
 -5.36115244e-02 -7.27407187e-02 -3.44812572e-02  1.90499041e-03
 -7.25717396e-02 -5.07223867e-02 -3.41687445e-03 -3.01625002e-02
  8.96671508e-03 -6.50630891e-02 -2.49912329e-02 -6.88113049e-02
 -3.66232060e-02  3.46301757e-02 -5.37346229e-02  2.59772642e-03
 -2.15305183e-02 -9.13826078e-02 -5.76004107e-03 -3.18300612e-02
  1.10612147e-01 -9.90647972e-02 -7.72145391e-03 -3.57122533e-02
 -7.24776387e-02  3.68380360e-02 -3.28435153e-02 -4.88573015e-02
  9.31666344e-02  5.05620427e-02 -5.65318093e-02  1.11914396e-01
  7.09561110e-02 -1.63367903e-03  2.19997659e-04 -1.88367662e-03
  1.02714133e-02  5.61795011e-02 -2.59746239e-02 -5.54088168e-02
 -1.47754597e-02 -2.63054650e-02 -4.94333915e-02  2.11716965e-02
 -6.32833540e-02  1.18731186e-02  1.12388451e-02 -6.31717592e-02
 -1.22981574e-02  1.44624457e-01 -4.48214896e-02  8.99574952e-04
  5.41539304e-02 -3.18281613e-02 -3.81663367e-02 -1.68077871e-02
  5.91512537e-03 -4.24561501e-02  3.36988526e-03 -1.87619840e-08
 -1.31429836e-01 -4.67193400e-04  2.62959152e-02  8.47378075e-02
  5.61456308e-02 -6.37857988e-02 -1.01733699e-01  4.93493862e-02
 -2.35813279e-02 -9.58445072e-02 -1.05555244e-01  8.85611027e-03
  5.41936643e-02 -2.89986935e-03  6.39463365e-02  1.19888010e-02
  9.78441685e-02  3.94163616e-02  2.26753019e-02  2.34710872e-02
  3.75594795e-02  7.61535540e-02 -3.91128138e-02  1.86315700e-02
 -6.86953217e-02  2.47902963e-02 -2.41551641e-02 -1.20093832e-02
 -3.25339027e-02 -4.10774648e-02 -3.93700749e-02 -2.85338890e-02
 -7.03888014e-02 -1.21757295e-03 -7.71018583e-03  6.09548241e-02
 -4.20784988e-02 -6.67358923e-04  1.19785860e-01  5.03946804e-02
  3.96643113e-03  4.01351675e-02  4.72265389e-03  6.64559975e-02
  2.41899751e-02  4.54682410e-02 -2.18529487e-03 -2.10563354e-02
  4.70529869e-03 -5.53581789e-02  4.60720994e-02  3.08533721e-02
  2.80158856e-04  7.48750865e-02  7.29843602e-02  4.33901474e-02
 -4.99993414e-02 -3.19954054e-03 -3.62585187e-02  7.85098299e-02
  2.92139910e-02  6.27056062e-02 -1.34000674e-01 -4.33619618e-02]",language_digital,Improved foreign language and digital competences,0.5818413496017456,"[{""outcome_key"": ""language_digital"", ""outcome_label"": ""Improved foreign language and digital competences"", ""score"": 0.5818413496017456}, {""outcome_key"": ""intercultural_awareness"", ""outcome_label"": ""Enhanced intercultural awareness"", ""score"": 0.5171785354614258}, {""outcome_key"": ""self_empowerment"", ""outcome_label"": ""Increased self-empowerment and self-esteem"", ""score"": 0.4674578607082367}, {""outcome_key"": ""positive_interactions"", ""outcome_label"": ""Enhanced positive interactions with people from different backgrounds"", ""score"": 0.4572256803512573}, {""outcome_key"": ""learning_performance"", ""outcome_label"": ""Improved learning performance"", ""score"": 0.4435797333717346}, {""outcome_key"": ""initiative_entrepreneurship"", ""outcome_label"": ""Increased sense of initiative and entrepreneurship"", ""score"": 0.39923417568206787}]"
proj_test,27,What did you learn?,I learned how to work with people from very different cultural backgrounds.,I learned how to work with people from very different cultural backgrounds.,neutral,0.0,True,"[ 7.70621421e-03  7.06089363e-02 -2.16711070e-02  2.12102719e-02
 -1.70175731e-02 -5.17692454e-02  5.70011102e-02 -6.33359253e-02
 -1.96818989e-02 -4.39094454e-02  3.58333550e-02  1.36183733e-02
 -4.00639065e-02  4.22132015e-02  2.37922259e-02 -2.45796628e-02
 -2.29065008e-02  4.71468456e-02 -1.25935124e-02 -1.35634616e-01
 -8.13236013e-02  6.15546713e-03  7.60435611e-02  2.84371488e-02
  1.86376348e-02  4.78647016e-02  9.24527645e-02  1.91245005e-02
  6.41035512e-02 -3.16198803e-02 -5.34811951e-02  4.33507822e-02
 -2.40975190e-02  4.20347862e-02 -5.53667322e-02  1.18097797e-01
  1.70322303e-02  3.50776315e-02  1.62224900e-02 -2.31302064e-02
 -2.71313414e-02  3.85867469e-02  7.33000562e-02 -7.34850243e-02
  4.48796377e-02 -2.11335644e-02  2.04286072e-02  3.91978249e-02
 -4.66240235e-02  2.37829867e-03 -3.08866277e-02 -1.40245389e-02
 -1.00401100e-02 -1.32417753e-02  3.40434425e-02  2.41128523e-02
  1.99184623e-02  8.87394175e-02 -7.21451873e-03  6.36335164e-02
 -5.99577352e-02 -9.77794155e-02 -7.41266981e-02  3.90351191e-02
 -1.12515222e-02  4.42063482e-03 -7.32459426e-02  3.98466364e-02
 -7.73162767e-02 -9.91285071e-02 -7.71189779e-02  1.95770487e-02
 -3.83748021e-03  5.63075170e-02  5.22845574e-02 -1.06271291e-02
  5.75346388e-02 -1.12663522e-01 -1.05882451e-01 -1.25303995e-02
  3.24447826e-02  3.02726682e-02 -5.47951646e-03 -3.08545516e-03
  6.16987534e-02 -4.71861437e-02  3.56381051e-02  1.17783500e-02
  1.26370341e-02  1.29798157e-02  7.02291280e-02  3.50038335e-02
 -4.60825115e-02 -7.83174671e-03  2.02345941e-02 -6.79918081e-02
 -5.45633258e-03  6.02391586e-02  1.05075203e-02  7.25493953e-02
  2.32792385e-02 -3.14428704e-04 -4.08221409e-02  5.27778380e-02
 -4.53701653e-02 -2.44085118e-02 -4.32366170e-02  1.60459615e-02
 -3.48570989e-03 -4.75813709e-02 -7.67835006e-02  2.73831319e-02
 -9.09061804e-02  5.77317961e-02  4.52477299e-02  3.15872440e-03
  3.04766279e-02 -5.59912715e-03 -1.23761650e-02 -1.23222768e-02
  1.69633478e-02  5.90015054e-02 -2.77058762e-02 -1.44915739e-02
 -1.07524559e-01 -8.36153030e-02  2.15408895e-02 -2.22358348e-33
  5.77088781e-02 -6.86527090e-03  4.44884710e-02  9.20897126e-02
 -4.13188856e-04 -1.48060848e-03 -5.42854141e-05  4.32738923e-02
  2.18513515e-02  1.73870958e-02  1.12248652e-01  1.13176271e-01
  4.60409606e-03 -2.39454280e-03 -4.74588014e-02  9.80138704e-02
 -1.41306758e-01  3.09664682e-02 -8.98501556e-03  8.34418908e-02
  5.21163046e-02  2.32423116e-02  3.25206807e-03 -3.17564458e-02
  1.10152671e-02 -6.07489934e-03  4.67658043e-02 -1.57671403e-02
  1.01979978e-01  4.62805107e-03 -1.64641661e-03  3.71346287e-02
 -3.95346396e-02 -3.49216647e-02  3.79063934e-02  7.60743171e-02
  4.21114527e-02 -1.19379185e-01  1.24616642e-02 -2.72826906e-02
  3.42031866e-02 -1.32529270e-02  7.60009363e-02 -3.48270200e-02
  3.10884360e-02  4.41448130e-02  5.40649667e-02 -6.47775978e-02
 -1.18049927e-01  4.96940911e-02 -1.04475148e-01 -3.87406722e-02
  2.11928021e-02 -4.22389209e-02  3.06044538e-02  5.36719039e-02
  3.52313519e-02  4.97568697e-02 -2.77272500e-02  1.75951216e-02
 -4.26240563e-02  3.23507003e-02 -1.75992528e-03  9.29234698e-02
 -1.85584798e-02  7.46120466e-03 -1.32378787e-02  6.66944543e-03
  3.81306969e-02 -7.56063983e-02 -3.18078659e-02  3.13395597e-02
 -4.04831208e-02  1.16902767e-02 -8.15118626e-02 -1.98239163e-02
 -4.26330119e-02 -6.44527078e-02  3.89883742e-02 -6.58014864e-02
  3.36101763e-02 -1.12627959e-03 -7.86397420e-03 -1.58169232e-02
  1.69335622e-02  8.17131549e-02  2.25741230e-02 -7.87267834e-02
  4.57193591e-02  4.50369008e-02  2.22504605e-02 -2.05698516e-02
  5.49083538e-02 -1.48584498e-02 -4.38109897e-02  3.41830176e-34
 -3.32357511e-02 -1.03149600e-02  6.21844141e-04  2.91852057e-02
  2.63367593e-02 -4.91020456e-02  2.62775533e-02  5.06610908e-02
 -7.48195918e-03  5.93232028e-02  4.92029823e-02 -1.51549662e-02
  1.59424637e-02  6.58731014e-02 -5.06203286e-02 -7.95247313e-03
  1.19440409e-03  5.61392903e-02 -2.05792841e-02  3.44317667e-02
 -4.81737405e-02  7.75869787e-02 -4.50409800e-02  9.72853750e-02
 -2.12162398e-02 -1.92971658e-02  5.31365117e-03 -2.69393977e-02
 -3.96140590e-02  6.55981572e-03  4.12582383e-02  2.24311110e-02
 -2.51807198e-02  5.30263782e-03 -5.21143302e-02  5.08217216e-02
 -3.83889787e-02 -6.77953139e-02 -2.15298384e-02  4.86726314e-03
 -2.67286170e-02  2.57892311e-02 -7.48890340e-02 -4.62751789e-03
 -1.77905653e-02 -2.75543164e-02 -1.93396099e-02 -7.15386197e-02
 -4.51145954e-02 -5.59293516e-02 -6.24943189e-02 -6.45169765e-02
 -6.56660646e-03 -1.23812996e-01  5.31648956e-02  1.22463601e-02
  1.43431142e-01 -7.73921609e-02  3.15769389e-02 -1.74335893e-02
 -5.59874289e-02  2.16982272e-02  1.53355915e-02  1.48194833e-02
 -1.27575081e-02 -6.70123696e-02 -1.70801040e-02  6.85235783e-02
 -4.21687178e-02  1.23800989e-02  4.04481636e-03  7.12058172e-02
 -2.93733682e-02  5.39692817e-04 -4.88161519e-02 -6.88944459e-02
 -4.79802303e-02 -2.99010910e-02 -5.00989445e-02  1.42346304e-02
 -3.91920768e-02 -6.79273680e-02  2.31803935e-02 -9.10804421e-03
  4.94456850e-02  1.54097959e-01 -3.67263183e-02  3.63622159e-02
  4.65090685e-02 -7.95573741e-02 -3.72187234e-02 -1.83978751e-02
 -3.07502579e-02 -5.71222194e-02 -2.61130519e-02 -2.19925251e-08
 -1.11135863e-01 -2.47773658e-02  7.39222765e-03  1.93457883e-02
 -6.13947622e-02  5.46995848e-02 -6.49877414e-02  6.21998049e-02
 -5.83145991e-02  4.92807962e-02 -1.54085755e-01  2.80067995e-02
  4.38439809e-02  4.81816642e-02  9.35154557e-02 -6.60481350e-03
  1.64678097e-01  1.17090587e-02  2.51544844e-02  3.21597308e-02
  7.96654448e-02  3.95797566e-02  4.51232269e-02 -3.42314616e-02
 -4.51781973e-02 -9.69237834e-03 -5.70120886e-02  4.64970767e-02
 -2.70085391e-02  3.27689311e-04 -2.51267292e-02 -1.88364722e-02
 -9.42647979e-02 -3.86116169e-02  9.83027089e-03  5.10727149e-03
  6.44257339e-03 -9.40944403e-02  4.63886634e-02  1.95903075e-03
 -4.12927978e-02  6.04112586e-03  4.15639207e-02  2.86391024e-02
 -2.80479211e-02  5.43161929e-02 -1.61561910e-02 -2.83005019e-03
 -7.07455501e-02  6.40755743e-02  3.98347154e-02  2.04660818e-02
  1.15299821e-02  2.09803730e-02  1.56011343e-01 -6.20600656e-02
 -1.73367269e-03 -1.95221156e-02 -1.52544528e-02  6.06077164e-02
  3.76576856e-02  8.41087401e-02 -9.61015299e-02  4.75715771e-02]",intercultural_awareness,Enhanced intercultural awareness,0.672308087348938,"[{""outcome_key"": ""intercultural_awareness"", ""outcome_label"": ""Enhanced intercultural awareness"", ""score"": 0.672308087348938}, {""outcome_key"": ""positive_interactions"", ""outcome_label"": ""Enhanced positive interactions with people from different backgrounds"", ""score"": 0.6040471792221069}, {""outcome_key"": ""language_digital"", ""outcome_label"": ""Improved foreign language and digital competences"", ""score"": 0.48168426752090454}, {""outcome_key"": ""learning_performance"", ""outcome_label"": ""Improved learning performance"", ""score"": 0.4462524950504303}, {""outcome_key"": ""eu_values_awareness"", ""outcome_label"": ""Better awareness of the European project and the EU values"", ""score"": 0.3843829333782196}]"
proj_test,28,What did you learn?,This project improved my communication and teamwork skills.,This project improved my communication and teamwork skills.,positive,0.4767,True,"[-4.82332148e-02  5.79843596e-02  2.54855528e-02 -1.54062342e-02
  2.20826305e-02 -5.57989553e-02 -1.24952840e-02 -3.06303357e-03
 -1.36738354e-02 -3.82881649e-02 -2.14365050e-02  4.53108065e-02
  7.12233922e-03  4.05601151e-02  7.67148137e-02 -1.66361909e-02
  6.54487759e-02  3.45588215e-02 -2.78994106e-02 -1.11550272e-01
  2.15029735e-02  3.69170681e-02  8.66378397e-02  4.13308106e-02
 -7.48145282e-02  2.17139069e-02 -5.52739687e-02  1.88214481e-02
  2.70225736e-03 -6.91345632e-02 -9.87077057e-02  3.24566476e-02
  1.02078557e-01 -3.13611515e-03 -1.99286677e-02  1.18187875e-01
  5.59773445e-02  3.73049751e-02 -1.07145915e-02 -1.41091235e-02
 -1.43717319e-01 -6.97113797e-02  8.44174251e-02  2.64000642e-04
 -1.33621152e-02 -3.28787118e-02 -4.39659832e-03 -7.98214879e-03
 -7.79739255e-03 -2.58643199e-02 -4.55273464e-02 -6.29953817e-02
  4.21037851e-03 -6.02645278e-02  3.55548151e-02  3.05341333e-02
 -3.84482257e-02  5.19576259e-02  2.54675909e-03 -3.86647806e-02
  2.90952865e-02  2.35906169e-02 -6.96942806e-02  9.01510417e-02
 -1.12005183e-02  2.60701235e-02 -1.04060536e-03  7.29870200e-02
 -1.63777191e-02 -4.88641970e-02 -8.28776229e-03 -4.45888517e-03
  3.35842371e-02  1.26882326e-02  1.76728405e-02  4.12383676e-02
 -1.82524789e-02 -2.17656177e-02  7.06692189e-02  3.38051543e-02
 -1.00088958e-02 -1.06989574e-02 -1.68614667e-02  6.74213991e-02
 -6.24122052e-03 -4.68372069e-02  2.18612924e-02 -4.10737209e-02
 -2.49123690e-03 -1.23838028e-02  2.83961426e-02 -1.03643248e-02
  5.75048150e-03  3.67451608e-02 -9.77393985e-02 -1.51661327e-02
 -3.95734888e-03 -1.59387477e-02 -1.84831733e-03  6.83432296e-02
 -3.04161943e-03 -4.04470637e-02 -1.94702465e-02 -9.53115970e-02
 -7.11725578e-02 -1.39937773e-02  2.83193570e-02  1.00942831e-02
 -1.61986258e-02  3.96829545e-02 -6.51822835e-02  5.75507898e-03
 -1.21581957e-01  1.46997450e-02  4.43078652e-02  4.56242301e-02
 -6.32878840e-02  5.83461486e-02 -4.91120145e-02  1.19736213e-02
  5.80897667e-02  8.08969513e-03 -1.30040832e-02  1.31879589e-02
 -8.83597881e-03 -2.29349006e-02 -2.97797713e-02 -4.05518845e-33
  4.68876436e-02  7.37242550e-02  1.98208112e-02  1.58125758e-01
  1.12518735e-01 -3.34763639e-02 -1.20786987e-02  3.78736034e-02
 -9.01495591e-02 -8.44100118e-02  3.26379277e-02 -3.47536709e-03
  5.59765473e-02  2.97838269e-04  1.13928672e-02 -5.13973050e-02
 -8.65392536e-02  2.94372179e-02 -1.86219197e-02  3.75629775e-02
 -1.29991705e-02 -9.70515385e-02  1.31622488e-02 -4.49110270e-02
  4.88697328e-02  5.13726994e-02  3.20480093e-02 -5.30992113e-02
 -1.60677312e-03  3.56682800e-02 -1.20805309e-03  5.38984202e-02
 -5.20112216e-02 -5.45696877e-02 -2.25108787e-02  6.18588813e-02
 -1.86624378e-02 -1.84287190e-01  2.54700184e-02  7.67114833e-02
  5.28975986e-02 -3.07415538e-02 -5.17001301e-02 -1.31153744e-02
  9.02440101e-02  2.77780276e-02  1.81237701e-02 -1.93238091e-02
  3.18765417e-02  8.30843521e-04 -3.37645970e-02  5.80117665e-03
 -5.53724542e-02 -2.72519607e-02  3.72069441e-02 -1.23962841e-03
  1.52985258e-02 -1.10625401e-02  9.92525276e-03  1.34238312e-02
  2.84888055e-02  1.56760607e-02 -6.89174831e-02 -5.97776240e-03
  1.68793350e-02  3.60764451e-02 -9.24995355e-03  1.82176456e-02
  1.11613996e-01 -8.69025290e-02 -1.40924919e-02 -4.05007452e-02
  1.07677802e-01  4.87295054e-02 -7.72347092e-04  8.81845597e-03
 -8.44014883e-02  1.61895284e-03  4.84530907e-03  3.06703523e-02
  2.59842421e-03 -5.61608560e-02 -3.48870382e-02 -7.84952566e-02
  7.86842778e-02 -2.56333854e-02  2.68328656e-02 -2.73086671e-02
 -7.49465972e-02  4.90868352e-02  4.77385707e-02  1.17978631e-02
 -2.26996597e-02  4.38164212e-02 -6.28740788e-02  2.10369426e-33
 -1.14596905e-02  3.71639766e-02 -2.17500478e-02  7.39050135e-02
  7.51683041e-02  2.86560487e-02  1.18868062e-02 -3.09055462e-03
  9.10066143e-02  1.49052620e-01 -3.17614991e-04  5.71637414e-03
 -5.83775043e-02 -2.36912630e-03 -8.81899521e-03 -7.47501664e-03
  2.67712306e-02 -4.20125648e-02 -4.93322350e-02  7.17370678e-03
 -2.99358070e-02  1.53729245e-01 -2.78783999e-02  4.19815928e-02
  2.93004587e-02  1.51824970e-02 -2.39416584e-02 -9.86104235e-02
  8.09399411e-02 -4.05740179e-02  1.36721143e-02 -7.25559220e-02
 -1.19397357e-01 -1.55711025e-02 -2.72601973e-02  8.49197283e-02
  1.18998718e-02 -1.09223805e-01 -3.31627950e-02 -3.97241302e-02
  5.05348779e-02  6.22008042e-03 -1.73162185e-02  3.83736030e-03
  1.42016076e-02 -3.25636603e-02 -8.18473101e-03 -1.08194780e-02
 -6.63552880e-02  4.33040038e-02  7.68193752e-02 -3.06177232e-02
 -2.46436684e-03 -1.13931358e-01  1.16532184e-02  1.31018767e-02
  9.36180949e-02 -9.89950523e-02  1.43652270e-02  2.59267408e-02
 -6.70953095e-02  3.38099003e-02 -2.12423485e-02  3.98739576e-02
  6.79373369e-02 -2.70758867e-02 -5.87046444e-02  8.56591240e-02
  2.43573338e-02 -5.65519556e-03 -1.30043086e-02  4.66357283e-02
 -3.12667675e-02  2.01130230e-02 -2.98559051e-02 -3.36518213e-02
 -3.62662300e-02  3.51458378e-02 -4.99044284e-02  4.25222069e-02
 -3.60861048e-02  7.32145691e-03 -2.81626303e-02 -1.19526766e-03
  2.60932595e-02  1.05890289e-01 -2.05659363e-02  2.48504318e-02
  1.25160515e-02 -1.69829023e-03 -9.16518718e-02  1.61047000e-02
  4.85267714e-02 -2.79456824e-02  2.34487373e-02 -2.13520632e-08
  5.80921881e-02  1.96960792e-02 -6.36518607e-03  4.30768840e-02
 -5.11496253e-02 -2.91632134e-02 -8.84613618e-02  4.17324975e-02
  3.76377138e-03  3.98524292e-02 -6.89349836e-03 -1.45447617e-02
  2.19068080e-02  7.95756504e-02  5.01450710e-02 -5.78383505e-02
  6.23288937e-02  5.80354929e-02 -7.86905549e-03 -7.29411915e-02
  4.38113883e-02  1.66008230e-02 -7.40440488e-02 -1.19085750e-02
 -4.04744893e-02 -2.18655523e-02  3.29955248e-04  9.30096880e-02
 -5.79222701e-02 -7.97381252e-02 -6.16526417e-02  3.07414085e-02
 -5.24753220e-02  1.30394418e-02  2.01922655e-02  3.50534804e-02
 -2.59414166e-02 -4.76493984e-02  1.77460294e-02  6.15298152e-02
 -1.02255028e-02  7.02009723e-02  4.25386690e-02  8.15860406e-02
  1.31485797e-02  7.14435726e-02 -6.58125803e-02 -6.98846877e-02
 -7.15978295e-02 -7.63008893e-02  3.68774426e-03  8.05054754e-02
  2.57580094e-02  7.95747563e-02  3.24527696e-02  1.01165451e-01
 -6.55855006e-03 -3.32255922e-02  1.67988951e-03  2.68709753e-02
  8.90644565e-02  7.73665607e-02 -1.63503140e-01 -3.03121973e-02]",learning_performance,Improved learning performance,0.5775076746940613,"[{""outcome_key"": ""learning_performance"", ""outcome_label"": ""Improved learning performance"", ""score"": 0.5775076746940613}, {""outcome_key"": ""language_digital"", ""outcome_label"": ""Improved foreign language and digital competences"", ""score"": 0.47831130027770996}, {""outcome_key"": ""positive_interactions"", ""outcome_label"": ""Enhanced positive interactions with people from different backgrounds"", ""score"": 0.4603388011455536}, {""outcome_key"": ""employability"", ""outcome_label"": ""Enhanced employability and improved career prospects"", ""score"": 0.41916176676750183}]"
proj_test,29,What did you learn?,I feel more open-minded and understanding toward other cultures now.,I feel more open-minded and understanding toward other cultures now.,neutral,0.0,True,"[ 1.15935162e-01 -5.78338951e-02 -2.24620360e-03 -9.20986757e-03
  9.26292762e-02 -9.86345485e-02 -2.57319212e-02  8.23276304e-03
  6.43774495e-02 -2.59136222e-02  7.80199617e-02 -3.56409000e-03
 -8.14132169e-02 -2.60826549e-03  9.59362537e-02 -9.40157473e-03
 -6.21985234e-02 -1.10520478e-02 -7.33573586e-02 -5.05386516e-02
 -1.10310495e-01  1.28093502e-03  5.83834723e-02  3.79598560e-03
 -2.71595293e-03  7.27955671e-03  3.92414927e-02  2.18777563e-02
  3.84188853e-02 -1.19094905e-02 -3.87087353e-02  9.58009660e-02
  9.68393986e-04 -9.95039474e-03 -7.58526009e-03  6.44100383e-02
 -1.68185364e-02  3.55507955e-02  1.28859719e-02 -3.54635753e-02
  9.32501163e-03  4.48678184e-04  6.29406497e-02 -4.83958460e-02
  3.93892601e-02  1.32676428e-02  1.02040228e-02 -1.85091991e-03
  5.93607500e-03 -3.56871933e-02 -3.25697884e-02  5.01302220e-02
 -1.58974491e-02 -2.90148035e-02  5.80041967e-02 -4.20489237e-02
 -2.81961747e-02  5.95026389e-02 -3.46268378e-02 -3.91650246e-03
  1.82569493e-02 -5.02378307e-02 -1.50703563e-04  6.00778423e-02
 -2.27631256e-02 -2.03339849e-02 -4.92139384e-02  5.46581671e-02
 -5.36847226e-02 -6.42044693e-02 -1.86520517e-02  7.73141980e-02
  2.87492927e-02  2.65663266e-02 -1.26095675e-02 -7.35293925e-02
  4.83714882e-03 -7.86221996e-02 -2.78563891e-02  1.62757316e-03
  7.84619749e-02  1.13862135e-01 -4.77361977e-02 -5.42167425e-02
  1.37227708e-02 -5.97118065e-02  1.58024754e-03  6.29648343e-02
 -5.69745013e-03  2.57374030e-02 -2.88775284e-03  1.44821806e-02
 -3.28382589e-02  6.62687123e-02  2.74379235e-02 -7.06614032e-02
 -1.92160644e-02  7.05889314e-02 -4.85781133e-02  8.73272493e-02
  6.10407721e-03  5.67838252e-02  1.56845152e-02  7.40593523e-02
 -9.22861975e-03 -9.65096056e-03 -3.95282805e-02  4.25187722e-02
 -9.18061510e-02 -2.39433274e-02 -1.87429935e-02 -3.34077738e-02
 -4.06938307e-02 -1.46830361e-02  2.47359136e-03  4.42349277e-02
  4.49437760e-02 -1.67401172e-02  9.83381495e-02 -9.16677341e-03
 -3.63201536e-02 -7.76992552e-03 -4.51917537e-02  1.37062808e-02
  1.38992136e-02 -4.88124415e-02 -3.33888941e-02 -1.56536542e-33
 -5.14906719e-02 -2.13492364e-02  6.03855811e-02 -4.18412127e-02
  1.84338614e-02 -2.11838400e-03  1.80298723e-02  4.68365066e-02
 -3.33790779e-02 -2.71336325e-02  5.66870719e-02  9.65180844e-02
 -4.57483828e-02  2.47869212e-02 -3.66199985e-02 -2.75171511e-02
 -1.58091620e-01  8.21884051e-02  2.20858678e-02  5.29351942e-02
  8.48645717e-03  4.75236960e-02  1.00890473e-02  3.34938318e-02
  8.82250909e-03 -2.54143719e-02  6.08232655e-02 -3.23279500e-02
 -3.65890749e-02 -2.06342638e-02  2.88739931e-02  3.73650007e-02
 -4.65323888e-02 -3.12006031e-03 -4.33307216e-02  6.58457793e-05
  7.94124156e-02 -1.01683503e-02  2.67318264e-02 -6.19699880e-02
  2.03567129e-02  6.42731041e-03  2.12677580e-04 -1.59443375e-02
  5.91678023e-02  6.79794550e-02  4.11888547e-02 -6.40538856e-02
 -1.12715147e-01  3.74298505e-02 -9.64371189e-02 -1.25292549e-02
  2.62967646e-02  2.95646172e-02 -2.66664233e-02  1.16615780e-02
 -1.34287518e-03  6.45369142e-02  6.05780818e-03 -4.95639108e-02
 -5.98514415e-02  3.54943909e-02 -1.41433778e-03 -7.08993524e-03
 -1.38387736e-02  6.41828105e-02  1.05359266e-02 -5.66809485e-03
 -3.44763361e-02  5.30615356e-03 -6.22444116e-02 -1.40721397e-02
 -5.74747398e-02  3.34187225e-02 -6.18374571e-02  3.59582379e-02
 -1.33486642e-02 -6.37631193e-02  1.07808091e-01 -1.09760657e-01
  5.38158156e-02  3.97248678e-02  1.97120905e-02  5.83141819e-02
  5.32990368e-03  6.69776499e-02  5.51703461e-02  4.60512415e-02
  9.77251232e-02 -8.10107309e-03 -9.95056517e-03 -4.14420515e-02
  4.87255976e-02 -8.62429291e-03 -1.15408212e-01  2.09586143e-33
  2.99087986e-02 -2.88351253e-02 -2.22363323e-03  7.72832260e-02
 -1.01101063e-02 -2.22645309e-02  4.43095900e-02  5.48004285e-02
  7.36851012e-03  3.37611288e-02  4.47975285e-02 -9.49855801e-03
  7.95189366e-02  1.13440685e-01  1.35514997e-02 -9.03287008e-02
  3.67078483e-02  1.07514501e-01 -5.83261289e-02  4.93079685e-02
 -3.40210237e-02  1.10370561e-01 -7.60927126e-02  5.15042655e-02
  3.41282934e-02  4.06253636e-02  3.47776115e-02 -1.65172406e-02
 -5.17358631e-02 -3.96402739e-02  5.63551346e-03  2.69129723e-02
 -2.99940947e-02  2.31119096e-02  1.64205208e-02  6.75594285e-02
 -6.96064089e-04 -6.52327985e-02  1.83343738e-02  3.49966884e-02
 -7.05090389e-02  3.90094928e-02 -6.45085126e-02  2.97140125e-02
 -2.17381045e-02  3.78296673e-02 -1.24066696e-02  4.50166427e-02
 -7.47199133e-02 -8.59163702e-02 -6.71661347e-02 -2.31749248e-02
  3.06494860e-03 -1.87908009e-01  7.88216591e-02  2.10494734e-03
  6.08993731e-02 -8.72438252e-02 -7.99508840e-02 -5.11847325e-02
  1.07522625e-02 -1.95936784e-02 -7.11065065e-03 -4.73708734e-02
  2.23774649e-02 -5.19309267e-02  3.34338546e-02  9.45345908e-02
 -3.30526233e-02  2.99227424e-02 -7.54250679e-04 -2.19157115e-02
 -1.05818510e-01 -3.39105949e-02  4.25995104e-02 -2.13000551e-02
  4.97588478e-02  1.98147763e-02  1.16161238e-02  2.35701129e-02
 -9.09077153e-02 -7.72590265e-02  3.10701281e-02 -5.29172905e-02
  2.92542037e-02  8.11486095e-02 -8.00015703e-02 -1.24655282e-02
  7.06879795e-02 -6.32666703e-03 -1.18670419e-01 -3.99474576e-02
 -9.84987766e-02  3.36229280e-02 -4.89655696e-02 -2.09271303e-08
 -8.12056810e-02 -9.68190879e-02  2.44332850e-02  4.55723293e-02
  7.62020126e-02  9.24904421e-02 -6.14012890e-02  5.28338253e-02
 -5.80968969e-02  4.34065517e-03 -1.61482580e-02  4.70039025e-02
  1.95342844e-04  6.95958734e-02  2.04820801e-02  2.22282335e-02
  5.14619462e-02 -3.49808186e-02  4.71688882e-02  7.11440518e-02
  4.31025885e-02  7.20527321e-02  1.84551701e-02 -4.15422581e-02
 -5.17144985e-02  9.69539303e-03 -1.08765252e-01 -2.77268142e-03
 -4.53082062e-02 -2.01789066e-02 -3.12087927e-02  2.62616426e-02
 -7.20616654e-02 -1.53707135e-02 -3.86769511e-03 -2.01228764e-02
 -4.74186763e-02  2.63230484e-02  6.84841573e-02  7.54764974e-02
  6.26151264e-02  9.81712248e-03  3.08487974e-02  2.58028675e-02
 -5.74700497e-02 -3.19151469e-02  3.43912244e-02  5.00961579e-02
 -7.38919452e-02 -2.23659939e-04  5.49914204e-02  8.70755613e-02
  2.73401886e-02 -1.57618690e-02  5.47518134e-02 -6.42995760e-02
 -7.44485408e-02  9.77374390e-02 -3.22593413e-02  6.47653267e-02
  7.10245296e-02 -8.86814389e-03 -4.57126051e-02  1.52621930e-02]",intercultural_awareness,Enhanced intercultural awareness,0.7864900231361389,"[{""outcome_key"": ""intercultural_awareness"", ""outcome_label"": ""Enhanced intercultural awareness"", ""score"": 0.7864900231361389}, {""outcome_key"": ""positive_interactions"", ""outcome_label"": ""Enhanced positive interactions with people from different backgrounds"", ""score"": 0.4931339621543884}, {""outcome_key"": ""active_participation"", ""outcome_label"": ""More active participation in society"", ""score"": 0.3869270086288452}]"
proj_test,30,What did you learn?,I realized I can take more initiative in group work.,I realized I can take more initiative in group work.,neutral,0.0,True,"[-6.48578489e-03  1.76675661e-04  8.91087949e-03  3.63840312e-02
  5.25049455e-02 -5.44389337e-02  4.83709611e-02 -4.41817939e-02
 -8.01481120e-03  1.70611534e-02 -5.67163341e-04  5.51852733e-02
 -3.07728741e-02  7.88707379e-03  4.62002680e-02 -3.98039594e-02
 -4.32781726e-02 -2.33494192e-02 -7.06280246e-02 -9.06755179e-02
 -2.11251751e-02 -2.49386318e-02  5.78370765e-02  1.11932969e-02
 -2.03193463e-02  7.19260573e-02 -4.78511080e-02 -1.35091413e-02
  5.46329692e-02 -6.17958270e-02 -5.63785173e-02  6.18252717e-02
  1.08900242e-01 -5.16210264e-03 -6.64691776e-02  5.65238744e-02
  4.60260883e-02  4.74959500e-02  5.41206524e-02 -3.31843346e-02
 -4.59229723e-02 -6.64667552e-03  3.79974246e-02  6.65659010e-02
 -1.52106937e-02 -1.41291181e-02 -9.52379871e-03 -4.76054922e-02
  7.86221586e-03  4.44008783e-03 -4.45083063e-03 -7.71042407e-02
 -8.68183468e-03 -6.50293939e-03 -9.64101776e-03 -1.32194785e-02
 -3.80685274e-03 -3.39399166e-02  9.15056095e-03 -6.41858503e-02
 -4.79949489e-02 -2.67675538e-02 -1.33312838e-02  2.38725580e-02
 -1.98856331e-02  3.56724970e-02  4.21576239e-02  2.51946822e-02
 -8.86367634e-02 -2.93617118e-02  5.47809526e-02  1.43852392e-02
  1.93610508e-02  9.06149112e-03  1.26799420e-01  1.66075919e-02
 -8.69620184e-04 -3.75414602e-02  7.05015138e-02  2.80819144e-02
 -2.51944922e-02  3.71694416e-02 -3.15740220e-02  4.21607532e-02
  1.27539011e-02 -8.99173468e-02 -5.95539389e-03  4.26645838e-02
  1.31329754e-04 -3.07192933e-02 -5.60219623e-02  3.71520557e-02
  4.53164987e-03 -1.82580110e-02 -3.19671724e-03 -1.58106703e-02
  1.81090999e-02 -9.07088071e-03 -1.84320454e-02  6.44408315e-02
  2.56235823e-02 -4.77693491e-02 -1.22281834e-02 -4.28820513e-02
 -6.75210059e-02 -2.62518227e-02  7.37069221e-03  2.91022081e-02
 -3.58949741e-03 -1.32522145e-02 -8.67040008e-02  2.00049225e-02
  8.14179890e-03  1.83324553e-02 -6.64252322e-03  3.19449529e-02
 -3.86398053e-03  6.33465573e-02  4.11248319e-02  1.31051028e-02
  9.17179435e-02 -1.07640810e-02  4.94771078e-02  1.65855605e-02
 -7.43058603e-03  7.26723894e-02  2.11059712e-02 -4.26819905e-33
  3.62406345e-03  4.56639901e-02  6.49765730e-02  1.13743365e-01
  1.17813595e-01 -5.28936014e-02 -4.33453061e-02  1.25507981e-01
 -7.04558641e-02 -8.33569616e-02  4.39823000e-03  3.15142721e-02
  7.09049627e-02  3.26613081e-03  8.54830071e-03 -6.43268153e-02
 -7.58331195e-02  5.93927503e-02 -9.45686474e-02 -7.12388940e-03
 -1.75102837e-02 -4.85149845e-02 -5.17078582e-03 -2.16035973e-02
  2.78255809e-02  1.07186332e-01  6.27871230e-02 -4.56905179e-02
  4.46351916e-02  4.09795344e-02  7.32994229e-02  2.36711223e-02
 -9.56618041e-02  2.14088112e-02 -1.04856230e-01  5.02630770e-02
  6.97900578e-02 -9.71948579e-02  7.86797553e-02  1.02765560e-02
 -1.87768489e-02 -2.09536571e-02  2.91192401e-02 -2.01200359e-02
 -2.07353309e-02  6.15634099e-02  6.25334587e-03 -9.89596918e-03
 -4.77321882e-04  6.19623065e-02 -4.71417122e-02  2.09391769e-03
  4.22881842e-02 -2.69140229e-02  5.67801967e-02 -1.09486207e-02
 -1.56578375e-03  4.82993536e-02  4.95673381e-02 -1.00097321e-02
  3.58230062e-02  9.69444737e-02 -1.92799345e-02  1.22223988e-01
 -3.68293487e-02  1.73657462e-02 -4.36039735e-03  6.92544654e-02
  8.14348385e-02  1.35721620e-02 -1.36316651e-02 -1.10049946e-02
 -2.71539763e-02  1.91517342e-02 -5.32949977e-02  2.44181473e-02
  9.87230334e-03 -1.81084760e-02  1.82310045e-02 -3.59327309e-02
  2.51451936e-02 -5.08980006e-02 -2.38379054e-02 -4.77895103e-02
  2.05150973e-02 -5.24078049e-02  5.57097718e-02 -9.25199408e-03
 -2.27151625e-02  3.07205934e-02 -7.78138340e-02  5.64911664e-02
  6.14315234e-02  7.34150410e-02 -5.55577390e-02  3.12467961e-33
  1.47790238e-02  2.17408948e-02  2.11431421e-02 -3.16146128e-02
  9.25362334e-02 -2.07856596e-02  5.82309812e-02 -1.04065448e-01
  3.04304231e-02  6.94183260e-02 -3.21947820e-02  4.66906140e-03
 -5.22212498e-02  4.48535243e-03  3.10219154e-02 -7.36639649e-02
  1.53760305e-02 -4.49463762e-02  1.37717454e-02  4.34927046e-02
 -8.73956606e-02  2.96690203e-02  1.34312815e-03  4.75260019e-02
  6.11231290e-02  2.33629402e-02  4.14453447e-02  7.59755122e-03
  2.51220576e-02 -2.02445183e-02  3.41572389e-02 -1.02649927e-01
 -1.14782706e-01 -2.44827103e-02  1.77008808e-02  3.69236842e-02
 -8.66895467e-02 -4.12585549e-02 -3.56050469e-02  5.97172938e-02
  1.20105492e-02 -1.59633495e-02  1.16826696e-02  5.42262979e-02
 -5.62630268e-03  2.66847927e-02  7.28303865e-02 -2.44125575e-02
 -1.18515946e-01  8.92197713e-02 -5.56884371e-02 -3.74879390e-02
 -6.51505915e-03 -9.90680456e-02  4.44942527e-03  5.00754006e-02
  6.75886273e-02 -1.12063430e-01 -5.62759340e-02  1.92649812e-02
 -7.09017962e-02  2.55643600e-03 -1.01188933e-02  3.21301036e-02
  4.66461852e-02 -1.11490250e-01 -3.28529440e-02 -6.30461657e-03
 -1.90252792e-02  2.87023792e-03  1.59892794e-02 -2.70665195e-02
 -2.49548741e-02 -4.24875431e-02  1.57947664e-03 -8.64406675e-02
  1.43663622e-02  1.81012433e-02 -8.28217193e-02 -8.47013965e-02
 -3.35670337e-02  9.44315165e-04  1.99095774e-02 -1.93027966e-02
 -7.25384578e-02  1.00237802e-01 -1.07774250e-02  1.18587688e-01
 -2.74899472e-02  3.48752141e-02 -1.05916008e-01  2.71163285e-02
  1.53479706e-02  6.04401752e-02 -6.65021688e-03 -2.01985184e-08
  1.54552041e-02  5.02067208e-02  2.84223929e-02 -1.64842568e-02
  1.11412585e-01 -9.31191370e-02 -1.45139754e-01  6.98073059e-02
 -1.16730370e-02  3.35102342e-02  6.40174896e-02 -4.49742638e-02
  5.95867485e-02  3.71057615e-02  8.56288895e-02 -4.26166318e-02
  1.70584973e-02 -6.23945631e-02 -4.38602343e-02 -5.05815223e-02
  4.18658257e-02 -4.96013556e-03 -8.57644305e-02 -5.68091981e-02
 -3.73759009e-02 -1.68004353e-02 -7.08377585e-02  6.47152290e-02
 -5.75326420e-02 -2.44862791e-02 -2.41229571e-02  5.82552552e-02
 -1.35978207e-01  8.23609307e-02 -7.42343348e-03 -6.18098266e-02
  8.64553545e-03 -6.16637291e-03  8.89933482e-02 -4.32922691e-02
 -2.05487367e-02  2.69814581e-02  7.45737329e-02  8.80814269e-02
 -8.85530189e-02  5.34979217e-02 -2.88690496e-02 -2.17879731e-02
 -2.08438151e-02 -6.55058399e-02  2.70169843e-02 -1.21877305e-02
  4.39469367e-02  8.21981356e-02  7.52695128e-02  7.15885609e-02
 -1.79047212e-02  1.44762127e-02  2.65436503e-03 -4.82215546e-03
  8.07575732e-02 -3.76548655e-02 -1.35613725e-01 -9.20491479e-03]",initiative_entrepreneurship,Increased sense of initiative and entrepreneurship,0.5595908761024475,"[{""outcome_key"": ""initiative_entrepreneurship"", ""outcome_label"": ""Increased sense of initiative and entrepreneurship"", ""score"": 0.5595908761024475}, {""outcome_key"": ""positive_interactions"", ""outcome_label"": ""Enhanced positive interactions with people from different backgrounds"", ""score"": 0.4364091157913208}, {""outcome_key"": ""learning_performance"", ""outcome_label"": ""Improved learning performance"", ""score"": 0.41719961166381836}]"
proj_test,31,What did you learn?,I gained more self-confidence and I am less afraid to share my opinion.,I gained more self-confidence and I am less afraid to share my opinion.,positive,0.5478,True,"[ 4.17686217e-02  1.86610613e-02  1.63892563e-02  5.22120595e-02
  7.06413910e-02 -2.81908680e-02  5.82030527e-02  7.18766600e-02
  3.13886255e-02 -8.55336413e-02  3.37898321e-02 -1.87392402e-02
  6.46791011e-02 -1.13268510e-01  5.17887324e-02  1.20314676e-02
  3.10102757e-02 -8.61117058e-03 -1.51439205e-01 -4.88091186e-02
 -8.07823762e-02  3.84597704e-02 -3.92846204e-02  3.60716656e-02
 -1.61405690e-02 -6.48096055e-02 -3.22864987e-02  4.26624380e-02
  1.48560787e-02 -3.06823328e-02 -1.55890975e-02 -3.65708284e-02
  5.91538697e-02 -3.87378447e-02 -6.70707300e-02 -2.66962498e-02
 -3.24692465e-02 -9.63515602e-03  3.89541988e-03 -4.04594019e-02
 -6.84988946e-02  3.17602381e-02  5.56695126e-02  8.83842073e-03
 -2.63272207e-02 -1.91847701e-02  2.48856992e-02 -3.77179421e-02
  5.83757553e-03 -4.24839705e-02 -9.17079598e-02  1.92755125e-02
 -6.15282878e-02 -6.59011230e-02  3.11051700e-02 -2.07141191e-02
 -1.02984034e-01  8.53430703e-02  3.54130846e-03  3.99208441e-02
  7.82092288e-03 -4.42224694e-03 -1.53585756e-02  4.15587164e-02
  4.95454408e-02  8.82501826e-02 -1.85229350e-02  1.30093433e-02
 -1.26818195e-03  3.43036205e-02  3.94674875e-02  2.09655445e-02
  5.97379822e-03 -7.79904658e-03  1.17227715e-02  7.85791036e-03
  8.96935351e-03 -3.39213200e-02  3.69746462e-02  1.12049669e-01
 -1.74682755e-02  6.90079480e-02 -3.39377224e-02  6.46947846e-02
 -8.42802823e-02 -1.19480066e-01  6.90830648e-02 -1.53229423e-02
 -6.36899099e-02 -1.06681064e-02 -6.48103189e-03  3.09177544e-02
 -8.27904120e-02  1.11152660e-02  4.70694806e-03 -2.24761385e-02
 -1.54237553e-01 -2.00472586e-02 -1.36189191e-02  8.16664696e-02
  6.01821765e-03  1.04119265e-02 -3.97552922e-02  3.42317298e-02
 -7.35403178e-03  3.48758586e-02 -1.93761829e-02 -1.98287908e-02
 -5.15552275e-02  7.39891008e-02 -4.28278558e-02 -1.69112608e-02
 -3.36734541e-02 -4.09461074e-02  4.57043052e-02  4.43443619e-02
 -8.05640128e-03  6.65436983e-02  5.96202426e-02  4.90111671e-03
  4.31485660e-02 -1.52006687e-04  8.68442729e-02 -6.80479826e-03
 -7.48127978e-03 -4.29238603e-02  1.14247734e-02 -3.90206599e-33
  2.28308868e-02  2.04427391e-02  3.73201407e-02  6.87714666e-02
 -2.47893166e-02  1.79245546e-02 -8.83912761e-03 -1.58601068e-02
 -2.62620840e-02 -4.12038900e-02  6.74377829e-02  2.11990569e-02
  2.26219185e-02 -6.24438897e-02  1.41882310e-02  5.42867184e-02
 -1.03490740e-01  6.05502166e-02  1.22575322e-02  6.69509098e-02
  6.55740425e-02 -2.78604180e-02  3.90483625e-03  7.46314460e-03
  8.10008217e-03 -4.20054495e-02  4.09369580e-02 -3.73550840e-02
 -4.54947278e-02  1.89077463e-02 -2.96314037e-03  1.06966861e-01
 -1.17031196e-02 -8.44136328e-02  3.87520231e-02  1.52892014e-02
  2.06682496e-02 -3.72656644e-03  9.49711259e-03 -4.04608063e-02
  2.93614585e-02  2.21455395e-02  3.72260511e-02 -2.58391839e-03
  1.42910769e-02  5.43908775e-02 -8.23746845e-02 -3.59974578e-02
 -1.64643794e-01 -1.50379138e-02 -8.77990052e-02  3.67548950e-02
  7.63972616e-03  4.95347790e-02 -6.62634075e-02 -2.14803554e-02
 -6.67581111e-02  3.60410400e-02  3.92734446e-02 -3.41523848e-02
 -3.37978266e-02  9.01310369e-02 -5.97122610e-02 -5.69363013e-02
 -4.14485894e-02  5.39707951e-02 -8.15468840e-03 -9.37905461e-02
  1.52801927e-02  1.55361183e-03 -1.03819277e-02 -1.25264991e-02
 -9.86980423e-02 -2.51606479e-02  3.47483009e-02 -6.24618530e-02
 -8.98765326e-02 -2.88219396e-02  6.36416450e-02 -1.47885323e-01
  3.31885517e-02  1.65444287e-03 -7.22694322e-02 -1.19725065e-02
  2.65494622e-02 -3.06127146e-02  9.11545306e-02  6.91774264e-02
  5.08450270e-02  9.57603473e-03  5.26082180e-02  1.28368549e-02
  4.97855842e-02  2.53106020e-02 -9.85131413e-02  2.22348724e-33
 -5.62616438e-03  4.93700057e-02  2.05600522e-02  9.92159825e-03
 -5.59266359e-02  2.76182909e-02  1.91898309e-02  6.80940524e-02
  5.36974743e-02  4.70857434e-02  3.93024720e-02  6.23147599e-02
  7.70851970e-02  1.11094583e-02 -4.32194248e-02 -5.33581972e-02
  2.63799354e-02 -9.12956614e-03 -6.18648268e-02 -6.02708496e-02
 -5.18982448e-02  9.59916636e-02  1.07744578e-02  3.47037390e-02
  1.44209098e-02 -6.50239410e-03  6.06916919e-02 -5.76609559e-03
  7.41159096e-02 -8.51785243e-02  1.62865855e-02  4.15735990e-02
 -3.61352563e-02  4.88269702e-03  3.35516706e-02  5.53550273e-02
 -5.30274026e-02 -7.63520226e-02  5.30772842e-02  4.35753725e-03
 -6.73929304e-02 -6.57183677e-02 -2.28462629e-02 -8.93974379e-02
 -3.97392176e-02 -5.09960167e-02  8.14549103e-02 -3.35077904e-02
  1.34120593e-02  4.31227386e-02 -4.87994738e-02  7.14930594e-02
  1.13901552e-02  1.52377840e-02  5.20815775e-02 -4.38757613e-02
  7.90539160e-02 -1.53805371e-02 -1.93736460e-02  7.74353519e-02
 -8.54148194e-02  4.64424528e-02 -3.19246985e-02 -3.60871516e-02
  9.11636278e-02  8.68762098e-03 -7.14853555e-02  3.41065265e-02
  1.11076042e-01 -2.85351835e-02  3.62962112e-02  3.92882079e-02
  3.48532596e-03  1.23215397e-03  1.42827602e-02 -5.35826162e-02
 -1.92618258e-02  2.86720321e-02 -7.68394396e-02  2.25785896e-02
 -4.03446592e-02  4.83616665e-02  3.85419913e-02 -7.28974640e-02
  4.27049631e-03  6.65895566e-02  6.80995220e-03 -4.32575820e-03
 -1.73321348e-02 -2.71343011e-02 -2.51564831e-02 -4.65185791e-02
 -7.54111866e-03 -4.29763459e-02 -1.21891368e-02 -2.23578649e-08
 -3.00448760e-02 -7.20614344e-02  7.00866058e-02  1.23849757e-01
  4.96887229e-02  5.24284244e-02 -2.83873770e-02  5.34741245e-02
 -9.27330926e-02 -8.00517388e-03  2.62187161e-02  7.31706526e-03
  9.22190491e-03 -9.90422256e-03  1.72106978e-02 -4.65375148e-02
  6.39509633e-02  1.92622356e-02  2.10888050e-02 -5.32020852e-02
  2.94307582e-02 -6.70829695e-03 -8.17365050e-02 -8.27022865e-02
 -5.38259186e-03  7.13903978e-02  2.40719765e-02 -3.15577053e-02
 -1.17330343e-01  5.79290800e-02 -1.86543688e-02 -2.64408756e-02
 -3.84995192e-02  6.12653233e-03 -1.92433093e-02  3.89723741e-02
  5.67722693e-02  2.46232748e-02  1.05593510e-01 -6.60670698e-02
 -6.22158460e-02  9.79270265e-02  7.28977248e-02  9.63387042e-02
  1.87954796e-03  3.54966074e-02  7.04113096e-02 -3.97053659e-02
 -3.85407656e-02 -2.71917842e-02  4.56655473e-02 -1.16123222e-02
  4.53601032e-02  4.70970720e-02 -3.36617464e-03  9.19499174e-02
 -1.08238064e-01  4.37420271e-02 -3.13258916e-02  3.29511948e-02
  3.11449990e-02 -2.58388165e-02 -1.13769814e-01  1.12954127e-02]",self_empowerment,Increased self-empowerment and self-esteem,0.5855523943901062,"[{""outcome_key"": ""self_empowerment"", ""outcome_label"": ""Increased self-empowerment and self-esteem"", ""score"": 0.5855523943901062}, {""outcome_key"": ""positive_interactions"", ""outcome_label"": ""Enhanced positive interactions with people from different backgrounds"", ""score"": 0.42827001214027405}, {""outcome_key"": ""intercultural_awareness"", ""outcome_label"": ""Enhanced intercultural awareness"", ""score"": 0.40055352449417114}]"
proj_test,32,What did you learn?,My English improved a lot during the exchange.,My English improved a lot during the exchange.,positive,0.4767,True,"[ 3.97442132e-02 -1.33068282e-02  1.24753788e-01 -8.85129254e-03
 -2.82730088e-02 -1.32671008e-02  5.71041740e-02 -1.85128544e-02
  9.76664945e-03 -1.12461550e-02  2.95792185e-02  7.60621652e-02
 -1.15002859e-02 -2.78712995e-02  8.08973461e-02 -1.40653569e-02
  6.23673573e-03  4.68519703e-02 -8.28769505e-02 -8.97357613e-02
 -6.91663995e-02  3.59165594e-02  5.22624776e-02 -6.00888301e-03
  4.06688899e-02  2.95838760e-03 -5.55635765e-02  3.60753946e-02
  4.91707735e-02 -9.27756429e-02 -9.57497433e-02  6.19479455e-03
  7.84388036e-02 -1.12725152e-02 -3.38353813e-02  3.19004096e-02
  2.49011423e-02 -3.87416519e-02  6.65823072e-02 -2.18656920e-02
 -8.57949406e-02 -3.27996388e-02  1.42228767e-01 -2.49589868e-02
  3.52273621e-02  2.72185635e-02  5.23392484e-02  7.26595297e-02
 -2.38201581e-02  1.07008731e-02  2.30326336e-02  2.37342566e-02
 -2.34323982e-02 -8.29643663e-03 -1.00701898e-02  6.68497905e-02
  4.77062725e-02  9.92441326e-02  4.22645845e-02 -2.98110414e-02
 -1.23335622e-01 -1.25460618e-04 -1.89396348e-02  1.05230995e-01
 -3.07364203e-02 -5.03301844e-02 -6.25624042e-03  1.74306352e-02
 -6.09949753e-02  4.53929491e-02 -1.16337426e-02 -5.42137772e-03
  3.57370302e-02  1.00647613e-01 -2.89295204e-02 -1.89567974e-03
  3.32174301e-02 -4.30932529e-02 -1.96965355e-02  5.61325662e-02
  3.89723247e-03  4.04334255e-03 -1.71646066e-02 -1.81634817e-02
  5.70605882e-02 -1.01168692e-01  2.38279086e-02 -9.23162699e-02
  1.28310174e-02 -3.62928701e-03  8.31097364e-02 -3.57591361e-02
 -2.53407378e-03  8.09092671e-02 -2.02667732e-02 -2.45347060e-02
 -3.26113775e-02  4.73965853e-02 -2.46559475e-02  1.02265663e-01
  7.47706071e-02  1.15617432e-01 -1.65585950e-02 -2.32744254e-02
 -1.30123720e-01 -1.36120087e-02 -3.58415805e-02  3.19588482e-02
 -5.61951622e-02 -3.98686416e-02 -2.26739924e-02  2.39438638e-02
 -4.31472398e-02  3.73472087e-02  4.69747977e-03  4.55759726e-02
 -1.47096161e-02 -1.63748525e-02  2.35297363e-02 -3.97995040e-02
 -1.44358457e-03  8.16129893e-02 -4.11372371e-02 -6.70846999e-02
 -1.45065591e-01  1.67075684e-03  7.40228742e-02 -6.58020799e-33
  1.56816281e-02  5.30109368e-02 -6.48783967e-02  1.07714638e-01
 -1.42935645e-02  2.31433026e-02 -9.84109286e-03  2.21866183e-03
  7.32834684e-03 -1.24070406e-01  2.99180988e-02  5.86250126e-02
  2.21082065e-02 -6.14998862e-02 -6.81996793e-02  5.72667234e-02
 -3.30958776e-02  4.68901694e-02 -8.58451240e-03  5.30179627e-02
  4.71791849e-02 -2.34599542e-02  5.01808301e-02 -4.69894595e-02
 -1.98830571e-02  3.23298643e-03  4.30126451e-02 -6.62776008e-02
  2.15983130e-02  6.59349840e-03  7.48589169e-03  1.13182310e-02
  4.05307719e-03  2.09442638e-02  1.73019478e-03 -1.47504406e-02
  7.88366720e-02 -1.08722121e-01  2.04978772e-02  6.09073509e-03
 -5.57756843e-03  4.36403193e-02  7.10385293e-02  1.27010476e-02
  9.10557341e-03  9.41120982e-02 -1.36119509e-02 -1.41097317e-02
 -1.63926613e-02 -1.23105738e-02 -1.96257625e-02 -5.78519739e-02
 -4.46832441e-02 -7.86112715e-03  5.18321544e-02  1.43809179e-02
  5.45683317e-02  1.52260922e-02 -2.45960932e-02 -1.52811883e-02
  2.01251102e-03  5.49172089e-02  6.25476912e-02  5.34661626e-03
 -1.86860301e-02 -1.19467974e-02 -9.57477931e-03 -4.13888060e-02
  5.54056000e-03 -1.03001013e-01 -5.41385487e-02 -2.44794078e-02
  2.06461176e-02  2.76380498e-02  6.44850209e-02 -2.13894453e-02
 -4.04900573e-02 -3.29920687e-02  7.70480558e-02 -6.78565502e-02
  1.92296635e-02 -2.71633305e-02 -1.89265178e-03  4.41184081e-02
  4.05390672e-02  1.50084868e-02  2.15582978e-02 -2.37731561e-02
  8.54542628e-02  3.21612842e-02  3.05823479e-02 -5.57042100e-03
 -5.15012210e-03 -6.21098168e-02  1.95584050e-03  4.82770681e-33
 -8.36236030e-03 -9.23839398e-03 -4.48301993e-02  1.26320705e-01
 -9.46930647e-02  7.91110750e-03  8.89549032e-02  8.44234079e-02
  5.35223670e-02 -9.81138088e-04  4.34863754e-02 -1.33200046e-02
  3.01498845e-02  3.77242342e-02  5.21432981e-03 -1.00309312e-01
  5.49206398e-02  2.40074433e-02  1.05160370e-01  1.42658949e-02
 -1.79907195e-02  9.91604552e-02 -1.15194349e-02  3.45344208e-02
 -1.91483069e-02 -2.31620502e-02 -5.12695014e-02 -1.49594089e-02
 -3.15063223e-02 -2.94274129e-02  2.26308834e-02  3.59250382e-02
 -8.65850374e-02  7.11662844e-02 -4.50589806e-02  8.71321559e-02
  4.48546186e-03 -7.94466734e-02 -4.25711349e-02  7.20345974e-02
 -3.83054353e-02 -1.80072268e-03 -6.25875691e-05  4.97594029e-02
  1.77696887e-02 -3.62706184e-02 -8.75302553e-02 -8.39706734e-02
  5.18685859e-03  3.12292259e-02 -1.75416805e-02  2.11130902e-02
 -5.61490841e-02 -1.03956498e-01 -2.79382523e-03  8.11229274e-03
  8.57841745e-02 -1.59376428e-01 -2.27886774e-02 -6.26758859e-02
 -8.73026550e-02  5.80107868e-02 -9.43932217e-03 -4.87518571e-02
  1.88435353e-02  3.92423086e-02 -2.67081000e-02  3.45459171e-02
  6.05742075e-02 -3.29330973e-02  2.41603632e-03 -7.16166124e-02
 -1.79167092e-02 -3.13707292e-02  1.80372540e-02 -2.71716826e-02
  3.41893034e-03 -5.29843010e-02 -4.38559651e-02  3.56466603e-03
 -6.05638810e-02  5.94628081e-02 -8.92215315e-03 -4.05277982e-02
  1.45629654e-02  7.76740089e-02 -8.76911581e-02  9.98866465e-03
  4.27777804e-02  5.29469748e-04  1.78141650e-02  6.33604685e-03
  7.80259492e-03 -5.09180054e-02 -4.00380194e-02 -1.82710753e-08
 -7.60730952e-02  5.99451549e-02  4.46078405e-02  8.25292990e-02
 -1.26358951e-02 -7.80975297e-02 -7.00540617e-02  6.72722608e-02
 -7.80965609e-04 -4.03522588e-02 -1.01930827e-01  4.79469374e-02
 -2.51733456e-02 -5.01068309e-02  4.42822762e-02  6.92963824e-02
  5.08601815e-02  6.31164983e-02 -3.14981006e-02 -2.22226158e-02
  3.66879664e-02  1.30631164e-01  3.33325341e-02 -2.10171696e-02
 -7.03448430e-02  3.66697907e-02  5.74948862e-02 -2.33092345e-03
 -1.05686504e-02 -1.29459903e-01 -6.31077727e-03 -2.79672965e-02
 -3.52528617e-02 -2.74641905e-03 -3.83262299e-02  3.56486365e-02
 -1.50205838e-02 -5.05051054e-02  3.48422118e-02  5.95773682e-02
 -2.04733238e-02 -5.17875850e-02 -3.97429569e-03  2.45428272e-02
  3.24522741e-02  3.57009284e-02 -1.01756588e-01 -3.44536714e-02
 -4.98602167e-03 -8.58282223e-02  6.88044876e-02  2.20629126e-02
 -2.01479066e-02  4.56966124e-02  5.70039600e-02  2.25631874e-02
 -1.76583324e-02 -6.61846027e-02  1.92792416e-02  2.61785090e-02
  1.01241916e-02  8.54026824e-02 -9.82184112e-02 -2.16930248e-02]",language_digital,Improved foreign language and digital competences,0.5356268286705017,"[{""outcome_key"": ""language_digital"", ""outcome_label"": ""Improved foreign language and digital competences"", ""score"": 0.5356268286705017}, {""outcome_key"": ""intercultural_awareness"", ""outcome_label"": ""Enhanced intercultural awareness"", ""score"": 0.4522879719734192}, {""outcome_key"": ""learning_performance"", ""outcome_label"": ""Improved learning performance"", ""score"": 0.42890867590904236}, {""outcome_key"": ""positive_interactions"", ""outcome_label"": ""Enhanced positive interactions with people from different backgrounds"", ""score"": 0.39305275678634644}]"
proj_test,33,What did you learn?,I learned to collaborate better and listen more carefully to others.,I learned to collaborate better and listen more carefully to others.,positive,0.5709,True,"[ 4.17863429e-02 -7.88125843e-02 -4.62275557e-03  7.39267375e-03
 -8.54487624e-03  1.84164215e-02  2.20911913e-02 -3.38490047e-02
  4.54385392e-02 -4.29789796e-02 -4.29871865e-03  9.37438309e-02
  2.45439657e-03 -1.97177217e-03  4.69981041e-03  7.04421150e-03
 -3.74346375e-02  4.98996526e-02 -6.46811947e-02 -1.27704889e-01
 -1.77168906e-01  4.20092046e-02  4.96471822e-02  2.42617428e-02
 -5.12665659e-02  6.60533085e-02 -3.23848948e-02 -3.29681747e-02
  5.34600988e-02 -6.17934018e-02 -3.13937664e-02  3.34712118e-02
  3.47592160e-02 -8.32493650e-04 -7.77219012e-02  6.54273853e-02
  7.29743950e-03  4.95604835e-02  1.03293665e-01 -5.95164858e-02
 -2.45971847e-02  3.95250618e-02  2.97311638e-02 -6.10677414e-02
 -4.40756045e-02 -3.48994508e-02 -4.45994772e-02 -4.55302224e-02
  6.03142101e-03 -2.32738885e-03 -8.17433745e-02 -4.63059619e-02
 -3.05520017e-02 -3.62496488e-02  1.38776992e-02  6.93276674e-02
 -2.53595524e-02  9.38561708e-02  3.61373089e-02 -4.79066856e-02
 -5.06171910e-03 -6.64306730e-02 -9.09778625e-02  1.25371938e-04
  6.59448206e-02  3.86762656e-02 -8.00612010e-03  7.79763758e-02
 -9.27036107e-02  4.12074290e-02  2.64795788e-04  4.81901430e-02
  8.53275973e-03 -5.43039106e-03  4.48184423e-02  2.44807098e-02
  1.77128725e-02 -8.90850648e-02 -2.84128971e-02 -1.17086126e-02
 -2.37403437e-02  9.04326662e-02 -3.81217301e-02  3.30667533e-02
 -3.35817854e-03 -1.17816895e-01  5.16257659e-02  1.71888061e-02
  1.38154496e-02 -2.93237623e-02 -2.97977999e-02  1.02260455e-01
 -3.80550250e-02 -2.54963245e-02  2.67457240e-03  4.37963568e-03
 -1.73409246e-02  2.87382528e-02 -2.52831690e-02  8.75471160e-02
  1.37828840e-02  3.78012583e-02 -5.44692874e-02 -5.10740913e-02
  3.87917235e-02 -1.65244061e-02 -3.15791741e-03  6.18715994e-02
  2.59483363e-02  1.14958342e-02 -2.80803684e-02  3.75236496e-02
 -9.18508992e-02  3.29892971e-02  7.28083253e-02  6.80347607e-02
 -2.77447533e-02  2.76786033e-02 -1.48036908e-02  1.57430582e-02
  2.13408601e-02  2.88702454e-02  4.76439623e-03  4.93289903e-02
 -6.84901476e-02 -7.62920082e-02 -2.15188805e-02 -3.35238903e-33
  9.26197171e-02 -9.30900220e-03  5.47515415e-02  5.44288829e-02
  5.75099774e-02  2.61567384e-02 -5.37806973e-02  2.61960160e-02
 -5.71674258e-02 -2.87053455e-02  1.10124387e-01  3.63347456e-02
  1.62567180e-02  1.39564574e-02 -5.80444839e-03 -3.14924568e-02
 -1.41455829e-01  6.11408465e-02 -4.75447066e-02 -7.49603473e-03
  1.41249103e-02 -6.54563382e-02  1.92096028e-02 -1.63334645e-02
  2.29863748e-02 -3.78174335e-02  2.02487136e-05 -1.21762808e-02
  8.24246481e-02  1.59775447e-02  3.00203566e-03  3.38065401e-02
  4.04044706e-03  1.16938651e-02 -4.17957380e-02  7.86634684e-02
  1.32651543e-02 -5.98288141e-02  3.09899021e-02  5.63352974e-03
  3.23191695e-02 -1.63873099e-02  2.99157761e-02 -9.33342576e-02
  3.35380547e-02  5.88934235e-02 -1.99019257e-02 -3.86976041e-02
 -2.04162858e-03 -4.55192616e-03 -8.31715986e-02 -1.19772123e-03
  3.10332123e-02 -1.89485401e-02  1.29570495e-02  5.86002022e-02
 -1.81454793e-02  2.69591203e-03  5.07226028e-03  4.74083535e-02
  4.70964462e-02  7.48412758e-02 -1.50556946e-02  4.87165265e-02
  2.67497525e-02  1.12389639e-01  2.03667711e-02  9.35399253e-03
  8.17961097e-02 -7.09702671e-02 -9.37117487e-02 -2.50400025e-02
 -6.11005984e-02 -1.51521806e-02 -2.76728794e-02 -8.48742276e-02
 -7.73552731e-02 -3.62603068e-02  1.09691560e-01 -5.00892550e-02
  1.79504673e-03 -2.44648047e-02 -7.58269653e-02 -3.09298337e-02
  3.63108725e-03 -1.25291757e-02 -1.67438183e-02 -1.04431212e-02
  1.73047744e-03  1.23926580e-01 -1.10397246e-02  4.29570815e-03
  4.27097753e-02 -2.23698765e-02 -6.07818328e-02  1.44120668e-33
 -1.75537895e-02  3.35578956e-02  1.14645876e-01  8.19953009e-02
 -4.71778177e-02 -4.96187294e-03 -5.13815843e-02 -3.10875941e-02
 -3.17754224e-02  9.96734723e-02  3.00116651e-02 -4.29854617e-02
 -3.88434492e-02 -6.05635606e-02 -1.30935302e-02 -5.60452379e-02
  3.42708128e-03  6.47669425e-03  3.38532515e-02 -2.40838788e-02
 -3.81954722e-02  1.63108893e-02  1.01466924e-01  6.27842098e-02
  5.32406289e-03 -1.57457814e-02  6.72151372e-02  1.21695921e-02
  4.78986353e-02 -2.53286976e-02  3.39504294e-02 -2.66298112e-02
 -1.08467363e-01 -8.87666717e-02 -1.30143715e-02  4.19284143e-02
 -3.18432450e-02 -8.66192654e-02 -7.35567743e-03 -4.61546369e-02
 -4.18417305e-02  1.04530510e-02 -4.09307741e-02  8.12277757e-03
  2.68256143e-02 -5.03050089e-02 -2.41226070e-02  3.63103650e-03
 -4.65789363e-02 -9.64663457e-03  1.87545177e-02 -7.57208541e-02
 -2.97142455e-04 -1.37028858e-01  3.79925803e-03  8.27697515e-02
  1.40201122e-01 -3.06216180e-02  8.51944163e-02 -7.01172219e-04
 -7.15892464e-02  2.15493292e-02 -1.71777308e-02  7.79320858e-03
  2.20724158e-02 -4.11408693e-02 -8.96965247e-03  1.02164447e-01
  1.32170869e-02  1.01057760e-01 -1.45476731e-02  3.53122279e-02
 -1.26513271e-02 -2.06590705e-02 -2.68975762e-03 -6.84273392e-02
 -7.40692839e-02 -6.01659901e-02 -7.56798759e-02 -7.08465055e-02
  2.86568538e-03  5.07020690e-02  1.42889926e-02 -1.21053755e-02
  2.56444770e-03  1.07333355e-01  3.11136022e-02 -5.83019247e-03
 -2.12001912e-02 -1.60234813e-02  2.23979587e-03 -8.95424187e-03
 -1.82353659e-03 -1.64123662e-02 -5.16956598e-02 -2.17686686e-08
 -4.62970585e-02  1.82442963e-02  1.70340557e-02  5.33367470e-02
  5.26445471e-02  7.34138628e-03 -1.04387139e-03  8.51912275e-02
 -4.83318865e-02  6.59524798e-02 -1.13820359e-02 -1.73652284e-02
 -2.04074290e-02  7.67112896e-02  1.13122016e-01 -6.24979697e-02
  1.04706608e-01 -2.72257300e-03 -3.93370055e-02 -5.92705654e-03
  6.92689717e-02  1.64897740e-02  7.62564223e-03 -6.63981363e-02
 -6.68911031e-04 -2.63597667e-02 -5.99198788e-03  6.90218881e-02
 -7.66764432e-02  3.48911039e-03  3.61622162e-02  2.22372673e-02
 -1.07324593e-01  2.10982980e-03  3.22821513e-02 -5.60528971e-02
  1.74819101e-02 -7.99497291e-02  1.01672485e-02  1.70359630e-02
 -5.53129204e-02  1.45819306e-01  8.27508420e-02  6.40899912e-02
 -4.90513854e-02  1.77247617e-02  3.15902382e-02  1.18203536e-02
 -1.67384502e-02 -3.18007395e-02  2.57792398e-02  2.82582752e-02
  8.38118494e-02 -1.31547563e-02  9.90746394e-02  2.15111803e-02
 -4.53200005e-02  1.29784802e-02 -3.04026771e-02  2.71586478e-02
  5.22815958e-02  5.61274029e-02 -1.07997827e-01  2.91145267e-03]",positive_interactions,Enhanced positive interactions with people from different backgrounds,0.553248405456543,"[{""outcome_key"": ""positive_interactions"", ""outcome_label"": ""Enhanced positive interactions with people from different backgrounds"", ""score"": 0.553248405456543}, {""outcome_key"": ""learning_performance"", ""outcome_label"": ""Improved learning performance"", ""score"": 0.5154569149017334}, {""outcome_key"": ""initiative_entrepreneurship"", ""outcome_label"": ""Increased sense of initiative and entrepreneurship"", ""score"": 0.47066348791122437}, {""outcome_key"": ""intercultural_awareness"", ""outcome_label"": ""Enhanced intercultural awareness"", ""score"": 0.4376716613769531}, {""outcome_key"": ""language_digital"", ""outcome_label"": ""Improved foreign language and digital competences"", ""score"": 0.38971203565597534}]"
proj_test,34,What did you learn?,This experience motivated me to join more trainings in the future.,This experience motivated me to join more trainings in the future.,positive,0.6369,True,"[ 2.26479303e-03 -9.23548080e-03  3.63599472e-02  6.86357841e-02
  3.98437977e-02 -3.15476619e-02 -4.12631519e-02 -2.93721724e-02
 -3.11353207e-02 -1.06496982e-01 -4.49956581e-02  2.14259177e-02
  4.34312820e-02  1.18572824e-01  3.32143679e-02  9.75420512e-03
  1.78251968e-04 -3.07284612e-02 -5.52963989e-04 -1.28634587e-01
 -6.79124221e-02 -3.43171433e-02  1.46676134e-02  2.68009733e-02
 -2.56246980e-02  2.04654094e-02 -1.73100792e-02 -1.70339886e-02
  2.66147149e-03 -3.34220789e-02 -3.56983468e-02  5.95775805e-02
 -2.27535833e-02  5.00890911e-02  1.31309521e-03  5.37232608e-02
  4.53799032e-02  2.65514981e-02  3.09675373e-03  3.29566561e-02
 -1.97700895e-02 -1.08409123e-02  3.23059186e-02  2.87690423e-02
  4.32367437e-02 -1.76554080e-02  5.32220490e-03 -6.34315535e-02
  1.04509192e-02 -8.65846779e-03 -3.40398364e-02 -1.05867147e-01
  4.29162607e-02 -2.21859775e-02 -4.09162231e-02  5.97566031e-02
  7.80946994e-03  7.95857981e-02 -8.27494338e-02  7.43722636e-03
 -5.76652288e-02 -2.24776920e-02 -4.86828238e-02  2.05063801e-02
 -6.37185350e-02  2.28934716e-02 -1.80259775e-02  1.05225205e-01
  3.66590992e-02 -9.25931409e-02 -2.45135520e-02  3.95577699e-02
 -7.25272000e-02 -1.64836124e-02  7.24401325e-02  8.15441161e-02
  3.41408290e-02 -9.35329497e-03  3.75753269e-02 -1.37366178e-02
  1.62596814e-02  9.57453474e-02 -3.27916560e-03  1.05016148e-02
 -1.46641824e-02 -6.55898005e-02  2.83925999e-02 -3.83094102e-02
  2.37499177e-02  2.77974047e-02  5.23491688e-02 -3.30213979e-02
 -7.41827637e-02  5.25969081e-02 -3.23216021e-02  1.50479879e-02
 -5.89922480e-02  7.58113265e-02 -2.14417353e-02  4.63986471e-02
 -2.15434395e-02 -4.47728001e-02 -1.54414885e-02  5.36689125e-02
 -4.05679606e-02  1.59006789e-02  1.72140438e-03  9.38463118e-03
  4.88054194e-02 -2.50456799e-02  1.53668197e-02  5.47456965e-02
 -3.28407101e-02 -3.04451622e-02 -3.60675119e-02  1.18390553e-01
 -6.73805922e-02  4.33860309e-02  5.21489047e-02  1.51674867e-01
 -4.64056209e-02  2.51321290e-02 -3.61752361e-02 -1.69086009e-02
  5.52455001e-02 -1.24041080e-01 -3.12390197e-02 -4.77833090e-33
  5.99615136e-03  4.83411029e-02  4.93756607e-02  4.24748696e-02
  9.37461630e-02 -6.98656961e-02  4.97355685e-03  2.49386616e-02
 -4.27319817e-02 -2.48014834e-03 -1.57498829e-02  9.71300304e-02
  3.77695784e-02 -2.18958091e-02  2.40429658e-02 -5.86548075e-02
 -9.48595703e-02  7.59171024e-02  2.56857276e-02  3.44572403e-02
  3.73136974e-03 -6.01153933e-02 -4.88754474e-02  4.68481705e-02
  2.51275543e-02  6.41847029e-02  3.34467702e-02  2.02921443e-02
  3.99199091e-02  3.13018784e-02  6.59829285e-03  5.60378656e-02
 -8.11148137e-02 -9.54790115e-02  6.27183355e-03  8.22965652e-02
  7.66549259e-02 -7.64470324e-02  2.97537120e-03 -5.87107204e-02
 -2.12626066e-02  3.68506741e-03  6.02364056e-02 -6.29701614e-02
  1.85679905e-02  1.16952294e-02  6.87934756e-02 -5.21187596e-02
 -7.23529235e-02 -3.84651730e-03 -8.68870392e-02 -4.83006164e-02
  3.19585875e-02 -3.44838314e-02  1.85774285e-02  2.09670584e-03
  3.72158885e-02  9.15381964e-03 -2.35948786e-02 -3.09194364e-02
 -1.18694548e-02  2.63028871e-02 -5.64502776e-02  4.02482972e-02
 -6.41390234e-02 -4.70668860e-02  6.65132701e-02 -1.74418576e-02
  8.79339576e-02  4.51815920e-03 -8.07134137e-02 -1.51638146e-02
 -4.11078297e-02 -4.55622114e-02  2.04670932e-02 -6.32539913e-02
 -4.52249497e-02 -3.83959599e-02  1.50572611e-02  6.95232861e-03
  7.89714903e-02  1.69134792e-02 -2.27360707e-02  5.39226271e-03
  1.77685708e-01  5.54341264e-02  4.27255034e-02 -1.42412975e-01
 -1.84528390e-03  7.49843046e-02 -3.06621064e-02 -2.83610504e-02
  5.94025552e-02  7.14256465e-02 -1.06558464e-02  3.14730347e-33
  6.21455275e-02  3.28903273e-02  4.39459633e-04 -3.97717394e-02
  9.77555290e-02 -1.38855046e-02  6.32151812e-02  9.47908536e-02
 -2.61741765e-02  4.09398004e-02  3.55633423e-02  1.80700310e-02
  2.27292422e-02  6.63116649e-02 -6.37378693e-02 -5.52320741e-02
 -5.08524515e-02  6.66253865e-02  8.41979310e-03  6.41729170e-03
  1.74467582e-02  1.04132988e-01  1.19580962e-02  9.59318317e-03
  2.41486337e-02  2.64840592e-02  1.26685062e-02  1.07230566e-01
 -1.15998834e-02  9.48325917e-03  3.64749134e-02  9.77339968e-03
 -5.49847335e-02 -4.01463211e-02 -2.63970438e-02  7.12308139e-02
  6.72668442e-02  2.16337349e-02  9.30382684e-03  1.56299770e-02
  2.05794834e-02 -4.43695523e-02 -9.06604156e-03  9.37494915e-03
 -5.05553931e-02 -5.11664040e-02  5.79349399e-02 -4.43572327e-02
 -5.71049601e-02 -5.85149694e-03 -4.90150787e-02 -1.19775617e-02
 -3.00950501e-02 -1.01178586e-01  1.43373180e-02 -5.32559641e-02
  3.81716527e-02 -6.68014959e-02 -5.87747470e-02 -2.38997862e-02
 -4.68334071e-02  3.68401483e-02 -2.20903140e-02  4.58157659e-02
  5.61479367e-02 -6.54547662e-02 -3.26053947e-02  1.00273959e-01
 -8.54487941e-02  2.13257018e-02 -5.42674726e-03  5.11436462e-02
 -1.37329446e-02  4.72052507e-02 -1.03131779e-01 -1.03507742e-01
  1.45013714e-02 -3.03437766e-02 -1.04578525e-01  3.41007463e-03
 -9.71126854e-02 -7.60641098e-02  1.62711237e-02  6.18965887e-02
  4.10324670e-02  1.39845803e-01  2.41774116e-02  3.13816145e-02
 -1.56846810e-02 -9.13558155e-02 -5.49886860e-02  2.48605222e-03
  2.22399943e-02  3.19449045e-03  2.47098468e-02 -2.25475336e-08
 -7.12942183e-02  5.03374673e-02 -7.74384066e-02  4.99947108e-02
  5.87750189e-02 -3.88369076e-02 -1.20631665e-01  7.50363991e-02
 -4.81567979e-02 -1.82498470e-02  2.40478683e-02 -2.25910433e-02
  2.35067084e-02  4.55498397e-02  1.20698221e-01  4.61777188e-02
  5.49278557e-02  4.52939309e-02 -1.44402934e-02 -1.48039646e-02
  1.79370865e-02  2.75065135e-02 -2.72788163e-02 -2.27508508e-02
 -4.74152714e-02 -1.75859947e-02 -2.48809289e-02  6.12244941e-02
  9.80265625e-03 -4.30848375e-02 -4.83711511e-02 -1.69627778e-02
 -3.11969314e-02 -3.63796949e-02  8.60187225e-03 -9.92725417e-03
 -1.54461414e-02 -7.20694140e-02 -5.69681544e-03 -4.53311671e-03
 -1.05459161e-01 -1.83493067e-02  6.80030510e-02  6.51526302e-02
 -3.83571051e-02  4.72070687e-02  9.81735997e-03  1.58549678e-02
 -9.21996718e-04  9.79226432e-04  8.01527873e-03 -2.33264081e-03
  9.68029257e-03  1.42486335e-03  5.99666387e-02  3.16584622e-03
 -2.77318452e-02 -1.89088844e-02 -5.49173504e-02  9.61239710e-02
  5.94133046e-04 -8.75744224e-02 -1.03694364e-01  3.21350731e-02]",future_motivation,Increased motivation for future education or training,0.6219909191131592,"[{""outcome_key"": ""future_motivation"", ""outcome_label"": ""Increased motivation for future education or training"", ""score"": 0.6219909191131592}, {""outcome_key"": ""employability"", ""outcome_label"": ""Enhanced employability and improved career prospects"", ""score"": 0.46750468015670776}, {""outcome_key"": ""learning_performance"", ""outcome_label"": ""Improved learning performance"", ""score"": 0.43437522649765015}, {""outcome_key"": ""positive_interactions"", ""outcome_label"": ""Enhanced positive interactions with people from different backgrounds"", ""score"": 0.3953660726547241}, {""outcome_key"": ""language_digital"", ""outcome_label"": ""Improved foreign language and digital competences"", ""score"": 0.39036914706230164}]"
proj_test,35,What did you learn?,I became more aware of European values and active citizenship.,I became more aware of European values and active citizenship.,positive,0.6597,True,"[ 8.76249820e-02  1.98419336e-02 -8.56456533e-02 -2.95506828e-02
  4.87457700e-02  2.58017867e-03  2.96195764e-02 -1.33043602e-02
 -4.21949923e-02 -4.28021513e-02  4.56312783e-02 -1.99611653e-02
 -1.33553501e-02  4.72734775e-03  6.48061112e-02 -2.19276594e-03
  1.17320037e-02  3.63118090e-02 -8.86866972e-02  6.40888559e-03
 -1.23339191e-01 -2.60260049e-02  3.13626043e-02  7.77946413e-02
  6.41333759e-02  6.39605941e-03  8.99276212e-02 -5.94375364e-04
  5.34844548e-02  9.24013369e-03 -2.68218480e-02  3.81141901e-02
  2.19759606e-02  8.78863677e-04  1.21424710e-02 -4.10944447e-02
  1.12006396e-01  9.60319117e-03 -5.55373207e-02 -8.38103592e-02
  2.46644393e-02 -7.25383088e-02  2.87407059e-02  1.89321451e-02
  4.13917340e-02  7.35652447e-02 -1.98218413e-02 -2.31383834e-03
 -3.67332771e-02  5.93044050e-03  4.67313342e-02  5.34903333e-02
  7.49057997e-03 -5.13713248e-02  8.79969634e-03  3.41662616e-02
  7.34174671e-03  5.37130609e-02  1.74906254e-02  8.33122805e-03
 -3.50367613e-02 -3.84545997e-02  4.64417227e-03  7.21206442e-02
 -5.62155806e-02 -1.89560391e-02 -5.93716539e-02 -5.68016246e-02
 -7.57280588e-02 -8.71584937e-02 -3.13898996e-02 -2.19966397e-02
 -5.38534075e-02 -3.56827909e-03  4.31139506e-02 -4.70151640e-02
  1.17672933e-02 -4.14425358e-02 -3.55881304e-02 -5.28295524e-03
  4.70899045e-02  7.06291944e-02 -1.02015764e-01  6.64418191e-02
  3.33991386e-02 -1.08103007e-01  2.33776998e-02 -5.55097312e-02
 -5.98815596e-03  4.19194736e-02  4.46761735e-02  7.75320921e-03
  2.41068322e-02  2.81292107e-02  1.19695310e-02 -6.09662049e-02
  7.35086948e-03  7.76825845e-02 -7.78683322e-03  4.61839437e-02
 -3.81980091e-02 -2.59571485e-02  1.20232273e-02  7.50640919e-03
 -5.12303226e-02 -4.13953625e-02 -2.56217178e-02  3.06958407e-02
  9.25756118e-04 -2.23658103e-02 -7.21794963e-02 -5.52427396e-03
 -2.50544883e-02 -1.49717396e-02  7.91766495e-02  1.39437607e-02
  3.91424522e-02 -3.04545034e-02  5.30968904e-02 -9.50401649e-03
  9.22960341e-02  3.42232846e-02 -4.40242030e-02  3.03639770e-02
 -1.88369192e-02  6.60635671e-03  9.65663639e-04 -2.80295140e-33
 -7.48406872e-02 -1.95445847e-02  5.61533011e-02  9.35908258e-02
 -6.01360872e-02  2.32374351e-02 -6.55576363e-02  1.03464955e-02
 -8.34407657e-03 -7.48070925e-02  2.23577186e-03  1.58281580e-01
 -2.02388573e-03  1.00012422e-02 -3.53303738e-02  4.56693061e-02
 -8.36966187e-02  1.96258575e-02  4.85746711e-02  7.52421543e-02
  7.19425827e-02  2.42302418e-02  7.37905353e-02  3.18584964e-02
  2.90961619e-02  5.07001823e-04  1.41978180e-02 -1.77600700e-02
  3.38092656e-03  3.36764660e-03  1.88050214e-02  3.87240574e-02
  1.17802536e-02 -1.78423934e-02 -2.24597845e-02  1.29269645e-01
  2.88696159e-02 -7.94405043e-02  1.79990698e-02 -1.55325579e-02
  1.05642201e-02  2.18090527e-02  6.40961528e-02  3.23644206e-02
  4.07272950e-02 -3.35042514e-02  7.59600196e-03 -2.19552848e-03
  4.09071753e-03  2.86281612e-02 -5.76609448e-02 -2.60125492e-02
 -1.38641819e-02 -6.01351708e-02 -1.81057882e-02  3.55875306e-02
 -4.15734760e-02  9.36120525e-02 -7.19881579e-02 -5.24382330e-02
 -7.72328079e-02  2.24658102e-02  1.26913087e-02  3.32743041e-02
 -2.20357124e-02  7.83833414e-02 -1.57234259e-02  6.77390248e-02
 -5.79538867e-02 -4.80777472e-02  1.12771662e-02  1.88953709e-02
  2.18458697e-02  5.09412866e-03 -1.39496729e-01  5.88713549e-02
  2.06051338e-02 -3.28361243e-02  1.65688153e-02 -7.90369064e-02
 -1.07359029e-02 -4.14031465e-03 -9.97393974e-04  4.85008247e-02
  9.96970311e-02  9.75116994e-03  1.06071785e-01 -7.69710764e-02
  4.00668383e-02  2.65952200e-02 -2.51401402e-02 -5.53239062e-02
  2.18658950e-02 -3.60851437e-02 -1.15267463e-01  1.55379507e-33
  1.22232223e-02 -6.48592412e-02 -2.26058010e-02  6.83027580e-02
  6.17732704e-02  3.09805223e-03 -3.22561562e-02  1.42349359e-02
 -1.87548678e-02 -1.20087545e-02  6.74346238e-02 -4.46271375e-02
 -9.94739868e-03  5.38736917e-02 -1.65366419e-02  6.46603620e-03
  5.30791422e-03  1.34808933e-02  5.09848297e-02  5.20397425e-02
 -6.08354248e-02  1.14272758e-01 -5.73082566e-02  9.36972201e-02
 -2.60259192e-02 -1.02942800e-02 -5.80967218e-02  4.50170692e-03
 -4.84755263e-03 -1.17986813e-01 -3.66783775e-02  2.16156933e-02
  6.64331112e-03  2.43290812e-02 -1.81265306e-02  7.29818717e-02
  1.65947508e-02 -7.09053278e-02  7.12039415e-03  7.12239519e-02
 -1.15929060e-01 -6.53380854e-03 -6.03916049e-02  3.63026634e-02
  1.30239315e-02  1.43305631e-02  1.86323375e-02  2.87347436e-02
 -3.71805467e-02 -2.27396917e-02  1.21542569e-02 -3.11615281e-02
 -2.73197964e-02  1.26023171e-03 -3.91176268e-02 -6.67478889e-03
  4.92503121e-02 -6.77943826e-02  9.02825519e-02  4.14675480e-04
 -3.63614112e-02  7.56072029e-02 -3.58066037e-02  6.03462616e-03
  4.53811279e-03 -8.60716924e-02 -6.67194948e-02  9.44992602e-02
 -8.80626738e-02 -1.33445775e-02  1.64738223e-02 -8.05796757e-02
 -7.42200390e-02 -4.69573922e-02 -6.77558407e-02 -1.53302535e-01
  8.70092958e-03  3.72286104e-02 -2.87247356e-02 -4.55556400e-02
 -4.63357680e-02 -8.82453173e-02  1.54178198e-02 -6.11668173e-03
  1.39808236e-02  1.38607398e-01 -4.89728786e-02 -6.95476755e-02
  1.16880752e-01 -2.39560450e-03 -1.13276318e-01 -3.30079836e-03
 -9.47264731e-02 -2.38536615e-02 -2.62216777e-02 -1.77747985e-08
 -5.81957437e-02  3.27829756e-02 -5.33509031e-02  9.98674110e-02
 -1.18614417e-02 -1.84701439e-02 -9.95743424e-02  9.02114213e-02
 -6.10871688e-02 -1.56019218e-02 -9.04236510e-02 -1.42206866e-02
  5.25083840e-02 -1.88586693e-02  6.75131530e-02  4.02140282e-02
  6.00600354e-02 -1.55447889e-02  2.97982227e-02  1.53430670e-01
  3.35864313e-02  6.36958927e-02 -1.00169769e-02 -7.58236572e-02
 -5.11217639e-02  2.43172678e-03 -5.98636717e-02 -1.26385251e-02
 -1.80195872e-04 -1.62889060e-04 -9.74836200e-03 -5.80356177e-03
 -5.31183667e-02 -1.44763300e-02  3.69845591e-02  3.39082405e-02
 -5.08409142e-02  1.80679234e-03  2.67500207e-02 -1.19643835e-02
 -2.06121784e-02  5.59877940e-02 -3.82805280e-02  5.55156060e-02
 -2.77905334e-02  3.30145732e-02  1.80179048e-02  8.05249661e-02
 -8.26153439e-03 -4.41858405e-03  1.51345534e-02  6.29316941e-02
  5.68108782e-02  1.80421695e-02  9.12277475e-02 -3.16226073e-02
  4.78325337e-02  9.74540412e-02  6.00353777e-02  3.69225405e-02
  4.64888029e-02 -4.80090827e-02 -7.05991536e-02  5.85974241e-03]",eu_values_awareness,Better awareness of the European project and the EU values,0.6952058672904968,"[{""outcome_key"": ""eu_values_awareness"", ""outcome_label"": ""Better awareness of the European project and the EU values"", ""score"": 0.6952058672904968}, {""outcome_key"": ""active_participation"", ""outcome_label"": ""More active participation in society"", ""score"": 0.48823028802871704}, {""outcome_key"": ""intercultural_awareness"", ""outcome_label"": ""Enhanced intercultural awareness"", ""score"": 0.4792124629020691}, {""outcome_key"": ""positive_interactions"", ""outcome_label"": ""Enhanced positive interactions with people from different backgrounds"", ""score"": 0.3822459578514099}]"
proj_test,36,What did you learn?,I improved my digital skills while preparing content with the group.,I improved my digital skills while preparing content with the group.,positive,0.4767,True,"[-1.34032778e-02 -3.57051403e-03  2.98025808e-03 -3.42184003e-03
 -2.53656041e-02 -5.23559451e-02  2.07664613e-02 -1.33809401e-02
 -4.94221114e-02  2.80216592e-03  3.74728031e-02  7.87004456e-02
  3.87813523e-02 -2.38828151e-03  3.82626690e-02 -5.18773422e-02
 -6.68049790e-03  2.31959317e-02 -7.95549825e-02 -1.07823417e-01
 -6.31578788e-02  2.01294548e-03  6.51068836e-02 -3.95131037e-02
  1.28367380e-03  3.80556174e-02 -6.35941774e-02 -9.41965636e-03
  1.27915561e-01 -9.74211916e-02 -7.82018378e-02  4.89699692e-02
  1.25846460e-01  3.47394571e-02 -3.62455100e-02  8.26151371e-02
  9.28096622e-02  2.18912344e-02  8.98648426e-03 -2.93472204e-02
 -1.95566397e-02 -3.63073274e-02  5.43512031e-02  1.79594588e-02
  1.62954703e-02  8.49185046e-03  2.07756516e-02  3.63117619e-03
 -3.39558236e-02  4.33152020e-02  1.35142151e-02 -1.25472900e-02
 -5.95914107e-03  5.53860795e-04 -4.52915542e-02  5.43210842e-02
  7.69935399e-02  6.35973811e-02 -4.38260054e-03 -7.05591440e-02
 -2.80252881e-02 -3.57503816e-02 -1.22112585e-02  9.44177583e-02
 -1.54148065e-03  4.35727611e-02  1.15242517e-02  3.51730175e-02
  2.49332879e-02 -1.91879049e-02 -2.57058218e-02  1.06432394e-03
 -6.80804765e-03  1.13268137e-01  6.98327497e-02 -3.53351273e-02
  2.50282772e-02 -9.36416313e-02  3.99786950e-04  7.44384620e-03
  5.95597290e-02  1.18968086e-02 -2.86481157e-02  5.83571009e-02
 -4.20723408e-02 -3.91567722e-02  3.28621157e-02 -1.20381042e-02
 -3.65044363e-02 -4.90017645e-02  6.46371469e-02  8.03081393e-02
 -6.77319104e-03  3.25848684e-02 -5.89324608e-02 -7.14584440e-02
  2.46877968e-02 -9.65234451e-03  2.08724402e-02  7.51714110e-02
  3.85435410e-02  2.54359306e-03 -4.38168719e-02 -6.57087043e-02
 -8.18556920e-02 -5.99685013e-02  2.07844120e-03  8.36407393e-02
 -3.73641029e-02 -2.18713265e-02 -2.41312180e-02  7.22198933e-02
 -1.04619347e-01  2.89097778e-04  3.53469029e-02 -1.92400515e-02
 -5.25094159e-02  6.22528940e-02  2.26097051e-02 -1.24152284e-02
  8.44988003e-02  5.82526177e-02 -9.99782700e-03  4.98943366e-02
 -2.50365417e-02 -6.46258891e-02 -2.34183595e-02 -4.20858642e-33
  8.79688412e-02  5.03040329e-02  1.33405384e-02  1.18729055e-01
  5.67879416e-02 -6.87233731e-03 -3.27946693e-02  5.23724593e-02
 -5.96406646e-02 -2.16145869e-02  5.14768958e-02  7.42940381e-02
 -1.03523377e-02  3.59541830e-03  1.13951219e-02  2.71301181e-03
 -8.26532096e-02  1.74062680e-02  1.60010681e-02  4.08391207e-02
  4.91442811e-03 -5.11409976e-02 -1.45319471e-04  3.06472350e-02
  1.10260686e-02  9.94441062e-02 -3.73940519e-03 -1.56606436e-02
  6.23000674e-02  1.86979640e-02 -2.64686979e-02 -2.15288028e-02
 -2.68937647e-02 -3.91930304e-02  2.60968599e-02  1.00179732e-01
  5.61007783e-02 -1.12138897e-01  2.95083504e-02  5.92789873e-02
  8.21424369e-03  2.92099942e-03  6.65492192e-02 -5.47323562e-02
  6.67675864e-03  5.93263842e-02  9.08145402e-03 -2.91886330e-02
 -6.39636144e-02  5.83263375e-02 -7.70431086e-02 -8.35566502e-03
 -2.64385454e-02 -6.28137365e-02 -7.29679782e-03 -9.29512177e-03
  1.01041356e-02 -1.10850325e-02  4.70751785e-02  1.73645485e-02
  4.99901921e-02  6.44602254e-02 -5.59054576e-02  3.46722230e-02
 -4.08244319e-02 -1.03738634e-02  7.17345551e-02 -2.10579634e-02
  1.01107463e-01 -9.27302688e-02 -7.68134743e-02 -1.56595930e-02
 -5.59643693e-02 -2.08570175e-02 -6.94961986e-03 -4.48898934e-02
 -8.85739177e-02 -9.11657512e-03 -3.47657613e-02 -1.44175254e-02
  1.23495817e-01 -1.80918314e-02 -6.63245991e-02 -8.30211788e-02
 -3.14861583e-03  1.52793871e-02  5.28942943e-02 -8.62619206e-02
 -3.39370370e-02  4.87757288e-02 -1.07464409e-02  2.46106051e-02
  3.72301019e-03  2.70182230e-02 -5.15193790e-02  2.91021269e-33
 -4.67659794e-02  9.57089849e-03  1.12618217e-02  9.03105587e-02
  4.27127331e-02 -6.16067946e-02  3.30644734e-02  7.61566451e-03
  5.08681610e-02  4.45142314e-02  3.82546410e-02  3.14282700e-02
 -7.45505616e-02 -3.33297141e-02 -8.58598351e-02 -2.26122607e-02
 -6.58748746e-02 -1.44772753e-02 -1.57937407e-02 -4.18134853e-02
 -3.36607769e-02  5.99168949e-02 -2.73049111e-03  8.12570900e-02
  7.02143610e-02  3.45364437e-02 -5.91672398e-03 -9.40891169e-03
  6.00897074e-02  4.56330962e-02  1.08854629e-01 -4.57860008e-02
 -8.43521729e-02  4.54469956e-03  2.06499873e-03  4.17241827e-03
  2.42924001e-02 -2.92646438e-02 -3.15654837e-02 -2.61184443e-02
  7.68841663e-03  6.85817078e-02 -3.01750526e-02  1.00195417e-02
 -4.35668230e-02 -1.17445411e-02  1.66388936e-02 -2.53473166e-02
 -2.20116209e-02  7.06153512e-02  1.76995378e-02 -3.37361880e-02
  1.85585786e-02 -1.05875440e-01  3.21373306e-02  3.42510231e-02
  7.68706501e-02 -1.07499823e-01  2.14908887e-02  2.18727347e-02
 -6.75865933e-02  3.85379158e-02 -6.11653887e-02 -1.04367109e-02
  3.57210450e-02 -1.04780272e-01  4.81683994e-03  1.19350344e-01
 -1.15650117e-01  3.13327983e-02 -2.03452427e-02  1.52522009e-02
  2.35686619e-02 -7.17943981e-02 -5.41525148e-02 -8.88950676e-02
 -8.21649879e-02  6.69864714e-02 -8.31282884e-02  5.03398776e-02
 -5.68992794e-02  8.09290074e-03 -1.22590549e-02  4.16851416e-02
 -2.85598147e-03  9.68284160e-02  5.08139990e-02  1.16082188e-02
 -4.77577262e-02 -5.34184948e-02 -3.97389457e-02  4.83421646e-02
  7.49998912e-03 -3.33229289e-03 -5.64685725e-02 -1.93405327e-08
  5.02660987e-04  3.06032393e-02  1.25843892e-02  3.69200483e-02
  5.55487908e-02  1.51436660e-03 -9.10684764e-02  7.39618093e-02
 -2.74145026e-02 -4.32977304e-02 -4.47079167e-02 -6.39932752e-02
  2.80527435e-02 -3.73954978e-03  1.73986971e-01 -2.34802570e-02
  3.48158404e-02 -2.46749874e-02 -8.75001214e-03 -6.45099580e-02
  1.16898715e-01  3.57558876e-02 -3.08399387e-02 -8.51223394e-02
 -2.39241477e-02  7.49714151e-02  1.95883140e-02 -1.38203241e-02
 -8.30836520e-02 -1.46895284e-02 -2.98793018e-02  5.13365911e-03
 -1.03252038e-01  2.98422035e-02  1.13981245e-02 -3.94298472e-02
 -2.17574630e-02 -4.05606590e-02  2.71112025e-02 -3.63631570e-03
 -2.75828615e-02  6.07306920e-02  1.00398235e-01  8.38302970e-02
 -2.71789134e-02  1.33318994e-02  2.30235197e-02 -4.60281931e-02
 -1.36638917e-02 -5.92257902e-02 -8.82945769e-03  2.04892531e-02
 -9.02077369e-03  5.46769425e-02  2.99490839e-02 -1.26134092e-02
  5.34332730e-02  8.45860690e-02 -4.31854464e-02  4.63988073e-02
 -5.96096879e-03  3.39058265e-02 -1.36980727e-01 -2.51959655e-02]",language_digital,Improved foreign language and digital competences,0.6059811115264893,"[{""outcome_key"": ""language_digital"", ""outcome_label"": ""Improved foreign language and digital competences"", ""score"": 0.6059811115264893}, {""outcome_key"": ""learning_performance"", ""outcome_label"": ""Improved learning performance"", ""score"": 0.5397607088088989}, {""outcome_key"": ""positive_interactions"", ""outcome_label"": ""Enhanced positive interactions with people from different backgrounds"", ""score"": 0.502103328704834}, {""outcome_key"": ""intercultural_awareness"", ""outcome_label"": ""Enhanced intercultural awareness"", ""score"": 0.3929596543312073}, {""outcome_key"": ""employability"", ""outcome_label"": ""Enhanced employability and improved career prospects"", ""score"": 0.3910682499408722}, {""outcome_key"": ""initiative_entrepreneurship"", ""outcome_label"": ""Increased sense of initiative and entrepreneurship"", ""score"": 0.39067912101745605}, {""outcome_key"": ""active_participation"", ""outcome_label"": ""More active participation in society"", ""score"": 0.3820602297782898}]"
proj_test,37,What did you learn?,I now understand cultural differences much better.,I now understand cultural differences much better.,positive,0.4404,True,"[ 1.06887184e-01  6.12055846e-02  1.43792771e-03 -2.62122452e-02
  3.58859487e-02 -9.77302268e-02 -1.73793044e-02 -6.87112957e-02
  4.38108742e-02 -4.45261933e-02  7.18524158e-02 -9.38604679e-03
 -5.03072701e-02  4.68828604e-02  4.46727164e-02 -8.77039731e-02
  2.03956123e-02  3.98202799e-02 -7.49604627e-02 -1.92252814e-03
 -1.01296782e-01 -1.53088728e-02  5.91367632e-02  3.64195630e-02
  2.79707350e-02  1.54465940e-02  3.59115675e-02  5.12622409e-02
  9.03344825e-02  3.14223021e-03 -1.00003984e-02  1.10409983e-01
  3.41508053e-02 -1.08395396e-02 -6.52526319e-02  5.31133227e-02
  2.17644721e-02  5.61750829e-02  2.26360429e-02  2.08851229e-02
 -8.29585828e-03  1.57928616e-02  3.17920186e-02 -5.58463894e-02
  3.93677354e-02  9.96885374e-02 -4.63630334e-02  7.31279776e-02
 -4.62028198e-02 -7.56612374e-03 -7.77641963e-03  1.53812505e-02
 -5.89695480e-03 -4.32182811e-02  7.10410848e-02  2.26706490e-02
  2.65826713e-02  6.55680522e-02 -3.33220176e-02  1.88666545e-02
 -6.55759946e-02 -3.56874466e-02  3.20833512e-02  6.78350106e-02
 -2.55470090e-02 -2.56499499e-02 -5.06169163e-02  8.15540366e-03
 -7.18807653e-02  3.77552514e-03 -5.72410971e-02  8.22825357e-02
  2.33257692e-02  7.85560682e-02 -2.92382576e-02 -1.11153834e-02
  3.11597772e-02 -2.73055211e-02 -1.02749355e-01 -9.70878266e-03
  3.16318460e-02  3.13450359e-02 -2.65699215e-02 -4.21623811e-02
  2.00663619e-02 -6.69360682e-02  8.81430320e-03 -2.42249444e-02
 -4.28347811e-02 -8.02006479e-03  1.13072735e-03  3.94467711e-02
  3.98450671e-03  6.59365579e-02  3.89913321e-02 -4.73990925e-02
  1.97238591e-03  8.93241242e-02 -6.26751175e-03  7.54978806e-02
  4.38758209e-02  2.27597519e-03 -2.41185296e-02  2.87013538e-02
 -3.20048891e-02 -4.10957672e-02  1.68700349e-02  3.77140157e-02
 -7.24049062e-02 -6.75006807e-02 -8.99846293e-03  1.25979446e-02
 -8.45935494e-02  5.03455326e-02  3.71614136e-02 -1.26566691e-02
  6.49160519e-02 -1.00122662e-02  7.82042220e-02 -2.64038462e-02
  1.66484062e-02 -5.67383366e-03 -3.87506485e-02 -4.31634625e-03
  9.75048821e-03 -5.25137186e-02  5.22552012e-03 -3.28132085e-33
 -8.11327528e-03 -6.74314871e-02  3.93228903e-02 -9.48425010e-03
  4.99293767e-02 -6.80806814e-03  3.86021845e-02  3.85731161e-02
  5.50925359e-03 -5.00995368e-02  6.55257776e-02  5.99319637e-02
 -5.19467071e-02 -3.47146280e-02 -1.06669022e-02  2.62247585e-02
 -1.19135126e-01  1.33209629e-02 -1.60164107e-02  7.28858039e-02
  1.57462321e-02  5.38764894e-02  4.26287279e-02 -1.26527548e-02
  6.87681232e-03 -3.21651786e-03  8.55194703e-02  2.25028340e-02
 -2.70480439e-02 -2.61465665e-02  3.27273123e-02 -3.29493247e-02
  8.64288956e-03 -1.76057536e-02  9.86890215e-03 -2.87503321e-02
  9.95028019e-02 -7.19589293e-02 -6.58764988e-02 -5.81032224e-02
 -1.81656051e-02 -1.20189907e-02 -4.10129316e-02  6.72053825e-03
  3.24182622e-02  9.90697443e-02  2.47486625e-02 -6.70789406e-02
 -7.63604343e-02  7.64784636e-05 -5.33794127e-02  2.90739145e-02
  2.78626978e-02 -2.23220233e-02  9.69013944e-03  3.54837328e-02
  4.47682515e-02  4.31478173e-02 -3.56264561e-02  2.47390568e-03
 -3.60821448e-02  4.28740159e-02  6.44770637e-02  1.91735681e-02
  6.01837188e-02  4.71800156e-02  2.31128484e-02  3.95136960e-02
 -4.00740802e-02 -5.96379228e-02 -7.17865825e-02  6.90402277e-03
 -1.15572084e-02  8.25352967e-02 -6.56311437e-02  3.07709835e-02
 -5.51941991e-02 -5.33686765e-02  8.50765482e-02 -6.88624233e-02
 -1.34814000e-02  1.69357266e-02  1.05820941e-02 -2.63089444e-02
  1.36834476e-02  4.23878878e-02  1.13711052e-01  1.65719166e-02
  1.28670245e-01 -1.55454082e-02 -1.85357500e-02 -2.65938770e-02
  6.68542758e-02 -6.30151704e-02 -4.64422582e-03  2.60054358e-33
 -3.80365690e-03 -2.76980791e-02 -3.32739800e-02  9.00761262e-02
 -9.11956746e-03 -1.36610446e-02  3.75007354e-02  7.14069530e-02
  2.22321618e-02  1.30262999e-02  2.80542076e-02 -4.75524142e-02
 -3.42989080e-02  9.21076015e-02  2.09623408e-02 -7.66734779e-02
  8.40002820e-02  8.10597688e-02  3.43189095e-05  8.92755166e-02
 -5.45678586e-02  1.57261178e-01 -1.04586944e-01  6.11746013e-02
 -1.14168391e-01 -1.01831444e-02 -8.56336579e-03  5.86119778e-02
 -5.44594675e-02 -4.66719940e-02  3.61786261e-02 -3.51935439e-02
 -3.78330089e-02  1.36450557e-02 -5.69988154e-02  2.88839941e-03
 -4.80046868e-02 -9.86139178e-02  6.94377394e-03 -1.87617037e-02
 -5.24494797e-02  1.80882849e-02 -6.58482835e-02  8.17881618e-03
  1.60643794e-02  4.90121692e-02  7.89707061e-03  2.48038583e-03
 -5.02585247e-02 -8.74553341e-03  1.70805659e-02 -5.84364533e-02
 -1.77132506e-02 -1.26313567e-01  3.01821213e-02 -6.49180934e-02
  6.81459978e-02 -1.15042433e-01 -6.74591884e-02 -2.38444619e-02
 -2.04332825e-02 -1.71379466e-02 -3.13666388e-02  3.61521952e-02
 -3.42375413e-02 -3.79760526e-02 -1.74964108e-02  7.88048282e-02
  4.96320911e-02  2.22046040e-02 -3.53819109e-03 -6.85957000e-02
 -1.14115782e-01 -5.12739122e-02  5.00931256e-02 -1.71629861e-02
  1.23510212e-02  3.79761793e-02  1.59891410e-04 -2.04715971e-02
 -5.77977672e-02 -5.65829575e-02 -3.57011892e-02 -2.25485899e-02
  7.29725370e-03  1.63021803e-01 -8.72194022e-02 -2.31020395e-02
  7.32006133e-02  4.76093777e-03 -2.93338243e-02 -2.03215461e-02
 -6.47375733e-02  6.43948931e-03 -5.49796633e-02 -2.01413268e-08
 -7.65602440e-02 -5.35540879e-02  1.02032758e-02  2.83551123e-03
 -7.93125574e-03  6.72691911e-02 -9.23554525e-02  5.98701537e-02
 -4.24012877e-02  3.50653641e-02 -7.28460401e-02  3.93681191e-02
  2.42292900e-02  4.09481376e-02  4.25901823e-03  7.50337318e-02
  4.04127128e-02  5.33090765e-03  4.77548018e-02  1.38992652e-01
  4.65870515e-04  5.20008653e-02  1.59050785e-02 -1.69637389e-02
 -5.92506714e-02 -2.20002723e-03 -1.43721476e-01  7.10640103e-03
 -3.70008647e-02 -1.59501880e-02 -1.61102246e-02  1.04137473e-02
 -5.95295690e-02 -2.83392351e-02  5.40771373e-02 -1.93424039e-02
 -5.35257570e-02 -5.93895745e-03  9.89527106e-02  3.02221477e-02
  3.21322344e-02 -5.52889220e-02 -1.66914649e-02  4.19385768e-02
 -3.98591086e-02 -3.93889695e-02 -7.52738910e-03  4.11468260e-02
 -8.34780931e-02  1.98871992e-03  4.75056320e-02  3.88082713e-02
  2.00952087e-02 -6.76691998e-04  1.46188810e-01 -9.60043594e-02
 -9.24022309e-03  2.09466107e-02  6.35394454e-02  9.93698761e-02
  6.08946756e-02  3.73836644e-02  3.37095186e-02  1.07938228e-02]",intercultural_awareness,Enhanced intercultural awareness,0.6752107739448547,"[{""outcome_key"": ""intercultural_awareness"", ""outcome_label"": ""Enhanced intercultural awareness"", ""score"": 0.6752107739448547}, {""outcome_key"": ""positive_interactions"", ""outcome_label"": ""Enhanced positive interactions with people from different backgrounds"", ""score"": 0.4395095705986023}, {""outcome_key"": ""eu_values_awareness"", ""outcome_label"": ""Better awareness of the European project and the EU values"", ""score"": 0.3981528878211975}, {""outcome_key"": ""learning_performance"", ""outcome_label"": ""Improved learning performance"", ""score"": 0.3926582336425781}]"
proj_test,38,What did you learn?,I learned that I am capable of much more than I thought.,I learned that I am capable of much more than I thought.,positive,0.3818,True,"[ 8.86318758e-02 -8.05927888e-02 -5.09362668e-02  6.13446645e-02
 -4.99227121e-02 -3.21049243e-02  9.17400196e-02  5.22045977e-02
 -4.13524034e-03  6.31393772e-03  3.63247981e-03  2.25395691e-02
 -2.28209831e-02  2.54163723e-02  3.80014330e-02 -4.74311132e-03
  1.84773616e-02  1.30377505e-02 -7.80141354e-02 -1.90327894e-02
 -1.57651566e-02  3.41831408e-02  6.93755522e-02 -6.29209401e-03
 -8.36439244e-03  5.28331622e-02 -6.71206638e-02 -2.48465296e-02
  1.96986943e-02 -2.74245907e-02 -3.23701091e-02 -2.09739618e-02
  1.10677471e-02 -4.15193811e-02 -2.61628758e-02  1.59748755e-02
 -2.72008423e-02 -2.50151381e-04  5.21387011e-02 -2.49162484e-02
  3.17717902e-02  1.93018932e-02  1.78722870e-02 -1.69121791e-02
  4.27592342e-04 -2.56554559e-02 -3.75638492e-02 -5.28195910e-02
  4.27301303e-02 -4.98261042e-02 -6.29881993e-02  1.98297184e-02
 -2.75507346e-02  3.57335364e-03  4.63741943e-02  2.96149869e-02
 -5.37976958e-02  4.73446473e-02 -3.10761407e-02  9.33678914e-03
 -4.75554913e-02 -1.81688741e-02 -3.60316671e-02 -3.42851132e-02
  5.96554112e-03  3.90783697e-02 -4.54798713e-02  1.83995143e-02
 -9.27553698e-02  1.48460791e-02 -2.76768412e-02  4.63756770e-02
 -3.55977751e-02  2.24786066e-02  8.58698264e-02 -6.40095398e-02
  3.32377665e-02 -1.92069858e-02  1.88101381e-02  8.30337480e-02
 -2.28118431e-02  7.40539804e-02 -1.86722763e-02  4.92663942e-02
  1.13298921e-02 -2.82892641e-02  4.11130376e-02  6.05537593e-02
  1.69366188e-02  2.99717132e-02  3.21268551e-02 -1.97309032e-02
 -2.15303134e-02  3.42369340e-02  1.80042591e-02 -4.24317375e-04
 -1.22324049e-01 -3.00702434e-02 -6.49115592e-02  1.22994278e-02
  2.37156637e-03 -2.71157231e-02  4.49565463e-02 -1.27483122e-02
 -2.10840832e-02  1.82776316e-03 -3.58802415e-02  7.01839626e-02
  4.20395620e-02 -3.46185975e-02 -1.97673123e-02  1.43331289e-02
  2.46434230e-02  7.52020478e-02  3.10635613e-03  1.11896388e-01
 -7.93982297e-02 -2.15252135e-02 -1.67720672e-02  5.52151911e-02
 -2.22309885e-04  3.91216427e-02  7.87824169e-02  1.53964814e-02
 -4.34707813e-02 -1.59888700e-01 -7.31598629e-05 -5.92524862e-33
  3.17957811e-02  2.60683335e-02  1.23192653e-01  7.27706701e-02
  6.50869776e-03  2.78977770e-02 -4.30517271e-03  3.13183852e-02
 -4.51154262e-02 -7.26539642e-03  5.68149872e-02  4.95281219e-02
 -2.37601604e-02  5.67234680e-02  2.19584331e-02  3.60572487e-02
 -9.76433977e-02  1.44155305e-02  3.69742624e-02  4.25090268e-02
  6.04899973e-02 -4.21025008e-02  9.31301445e-04 -6.87810034e-02
 -4.11112967e-04  4.52831155e-03  3.20998169e-02  9.34563875e-02
  5.40074799e-03  1.44211538e-02  2.28357241e-02  6.05649129e-02
 -7.19811814e-03  1.20569132e-02 -2.12894771e-02 -1.33467056e-02
  9.86733660e-03 -6.37659207e-02  3.46894823e-02 -8.32672045e-03
  1.53572913e-02 -5.07737696e-02  7.76648223e-02 -1.83841269e-02
 -4.78377230e-02  4.62524518e-02  5.13194390e-02 -6.72558993e-02
 -1.96034610e-01  2.27971096e-02 -7.38606527e-02 -4.94694011e-03
  4.51886356e-02 -5.46750277e-02  7.63114244e-02  6.62997663e-02
  1.19703740e-03  1.12109169e-01 -5.91996759e-02  9.09503773e-02
 -8.84904191e-02  1.89029034e-02  7.08498119e-04  8.68907943e-02
 -4.97069247e-02  6.67440817e-02 -2.29314473e-02  3.95450629e-02
  7.22282007e-02 -1.72515679e-02 -3.89956757e-02 -4.17464674e-02
 -4.45730388e-02 -2.57285368e-02 -5.60190454e-02 -9.24587920e-02
  3.13955732e-02 -4.37674820e-02  1.77286975e-02 -2.76435986e-02
 -2.29706755e-03 -2.46750358e-02 -7.29240198e-03 -6.51127240e-03
  8.96673575e-02 -3.24985152e-03 -2.75961943e-02 -6.20149374e-02
  9.79663208e-02  3.99828656e-03  9.42370296e-03 -6.08499609e-02
 -6.48798142e-03 -9.56575722e-02 -1.33769155e-01  3.49519727e-33
 -1.05686961e-02 -2.31227875e-02 -1.19957719e-02  2.84793712e-02
  2.24829260e-02 -2.11933795e-02  2.68403087e-02  5.56562021e-02
 -8.90862942e-02 -2.56360751e-02  1.08106714e-02  1.37205236e-02
 -1.40618561e-02 -1.20979259e-02 -8.64773542e-02 -3.39775123e-02
 -6.43740669e-02 -1.22381486e-02  4.33526933e-02 -2.08698250e-02
 -5.81966974e-02  1.17823919e-02  4.59212363e-02  9.59282443e-02
 -3.00894100e-02  4.41950299e-02  3.57806645e-02  4.34619784e-02
 -5.24755334e-03 -4.20431718e-02  5.58926910e-02 -5.41584305e-02
 -4.79776338e-02  1.20492596e-02  6.61278050e-03  7.13034347e-02
  3.65874507e-02  2.14304645e-02 -3.23675876e-03  1.73977893e-02
 -2.35388149e-02  7.35336507e-05 -1.72617715e-02 -6.60681305e-03
 -2.95016840e-02 -5.46698868e-02  8.71620923e-02 -3.78925800e-02
  6.99426159e-02  6.34537041e-02  2.79778661e-03 -6.18110932e-02
 -4.33411412e-02 -4.31200713e-02 -4.50144382e-03 -5.98929897e-02
  1.39346182e-01 -5.85373417e-02  1.21397108e-01 -5.04451729e-02
 -7.11738467e-02  3.24889319e-03 -4.16505150e-02  8.06847736e-02
  2.54907869e-02 -8.45312253e-02 -8.02971572e-02  5.40380515e-02
 -5.90735711e-02  2.25320738e-02  3.16121653e-02  6.78067375e-03
  1.89962592e-02 -5.69654852e-02 -5.18718325e-02 -8.25595707e-02
 -5.66277914e-02  7.79135898e-03 -1.08141750e-01 -7.00048357e-02
 -4.90751751e-02 -4.61819395e-02  4.25238051e-02 -1.49216019e-02
 -7.23999320e-03  1.08611017e-01  2.83102673e-02 -1.44034764e-02
  6.00276105e-02  6.89707603e-03 -1.81333553e-02  4.41806316e-02
 -8.43264908e-02 -2.80738790e-02 -7.81865884e-03 -2.29353141e-08
 -1.06986389e-02  2.35570800e-02 -6.71062758e-03 -2.14697495e-02
  9.28709209e-02  6.48244023e-02 -5.26516847e-02  3.33979093e-02
 -6.84376210e-02  2.70719416e-02  2.55976748e-02  1.63710229e-02
  5.73623516e-02  1.94510166e-02  1.47637039e-01  3.99845317e-02
  9.45515111e-02 -2.67366767e-02  1.30716814e-02  3.56190950e-02
  9.40096676e-02 -1.48342848e-02  1.38277337e-02 -1.95007380e-02
 -3.28256860e-02 -8.82746577e-02 -8.81996155e-02  4.04704269e-03
 -7.20203519e-02  3.80421281e-02  8.99012610e-02 -4.93889339e-02
 -4.03423645e-02 -4.95145395e-02  5.22292890e-02  6.56030094e-03
 -4.11352925e-02 -5.93058951e-02 -1.93303451e-02 -1.79007053e-02
 -9.98339579e-02 -4.90802852e-03  9.41472948e-02  9.55514610e-02
 -3.40681225e-02  4.21012416e-02 -6.48547336e-02 -6.34523341e-03
  2.49578040e-02 -3.16949864e-03  7.25853220e-02  6.51280805e-02
  4.35722433e-02 -1.89217944e-02  1.34890512e-01  5.51104210e-02
 -1.60107967e-02  2.80509633e-03 -6.75852597e-02  4.29578424e-02
  1.05335757e-01  2.62997914e-02 -5.28068841e-02  5.11020841e-03]",learning_performance,Improved learning performance,0.5068858861923218,"[{""outcome_key"": ""learning_performance"", ""outcome_label"": ""Improved learning performance"", ""score"": 0.5068858861923218}, {""outcome_key"": ""initiative_entrepreneurship"", ""outcome_label"": ""Increased sense of initiative and entrepreneurship"", ""score"": 0.44064271450042725}, {""outcome_key"": ""future_motivation"", ""outcome_label"": ""Increased motivation for future education or training"", ""score"": 0.3944518268108368}, {""outcome_key"": ""self_empowerment"", ""outcome_label"": ""Increased self-empowerment and self-esteem"", ""score"": 0.3861081600189209}]"
proj_test,39,What did you learn?,This mobility helped me think more seriously about my future career.,This mobility helped me think more seriously about my future career.,negative,-0.2484,True,"[-4.98211768e-04  2.37933174e-02  4.84241955e-02  2.28722524e-02
  2.81548370e-02 -5.13855442e-02  9.88953859e-02  7.27963299e-02
  9.81814880e-03 -4.15119529e-02 -5.51773328e-03  9.60576907e-02
  1.60247386e-02  2.42623064e-04  3.03417146e-02  4.73068506e-02
 -4.27346639e-02  1.26037179e-02 -4.73041162e-02  1.94332376e-03
 -4.16407883e-02 -1.88168734e-02  1.18748015e-02  4.18966375e-02
  2.39786110e-03  4.68234271e-02 -1.30801927e-02  1.14355916e-02
 -5.00192808e-04 -2.89264135e-03  1.17769670e-02  1.76139936e-01
 -9.19119418e-02  3.54507938e-02 -4.97875512e-02 -9.40820388e-03
  1.93387698e-02  6.07520118e-02  4.22499068e-02 -7.32399821e-02
 -6.35563955e-03 -8.02352130e-02  8.71839970e-02  2.03686077e-02
 -3.28470045e-03 -8.24019983e-02  5.50702289e-02 -7.61519652e-04
 -3.68276681e-03 -4.41835150e-02 -1.52779873e-02 -5.57095930e-02
  1.25838481e-02 -4.50212285e-02  1.34813953e-02  1.01962693e-01
 -6.70676585e-03  5.93952648e-02 -2.78619863e-02  1.48823280e-02
 -5.36379293e-02  1.81528423e-02 -8.85264855e-03 -5.56351908e-04
 -2.38079466e-02 -3.04030650e-03 -1.23583907e-02 -2.51306575e-02
 -4.92843091e-02 -4.62793075e-02 -2.43784231e-03 -4.67900299e-02
 -8.90230164e-02 -6.30328991e-03  8.42432603e-02 -5.73914545e-03
  4.08716947e-02  8.11586715e-03  2.09733788e-02  3.71867083e-02
  9.40471217e-02  4.99798357e-02 -5.85532822e-02  4.39579971e-02
 -1.54483346e-02 -5.98492362e-02 -4.83636335e-02 -1.66170262e-02
 -2.30151042e-02  8.61130282e-03  4.03335579e-02 -2.73430366e-02
 -2.40694284e-02  1.93012711e-02 -8.23623836e-02 -6.68259710e-03
 -1.21236444e-01 -6.26920015e-02  1.78360548e-02  2.07751039e-02
 -5.71875786e-03 -2.14410573e-02  6.99845999e-02  7.04831630e-02
 -3.99810933e-02 -2.19563786e-02  4.10098806e-02 -2.73381136e-02
  2.95522828e-02  6.80654049e-02 -3.32871452e-02 -8.15503672e-03
 -3.53332832e-02  6.88060671e-02 -4.28170003e-02  7.20529482e-02
 -1.17086358e-01  6.57697767e-02  5.65966368e-02  4.32502776e-02
 -5.71263470e-02  8.00681412e-02 -1.26303360e-02 -7.14990310e-03
 -2.01207250e-02 -8.84147212e-02 -1.68808189e-03 -3.47368830e-33
 -4.88680117e-02  4.07216847e-02  5.02969436e-02  1.09933957e-01
  7.58966506e-02 -4.97410856e-02 -5.62456399e-02 -1.28598921e-02
 -1.90367159e-02 -6.23704083e-02  4.30781813e-03  9.60321873e-02
  5.73161133e-02 -2.07266584e-02 -1.30259981e-02 -2.28358014e-03
 -1.72118396e-01 -1.27550205e-02  1.15528880e-02  5.95954955e-02
  4.71068136e-02 -3.68438028e-02 -3.43873538e-02 -2.11600829e-02
  2.66627278e-02  1.60733126e-02  2.61614211e-02 -6.65097088e-02
  7.07147494e-02  2.93000080e-02 -7.39063770e-02  1.03215277e-01
 -8.49825367e-02 -1.08107008e-01 -4.52890206e-04  8.37079734e-02
 -1.95181742e-02 -1.28452078e-01  1.55488346e-02 -3.30665261e-02
 -8.86297435e-04 -4.31516394e-02  2.19666888e-03  7.96233583e-03
  3.82874385e-02  8.99750814e-02  6.69102296e-02  3.86645645e-02
 -4.02185842e-02  3.29387002e-02 -5.41988872e-02 -1.99488606e-02
  3.57812233e-02 -8.08838308e-02  1.55828027e-02 -4.09593396e-02
  3.45656811e-03  3.82748693e-02 -3.42948246e-04  5.40334219e-03
 -1.19113484e-02 -2.15473287e-02 -5.83917685e-02 -1.02653226e-03
  1.47453342e-02 -2.12354641e-02 -5.72971739e-02  2.19216775e-02
  6.82735816e-02  4.09240052e-02  5.60911233e-03  5.00942068e-03
  4.52781841e-02  2.10684482e-02 -2.37674676e-02  2.62376666e-03
 -7.01456144e-02  1.65266022e-02 -7.14275390e-02 -8.94549489e-03
  3.69970500e-02 -1.02346763e-02 -4.32561301e-02  6.10077521e-03
  2.39743635e-01 -1.68234501e-02  7.32755512e-02 -1.03677616e-01
 -3.45405750e-02  5.95751218e-02 -1.12215253e-02 -4.26641814e-02
 -1.24565819e-02  1.36429099e-02 -1.24320872e-01  1.37386554e-33
 -7.34817563e-03  6.73055090e-03  7.64339641e-02  1.63312629e-03
  5.27821630e-02 -9.50064361e-02  7.62663782e-02  3.78955044e-02
  4.61199172e-02  5.25403507e-02  8.55157431e-03  2.64728218e-02
  5.50341234e-02  8.27628188e-03  2.04074550e-02 -5.78419529e-02
 -3.55099291e-02 -4.43630926e-02 -5.99974729e-02  4.35260311e-02
  6.04170263e-02  7.53864273e-02 -5.06715961e-02  1.13467485e-01
 -4.51556630e-02  1.91941448e-02 -1.14565175e-02  1.61904283e-02
 -1.07623255e-02  2.04745494e-02 -2.56852489e-02  2.15529576e-02
  5.11618424e-03 -5.58050461e-02 -1.51503598e-02  9.12967622e-02
 -2.36848127e-02 -3.19697782e-02  4.32357863e-02 -4.26939465e-02
 -1.93192307e-02 -7.53219426e-02 -1.04966974e-02 -1.25364065e-02
  2.38743965e-02 -7.77699128e-02 -2.42330302e-02  2.88076997e-02
 -2.69402619e-02 -2.61197165e-02  1.32925967e-02  8.41146931e-02
  6.04759157e-03 -8.55162926e-03  7.06437454e-02 -3.72743718e-02
  7.27463812e-02 -1.72235757e-01 -1.77104175e-02 -5.27306944e-02
 -3.27556580e-02  2.63435524e-02 -1.92590896e-02 -1.53741455e-02
  1.43269720e-02 -4.88481745e-02 -1.67302636e-03 -3.22868079e-02
 -6.48273826e-02 -1.56315714e-02  9.41376388e-03  1.22560905e-02
  5.44872321e-03  5.33615984e-03 -3.60253230e-02 -9.60659981e-02
  8.06805566e-02  5.77745736e-02  1.52417859e-02 -3.83006618e-03
 -3.73930000e-02 -3.32146361e-02 -5.54254919e-04 -3.22313569e-02
  3.71179706e-03  8.91068503e-02 -9.84270424e-02 -4.22841907e-02
  2.86282729e-02 -4.21558060e-02 -5.47086969e-02  4.16272730e-02
 -8.03112239e-02 -3.56892683e-02 -3.09589300e-02 -1.95076062e-08
 -5.26241027e-02  3.31310108e-02 -3.86880455e-03  3.60347368e-02
 -9.81457345e-03  5.85384406e-02  3.26436246e-03  5.33962585e-02
 -1.89793501e-02  1.66745745e-02 -3.36858556e-02 -2.44136974e-02
  4.81112525e-02  1.07595764e-01  1.10831313e-01  4.43285666e-02
  9.52955782e-02  1.76798254e-02 -2.68539637e-02  4.59695719e-02
  1.26145557e-02 -1.63602252e-02  2.89347526e-02  4.44205776e-02
 -8.62968042e-02  5.82154049e-03 -5.99212013e-02 -6.69647604e-02
 -2.08526310e-02  4.44888435e-02 -3.20400298e-02  5.46534779e-03
 -5.36032170e-02 -4.20868583e-02 -8.05425271e-02 -9.51591763e-04
  4.28562015e-02 -2.26798318e-02  5.84203564e-02  2.03536339e-02
  6.47403859e-03 -6.69867219e-03  3.45445648e-02  1.10281743e-01
 -7.20398594e-03 -7.00400099e-02  1.74341816e-02  1.14776334e-02
 -3.60533521e-02  3.18827145e-02  2.52649914e-02  4.03757207e-03
  6.66665565e-03  2.69327853e-02  2.54716035e-02  2.73297671e-02
 -2.88604628e-02  1.28592029e-02 -8.62530544e-02  4.19885144e-02
  7.45163113e-02  1.01393387e-02 -7.05481321e-02  4.25010063e-02]",employability,Enhanced employability and improved career prospects,0.47843530774116516,"[{""outcome_key"": ""employability"", ""outcome_label"": ""Enhanced employability and improved career prospects"", ""score"": 0.47843530774116516}, {""outcome_key"": ""initiative_entrepreneurship"", ""outcome_label"": ""Increased sense of initiative and entrepreneurship"", ""score"": 0.42682722210884094}, {""outcome_key"": ""active_participation"", ""outcome_label"": ""More active participation in society"", ""score"": 0.4259830713272095}, {""outcome_key"": ""positive_interactions"", ""outcome_label"": ""Enhanced positive interactions with people from different backgrounds"", ""score"": 0.4256352186203003}, {""outcome_key"": ""language_digital"", ""outcome_label"": ""Improved foreign language and digital competences"", ""score"": 0.4133310616016388}, {""outcome_key"": ""future_motivation"", ""outcome_label"": ""Increased motivation for future education or training"", ""score"": 0.4013000726699829}, {""outcome_key"": ""self_empowerment"", ""outcome_label"": ""Increased self-empowerment and self-esteem"", ""score"": 0.39974522590637207}]"
proj_test,40,What did you learn?,I feel inspired to continue learning after this project.,I feel inspired to continue learning after this project.,positive,0.4939,True,"[-1.18240444e-02 -5.83379529e-02  4.93003987e-02 -4.92881238e-03
  3.21204029e-02 -1.40939094e-02 -3.21214460e-02 -2.65052672e-02
 -1.83835381e-03  1.98486503e-02 -4.31583710e-02  9.70557034e-02
 -2.58197691e-02  3.72747779e-02 -1.12973349e-02 -2.48206146e-02
  6.85460912e-03  1.41449422e-02 -2.50719790e-03 -6.59861043e-02
  8.45662225e-03  3.10276821e-02  7.94240981e-02  2.97688209e-02
 -1.61795896e-02  1.60111502e-01 -2.54473742e-02  3.06830425e-02
  2.06356887e-02 -6.24890365e-02 -7.41917314e-03  4.88451049e-02
  1.18573010e-02 -3.69287506e-02 -2.88219061e-02  3.18106711e-02
 -1.05138915e-02 -4.61709133e-04 -1.75575521e-02  2.10782904e-02
 -8.46929476e-02 -2.99398229e-02  3.14579196e-02  3.25185396e-02
  3.61972973e-02 -2.51319241e-02 -5.44038005e-02 -7.91540444e-02
  6.34634793e-02  3.67350108e-03 -4.54851724e-02 -9.90634337e-02
 -8.38979855e-02 -5.62728941e-02 -1.68085825e-02  2.81759761e-02
  3.02546807e-02 -2.23657265e-02  1.24991052e-02 -5.89673594e-02
  2.53127683e-02  2.19055545e-02 -1.07672788e-01  6.36507645e-02
  2.28866208e-02  7.18045458e-02 -9.67020693e-04  3.88728417e-02
  3.23834904e-02 -2.69851182e-02  1.21322938e-03  4.50470336e-02
  4.36634151e-03  6.53595626e-02  2.65236124e-02 -1.45722171e-02
 -8.69316887e-03 -3.55140530e-02  4.51803058e-02  2.39320528e-02
 -1.99876819e-02  6.22555874e-02  3.56050283e-02  5.78057505e-02
  2.19558459e-02 -8.64804070e-03  4.44483124e-02  2.51620039e-02
  2.50692368e-02 -6.45760000e-02  2.67462321e-02  2.06505377e-02
 -8.83277878e-03  1.00310659e-03 -3.08588631e-02  5.71931675e-02
 -5.49427271e-02 -2.49638744e-02 -2.73829512e-02  6.07688315e-02
 -6.77327439e-02 -5.59422188e-02 -6.12117874e-04 -5.38387895e-02
  1.20553002e-02 -6.49028420e-02 -1.26743102e-02  3.45040485e-02
  4.97245789e-02 -7.75099769e-02 -1.78571977e-02 -4.64980118e-03
 -5.13707958e-02  3.14415060e-02  5.48100546e-02  5.37914746e-02
 -9.66507941e-03 -2.24349815e-02  1.69318914e-02  6.09885827e-02
  1.78050790e-02  5.89799844e-02 -1.36694675e-02  2.89644636e-02
  6.70999009e-03 -1.07434735e-01 -4.23548371e-02 -5.95657150e-33
  5.81991207e-03  5.04680276e-02  1.14565618e-01  8.80108476e-02
  8.51529613e-02 -4.69559059e-02  6.41161203e-02  6.87155873e-02
 -4.50698957e-02 -4.22499590e-02  4.80398498e-02  8.02009180e-02
 -6.14462309e-02  3.92720364e-02 -3.17388326e-02 -1.11538552e-01
 -4.71905805e-02  2.62691099e-02 -3.40026990e-02 -3.44185829e-02
 -6.51977863e-03 -4.64608185e-02  1.03310822e-02 -1.81551985e-02
  2.62874495e-02  7.92703927e-02 -1.38850464e-02  1.58086270e-02
 -1.13682495e-02  5.82513958e-02  6.67036101e-02  3.77512872e-02
 -1.17564827e-01 -6.68955967e-02 -8.93877447e-02 -2.18077265e-02
  8.49986449e-02 -4.21057157e-02  4.02686745e-02 -4.48591895e-02
 -8.30612145e-03 -6.14711177e-03  5.02698943e-02 -2.03602319e-03
  3.44864130e-02 -6.58838451e-03  7.05218986e-02 -2.56171133e-02
  3.30168679e-02  6.33950857e-03 -1.93616021e-02  1.72978230e-02
 -1.83132906e-02 -3.52595188e-02  3.93479913e-02 -2.26894002e-02
 -3.43214497e-02  4.91846679e-03 -2.80931480e-02 -4.32854285e-03
  8.88576359e-03  3.57930847e-02 -3.21182571e-02  3.97465974e-02
  2.28133183e-02  1.54267550e-01 -4.46742959e-03  7.63542671e-03
 -2.59258505e-02 -4.01579216e-02 -4.35743257e-02 -2.99835717e-03
 -4.11658958e-02 -6.79401904e-02 -4.06628549e-02  1.90476105e-02
 -1.24698073e-01 -1.05111450e-01 -6.52576983e-03  1.59032475e-02
  1.95112731e-02 -3.93644795e-02 -1.47400070e-02 -3.07201315e-02
  6.05193824e-02 -6.69850502e-03  5.45325428e-02 -1.55884922e-01
  1.55102396e-02  7.42180459e-03  1.51174739e-02 -3.54238264e-02
  3.07051819e-02  1.29198423e-02 -6.09458201e-02  4.87232527e-33
  3.80546823e-02 -7.97926099e-04 -3.78987789e-02 -7.30721559e-03
  6.46843016e-02 -4.06638999e-03 -6.62654191e-02  4.19653766e-02
 -8.92477017e-03  7.23805875e-02  1.30365342e-02 -7.18046119e-03
 -1.23164933e-02  5.48584089e-02 -3.81387360e-02  3.41738015e-03
  2.36471128e-02 -3.02430689e-02 -5.31142056e-02 -2.17394419e-02
 -4.25050296e-02  6.45702034e-02 -7.18876421e-02  7.25372368e-03
 -9.81284864e-03  6.35022670e-02  2.61977059e-03  1.00594740e-02
  6.62513822e-02  2.23980080e-02  4.44593467e-02 -1.23420127e-01
 -1.67988371e-02 -1.12964548e-01 -5.83545379e-02  1.01982050e-01
  3.71134877e-02 -2.32058801e-02 -2.88931597e-02 -2.18152814e-02
  3.07425279e-02  5.42961527e-03  3.14377062e-02 -1.79019384e-02
 -9.12410021e-03 -1.68908294e-02  1.30496472e-01  3.06345187e-02
 -2.90402733e-02  2.20361631e-02  2.98556034e-02  3.43700312e-02
 -1.31250685e-02 -1.80114597e-01 -3.15858261e-03 -1.91497244e-02
  4.94304858e-02 -2.29686033e-02  2.48715677e-03 -6.75513893e-02
 -7.18637854e-02 -7.48084635e-02  2.23902687e-02 -8.43275990e-03
  2.16236543e-02 -8.70670304e-02 -3.07644345e-02  8.08762163e-02
 -6.43358529e-02 -3.10097523e-02 -1.39257787e-02  4.23401110e-02
 -9.99766439e-02  2.02340703e-03  1.89642236e-02 -1.17284216e-01
 -9.85240284e-03  4.78921235e-02 -2.29484364e-02  3.40767624e-03
 -5.78936227e-02 -4.77232039e-02  3.40190460e-03  7.84623921e-02
  5.83099723e-02  1.17667906e-01 -5.61248586e-02 -4.33986410e-02
  4.99074273e-02  7.14718550e-02 -6.81588203e-02  8.64705369e-02
  8.31315219e-02  2.76036859e-02  6.78874850e-02 -1.99871941e-08
 -2.17231419e-02  1.45479050e-02  5.47286449e-03  4.35981937e-02
  4.57565449e-02  3.89125720e-02 -5.28492732e-03  4.18755934e-02
 -1.02438569e-01 -2.12838240e-02  8.60406458e-02  1.84099302e-02
  2.95566302e-02  1.03058778e-01  1.82441133e-03 -2.12545097e-02
  2.32140034e-01 -1.26444260e-02  1.74202304e-02  3.50191705e-02
  6.40050024e-02  5.11272475e-02 -3.97335850e-02 -1.79932825e-02
 -2.47169621e-02 -1.79916862e-02 -3.86444479e-02  5.98825142e-03
  1.47534152e-02 -1.14767458e-02 -1.62282456e-02  6.66986778e-02
 -7.67144486e-02 -3.43411192e-02 -1.69589352e-02 -9.07245092e-03
  4.72111367e-02 -8.46020803e-02 -1.02849966e-02  1.47582442e-02
  7.22994655e-03  4.43430990e-02  7.44247958e-02  6.65130690e-02
  7.09242467e-03  4.63736989e-02  6.30072206e-02 -6.39215335e-02
 -2.14457326e-02  5.77857792e-02 -3.50649580e-02 -1.46751953e-02
  3.75899710e-02  1.90573763e-02  9.11851823e-02 -3.00729461e-02
 -4.11687307e-02 -1.18303271e-02 -8.22840855e-02  8.62983242e-02
  5.63419685e-02  4.50286493e-02 -7.53676519e-02  6.30533099e-02]",future_motivation,Increased motivation for future education or training,0.5216091871261597,"[{""outcome_key"": ""future_motivation"", ""outcome_label"": ""Increased motivation for future education or training"", ""score"": 0.5216091871261597}, {""outcome_key"": ""learning_performance"", ""outcome_label"": ""Improved learning performance"", ""score"": 0.45780879259109497}, {""outcome_key"": ""initiative_entrepreneurship"", ""outcome_label"": ""Increased sense of initiative and entrepreneurship"", ""score"": 0.3801170289516449}]"
proj_test,54,What did you learn?,I developed better problem-solving skills during the activities.,I developed better problem-solving skills during the activities.,positive,0.4404,True,"[ 2.73175240e-02  4.77584228e-02  5.01351990e-02  1.88641027e-02
 -4.85972017e-02 -3.53342555e-02  5.73063157e-02  6.45532459e-02
 -6.02584071e-02  1.03687905e-02 -7.02438271e-03  7.52223954e-02
  2.03829985e-02  1.18853450e-01  6.94879666e-02  5.49883880e-02
 -5.34186326e-02  5.82505576e-02 -4.58602123e-02 -7.94695690e-02
 -7.10286573e-02  7.99641293e-03  3.95882726e-02  2.22112369e-02
 -4.18557562e-02  8.50455463e-02 -2.53399871e-02 -3.67773958e-02
  9.75573659e-02 -4.89048995e-02  1.80444773e-02  2.56270654e-02
  4.69156504e-02 -2.74941721e-03 -3.25551517e-02  8.96137133e-02
 -3.58438306e-02  6.31626174e-02  8.12880136e-03 -4.41328473e-02
 -5.05988561e-02 -3.03327963e-02  8.78891721e-02 -8.36611018e-02
 -1.29229147e-02 -3.21709402e-02  2.33645979e-02 -3.20980139e-02
  1.71371701e-03  5.12743555e-03 -6.48902133e-02 -2.36809421e-02
 -1.40528800e-02 -9.05197784e-02  5.62494658e-02  3.79882902e-02
  2.54040658e-02  8.36087465e-02 -1.97649305e-03 -1.40528884e-02
 -3.34800519e-02 -3.05965785e-02 -8.51104707e-02  3.78610194e-02
 -1.06933732e-02  1.02106489e-01 -5.74739464e-02  4.36827820e-03
 -5.81569644e-03  3.43511887e-02 -1.49758533e-02  1.90256462e-02
 -3.45764495e-02  3.13433968e-02  1.16688214e-01 -2.60258634e-02
  2.50267647e-02 -6.10368438e-02  2.72033978e-02  5.56569472e-02
  3.22180390e-02 -4.56903456e-03 -4.13430333e-02  6.03542253e-02
  2.80967634e-02 -8.27545226e-02 -9.80315451e-03  3.03923432e-02
  2.56263632e-02 -5.50590046e-02  6.52034730e-02 -5.78862391e-02
 -5.34833260e-02  2.84420382e-02 -2.66324282e-02 -2.24493872e-02
 -2.36304626e-02  4.29771580e-02 -3.90031040e-02  3.17917690e-02
  4.63071801e-02 -9.71425325e-03 -5.01555810e-03  1.09141488e-02
 -5.34287170e-02  3.56134064e-02  2.05914788e-02  2.28554178e-02
  1.26148146e-02 -1.78068653e-02 -5.23126572e-02  1.56574436e-02
 -1.63092725e-02  6.54575229e-02  2.25219745e-02  6.16480149e-02
 -5.27116209e-02  5.71479425e-02  8.88183340e-03  2.50089057e-02
  7.85626099e-02  6.44230619e-02  1.24283582e-02 -5.13623655e-03
 -4.88383435e-02 -4.16907622e-03 -4.00215127e-02 -3.24882247e-33
  2.07434827e-03 -6.65002968e-03  4.53533046e-02  6.91415668e-02
  6.93222806e-02 -3.47397737e-02  6.76389365e-03  5.63602448e-02
  8.47024098e-02 -3.74185368e-02  2.57280208e-02  1.92876495e-02
 -1.74981952e-02 -1.15652485e-02  5.86529821e-02  1.66688729e-02
 -1.45223096e-01  3.50318998e-02 -4.53292839e-02  6.63863793e-02
  3.72787379e-02 -1.23343334e-01  2.68699974e-02  1.95755940e-02
  4.83404621e-02  3.25217247e-02  1.29138261e-01 -7.96402618e-02
  1.77278779e-02 -6.21324696e-04 -1.36859540e-03  2.12413818e-02
 -1.00997910e-01  4.09415960e-02  1.12304315e-02  1.15812175e-01
  6.12719990e-02 -7.47824386e-02  4.85946387e-02 -6.06834283e-03
 -1.05869407e-02  3.15773450e-02  7.26581812e-02  2.27633845e-02
  5.09925038e-02  9.69582237e-03  5.19242920e-02 -2.75440644e-02
 -8.24073330e-02  4.56005558e-02 -1.00451969e-01  2.33531501e-02
  5.77025227e-02 -1.69922099e-01  8.12047813e-03 -2.21410841e-02
 -6.22461084e-03  7.73373852e-03 -5.02878008e-03  6.19584285e-02
  3.37832682e-02  1.40621662e-02 -5.26412316e-02  3.53585854e-02
 -5.21261133e-02  1.99980531e-02  1.14657721e-02 -1.63726341e-02
  1.07660510e-01 -3.22217569e-02 -2.82814559e-02 -9.62941628e-03
  4.97829653e-02 -2.06376053e-02  2.80519053e-02 -5.63384518e-02
 -5.43621033e-02 -2.91255470e-02 -8.77468660e-02 -5.14298156e-02
  6.03169687e-02  1.76493614e-03 -2.17248704e-02 -5.29694222e-02
  6.13575242e-03 -5.73629234e-03  4.46263403e-02 -6.80693313e-02
 -1.37591297e-02  4.34812047e-02  1.31938942e-02 -7.09132105e-03
  6.15568459e-03  8.31725299e-02 -4.18619402e-02  3.31796946e-33
 -5.85583113e-02 -2.84344181e-02 -3.39004509e-02  2.04439256e-02
  4.90739420e-02 -1.26713188e-02  5.50474972e-02 -5.87703697e-02
  3.78447063e-02  1.27189690e-02  1.72453728e-02  2.94398656e-03
 -9.56348032e-02 -1.41204474e-02 -4.27077897e-03 -6.28268495e-02
 -9.20160189e-02  4.77323569e-02 -1.78907975e-03  5.72960870e-03
 -6.72625750e-02  1.19721562e-01 -1.46067040e-02  1.30470814e-02
  3.83879505e-02  1.39706945e-02  7.83059653e-03 -2.31396426e-02
 -1.25123030e-02  5.07532731e-02  2.03672405e-02 -4.20885943e-02
 -4.99047861e-02 -2.67032664e-02 -1.22467885e-02  5.80829792e-02
 -6.04610555e-02 -1.15347669e-01 -4.09191567e-03 -3.28530446e-02
 -1.90061685e-02 -1.76238157e-02  1.04614608e-02  3.76318172e-02
  5.69176525e-02 -4.24757367e-03 -5.05045503e-02 -5.59583195e-02
 -1.43343452e-02  1.91260700e-03  4.43058461e-02 -5.37576228e-02
 -3.80873568e-02 -1.11057870e-01  1.27580073e-02  3.71362939e-02
  1.47190675e-01 -1.39806494e-01  3.69151831e-02 -3.50959562e-02
 -6.47323430e-02  4.45320942e-02  1.41172158e-02 -8.67573638e-03
  6.29420802e-02  9.81702190e-03 -3.60637605e-02  8.01689625e-02
 -2.76331846e-02  8.11724737e-03 -6.83584958e-02  3.72097977e-02
  2.99465116e-02 -5.37847029e-03 -2.13532224e-02 -2.42713429e-02
 -8.57599676e-02  2.97690816e-02 -6.23826198e-02 -7.09418021e-03
 -6.94544762e-02 -6.36423454e-02 -7.83131085e-03 -3.56626697e-02
 -6.39873445e-02  7.57806674e-02 -2.43168846e-02  1.16883200e-02
 -1.78743526e-02 -4.90674339e-02 -4.54329401e-02  5.90475164e-02
  1.13705276e-02 -1.95926875e-02 -1.13432901e-02 -1.76035027e-08
 -7.20175123e-03  1.03657786e-02 -2.42292858e-03  2.23504417e-02
 -3.92124290e-03  2.89605069e-03 -1.23608544e-01  1.39849350e-01
 -6.61783069e-02  2.54114140e-02 -1.49156218e-02 -3.36796381e-02
  8.37327540e-02  4.42115180e-02  9.04677361e-02 -5.59979193e-02
  1.14158377e-01  6.53210431e-02 -5.24493270e-02 -5.92522994e-02
  1.34438843e-01  2.66073272e-02 -5.41608222e-02  9.66686569e-03
 -5.38881160e-02 -3.28933671e-02 -8.59041605e-03  3.44121791e-02
 -9.24974121e-03  4.77428101e-02 -1.15056476e-03 -5.33448020e-03
 -3.17082293e-02  1.31550133e-02  5.93910627e-02 -2.20360383e-02
  4.84411009e-02 -5.87990060e-02 -2.90759224e-02  2.42129564e-02
 -8.54967758e-02  3.34035978e-02  9.97701883e-02  6.47632778e-02
 -1.12111503e-02  7.36547727e-03 -4.01061960e-02  3.77534563e-03
  3.47557366e-02 -1.34588014e-02  1.11350128e-02  5.89566939e-02
  2.95844837e-03 -6.37930632e-03  5.08932024e-02  4.73649502e-02
  4.42389436e-02 -5.55297211e-02 -9.43230465e-02  2.88662892e-02
  3.16798650e-02  9.08627957e-02 -1.03605002e-01  3.14980894e-02]",learning_performance,Improved learning performance,0.6354634761810303,"[{""outcome_key"": ""learning_performance"", ""outcome_label"": ""Improved learning performance"", ""score"": 0.6354634761810303}, {""outcome_key"": ""language_digital"", ""outcome_label"": ""Improved foreign language and digital competences"", ""score"": 0.6057612895965576}, {""outcome_key"": ""initiative_entrepreneurship"", ""outcome_label"": ""Increased sense of initiative and entrepreneurship"", ""score"": 0.521357536315918}, {""outcome_key"": ""employability"", ""outcome_label"": ""Enhanced employability and improved career prospects"", ""score"": 0.47725895047187805}, {""outcome_key"": ""positive_interactions"", ""outcome_label"": ""Enhanced positive interactions with people from different backgrounds"", ""score"": 0.46458712220191956}, {""outcome_key"": ""intercultural_awareness"", ""outcome_label"": ""Enhanced intercultural awareness"", ""score"": 0.43471503257751465}, {""outcome_key"": ""future_motivation"", ""outcome_label"": ""Increased motivation for future education or training"", ""score"": 0.4148032069206238}]"
proj_test,55,What did you learn?,I became more patient and better at cooperating with others.,I became more patient and better at cooperating with others.,positive,0.4877,True,"[-4.96718753e-03  3.31268832e-02  3.33934724e-02  6.07242770e-02
  2.59634480e-03 -1.12954870e-01  3.78472060e-02 -1.72872422e-03
  1.16726030e-02 -9.81722027e-02 -7.92049989e-03  8.25182274e-02
  2.73289792e-02  3.12671065e-02  5.78016564e-02  2.07210761e-02
  2.60398574e-02 -1.87461413e-02 -7.73263499e-02 -6.19922355e-02
 -1.91160172e-01 -3.36923487e-02 -2.13084370e-02  1.18293148e-03
 -4.60796915e-02  5.36668412e-02 -6.77002743e-02 -1.95132270e-02
  6.35628626e-02 -5.29814549e-02 -2.04649549e-02  2.15443745e-02
  1.95910432e-03  1.85237452e-02 -1.43912649e-02  4.06495631e-02
 -2.31468920e-02  1.90117750e-02  5.23908809e-02 -5.14566079e-02
  2.04755049e-02 -2.08889022e-02  3.93378027e-02  3.65807745e-03
  1.01114772e-02 -2.90748384e-02  5.48187585e-04 -3.02332286e-02
  2.29063933e-03 -4.87645296e-03 -3.61222550e-02 -2.41275765e-02
 -4.19019759e-02  1.09119164e-02  6.16823994e-02  8.78198817e-02
  2.42405608e-02  7.68186152e-02 -5.11284024e-02 -7.25018419e-03
 -5.53957522e-02  1.84530541e-02 -3.67680215e-03  7.37884492e-02
  2.21705474e-02  4.49734740e-02 -4.52683726e-03  1.98294921e-03
  6.32987125e-03  1.78548936e-02 -9.84967127e-03  3.56384553e-02
 -1.85169671e-02  1.05379494e-02  7.22910464e-02 -3.27101983e-02
  4.13514413e-02 -4.49358337e-02  5.79039007e-02  6.48189113e-02
 -9.43290535e-03  6.90908805e-02 -5.77919930e-02  5.30719943e-02
 -8.42246711e-02 -1.61854029e-01  4.97784130e-02 -7.23535344e-02
  1.85253341e-02 -5.45222275e-02  6.62440285e-02  1.07947700e-01
 -6.18705638e-02  3.55754346e-02 -5.14568835e-02 -2.97108963e-02
 -3.33010852e-02  4.54851240e-02 -1.35796214e-03  1.10014401e-01
 -1.64580010e-02 -1.52602876e-02 -3.38811800e-02 -1.82586815e-02
 -1.38432104e-02  3.31490114e-02 -1.32423053e-02 -1.28171651e-03
 -1.57234557e-02  2.02606265e-02 -4.72886674e-02  3.56013477e-02
  9.54125263e-03 -1.34363612e-02  9.45393555e-03  6.61807433e-02
 -6.72113076e-02  6.24483787e-02  3.68298441e-02  7.65067711e-02
  6.76715747e-02  2.43829619e-02 -6.77625276e-03 -2.57039396e-03
 -6.16024435e-02 -1.53219886e-02  4.14196439e-02 -3.36275249e-33
 -1.16095822e-02 -2.67993473e-02  7.94627219e-02  8.63580182e-02
  7.76723400e-02  5.32978810e-02 -1.28313527e-02  5.27847223e-02
  9.88383195e-04 -8.18690881e-02  8.02503247e-03  5.05194589e-02
  5.16864844e-02 -7.09866509e-02 -6.67713284e-02 -1.75425112e-02
 -1.39247268e-01  4.72736359e-02 -2.94419564e-02  6.61948323e-02
  8.67204915e-04 -2.37679780e-02 -4.79502371e-03  6.53692484e-02
  2.71311924e-02 -2.72878306e-03 -6.24088384e-03 -1.93406083e-02
  5.32891080e-02  5.62236365e-03  1.78824775e-02  9.92436782e-02
 -1.03288256e-02 -1.61053520e-02 -7.61796460e-02  6.49734735e-02
  2.13423166e-02 -6.11027479e-02 -3.09854019e-02 -7.33065829e-02
 -1.08496044e-02  2.29016766e-02  6.56097457e-02  4.76354035e-03
  2.41047516e-02  1.06059862e-02 -2.68874038e-02 -3.51772644e-02
 -9.76359844e-02 -4.10789810e-02 -1.25481233e-01 -3.58196683e-02
 -1.26822852e-02  3.06577850e-02  1.21473493e-02 -2.10551564e-02
 -3.90610629e-04  5.96400984e-02 -6.49063066e-02  3.40322033e-02
  3.04078646e-02  1.47428634e-02 -1.74115654e-02  3.77884619e-02
  1.15688723e-02 -3.86808477e-02  7.23866234e-03 -7.87048489e-02
  5.25114723e-02  1.87848005e-02 -7.77629614e-02  3.12946327e-02
 -7.92193189e-02  2.76542623e-02 -3.55475321e-02 -9.49497372e-02
 -6.69332743e-02 -1.22536225e-02  5.64084575e-02 -8.30224827e-02
  2.23628134e-02  3.09621599e-02 -1.03225693e-01  6.35648891e-02
  6.77766576e-02  6.85784314e-03  2.70012207e-02 -5.30941524e-02
  2.15019267e-02  7.38065466e-02  5.49039841e-02  1.51098035e-02
  1.16881132e-01 -2.01829467e-02  9.54506360e-03  1.97954112e-33
  1.53198857e-02 -8.18518642e-03  4.03979719e-02  3.33601758e-02
 -8.71004444e-03 -6.09011389e-02  9.72360279e-03 -2.20773239e-02
  6.76399935e-03  1.00271702e-01  4.64785434e-02  6.38022944e-02
  6.13306090e-02  1.85803492e-02 -6.98038191e-02 -5.34544047e-03
  3.26687805e-02 -3.21856923e-02  8.53442214e-03 -1.32781081e-02
 -3.18477042e-02  1.53281435e-01 -2.02648975e-02  1.56500731e-02
  2.29013134e-02  9.48006846e-03  6.03668429e-02 -1.49870105e-02
  5.18476740e-02 -4.87574153e-02  4.05889824e-02  2.59491373e-02
 -9.94348377e-02  4.37886901e-02  3.67040001e-02  9.62260142e-02
 -1.86804533e-02 -4.84080203e-02 -3.96918617e-02 -7.59423375e-02
 -1.52706923e-02 -2.51121130e-02 -3.64395939e-02  1.66703202e-03
  7.05165267e-02 -2.11978499e-02  4.97267283e-02 -9.89491418e-02
 -2.78794523e-02  2.50277407e-02 -4.83388342e-02 -5.33519648e-02
 -2.49114316e-02 -5.65883033e-02  1.49408663e-02  4.60516401e-02
  6.28308430e-02 -7.87853301e-02  1.75999831e-02  5.04694763e-04
 -6.89786449e-02 -8.66699405e-03 -1.62781291e-02  2.86729895e-02
  3.64455581e-02 -4.76326533e-02 -1.96024030e-02  5.48797995e-02
 -1.20176039e-04  8.39697663e-03 -1.43466657e-02  1.41106080e-02
 -2.83690821e-02  2.42144391e-02  1.75700281e-02 -6.31494895e-02
 -5.97518869e-02 -4.60741334e-02 -1.34435594e-01  1.90057922e-02
 -1.38024405e-01  1.89723372e-02  5.42788841e-02 -4.05520424e-02
 -5.16173802e-02  8.59529451e-02  7.02220351e-02 -3.01744826e-02
  2.04788707e-02 -7.53482506e-02  7.56838033e-03 -5.27760535e-02
  6.90651825e-03 -4.34825197e-02 -4.59680371e-02 -1.87376443e-08
 -3.99333648e-02 -2.43109707e-02 -1.93587206e-02  1.02603137e-02
  1.09253727e-01  2.41268240e-02 -8.60440582e-02  9.02147964e-02
 -8.33665729e-02  5.56526333e-02 -3.87272500e-02  2.49245167e-02
  6.55590296e-02  6.23282231e-02  1.50797948e-01  1.08228531e-03
  7.54135400e-02 -6.38211668e-02 -9.13030375e-03 -1.24589819e-03
 -4.96948361e-02  8.16464499e-02 -9.49010104e-02 -3.25631015e-02
 -8.16176012e-02  4.96409414e-03  2.35302988e-02  1.81388073e-02
 -5.17005920e-02 -2.98132710e-02 -1.42968260e-02  6.01557607e-04
 -5.43538444e-02  1.55335227e-02  4.41068672e-02 -2.50980631e-02
 -3.67121622e-02 -5.32785542e-02  5.46885058e-02  1.35722412e-02
  1.03769749e-02  1.21672370e-01  3.03538330e-02  8.30490217e-02
  2.70339455e-02  2.24321745e-02  2.59896857e-03  2.06390657e-02
 -1.57196987e-02 -7.70221502e-02  4.34993170e-02  6.63251994e-05
  5.69808017e-03 -3.70042436e-02  5.06378412e-02 -1.26907341e-02
 -1.16177713e-02  3.42672877e-02 -7.92079698e-03  4.58244793e-02
 -1.02427313e-02  6.78898208e-03 -1.11039311e-01 -5.09946123e-02]",positive_interactions,Enhanced positive interactions with people from different backgrounds,0.6110022664070129,"[{""outcome_key"": ""positive_interactions"", ""outcome_label"": ""Enhanced positive interactions with people from different backgrounds"", ""score"": 0.6110022664070129}, {""outcome_key"": ""intercultural_awareness"", ""outcome_label"": ""Enhanced intercultural awareness"", ""score"": 0.4879698157310486}, {""outcome_key"": ""language_digital"", ""outcome_label"": ""Improved foreign language and digital competences"", ""score"": 0.46487319469451904}, {""outcome_key"": ""self_empowerment"", ""outcome_label"": ""Increased self-empowerment and self-esteem"", ""score"": 0.44309884309768677}, {""outcome_key"": ""learning_performance"", ""outcome_label"": ""Improved learning performance"", ""score"": 0.4419383108615875}, {""outcome_key"": ""initiative_entrepreneurship"", ""outcome_label"": ""Increased sense of initiative and entrepreneurship"", ""score"": 0.42976564168930054}, {""outcome_key"": ""future_motivation"", ""outcome_label"": ""Increased motivation for future education or training"", ""score"": 0.41254228353500366}, {""outcome_key"": ""active_participation"", ""outcome_label"": ""More active participation in society"", ""score"": 0.3938061594963074}, {""outcome_key"": ""employability"", ""outcome_label"": ""Enhanced employability and improved career prospects"", ""score"": 0.3829256296157837}]"
proj_test,58,What did you learn?,I am more motivated to study abroad again in the future.,I am more motivated to study abroad again in the future.,positive,0.5095,True,"[ 4.53543924e-02 -6.40826151e-02  4.92061749e-02  1.56525094e-02
  5.01667820e-02 -3.36834639e-02 -5.98267987e-02  7.77466316e-03
 -3.50414477e-02 -2.76689157e-02 -1.25159733e-02  7.83250015e-03
 -6.89646751e-02  6.70237690e-02  4.76877950e-02 -5.96246123e-02
 -8.30057412e-02 -6.54977262e-02  7.59237166e-03 -1.04069807e-01
 -2.07363591e-02 -1.13882031e-02  1.67826079e-02  3.41205038e-02
  1.46125294e-02  5.29020373e-03  5.73792346e-02  6.58552535e-03
  1.08117638e-02  6.17052987e-03  1.73257515e-02  5.71508966e-02
 -1.14099070e-01  1.16854943e-02  1.36123691e-02  2.28258073e-02
 -1.49972010e-02 -3.60178128e-02  7.28560165e-02  4.06097509e-02
 -1.81536227e-02 -5.99802192e-03  8.43641758e-02  1.08905118e-02
  5.98240010e-02 -6.89322948e-02 -4.78573143e-02  2.76919939e-02
  1.26723116e-02  8.65142271e-02  2.36461288e-03  2.94055063e-02
 -7.35929534e-02 -1.04779981e-01  3.96410227e-02  5.66597804e-02
  8.16212818e-02  6.59548491e-02 -8.04056749e-02 -6.42426088e-02
 -5.31277433e-03 -3.90506797e-02 -2.49300972e-02  6.65002540e-02
 -5.54078482e-02 -4.34414670e-02  4.33672853e-02  3.13492529e-02
  6.35216385e-02  6.03448115e-02 -1.56468153e-02 -3.23304832e-02
 -4.95038927e-02  2.28491668e-02  7.68736303e-02  1.53988171e-02
 -2.45814454e-02  5.47783002e-02 -1.03130117e-02  5.89317307e-02
  6.89778030e-02  5.34683056e-02 -9.30814967e-02 -6.22862205e-02
 -4.76013646e-02 -9.20642763e-02  1.73671860e-02 -2.27038488e-02
  4.68394794e-02 -1.84208807e-02  7.12748319e-02 -4.09222282e-02
 -3.89512591e-02  1.34932771e-01 -5.99265173e-02 -1.51073150e-02
  1.06000518e-02  6.91411495e-02  2.43585780e-02  7.60330334e-02
 -3.13651897e-02  2.35742889e-02  1.91892460e-02  1.21999800e-01
 -9.23700780e-02 -1.27428025e-02  6.06947504e-02  4.81273159e-02
  1.79542713e-02 -6.54909238e-02 -7.61627406e-02  2.42067594e-02
 -3.16870911e-03 -3.99673078e-03 -1.90271791e-02  1.67730395e-02
  2.36636288e-02  2.60741096e-02  7.41246194e-02  9.53603461e-02
 -1.91545431e-02  4.30179462e-02 -2.36059818e-03 -3.29658389e-02
 -5.95148131e-02 -1.13987885e-01  1.68411918e-02 -3.18503170e-33
 -1.67986006e-02  2.46875249e-02  4.18708846e-02  3.39323841e-02
 -4.67042252e-02 -4.00834568e-02  4.10084687e-02  9.37794745e-02
 -4.43037041e-02 -3.38813886e-02  3.97421308e-02  5.36944270e-02
  1.56616699e-02 -4.83081164e-03 -9.10753570e-03 -6.09750114e-03
 -1.22407367e-02  4.88469936e-02  6.64370060e-02  1.41561434e-01
  7.86849707e-02 -8.72206688e-02  6.71243221e-02 -3.64193693e-02
  8.12585205e-02 -1.78869385e-02  6.04794286e-02 -3.34131606e-02
 -6.60403594e-02  2.23101135e-02  5.56025691e-02  5.50634302e-02
 -1.11983806e-01 -9.32091773e-02 -5.01234382e-02  2.68972572e-03
 -6.27507130e-03 -2.95214597e-02 -6.95892842e-03 -2.27364786e-02
  2.88672708e-02  2.83833072e-02  3.13909166e-02 -3.58918868e-02
  6.05089925e-02 -1.05385296e-02  2.02915445e-02 -4.39509982e-03
 -1.93894189e-02  1.44640701e-02 -1.16078570e-01 -8.67113844e-02
 -5.67306131e-02 -1.22023083e-01  3.17637958e-02 -2.81170458e-02
 -4.61907536e-02  2.42241360e-02 -1.84658654e-02 -4.38578390e-02
 -6.16234466e-02 -4.67897719e-03 -5.34317531e-02  3.09818368e-02
  3.89081463e-02  3.93527709e-02  3.17336097e-02 -4.68106791e-02
 -3.00768670e-02 -4.34490778e-02 -4.30264771e-02 -6.21116720e-02
  7.85669219e-03 -6.67751878e-02 -3.43315699e-03  5.13212942e-02
 -8.39023758e-03 -3.71730775e-02  3.48757207e-02 -5.64553728e-03
  2.10241098e-02  2.45879870e-02 -4.92979735e-02 -2.08249073e-02
  9.87066031e-02  9.61156264e-02  6.78007603e-02 -1.12129614e-01
  8.39694813e-02  2.16549225e-02  1.88970212e-02 -5.02450764e-02
  1.25217373e-02 -3.38592231e-02 -6.10742755e-02  1.44193227e-33
  1.19293667e-01 -7.64184911e-03  2.32284423e-02 -4.69250530e-02
  2.08304040e-02 -1.74970999e-02  5.26316762e-02  7.64297247e-02
 -2.66880766e-02  7.86461122e-03 -3.54416184e-02 -3.52700092e-02
  1.00493178e-01  1.56389713e-01 -6.47819787e-02 -2.44490411e-02
 -2.45940941e-03 -1.13660085e-03 -4.43848930e-02  4.40620296e-02
 -2.01227833e-02  1.10209994e-01 -2.61763169e-04 -4.06414270e-02
  9.85182356e-03 -4.37178053e-02  2.39591040e-02  2.56029572e-02
 -2.58262884e-02 -3.07191461e-02  3.26803774e-02  8.17817599e-02
 -8.91806558e-02 -2.04521343e-02 -1.15044313e-02  6.19234592e-02
  4.21480574e-02  1.03970477e-02 -7.27916285e-02  1.08653761e-01
 -4.64477614e-02  5.87347299e-02  4.33000140e-02 -3.51100862e-02
  5.08362353e-02 -1.03422371e-03  2.80492064e-02  7.40455613e-02
 -2.09394954e-02 -3.76875699e-02  2.26161946e-02  3.76963019e-02
 -1.63499340e-02 -4.17883880e-02  6.39067516e-02 -1.32326689e-02
 -1.24934851e-03 -9.42496657e-02 -6.58377185e-02 -3.16860899e-02
 -2.60334276e-02  7.19062344e-04  5.62614063e-03  2.51465105e-02
 -6.49698079e-03 -5.66427372e-02 -8.71216133e-03  4.60192151e-02
 -3.35377012e-03  2.01095231e-02  2.53793970e-02  5.91667509e-03
 -6.02527559e-02  3.29091260e-03  3.05781811e-02 -4.80390154e-02
 -5.94898418e-04  1.01297237e-02 -2.31911093e-02  2.41153222e-02
 -4.15504463e-02 -6.47842279e-03 -3.24543230e-02 -5.12332320e-02
 -8.85774568e-03 -5.64651191e-03 -6.79833367e-02  2.69782841e-02
  6.46948814e-02 -9.86655131e-02 -8.03487971e-02 -8.20198283e-03
 -7.02876179e-03 -2.79733669e-02  4.64030616e-02 -1.92683896e-08
 -4.18220758e-02 -3.59499045e-02  6.41550543e-03  8.74018744e-02
 -3.50437090e-02 -6.27781674e-02 -9.61287990e-02  2.52143294e-02
  8.41521309e-04 -7.79859349e-02  1.17512969e-02 -2.07241252e-03
  7.97213316e-02  1.17868707e-02  8.02685693e-03  8.47145990e-02
  7.94736519e-02  2.47546714e-02  5.81279360e-02  3.21057923e-02
 -4.10686852e-03  7.53618637e-03 -2.18879431e-02  3.26836817e-02
 -2.63428725e-02  8.01306963e-02  1.50781842e-02 -4.29541385e-03
  4.54478152e-02 -2.05909796e-02 -4.65699509e-02 -3.32933478e-02
  3.49235050e-02 -7.39133880e-02 -4.82401215e-02 -9.77718756e-02
  9.73995426e-04 -1.45836705e-02  8.89081974e-03  1.39081932e-03
  1.68688092e-02 -4.86793518e-02  2.19783895e-02  8.38176757e-02
 -1.11499345e-02 -6.72409236e-02  3.37909237e-02  2.01016925e-02
 -1.68473122e-03  1.03010591e-02 -1.23844348e-01 -4.40447452e-03
 -3.41410711e-02 -3.64679359e-02  1.27838096e-02  7.74655193e-02
 -6.77911118e-02  1.55001292e-02 -9.15308148e-02  8.06644633e-02
  5.35692796e-02 -5.33675961e-02 -6.81487769e-02 -2.44945493e-02]",future_motivation,Increased motivation for future education or training,0.5709872245788574,"[{""outcome_key"": ""future_motivation"", ""outcome_label"": ""Increased motivation for future education or training"", ""score"": 0.5709872245788574}, {""outcome_key"": ""language_digital"", ""outcome_label"": ""Improved foreign language and digital competences"", ""score"": 0.4160315692424774}, {""outcome_key"": ""intercultural_awareness"", ""outcome_label"": ""Enhanced intercultural awareness"", ""score"": 0.40672963857650757}, {""outcome_key"": ""employability"", ""outcome_label"": ""Enhanced employability and improved career prospects"", ""score"": 0.3953636884689331}]"
