project_id,response_id,question,text,sentence,sentiment,sentiment_score,is_learning,embedding,outcome_key,outcome_label,outcome_score
Nature_Training_Course,8,Overall which training course moments/aspects/processes did you like the most? Why? ,"I liked the theoretical part of the project, we learned about something new, all the information was well structured and well presented in order to master it","I liked the theoretical part of the project, we learned about something new, all the information was well structured and well presented in order to master it",positive,0.6,True,"[-6.93866685e-02  5.45063466e-02  1.41550098e-02 -3.37951481e-02
  5.10291047e-02 -2.26115789e-02 -5.48710264e-02  2.36227941e-02
 -1.80906970e-02  2.89355628e-02 -4.49528471e-02  8.95930678e-02
  2.45461357e-03  9.48268455e-03  8.72800034e-03  1.25604626e-02
  5.44571579e-02 -7.13870749e-02  1.79991685e-02 -4.91245948e-02
 -2.35807132e-02 -2.80846823e-02  8.61995667e-02 -7.27957347e-03
 -3.42144407e-02  1.02866888e-01  3.45944352e-02  1.78347528e-02
  5.21965548e-02 -4.83862795e-02 -2.57715322e-02  8.76725987e-02
  3.32998410e-02 -1.26378126e-02  8.63829907e-03  7.55483359e-02
  1.61370859e-02 -8.61776934e-04 -2.06612367e-02 -5.21466061e-02
 -5.93228340e-02 -5.28669509e-04  8.85418728e-02  2.19657701e-02
  3.89115959e-02 -5.38910814e-02  5.73163852e-02 -7.86519498e-02
  2.87639414e-04 -1.33708464e-02 -4.37891744e-02 -9.30251181e-02
 -1.41328434e-02 -7.94412196e-02 -4.66820896e-02  4.05833311e-02
 -1.49574294e-03 -4.40308526e-02 -2.81012673e-02 -7.90939853e-02
  6.62906049e-03  1.04007497e-02 -6.66682050e-02  1.33670196e-02
  1.34129733e-01 -6.24628998e-02 -6.94264695e-02  5.90330176e-02
  5.53010479e-02 -1.14874756e-02  1.89693253e-02  5.05119488e-02
 -5.01199951e-03 -4.46780734e-02  1.42846899e-02 -4.04662676e-02
 -2.94897147e-02  6.79409306e-04  2.83841286e-02  5.95089514e-03
  6.39411733e-02  1.65188219e-02 -2.09667441e-02  6.70730993e-02
 -3.56337288e-03 -3.89824808e-02 -1.25045124e-02  1.75257437e-02
 -6.85015693e-02 -3.88495177e-02  8.30830708e-02 -3.08665261e-02
 -8.81351531e-03  5.19798249e-02  1.81036815e-02  3.23727354e-02
 -4.89090420e-02 -2.17276141e-02  7.68549368e-02  6.26266152e-02
 -3.32902558e-02  5.83073646e-02 -2.72630043e-02 -6.12864904e-02
 -5.07445671e-02 -1.14232227e-02 -1.99202262e-03 -6.14053663e-03
  9.42769833e-03  2.17718873e-02 -8.21279921e-03 -1.17450731e-03
  7.10397144e-04  1.48828691e-02  2.64251567e-02  8.95059295e-03
 -8.69648065e-03  1.54782068e-02 -4.78731692e-02  1.91123299e-02
  4.13423106e-02  1.54936574e-02 -2.50039087e-03  8.45246464e-02
 -9.12400633e-02 -4.78771562e-03 -2.68837158e-02 -3.84571058e-33
  3.16280797e-02  4.75806035e-02  3.61472629e-02  1.45518124e-01
  8.55088755e-02  3.23408954e-02  1.82941966e-02  5.04913367e-02
 -7.27763623e-02 -3.32845263e-02  1.42586663e-01  9.33456607e-03
  2.85710078e-02  6.92883283e-02 -3.03992257e-03 -9.20858532e-02
 -9.56035405e-02  7.81582966e-02 -4.79289480e-02  1.02122203e-02
 -1.56498831e-02  2.86348574e-02  1.97961610e-02 -5.53018786e-02
  8.07179362e-02  7.27012232e-02  4.73256074e-02  3.21647003e-02
 -7.32235750e-03  3.11867855e-02 -2.77418084e-02  3.11584324e-02
 -1.04170077e-01 -3.62186041e-03 -1.72900117e-03  1.87527165e-02
  3.20548266e-02 -1.15400985e-01 -3.44732287e-03 -2.33034091e-03
 -2.68245558e-03  1.86102055e-02  2.28768960e-02 -1.29542788e-02
  1.27061037e-02  2.09768806e-02  3.27355005e-02 -1.46851297e-02
  8.68765078e-03  1.09034050e-02 -5.69195226e-02 -2.84538306e-02
 -2.80803870e-02 -3.56766209e-02  2.02357415e-02  4.61567342e-02
 -2.05022376e-02 -1.73570570e-02  2.54033040e-03 -2.75438861e-03
 -3.26567306e-03  2.82928888e-02 -4.57294285e-02 -2.03988571e-02
 -2.08255220e-02  9.82446969e-02 -4.38933596e-02 -2.85445414e-02
  1.01772189e-01 -6.14956096e-02 -1.36883214e-01  1.40947290e-02
 -2.46158894e-02 -2.42945887e-02 -2.47721002e-02  1.00676098e-03
 -6.47805184e-02  2.81842779e-02 -7.91365188e-03 -9.50679090e-03
  4.54052463e-02 -5.40350750e-02 -2.11060382e-02 -3.35821807e-02
 -2.21598409e-02  2.37918776e-02  4.45996933e-02  2.09164247e-02
 -3.12772766e-02  6.43115342e-02  2.68325415e-02 -1.79778151e-02
  2.01024953e-02  5.22103161e-02  1.61645059e-02  2.15830516e-33
 -6.51966631e-02 -9.72562563e-03 -5.25048934e-02 -2.23439070e-03
  4.68095988e-02 -1.60469674e-02 -1.46343380e-01 -5.81573229e-03
  6.01340970e-03  6.41252622e-02  9.49563384e-02 -6.25456218e-03
 -8.82147178e-02  1.32586500e-02 -4.96323146e-02  2.14831345e-02
  1.14908190e-02 -9.92417932e-02  5.71479760e-02  1.64984930e-02
 -7.56500987e-03  1.03095368e-01 -4.54025716e-02 -1.85676664e-02
  4.47482169e-02  4.19860110e-02 -9.15708486e-03 -1.54439267e-02
  1.60252415e-02 -3.05186156e-02  1.85162260e-03 -6.09121583e-02
 -1.21912852e-01 -5.50648533e-02 -3.43011469e-02  1.05034083e-01
  3.16504613e-02 -3.27582136e-02  2.43219119e-02 -2.56740465e-03
  3.02300118e-02 -1.10210320e-02 -6.84600249e-02 -4.76144701e-02
 -2.15851143e-02 -8.46834257e-02  1.86091922e-02  1.90751813e-02
 -5.28145349e-03  1.65444519e-02 -3.76113504e-02  1.64710674e-02
 -3.56069244e-02 -1.53529167e-01  9.95854568e-03  1.85423382e-02
  9.11504775e-02  6.83959294e-03  8.40031132e-02  1.27663072e-02
 -6.23739772e-02  9.74501891e-04 -1.16898138e-02 -5.13437688e-02
  4.34186455e-04 -3.36619690e-02 -1.94828864e-02  5.91712371e-02
 -3.77494395e-02 -2.18432713e-02 -1.00521848e-01  6.34327754e-02
 -1.31692635e-02  1.19787030e-01  7.63052255e-02 -6.41744733e-02
 -5.97238250e-04 -1.00084320e-02 -4.19989191e-02  8.50523636e-03
 -2.39923652e-02 -1.35097551e-04 -7.37167522e-03 -3.17106433e-02
  1.28129154e-01  7.49754384e-02 -2.28767172e-02 -4.80879433e-02
 -6.48816407e-04 -2.26172786e-02 -6.10030629e-02 -1.96497496e-02
 -4.09821840e-03  7.43806362e-03  1.27512235e-02 -2.91127620e-08
 -5.40887006e-03  4.86747362e-02  1.05894143e-02  7.02959718e-03
  9.05026030e-03 -2.53757816e-02 -6.79125860e-02  2.51845196e-02
 -9.67582688e-02  7.94798601e-03 -1.91378396e-03  4.44143452e-02
 -1.02045357e-01  1.35655433e-01  2.41477191e-02 -3.96771207e-02
  1.30958498e-01  2.48964727e-02 -1.71737056e-02 -6.21490600e-03
  1.02773815e-01  1.18163355e-01  3.16162896e-03 -1.73281599e-02
 -2.18809396e-02  4.70725773e-03  1.15396334e-02 -1.50767947e-02
 -5.04017696e-02  1.28381990e-03 -2.58619543e-02  2.04509385e-02
 -7.74048865e-02  5.87130971e-02  3.22685507e-03  1.37288747e-02
  7.74137909e-03 -3.38581689e-02  5.47304675e-02 -5.14844544e-02
 -2.19571944e-02  5.22691943e-02 -2.15032627e-03  6.13859147e-02
  4.00206447e-03  7.34742209e-02 -7.34959692e-02 -1.05449647e-01
 -4.48599197e-02  1.59397293e-02 -1.19889630e-02  2.41906848e-02
 -3.38715725e-02  6.51257187e-02  1.32544041e-01  5.36564291e-02
  4.07675980e-03 -6.46521673e-02 -1.03934802e-01  4.30924352e-03
  8.11679214e-02  9.32798460e-02 -1.60265207e-01  9.06478986e-02]",learning_performance,Improved learning performance,0.4918317198753357
Nature_Training_Course,25,What did you learn at this training course? ,How to live life with sustainability,How to live life with sustainability,neutral,0.0,True,"[ 1.97385922e-02  9.79810581e-02 -3.08374339e-03  5.97185642e-02
  4.71312143e-02  5.28797647e-03 -4.81533539e-03 -2.93609425e-02
 -2.15288624e-02  1.25899841e-03  4.58450951e-02 -5.14277630e-02
 -1.04143070e-02  1.38423666e-02 -5.00198267e-02  1.98600180e-02
 -1.40503705e-01  3.11738346e-02 -8.65257066e-03 -8.20757449e-03
 -6.46741390e-02 -8.75902828e-03  3.18882912e-02  6.18017511e-03
 -6.53004050e-02  1.05880938e-01 -6.61289692e-03  9.49997827e-03
  2.12260950e-02  4.46800031e-02  1.11612007e-01 -4.69182711e-03
 -3.01090647e-02 -3.76262218e-02 -4.47425665e-03  1.30521879e-01
  5.89047819e-02 -3.34523506e-02  2.83615477e-03 -1.36434566e-02
 -6.86259847e-03 -7.43924305e-02 -3.11579015e-02 -7.23198280e-02
 -9.02080629e-03 -9.43022594e-02 -1.07744914e-02 -3.57330889e-02
  4.51154411e-02 -9.94624123e-02 -1.09853353e-02  1.20992248e-03
 -2.71216240e-02 -6.36493936e-02  3.80326957e-02  3.00243078e-03
  1.56574398e-02 -2.14580521e-02  2.40592789e-02 -7.36246854e-02
  9.99677330e-02 -7.85626471e-02 -3.49811949e-02  3.63106951e-02
  6.87217191e-02  7.34032393e-02 -1.27170319e-02  8.86939242e-02
 -4.07665782e-02  5.76712340e-02 -7.79668242e-02 -5.65165542e-02
 -5.71964569e-02 -2.68991459e-02  8.19229521e-03  1.88648310e-02
  1.10103926e-02 -4.27510217e-02  2.25906949e-02  8.80011916e-02
  9.87789258e-02  9.47979186e-03 -8.32379386e-02  3.49879786e-02
  9.30429262e-04  1.32252406e-02  3.87636060e-03  3.85334753e-02
  5.74227907e-02  2.90488247e-02 -4.00532261e-02  4.47366992e-03
  6.06454499e-02  1.74059197e-02 -6.99750185e-02  3.38007361e-02
 -6.00959957e-02 -4.49815914e-02  1.54294809e-02  4.13512476e-02
  2.39976048e-02 -1.94114656e-03 -2.08989475e-02 -4.41612341e-02
 -4.56354804e-02  3.96951437e-02 -3.55758108e-02  6.69790953e-02
 -1.97719480e-03  1.62052549e-02 -6.44033998e-02 -1.05922471e-03
 -5.65498397e-02  5.65061793e-02  4.15540226e-02 -4.83994223e-02
  6.67173862e-02 -7.81944394e-03  9.29113999e-02 -3.78393643e-02
  1.99430939e-02 -1.65578369e-02  5.46944365e-02 -6.54596314e-02
  4.02713604e-02  2.60948539e-02  1.01901628e-01 -2.62193023e-33
  1.04675405e-02 -2.52071749e-02  5.92232980e-02 -6.89184293e-02
 -3.42440791e-02  4.52647842e-02 -3.01953442e-02  5.53068444e-02
 -1.65528450e-02  1.75320990e-02  1.39056399e-01  1.49255116e-02
 -2.67858896e-03 -1.40358722e-02  5.56403510e-02 -1.08716875e-01
 -1.25669837e-01 -1.77125186e-02  3.11618317e-02 -2.04203445e-02
  1.76071059e-02 -2.15126425e-02  2.66258363e-02 -2.31122947e-03
  1.08135499e-01 -3.48557644e-02  6.72080219e-02 -4.79162522e-02
  5.07031754e-03 -5.43502858e-03  4.41894084e-02  8.35780948e-02
 -6.50384426e-02 -4.23866212e-02  2.37300172e-02  9.60081164e-03
 -1.25578329e-01  7.67754093e-02 -2.93153562e-02 -1.61289629e-02
 -8.04643035e-02 -1.23867998e-02  2.36148816e-02 -1.10593112e-02
  5.21277636e-02  1.00874290e-01  1.27155036e-01  4.07342939e-03
 -3.21634561e-02  8.39229394e-03 -7.15114921e-02 -1.87247563e-02
 -8.64270627e-02 -5.39613739e-02 -2.97720768e-02 -7.13903755e-02
  1.00270519e-03 -3.52625214e-02 -3.30547653e-02 -1.30923092e-01
 -1.59963798e-02 -2.71241423e-02 -4.73431274e-02  4.18369472e-02
  8.58899504e-02  2.36660261e-02 -6.97395131e-02  2.71428525e-02
 -2.27720626e-02  1.29334796e-02  2.92627839e-03 -4.09957357e-02
 -1.11722760e-02  5.45290019e-03 -5.78104295e-02  2.03749146e-02
 -2.16032658e-02  8.80667195e-03 -1.39090583e-01  4.42639031e-02
 -6.66082799e-02  5.08084632e-02 -2.51362287e-02 -3.68263647e-02
  1.53110057e-01 -1.54879666e-03  2.94046185e-05  7.73135060e-03
  4.98409010e-02  4.30830475e-03  1.85201354e-02 -6.35652663e-03
  3.89819369e-02 -3.27225290e-02 -8.11643749e-02 -2.69187334e-34
  3.21112238e-02  8.66833702e-03  8.05688184e-03 -1.63315460e-02
 -6.98962435e-03 -7.88583755e-02 -1.16603523e-01  3.61029408e-03
  3.86224762e-02  1.25573454e-02 -1.93980429e-02  9.93955135e-02
  2.76885889e-02  6.79847300e-02 -2.35988759e-02 -2.54002940e-02
 -4.17836085e-02  6.11818470e-02 -7.25393146e-02 -3.42172198e-02
 -3.74061316e-02  6.91596493e-02 -1.05378956e-01  7.66555965e-02
 -6.63483515e-02  5.67950532e-02  1.77473910e-02  2.90606562e-02
  4.22335193e-02  1.56015689e-02  5.90400165e-03 -1.38204033e-02
  1.47636095e-02 -9.61643737e-03 -2.69612409e-02 -3.19236368e-02
 -5.99173047e-02 -8.30506068e-03  2.75660455e-02  6.04485981e-02
 -3.85167450e-02 -2.07942203e-02 -1.01847656e-01 -5.71102723e-02
  8.32233857e-03 -8.50247499e-03 -4.37528901e-02 -3.10744010e-02
 -1.58532467e-02 -1.01892948e-02  8.91668946e-02  3.75572443e-02
 -3.39167081e-02 -6.42496720e-02  7.36813173e-02 -4.68006358e-02
  7.52020329e-02  1.54636363e-02 -2.00131405e-02 -3.39762755e-02
  5.66612557e-02  9.54162031e-02  7.22646564e-02  4.29791175e-02
  3.55722429e-03  9.48448293e-03 -4.51123854e-03 -2.71865446e-02
 -6.77607283e-02 -2.33840737e-02 -8.82252455e-02 -3.04426835e-03
 -6.47490323e-02 -7.40788206e-02  9.05681774e-03 -3.80094722e-02
 -2.22755782e-02  3.17431637e-03 -2.57764496e-02  2.17885394e-02
 -7.16868490e-02  4.18962119e-03  3.06908339e-02 -1.19046541e-02
 -5.48078828e-02 -2.48047002e-02 -9.09906924e-02 -5.90511858e-02
  4.75396402e-02  1.00254200e-01 -3.57817374e-02  5.75150326e-02
 -9.13248584e-02  6.12783879e-02  4.20162715e-02 -1.63426961e-08
  4.95312326e-02 -2.44372860e-02  4.47094627e-02  1.70648098e-02
 -3.29672731e-02  2.81458758e-02  3.40591408e-02 -4.62485328e-02
  2.85265371e-02  7.23438859e-02 -3.13136615e-02 -9.41581558e-03
  8.22702423e-02  9.66489241e-02 -3.08645051e-03  1.46403285e-02
  3.68717425e-02  6.52661920e-03 -6.65232837e-02 -1.37340045e-02
 -1.79661736e-02 -7.57814497e-02  3.20522264e-02  3.23352292e-02
  6.81624236e-03 -4.70280349e-02  6.83177710e-02  6.27963468e-02
 -1.12962686e-02  8.49024653e-02  5.99095523e-02 -6.99235359e-03
 -4.45320122e-02 -4.34561521e-02 -5.91716841e-02 -9.46721435e-02
  3.17557789e-02 -7.14211771e-03  2.60783024e-02  2.96994951e-02
 -3.49240564e-02  2.50276159e-02 -5.09788282e-02  3.47229727e-02
 -4.09711935e-02  1.57548301e-02 -1.44506805e-02  1.18587827e-02
 -6.51720613e-02  8.58192742e-02 -1.05161425e-02 -5.49818426e-02
  3.01222615e-02  5.80234714e-02 -1.51547892e-02  1.77255906e-02
  4.13015783e-02  5.10069653e-02 -2.21890397e-02  6.80001006e-02
  3.12995650e-02 -6.79455474e-02  4.01170515e-02  2.89046001e-02]",project_topic,Project topic: Sustainability and environmental awareness,0.6036685705184937
Nature_Training_Course,26,What did you learn at this training course? ,How I can live sustainably with the focus on the environment because most times we tend to do things and forget that they have an impact on the environment so the project was a great eye opener,How I can live sustainably with the focus on the environment because most times we tend to do things and forget that they have an impact on the environment so the project was a great eye opener,positive,0.4939,True,"[ 2.11586207e-02  4.27852236e-02  6.35175183e-02  1.78719182e-02
  1.35620385e-01 -1.58625729e-02  2.42938790e-02  1.15526831e-02
 -7.63378367e-02 -1.98219507e-03 -2.71538086e-02 -5.48279211e-02
  1.82495993e-02 -3.34655959e-03 -6.18703552e-02  5.70312403e-02
 -6.24517351e-02 -2.81479843e-02 -4.63441983e-02  3.87751907e-02
 -1.81832686e-02  5.17752096e-02  3.14446725e-02 -1.88693069e-02
 -1.40948489e-01  7.62529597e-02  4.25244868e-03  2.66442765e-02
  2.06442829e-02 -1.23274699e-02  4.65226471e-02  8.58089402e-02
  1.73312780e-02 -3.96051072e-02  1.45276040e-02  1.54042065e-01
  2.56256498e-02 -2.56304871e-02 -1.61922444e-02 -2.81307511e-02
 -6.44427240e-02 -2.02744640e-02  1.65267475e-02 -8.89898762e-02
 -4.32481356e-02 -1.38351008e-01  2.65543368e-02 -1.04145303e-01
  5.12194112e-02 -8.49543959e-02 -5.83763123e-02 -5.61474860e-02
 -5.37083037e-02 -1.37312427e-01 -1.65258776e-02 -1.84925124e-02
 -9.38992191e-04  1.97031116e-03 -1.09913545e-02 -1.00002512e-01
  1.02712050e-01  1.17738731e-03 -3.90268639e-02  1.48664722e-02
  8.46839026e-02  6.06717579e-02 -2.42401119e-02  6.44432828e-02
 -8.98533408e-03 -1.18231559e-02 -2.86447145e-02 -7.33379368e-03
 -3.06736808e-02 -1.00661203e-01 -2.60340124e-02  4.40064333e-02
 -2.13981792e-02 -4.27153148e-02  1.50824204e-01  5.22689037e-02
  1.03107885e-01 -4.71223891e-02 -6.42381310e-02  4.73004021e-02
 -1.85383186e-02  2.85699870e-02  1.82322655e-02  3.28884348e-02
  2.23411229e-02  2.08597425e-02  4.09898441e-03 -9.13936421e-02
  5.54450788e-02  5.04982769e-02  9.02113132e-03  5.73747745e-03
  1.72769811e-04 -4.81874272e-02  2.27272604e-02  3.53027061e-02
 -4.85560019e-03 -4.11121584e-02 -2.17718650e-02 -7.72149339e-02
 -4.16363329e-02 -2.80859917e-02 -1.59639735e-02  8.25827848e-03
  5.21024875e-02  2.22730767e-02 -7.46639073e-02 -1.45341447e-02
 -1.20863253e-02  9.93236005e-02  3.42317708e-02  1.73749439e-02
  3.21705602e-02 -7.89354220e-02  5.95115609e-02 -5.11537865e-02
  8.62041786e-02 -1.85927916e-02  1.32912137e-02 -2.31405254e-02
  2.88660172e-03 -2.13878397e-02  9.58036631e-02 -1.63911869e-33
  4.21447717e-02  2.67150234e-02  5.51475547e-02  2.08956450e-02
  6.21314012e-02 -2.30636746e-02 -7.26956408e-03  4.06122729e-02
 -4.28961925e-02 -3.02624833e-02  9.83685404e-02  1.96378324e-02
  1.65444836e-02  4.06515896e-02  7.36558763e-03 -1.02091603e-01
 -6.90088496e-02  1.17816054e-03 -4.02362794e-02  1.95971671e-02
 -4.06762064e-02 -8.80353674e-02 -3.77016095e-03 -4.68358882e-02
  1.09838404e-01 -3.11892927e-02  6.90769255e-02  1.03240432e-02
 -3.55661917e-03  2.68016942e-02  1.81511175e-02  6.04730174e-02
 -1.16823196e-01 -3.16246487e-02 -1.69611219e-02 -4.70344489e-03
 -5.74430414e-02  9.03079938e-03 -1.33461934e-02 -1.64738316e-02
 -5.51595464e-02  7.97477290e-02  5.50237298e-02  4.52372013e-03
  1.20198384e-01  5.42685203e-02  9.65997577e-02  3.64999287e-02
 -3.46726850e-02  2.96802223e-02 -6.17680214e-02  1.48629649e-02
 -2.72570960e-02 -6.54997304e-02 -1.63031323e-03 -5.66898286e-02
  4.12898101e-02 -2.50760987e-02 -4.90450859e-03 -5.27764298e-02
  2.83472519e-03 -1.20104710e-02 -2.23459192e-02  4.68475409e-02
  7.49463215e-02  5.34132197e-02 -3.99192758e-02  4.61841375e-02
 -1.98854250e-03  8.44865572e-03 -4.40741889e-02 -6.13015592e-02
  2.26480071e-03 -1.81191303e-02 -3.25311832e-02 -2.86880340e-02
 -5.02828024e-02 -4.02757451e-02 -4.26695161e-02  6.53762519e-02
 -2.80020596e-03  3.41280214e-02 -5.57977669e-02 -2.18756609e-02
  5.14577962e-02  1.57002695e-02 -6.14988850e-04  1.30735757e-02
 -5.18409684e-02  1.38569800e-02  6.55036941e-02 -1.31807281e-02
  1.65121760e-02 -6.62247017e-02 -2.01842636e-02 -2.70550127e-34
  1.00211482e-02 -5.35280025e-03  2.47080773e-02 -3.73147801e-02
  5.64379059e-02 -2.66816895e-02 -1.18505649e-01 -4.65204343e-02
  2.30324715e-02  6.33896962e-02 -4.75729853e-02  9.75838527e-02
  7.35548213e-02  3.22230197e-02 -7.56293908e-02 -4.66373712e-02
 -6.54020533e-02 -2.33075097e-02 -5.94651550e-02 -1.92498993e-02
  3.14089375e-05  1.93978287e-02 -6.88893546e-04  1.98349897e-02
 -3.93196493e-02  7.56526142e-02  1.36166746e-02  3.47522367e-03
  7.17130005e-02 -6.73859864e-02 -3.34894843e-02  2.50950493e-02
 -5.32642081e-02 -1.14350915e-02 -2.91499775e-02  5.77655658e-02
 -1.67566407e-02 -1.20510899e-01 -5.66807538e-02 -2.15275194e-02
  6.76940605e-02 -3.35925370e-02 -3.68389934e-02 -9.10950899e-02
  1.77355912e-02  1.27567118e-02  6.75314479e-03 -2.31760982e-02
 -3.32956240e-02 -2.38512550e-02  7.67398700e-02  4.93695103e-02
 -4.88819964e-02 -4.90371622e-02  6.53226078e-02 -4.10666130e-02
  9.04326737e-02  8.46366305e-03  2.59919055e-02 -2.11400390e-02
 -7.94734899e-03  1.07650794e-02  2.12779380e-02  4.90580983e-02
 -2.02653315e-02 -1.29432511e-02 -1.80080868e-02  3.91775258e-02
 -8.72417465e-02 -1.72578190e-02 -5.48881181e-02  2.76990794e-02
 -4.36546989e-02  1.99015252e-02 -2.04372443e-02 -4.92684282e-02
 -4.32074927e-02  1.60679910e-02 -3.00453417e-02 -5.46555175e-03
  3.76052670e-02 -2.65892446e-02  7.43622333e-03 -4.36277166e-02
  6.79363459e-02  3.60538773e-02 -8.10440779e-02 -7.80960545e-02
  3.61325033e-02  8.72056782e-02 -1.01103842e-01  4.34076339e-02
 -8.29726309e-02  2.54923720e-02  2.46494859e-02 -3.59731622e-08
  6.83951974e-02  3.42112668e-02  4.15652022e-02  2.26884242e-02
 -3.52773815e-02 -1.53088011e-02  4.44247723e-02  2.38513704e-02
  1.95610896e-02  6.75293803e-02 -7.30462894e-02  6.85197720e-03
  5.61674125e-02  1.62440732e-01  3.43530998e-02 -2.99860183e-02
  7.23921582e-02 -7.04722898e-03 -6.30791560e-02  2.05486137e-02
  5.70784062e-02  5.58057753e-03 -5.77181764e-03  4.64298390e-02
 -3.76061746e-03 -4.75903787e-02 -2.28799749e-02  1.11100981e-02
 -2.08449201e-03  2.41607334e-02  5.64475320e-02  6.01632297e-02
 -8.84121954e-02 -3.82450074e-02 -8.67536217e-02 -1.80431381e-02
  4.59620655e-02 -2.12992113e-02 -1.02853542e-02  3.95221189e-02
 -8.70926902e-02  5.87971555e-03 -2.63659190e-02  8.71958882e-02
 -2.07692590e-02  1.58368107e-02 -6.81090504e-02 -3.38252001e-02
 -5.07216565e-02  5.02696000e-02  5.98793209e-04 -7.40697235e-02
  4.43461835e-02  2.96188369e-02  6.09181672e-02  1.67330876e-02
  4.42122258e-02  5.77261299e-02 -4.20032702e-02  6.70630410e-02
  5.27372733e-02  3.57393362e-02 -1.03216976e-01  5.23098111e-02]",project_topic,Project topic: Sustainability and environmental awareness,0.574476957321167
Nature_Training_Course,27,What did you learn at this training course? ,"I expanded my knowledge base around the 5W 1H approach to sustainable eco-friendly project development. As well as, explored from a different perspective the application of Design Thinking in coordinating trainings for young learners. I am particularly delighted that they - the trainers - welcomed my initiative to lead and guide a 20 minute meditation session for all participants. It was my first time doing such. I have now discovered a new skill which I shall work to develop for the common good of all as I journey through life . Thanks to the open-minded approach to learning and teaching that the trainers very generously offered. I am inspired to sustain my awakened passion as a Trainer 😍.",I expanded my knowledge base around the 5W 1H approach to sustainable eco-friendly project development.,neutral,0.0,True,"[ 7.27939978e-03  7.37398639e-02  3.67048010e-02  5.92741780e-02
  9.82908309e-02 -5.50914519e-02 -8.15210417e-02  6.45258725e-02
 -8.13118815e-02  4.14529368e-02  1.37381386e-02  8.88031349e-03
  4.01145360e-03  3.83635461e-02 -9.79014905e-04  1.24447964e-01
 -4.28704619e-02 -7.52094314e-02 -5.16097806e-02 -1.10320725e-01
  2.74465363e-02 -7.65697681e-04  6.28472343e-02 -1.84387583e-02
  1.03368843e-02  5.49732409e-02  7.38285889e-04  5.79945557e-02
  3.67312878e-02 -2.05061007e-02 -2.76047736e-02  8.74695480e-02
  3.44851948e-02 -1.17690125e-02 -1.55948335e-02  1.14087254e-01
  1.05952062e-01  2.63519287e-02 -3.19129638e-02  3.24648572e-03
 -3.87941375e-02 -3.78210209e-02  1.79583915e-02  4.49691853e-03
 -5.62237576e-02 -1.64626539e-02 -4.64102142e-02 -1.98272616e-02
 -1.84264462e-02 -1.00972295e-01  6.39697239e-02 -7.12651536e-02
 -5.52178137e-02 -8.02559555e-02  1.54238064e-02 -5.01063392e-02
 -1.73065271e-02 -1.63210686e-02 -1.17202522e-02 -4.81332988e-02
  7.76730552e-02 -6.75662681e-02 -7.66974166e-02 -6.85739191e-03
  1.15882922e-02  1.51523901e-02 -5.25067225e-02  3.94673161e-02
 -5.36482334e-02 -3.40648815e-02 -6.40100986e-02 -7.67097250e-02
  3.11484430e-02 -7.71581307e-02 -4.08940725e-02 -3.47556658e-02
  5.09924330e-02 -3.25939208e-02  8.39573741e-02 -1.76130515e-02
  1.19104227e-02  6.21368662e-02 -8.85097608e-02  9.02273692e-03
  3.40617523e-02  3.78885902e-02  3.54082733e-02  2.31074244e-02
  4.26311046e-02 -6.11329898e-02 -2.96596456e-02 -6.46131337e-02
 -2.59226169e-02  3.69663574e-02 -1.18725998e-02  7.68850278e-03
  1.46174738e-02 -1.63506009e-02 -7.00909598e-03 -7.15109194e-03
 -7.47499196e-03  1.19297924e-02 -6.19905908e-03 -7.73910731e-02
 -5.27779795e-02 -1.15349442e-02 -8.00943971e-02  1.11564629e-01
  2.17220783e-02 -6.21509999e-02 -9.04650763e-02  2.98239477e-03
 -3.27308066e-02 -7.96983368e-04  4.36251014e-02 -5.34196086e-02
 -1.73554104e-03  3.36380899e-02  5.29862903e-02 -2.42565330e-02
  6.06597513e-02 -8.31150170e-03  3.25984359e-02  1.94819607e-02
 -7.96845779e-02 -5.56342944e-04 -1.23697761e-02 -2.20204347e-33
 -2.15124656e-02  7.57935941e-02  2.64304113e-02  4.49413322e-02
  6.65515140e-02 -1.55240148e-02 -1.95694212e-02  7.10311905e-02
 -2.14808937e-02 -1.26280338e-02  1.35700211e-01  2.45962050e-02
  2.36741304e-02 -5.34731150e-03  3.85745876e-02 -1.12276264e-01
 -7.19840080e-02  1.00034229e-01  8.65796395e-03  6.53535174e-03
  3.01243290e-02 -7.75280297e-02  4.32136059e-02 -1.36065930e-02
  1.51879609e-01 -1.51424892e-02  9.45887119e-02 -2.41421368e-02
  5.33525310e-02  2.61179749e-02  6.70247898e-02  4.65156324e-02
 -1.01945274e-01 -3.86981592e-02 -4.94649075e-02  5.34704477e-02
 -1.08040974e-03 -1.48659935e-02  3.72195407e-03  4.13867459e-02
 -3.19574066e-02  2.20743529e-02  2.90033277e-02 -2.23630928e-02
  4.13390920e-02  2.71379184e-02  4.50977683e-02  4.63438369e-02
 -8.40089750e-03  1.84550975e-02 -6.42819479e-02  1.19848661e-02
  1.79089438e-02 -4.54393998e-02  5.62394671e-02 -7.18132453e-03
  6.16481379e-02 -1.72695778e-02  4.45058243e-03  5.03890123e-03
 -9.78332385e-02  2.95474790e-02 -7.63049275e-02 -2.49723885e-02
 -2.46129856e-02  1.05095066e-01 -3.10806986e-02 -9.71517432e-03
  2.77479626e-02 -2.20250543e-02 -1.02585144e-02 -1.64808407e-02
  5.90453967e-02 -7.73231965e-03 -3.61417383e-02 -1.02321719e-04
 -2.23298464e-02 -8.96865875e-03 -1.92645136e-02  4.83307131e-02
 -1.19450733e-01  6.21487200e-03  1.20476296e-03 -7.07664266e-02
  9.09719337e-03  1.31416786e-02  4.83266152e-02  6.34493157e-02
 -5.31659834e-02 -2.44222805e-02  6.62372187e-02  7.89018255e-03
  2.51728687e-02 -3.02471798e-02 -7.81232258e-03  1.18044924e-33
  4.73747775e-02 -3.08466945e-02 -6.21079728e-02  2.05915123e-02
  8.92539173e-02 -4.32667434e-02 -1.02771178e-01 -1.06882881e-02
  7.85207152e-02  3.50348540e-02  5.51149659e-02  6.57472806e-03
 -5.83953634e-02  4.30546328e-02 -4.29541841e-02  3.52845564e-02
 -1.81038131e-03 -7.93180242e-02  4.61192429e-02  7.50273932e-03
  1.88859552e-02  3.06358561e-02 -7.11138695e-02  6.46852143e-03
  4.76930253e-02  4.82081920e-02 -3.33840027e-02 -3.06459237e-02
  4.55387011e-02 -3.80229801e-02 -4.92589511e-02 -1.08103752e-01
 -1.50139164e-02 -1.48555301e-02 -2.64841765e-02  4.78619989e-03
 -1.32185882e-02  2.16365885e-03  2.32015830e-03  5.41664511e-02
  1.73223182e-03 -2.91062575e-02 -4.17728610e-02 -6.15072660e-02
 -1.04659811e-01 -3.13024558e-02 -5.29250056e-02 -6.57773018e-03
  2.08712351e-02 -2.19260529e-02  1.06782392e-01 -3.76765546e-03
 -6.09784685e-02 -9.02960598e-02  1.47986803e-02  4.38336376e-03
  1.61459729e-01  7.17022344e-02 -6.11962676e-02 -1.44751482e-02
  5.32886572e-02  2.96091079e-03  7.42789581e-02  6.85131252e-02
 -5.92496246e-02 -8.67298897e-03 -1.43832648e-02  3.84910144e-02
  2.13759649e-03 -8.99685919e-02 -1.03303447e-01  5.45466430e-02
  3.15226801e-02 -4.03249674e-02 -5.37148081e-02 -9.55754369e-02
  4.02858518e-02 -4.89234440e-02 -5.37462011e-02  6.30711485e-03
 -9.59381536e-02  2.95667835e-02  9.57813673e-03 -6.75112829e-02
  5.50299771e-02 -6.10347353e-02  1.50893293e-02 -4.06654514e-02
  6.37739226e-02  1.03914455e-01 -8.88754204e-02  6.72114640e-03
 -5.43937199e-02  6.86284304e-02 -7.71471858e-02 -2.12496829e-08
 -1.86720099e-02  1.64541416e-02  7.92260394e-02  1.68497246e-02
  4.27323766e-02  4.22046613e-03  2.46063899e-03  3.69174145e-02
  2.19074767e-02  4.50563133e-02  2.18480863e-02  2.23380905e-02
  8.01186711e-02  1.15855612e-01  4.97596804e-03 -7.57301003e-02
  7.48387873e-02  5.40398108e-03 -6.38953503e-03  4.55095246e-03
  2.18177326e-02  3.81046236e-02 -1.52481291e-02 -3.57284173e-02
  6.72985241e-02 -3.29739414e-03 -1.63270812e-02  6.41780794e-02
  3.92119065e-02 -8.39854032e-02 -1.69041343e-02  9.02110189e-02
 -3.80463265e-02  8.76922044e-04  4.36207280e-02  4.05058973e-02
  1.24803174e-03  2.16609892e-02 -5.95689155e-02  9.30463150e-02
 -7.77952187e-03 -9.18594096e-03 -2.47469135e-02  6.78641349e-02
  1.66368186e-02  1.44884083e-02 -1.19784445e-01 -5.43542355e-02
 -2.17053983e-02  2.33640298e-02  9.53593384e-03  3.57073881e-02
  4.25236411e-02  3.55620426e-03  8.48879069e-02  6.78357109e-02
 -4.69515249e-02 -2.88648754e-02 -4.37668376e-02  4.23597777e-03
  2.05421876e-02 -1.87474135e-02 -1.23903779e-02  9.02910158e-02]",project_topic,Project topic: Sustainability and environmental awareness,0.4141732156276703
Nature_Training_Course,27,What did you learn at this training course? ,"I expanded my knowledge base around the 5W 1H approach to sustainable eco-friendly project development. As well as, explored from a different perspective the application of Design Thinking in coordinating trainings for young learners. I am particularly delighted that they - the trainers - welcomed my initiative to lead and guide a 20 minute meditation session for all participants. It was my first time doing such. I have now discovered a new skill which I shall work to develop for the common good of all as I journey through life . Thanks to the open-minded approach to learning and teaching that the trainers very generously offered. I am inspired to sustain my awakened passion as a Trainer 😍.","As well as, explored from a different perspective the application of Design Thinking in coordinating trainings for young learners.",positive,0.2732,True,"[-1.24912066e-02  8.24824348e-02 -4.82497215e-02 -4.81040068e-02
 -1.79293919e-02 -2.21143477e-02  4.07645851e-02  4.75038700e-02
  4.15871292e-02  1.81290191e-02 -1.41581018e-02  8.99729282e-02
 -6.18285360e-03 -2.20502801e-02  1.08653598e-03 -2.74029914e-02
 -5.59625104e-02  1.97744556e-02  5.47291972e-02 -7.85667636e-03
 -8.49599310e-04  1.71914743e-03 -6.52200251e-04  6.09898241e-04
 -5.82508370e-02  1.03219584e-01 -3.17749418e-02 -4.26041074e-02
  9.64527875e-02  1.10150883e-02  4.22266722e-02  1.03306584e-02
 -6.18828693e-03 -1.37771247e-02  2.11791378e-02  3.45085822e-02
  7.62203038e-02  4.75380905e-02  1.62408799e-02 -6.36217371e-02
 -1.48921773e-01 -1.82571374e-02 -5.92668355e-02 -6.22808710e-02
  1.29345777e-02 -7.07497746e-02 -3.74403633e-02 -4.68995981e-03
 -7.09722787e-02 -1.85999908e-02 -1.21688947e-01 -7.64647946e-02
 -7.30358288e-02 -1.17153019e-01  2.43914761e-02  6.54034913e-02
  1.41857387e-02  3.99549752e-02  3.13515924e-02 -1.47448974e-02
 -9.02375672e-03  1.32608577e-03 -8.54250789e-02  1.56820863e-02
 -6.11629859e-02 -2.47193165e-02  2.95159947e-02  1.11217156e-01
  8.44648760e-03 -5.39926216e-02  6.05547614e-02  8.40475690e-03
  8.24995562e-02 -5.75763993e-02  1.00291863e-01  4.73088063e-02
 -1.62422881e-02 -3.34564224e-02  8.88827257e-03 -4.56937551e-02
 -1.65810958e-02  1.10149302e-01 -4.13460210e-02  1.96420811e-02
  5.59575595e-02 -1.78012326e-02 -6.16935641e-02  3.25089209e-02
 -9.37020686e-03  1.71413599e-03  2.29915027e-02 -3.92988184e-03
 -7.83217996e-02  1.89419743e-02  1.57680351e-03  9.85318497e-02
 -3.74850631e-02  2.07193419e-02  1.76622663e-02  5.82556240e-03
 -2.73342934e-02  4.30087298e-02  2.29717493e-02  6.80101337e-03
 -9.24969390e-02 -2.43711807e-02  5.02143055e-02 -3.95645807e-03
  6.06980659e-02  1.55247876e-03 -2.90626567e-02 -9.66109056e-03
 -9.03444085e-03  3.68409753e-02  5.89199923e-03  5.63821234e-02
 -2.72803903e-02  4.78246808e-02  6.44818842e-02  4.18577977e-02
  5.15269907e-03  1.79208685e-02  3.22246104e-02 -5.31801879e-02
 -2.86445580e-02 -1.47017583e-01 -1.05504291e-02 -3.82404365e-33
  3.49369533e-02  3.16053219e-02  8.12913552e-02  7.53524601e-02
  1.09653436e-01 -1.18129797e-01  7.11405054e-02 -6.79389155e-03
 -1.99875701e-02  1.14147402e-01  2.92894784e-02 -2.92221829e-02
  6.07713312e-02  6.05046153e-02  5.51356301e-02 -3.11162174e-02
 -9.71373469e-02 -4.09819484e-02 -7.20033273e-02  1.17271356e-02
 -8.99092481e-03 -6.74259663e-02  6.58952072e-02 -4.76058498e-02
 -1.44481389e-02  4.06420641e-02  4.83042467e-03  7.54675567e-02
  1.62731428e-02  2.49592643e-02 -1.74213666e-02  9.42333937e-02
 -7.53558427e-02  9.67832357e-02 -8.21418688e-02 -2.91389157e-03
  1.23014435e-01 -4.40904349e-02  5.20249307e-02 -2.38686404e-03
 -2.71805935e-03  2.64464188e-02  1.24635343e-02  5.01993150e-02
  7.74144381e-02  8.71435255e-02  1.33463562e-01  1.86954550e-02
 -7.82574788e-02  3.19486596e-02 -9.56741720e-02 -5.97067215e-02
  2.95244604e-02 -6.78043813e-02 -1.87422782e-02 -3.70247569e-03
  1.01188747e-02  1.84700731e-02  9.94752813e-03 -6.06809482e-02
 -1.00628994e-02  2.82994937e-02 -4.40929756e-02  1.26755785e-03
 -1.31521849e-02  1.49396360e-02  6.37881458e-02 -1.16172554e-02
  6.49582222e-02 -1.01130903e-01 -8.40300843e-02  3.15124691e-02
 -5.33728674e-02 -5.88331297e-02 -6.04934804e-02 -6.39768094e-02
 -2.18783971e-02  2.60594096e-02  8.09286535e-03  4.24232446e-02
  1.16433628e-01  2.88636107e-02  3.33158523e-02  2.13380419e-02
  4.45831008e-03  3.53818899e-03  5.64008839e-02 -3.63706350e-02
  6.81251334e-03  4.54959907e-02 -8.95494223e-02 -4.18658927e-02
  2.97139958e-02 -2.87625473e-02 -6.71209255e-03  1.33664967e-33
  1.72672421e-02 -2.71075265e-03 -7.20940381e-02 -1.86092667e-02
  8.29112455e-02 -6.55138642e-02  3.65742780e-02 -8.01014975e-02
  1.39464941e-02 -1.89614967e-02  1.65011156e-02 -6.23672977e-02
 -1.45505955e-02  8.53966624e-02 -1.49987722e-02 -4.01806571e-02
 -4.86218296e-02 -5.69141377e-03  4.00965707e-03 -1.66644361e-02
  6.18629269e-02  2.41575632e-02 -8.74466226e-02 -3.84361483e-02
  3.72832734e-03 -3.06499656e-03 -4.62612957e-02  1.82017237e-02
 -3.43868062e-02  1.22907674e-02  5.82722984e-02 -1.31476104e-01
  5.10564558e-02  3.42934579e-02 -4.45422530e-03  1.95212215e-02
 -3.79621387e-02 -7.78352469e-03  4.84468751e-02  5.64591847e-02
 -3.07561420e-02 -2.85567362e-02  2.56948508e-02  4.27531488e-02
  3.72388354e-03 -5.35895862e-03  5.79804070e-02 -3.75049002e-02
 -4.23131697e-02 -8.50935280e-03  5.58404252e-02  2.93628294e-02
 -6.98745921e-02 -1.71051800e-01  1.16152707e-02 -6.95324084e-03
  7.64108449e-02 -5.06395139e-02  4.46574353e-02  3.56749408e-02
  1.01259016e-01 -4.80084792e-02 -1.89025991e-03 -2.90061496e-02
  8.73978902e-03 -4.66178879e-02 -7.04601035e-02  1.60425212e-02
 -1.90097315e-03  1.78118069e-02 -4.65128012e-02 -1.29494052e-02
 -2.46967711e-02 -7.39738764e-03 -3.28912139e-02 -3.43673825e-02
  5.43085439e-03 -2.39515100e-02 -1.07305326e-01  9.13627911e-03
 -1.92108825e-02 -7.57688731e-02 -3.49750221e-02  6.90058107e-03
 -2.57392693e-02  2.76077427e-02 -4.52017598e-02  2.65831854e-02
 -1.35511979e-02 -8.12841207e-02 -6.29988983e-02  4.13510762e-02
  6.27709776e-02  6.04206026e-02 -5.56649007e-02 -2.49232048e-08
  2.81248074e-02 -2.32809037e-02  5.30930012e-02  3.52885053e-02
  2.09620618e-03  7.71149024e-02 -2.26053391e-02  1.04078203e-02
 -3.44645567e-02  7.09920153e-02  1.78696141e-02 -2.65473630e-02
  2.04388499e-02 -2.20770948e-02  6.16840124e-02 -4.68582362e-02
  5.24478443e-02 -3.50447409e-02 -4.96361256e-02 -7.01312870e-02
  9.06280801e-02  6.33880720e-02 -5.77044263e-02 -9.79259610e-04
 -4.40915003e-02 -5.00967540e-02  1.03713656e-02 -9.07040946e-03
 -4.33367081e-02 -1.30523853e-02 -3.79686579e-02  5.35545759e-02
  4.95880097e-02 -1.92940794e-02 -8.96634534e-03 -4.59808894e-02
  1.31909763e-02  5.11974394e-02  7.20136613e-02 -3.86576131e-02
 -4.29643951e-02  2.63028387e-02  4.43648621e-02  1.06998021e-02
 -4.80084047e-02  2.62024365e-02 -2.89451629e-02 -7.05134030e-03
 -1.76950619e-02  1.01836480e-01 -3.09167784e-02  5.62655628e-02
 -2.44590212e-02 -7.07011223e-02  9.56828296e-02  5.25007546e-02
  3.26660671e-03 -5.44960704e-03 -7.75927752e-02  6.56230748e-02
 -4.79981825e-02  9.14377272e-02 -4.60482314e-02  3.42430472e-02]",other,Other,0.3756735026836395
Nature_Training_Course,27,What did you learn at this training course? ,"I expanded my knowledge base around the 5W 1H approach to sustainable eco-friendly project development. As well as, explored from a different perspective the application of Design Thinking in coordinating trainings for young learners. I am particularly delighted that they - the trainers - welcomed my initiative to lead and guide a 20 minute meditation session for all participants. It was my first time doing such. I have now discovered a new skill which I shall work to develop for the common good of all as I journey through life . Thanks to the open-minded approach to learning and teaching that the trainers very generously offered. I am inspired to sustain my awakened passion as a Trainer 😍.",I am particularly delighted that they - the trainers - welcomed my initiative to lead and guide a 20 minute meditation session for all participants.,positive,0.7178,True,"[-2.01651550e-04  3.86091806e-02  5.58946393e-02 -7.72498641e-03
 -1.01264641e-02  5.93169779e-02 -1.06105674e-02 -1.00825816e-01
 -2.93421978e-03 -3.59978117e-02  4.61777090e-04  4.32466269e-02
 -2.51122136e-02  3.07400599e-02 -3.74700059e-03  1.72514822e-02
 -4.86415019e-03 -5.57510853e-02 -1.55103644e-02 -8.43050238e-03
 -7.32062757e-02  1.53774191e-02  1.61258858e-02  1.09348170e-01
 -8.60778168e-02 -7.14356359e-03 -5.30143231e-02 -9.35345814e-02
  5.88161647e-02  1.77453421e-02 -3.99473906e-02  1.08307218e-02
  4.34170663e-02  1.99117120e-02 -7.13904500e-02  8.17949101e-02
  3.56826894e-02 -2.29675230e-02 -5.71666136e-02 -3.74277793e-02
  2.24269181e-02 -2.32213885e-02  1.05668306e-02  4.74269614e-02
  3.06417644e-02  1.27895258e-03  2.67769266e-02 -7.29843006e-02
 -1.11158853e-02 -1.28672458e-03 -5.03557436e-02 -1.27621219e-01
  4.02477272e-02 -4.94296923e-02 -4.10721786e-02  2.17092456e-03
 -1.84154660e-02 -1.20255928e-02  3.72286933e-03 -4.70861979e-03
 -3.06181218e-02 -2.88432911e-02 -8.97513554e-02  1.62168930e-03
 -6.91443980e-02  1.04824668e-02 -5.61366715e-02  8.62765238e-02
  5.33529520e-02 -4.00215238e-02 -3.32749672e-02 -6.30247369e-02
  1.10739321e-01  1.57843903e-02 -3.34103368e-02  8.11568275e-03
 -6.20342083e-02 -3.63216586e-02  3.47837014e-03 -7.32021630e-02
  6.04512691e-02 -4.21898700e-02  3.79555160e-03  2.10078480e-03
  3.00391074e-02  1.44716706e-02  3.72040085e-03  3.06934696e-02
  1.16914394e-03 -6.41068816e-03  1.96954980e-02  3.16050649e-02
 -1.27213299e-01 -1.38054779e-02 -8.08209851e-02  3.86294723e-02
 -2.46563032e-02  8.68134294e-03 -1.59097556e-02  4.55823950e-02
  3.54901813e-02  9.93136317e-02 -5.37345521e-02 -2.18065921e-02
 -9.00391191e-02 -3.72844003e-02 -2.41024029e-02 -6.27539083e-02
  3.12965550e-02  4.04423177e-02  5.50010242e-03  5.02757244e-02
 -9.81565914e-04  1.08354893e-02  3.89102772e-02  1.04297481e-01
 -9.15291458e-02  9.36418101e-02  2.15616040e-02  3.00868396e-02
  3.60724404e-02 -1.98517796e-02  6.99097067e-02 -4.75017615e-02
  1.04701575e-02 -6.47882605e-03 -6.13931678e-02 -2.89861772e-33
 -6.60686288e-03  1.02310427e-01  6.64284006e-02  9.85360369e-02
 -3.36315832e-03 -1.26718227e-02 -6.79197162e-02 -3.79952565e-02
 -3.69292386e-02 -2.35517081e-02 -7.76761118e-03  2.57690921e-02
  7.42772520e-02  1.63170472e-02 -1.16389252e-01 -9.46214423e-02
 -7.70059675e-02  3.04627083e-02 -5.00451960e-02 -4.38873842e-02
  2.95759402e-02  6.48041144e-02 -7.82959163e-02  6.39236420e-02
  8.62344401e-04  1.14106052e-02  6.47929171e-03  1.70423482e-02
  9.45114568e-02  5.00429533e-02 -2.24297121e-02 -1.24070160e-02
 -1.26856849e-01 -4.97487262e-02 -3.15432660e-02  2.29391567e-02
  5.14993146e-02 -3.54509689e-02  7.47309923e-02 -1.37961851e-02
  2.11176872e-02  1.47396810e-02  6.75538778e-02 -9.13077593e-03
 -7.39746466e-02  4.16807681e-02  1.46945054e-02 -2.48275567e-02
  5.94910905e-02 -3.76415928e-03 -1.33860558e-01 -7.49953603e-03
 -2.04538889e-02 -2.41476744e-02  2.26901434e-02 -4.94661145e-02
  6.60219556e-03  7.35943094e-02 -5.87066635e-02 -4.31222469e-02
  2.63127889e-02  4.21270728e-02 -5.56697994e-02 -1.38932904e-02
 -3.24410684e-02  2.60521490e-02 -3.01863663e-02 -4.62499037e-02
  6.63054362e-02  1.96970403e-02 -7.94775337e-02  6.91761449e-02
 -1.29040927e-02 -5.54594733e-02  7.68707087e-03 -9.57882702e-02
 -1.17788743e-02  1.56362318e-02  1.63063984e-02  4.38046083e-02
  2.89191753e-02  1.64483134e-02 -4.18511778e-02  7.12621883e-02
  5.78298569e-02 -6.04021400e-02 -1.94681194e-02 -3.75217348e-02
 -8.98903981e-02  8.64869170e-03  1.82773247e-02  3.39313745e-02
  1.09488308e-01  4.24624495e-02 -9.53970179e-02  7.20085156e-34
  7.58558214e-02  2.18295045e-02  3.08498517e-02  3.20800990e-02
  6.55141249e-02 -5.68415690e-03 -2.99475305e-02  7.99827352e-02
 -3.67882755e-03  6.12853989e-02  4.81049493e-02  4.95470166e-02
 -1.86822303e-02  3.38347405e-02 -1.31796032e-01 -4.40479331e-02
  4.28836048e-02 -8.10991100e-04  4.51072119e-03 -7.49537200e-02
  7.29676634e-02  1.00592345e-01 -1.66651011e-02 -5.95398657e-02
 -3.87582579e-03  4.55736369e-02  1.10827804e-01  6.06951714e-02
  2.68436428e-02 -2.72965170e-02  4.34595272e-02 -2.70631760e-02
 -9.65816677e-02 -2.10645944e-02 -4.06107539e-03  8.59091729e-02
 -4.60024327e-02  2.03236360e-02 -8.92878249e-02  1.90154761e-02
  4.09297124e-02  9.13537852e-03 -4.19765059e-03  3.95513400e-02
 -2.01425422e-02  3.56540061e-03  4.41367226e-03 -1.84081565e-03
 -1.44266590e-01 -3.27035636e-02 -1.53966621e-02 -4.74328771e-02
 -4.75389250e-02 -1.03477314e-01  3.57752703e-02  4.78474284e-03
  5.17391935e-02 -6.07749224e-02  7.62142055e-03 -6.66856766e-02
 -7.73643032e-02  6.11625873e-02 -1.57526415e-02  2.86708437e-02
  4.44359034e-02  1.84037928e-02  3.76670323e-02  1.00680992e-01
 -1.82732735e-02  2.97631845e-02  2.12007631e-02  3.67981233e-02
 -5.61664589e-02  3.32788005e-02 -2.12261751e-02  9.87538509e-03
  6.89541921e-02 -6.71053082e-02  4.02345881e-03 -4.86035272e-02
 -1.36460745e-04 -1.08184256e-02  1.37308696e-02 -1.83164384e-02
  1.03643537e-01  1.19891532e-01 -1.26048746e-02  3.39777768e-02
 -4.31233179e-03  8.31770301e-02  2.09664628e-02  8.63247644e-03
  5.24655879e-02 -3.84176262e-02  4.39967625e-02 -2.64745541e-08
 -3.87805998e-02 -1.62300188e-03 -3.94635424e-02  2.98712067e-02
  1.43146543e-02 -7.67570585e-02 -5.72600886e-02  2.31959019e-02
 -1.05717234e-01  7.55620003e-02  6.69246167e-02 -5.13957106e-02
  1.00737568e-02  5.55078425e-02  8.71641710e-02 -5.26321940e-02
  4.16980609e-02  1.00848474e-01 -6.31993487e-02 -4.89451438e-02
  4.22461405e-02  5.01913168e-02  6.10752925e-02 -8.53665620e-02
  1.86070856e-02 -4.27561551e-02 -4.42174226e-02  2.25410722e-02
 -2.20599696e-02 -4.18601371e-02  6.03297167e-03  7.12444074e-03
 -5.86229153e-02  5.57027459e-02 -1.94198694e-02  2.58041713e-02
 -7.89834484e-02 -3.72937210e-02  4.27116491e-02  9.82113928e-03
 -7.32246190e-02 -3.94382589e-02 -1.93140544e-02  7.92959929e-02
 -2.15296485e-02 -4.38595302e-02  3.17484885e-02 -2.10337900e-02
  1.81952287e-02  7.42375327e-04  1.23986043e-02 -7.53340218e-03
  8.20318311e-02  2.51443572e-02 -8.04209989e-03  1.06541574e-01
 -1.04854172e-02 -4.66498397e-02  2.01313407e-03  4.08728421e-02
  3.09874900e-02  7.71054626e-03 -1.15778469e-01  4.53325175e-02]",other,Other,0.2825402617454529
Nature_Training_Course,27,What did you learn at this training course? ,"I expanded my knowledge base around the 5W 1H approach to sustainable eco-friendly project development. As well as, explored from a different perspective the application of Design Thinking in coordinating trainings for young learners. I am particularly delighted that they - the trainers - welcomed my initiative to lead and guide a 20 minute meditation session for all participants. It was my first time doing such. I have now discovered a new skill which I shall work to develop for the common good of all as I journey through life . Thanks to the open-minded approach to learning and teaching that the trainers very generously offered. I am inspired to sustain my awakened passion as a Trainer 😍.",It was my first time doing such.,neutral,0.0,True,"[ 3.45462635e-02 -1.18060559e-02  1.90068670e-02  5.14416844e-02
 -5.79541586e-02 -7.35235363e-02  1.62308775e-02 -3.64465788e-02
 -1.87706295e-02 -2.42286660e-02 -6.01130072e-03  4.93526161e-02
  3.73253748e-02  4.25010696e-02 -2.69221831e-02  1.32557591e-02
  5.07088266e-02 -4.08530273e-02 -5.45821041e-02  4.77137454e-02
 -1.01556908e-02 -7.54597485e-02  2.03332002e-03 -2.02148948e-02
  6.52957931e-02 -5.56567349e-02 -2.05268636e-02  1.98992416e-02
 -5.61431795e-03 -2.30423938e-02 -4.71194386e-02 -2.39949189e-02
  1.45831471e-02 -1.86391070e-03 -1.28270034e-02  2.21198872e-02
  1.66202225e-02 -2.32566036e-02 -3.91216874e-02  8.71577673e-03
  6.56913295e-02 -3.15796882e-02  7.18622580e-02 -5.90601489e-02
  8.91233087e-02  5.55490851e-02  8.94598439e-02  2.36705728e-02
  1.33359671e-01 -3.63997594e-02  3.45442332e-02 -9.62736085e-02
  2.95073520e-02 -5.33379130e-02 -4.31051403e-02  1.18200167e-03
  5.99645153e-02  3.14184204e-02  1.49944192e-02  7.75536150e-03
 -4.11339328e-02  6.99839965e-02 -1.84309650e-02  4.56019975e-02
 -1.28881298e-02  3.92859094e-02 -4.42352854e-02  5.04366122e-04
  4.62434255e-02  2.89590824e-02 -6.97573274e-02  6.28883168e-02
  5.36761172e-02  5.71103059e-02 -2.53638402e-02 -4.32054028e-02
  2.43712291e-02 -3.78765985e-02 -5.58234677e-02  1.02525592e-01
 -4.41919304e-02 -5.05531579e-02  3.54082473e-02  5.52113503e-02
 -3.65987942e-02 -2.62942091e-02  6.29473254e-02 -5.31106666e-02
  8.18721205e-02 -4.98775877e-02  2.09682453e-02  3.29744406e-02
 -2.14336384e-02 -3.56810540e-02 -4.75466587e-02 -2.40936261e-02
 -3.04852556e-02 -5.36425896e-02  3.75624374e-02  6.05816208e-02
 -2.43659224e-02 -4.58567403e-02  3.96669619e-02 -4.65185903e-02
  1.60364099e-02 -2.51012519e-02  2.30468214e-02  1.20089939e-02
 -8.93885177e-03 -3.00967377e-02 -6.27074465e-02  2.36991085e-02
 -8.13787710e-03  4.15164046e-02 -9.75707173e-02  6.13392666e-02
 -7.25333914e-02  4.29788679e-02 -1.63640957e-02  4.78329323e-02
  1.02018826e-01  2.30872929e-02 -7.98575580e-02 -1.07902735e-01
  5.53705096e-02 -9.94289294e-02  3.58172916e-02 -6.43714519e-33
  6.71240315e-02  7.56959096e-02 -1.46185188e-02  3.21374461e-02
  5.51766232e-02 -5.86821325e-03 -8.69978815e-02  4.10958640e-02
 -4.77123484e-02 -2.90480116e-03  1.51128575e-01 -2.31946260e-02
  1.41567662e-02 -3.66143063e-02 -4.24632132e-02 -6.11010231e-02
 -9.38318297e-02  7.18205646e-02  2.39388831e-02 -2.64697280e-02
 -1.05299234e-01 -6.05990216e-02 -4.43283003e-03  2.94260569e-02
  1.00614270e-02  6.92830086e-02 -5.59335798e-02 -8.96412507e-02
  9.63466093e-02 -8.94188508e-03 -1.99261704e-03 -2.72349939e-02
 -5.11365235e-02 -5.23610003e-02 -3.17131169e-02  4.23884988e-02
  8.48114118e-02 -2.69399174e-02  2.61636097e-02  3.32378708e-02
 -3.46888565e-02 -3.56190279e-02  3.19209397e-02 -6.74310774e-02
 -6.47484362e-02 -1.57124866e-02 -7.36024007e-02  1.04479909e-01
 -4.68176641e-02  3.60007398e-02 -1.33516137e-02  3.53061073e-02
 -1.39221316e-02  2.03025974e-02  4.77426132e-04 -1.02531537e-03
  3.80667932e-02 -1.22579828e-01  2.31299456e-02 -3.57291056e-03
 -8.28408524e-02 -8.71222187e-03 -2.66209617e-02 -2.00661756e-02
 -8.51098970e-02 -6.63528591e-02  4.05157246e-02  1.16378233e-01
  6.66687116e-02 -6.02283701e-02 -6.43587708e-02 -2.93955524e-02
 -4.35934328e-02 -6.44556805e-02 -3.03228106e-02 -2.54219193e-02
 -2.49520577e-02 -4.81532514e-02  2.76331976e-02 -4.17675935e-02
  5.61865196e-02  1.98738705e-02  1.26200542e-03 -5.23228124e-02
 -1.40197054e-02  7.80115603e-03 -3.67687945e-03 -1.11587413e-01
 -8.85454863e-02  6.89613223e-02 -3.46342325e-02 -7.11974874e-03
  5.31937592e-02 -6.94836006e-02 -6.51135296e-02  3.76385540e-33
  3.13956924e-02  6.43873140e-02  1.93676110e-02  4.31735851e-02
  1.75708346e-02 -4.65875454e-02 -2.28463281e-02  2.38699205e-02
 -4.27667871e-02  1.05129153e-01  8.45407229e-03  3.07431892e-02
 -7.83456396e-03  1.31623335e-02  7.20862225e-02  3.75857130e-02
  1.66797899e-02  1.12786993e-01 -1.39955198e-02 -4.28528786e-02
 -3.94207761e-02  6.89757243e-02  5.15696220e-02  5.90423755e-02
 -5.41311689e-02  3.19832042e-02  9.26546454e-02  1.37173850e-02
 -1.36330398e-02 -1.07836099e-02  4.10780013e-02  5.91293797e-02
 -1.32096231e-01 -9.50946137e-02 -6.73790555e-03  8.44760537e-02
  1.57862320e-03  5.07055521e-02 -2.77693029e-02 -9.74031612e-02
 -2.43305657e-02 -1.94377899e-02 -5.13668135e-02  7.10982531e-02
 -3.80434990e-02 -3.55890468e-02 -5.43690212e-02 -6.32203594e-02
 -2.76505183e-02  8.47866014e-02 -7.77111128e-02  2.65554409e-03
 -4.09043878e-02 -9.96385142e-02 -3.29243317e-02  1.61788259e-02
  1.81435179e-02 -5.14682569e-03  6.26289332e-03 -1.52481357e-02
 -3.49240005e-02  3.89729477e-02 -5.48411757e-02 -2.34962311e-02
  4.71332856e-02 -5.20306602e-02 -2.76647750e-02  5.41016161e-02
 -3.42005417e-02  3.22880968e-02 -3.10308505e-02  6.81799427e-02
 -2.77062366e-03  4.97660078e-02 -1.33182583e-02 -1.05582997e-01
  6.54573292e-02 -5.79591170e-02 -3.94248888e-02  4.70708944e-02
 -2.81613842e-02  2.73344461e-02  1.53014706e-02  5.48944920e-02
  2.27759853e-02  2.63093747e-02 -1.65478177e-02  1.17518036e-02
 -3.31903547e-02  2.34775580e-02 -1.54932160e-02  3.79161984e-02
  3.21994722e-02  9.45497751e-02 -7.28126848e-03 -2.26054162e-08
 -5.13039380e-02  3.82561460e-02  6.90148072e-03  1.25027761e-01
 -7.26327226e-02  1.70851350e-02  5.99340647e-02 -3.79213877e-02
 -6.79360628e-02 -1.30910635e-01 -1.87237703e-04  2.76170969e-02
  4.77700084e-02  9.38916728e-02  8.10978264e-02 -8.84537250e-02
  9.36370715e-02 -2.61968002e-02 -4.47825901e-02  3.31524685e-02
 -1.24364784e-02  6.82793409e-02  3.11123263e-02 -4.43646014e-02
  2.97261067e-02  5.19083231e-04  2.07562465e-02  6.05510846e-02
  3.57587971e-02  3.17631289e-02 -2.28452943e-02  5.16613498e-02
  2.15108749e-02  6.02285564e-02 -1.84767433e-02  2.45016944e-02
  2.59981863e-02 -3.45797352e-02  6.45903051e-02 -6.77871630e-02
 -4.34104502e-02  4.67791338e-04 -1.27902012e-02  6.61322474e-02
 -4.26226892e-02  6.87102824e-02  6.56021312e-02  2.26960592e-02
  5.06600142e-02 -4.17774031e-03 -1.58690885e-02  3.38498652e-02
  7.79674202e-02  7.90913627e-02  6.05602823e-02  3.05412766e-02
  1.89325232e-02  3.91953532e-03  2.83529493e-03  8.17756131e-02
 -3.38374339e-02  1.24000933e-03 -6.07019924e-02  1.06261102e-02]",other,Other,0.20442867279052734
Nature_Training_Course,27,What did you learn at this training course? ,"I expanded my knowledge base around the 5W 1H approach to sustainable eco-friendly project development. As well as, explored from a different perspective the application of Design Thinking in coordinating trainings for young learners. I am particularly delighted that they - the trainers - welcomed my initiative to lead and guide a 20 minute meditation session for all participants. It was my first time doing such. I have now discovered a new skill which I shall work to develop for the common good of all as I journey through life . Thanks to the open-minded approach to learning and teaching that the trainers very generously offered. I am inspired to sustain my awakened passion as a Trainer 😍.",I have now discovered a new skill which I shall work to develop for the common good of all as I journey through life .,positive,0.4404,True,"[-3.88991907e-02 -3.19996625e-02 -7.11274147e-03  1.90257459e-04
 -3.33496481e-02 -2.10347679e-02  2.70693228e-02 -4.83382717e-02
 -4.71047722e-02 -4.82253917e-02  6.27366006e-02  3.40538099e-02
 -2.41456702e-02  6.57062232e-02  2.56150216e-02  3.55363674e-02
 -9.60775167e-02  6.40169606e-02 -1.89338792e-02 -6.16731904e-02
 -8.34836140e-02  3.96239534e-02  2.41916422e-02 -1.54984342e-02
 -7.11240098e-02  5.61849698e-02  2.82399058e-02 -3.80154550e-02
  7.64461383e-02 -7.10831136e-02 -1.05414568e-02  5.98451830e-02
  5.63650439e-03  4.39637229e-02 -6.69365153e-02  6.42264411e-02
 -1.61966290e-02 -2.27633840e-03  5.49072735e-02 -3.07769757e-02
  1.80758331e-02 -4.04229127e-02 -1.61383301e-02 -3.79145071e-02
  5.20620681e-02  1.27966749e-02  1.47229508e-02 -3.74199520e-03
  6.22685924e-02 -3.44245210e-02 -7.02101290e-02 -6.13703467e-02
 -4.32262942e-02 -3.98277789e-02  5.43599129e-02  3.29860598e-02
  6.80337520e-03  4.27601151e-02 -3.30628306e-02 -7.06498697e-02
  1.09618874e-02 -3.84383947e-02 -3.00392080e-02  5.33563457e-03
  2.36281455e-02 -1.34977577e-02 -7.32867569e-02  4.61324230e-02
 -6.50402680e-02  2.50947587e-02 -1.09669089e-01  1.53410481e-02
  2.23813076e-02  2.33510360e-02  5.82289398e-02 -1.85952559e-02
  3.80247235e-02 -7.93574899e-02 -1.11948270e-02  4.06480022e-02
  2.59600636e-02  9.49025229e-02 -3.58299017e-02  1.50781302e-02
 -3.47080342e-02 -6.32609129e-02 -2.72905435e-02  2.83758864e-02
  7.03687593e-02 -3.59099731e-02 -6.85874186e-03  3.21574137e-02
 -9.49405506e-02 -2.57151946e-02 -1.98648591e-03 -1.04047051e-02
 -2.65459772e-02 -1.14000204e-03 -4.38284501e-02  5.01387119e-02
 -1.37054659e-02 -4.54355888e-02 -5.76784723e-02 -1.19874232e-04
  1.52840083e-02  6.72134161e-02 -1.48605304e-02  7.24424347e-02
  3.02711688e-02 -6.34586215e-02 -1.75782815e-02  2.94806678e-02
 -2.51640305e-02  4.95523261e-03  3.52994651e-02  1.12044364e-01
 -9.96195301e-02  1.14661455e-02  2.88294931e-03  6.05192147e-02
  2.18470488e-02  1.02810808e-01 -2.11690483e-03  6.67682057e-03
 -3.32666226e-02 -4.50096428e-02  2.11203676e-02 -2.70701821e-33
  7.70067237e-03  3.95120643e-02  6.66212812e-02  8.14695656e-02
 -1.58778969e-02  1.50152324e-02 -5.29944487e-02  3.26078273e-02
 -1.32818995e-02 -2.36718114e-02  6.47340268e-02  5.52881770e-02
 -5.46494350e-02  2.64362115e-02 -3.62977609e-02  1.25120739e-02
 -9.00878832e-02 -9.11668036e-03  8.38447213e-02  4.69379462e-02
  1.51464287e-02 -2.57558301e-02  1.91114824e-02 -6.54498872e-04
 -1.83271822e-02 -2.02628672e-02  1.04467236e-01 -8.96219611e-02
  3.45862210e-02  2.57248152e-02  1.68251363e-03  6.40822574e-02
 -3.54200900e-02 -4.76417281e-02 -8.19651335e-02  8.77749622e-02
 -2.62707267e-02 -5.96215613e-02  5.53221554e-02  1.46558071e-02
 -2.32658684e-02 -2.08222959e-02  2.58452073e-02 -3.49091403e-02
  7.91912992e-03  2.95462422e-02  1.01684853e-02  1.63681488e-02
 -5.79814501e-02  5.41763268e-02 -1.04707740e-01 -4.17953916e-02
  3.29960324e-02 -7.48658180e-02  1.99559256e-02 -2.18410995e-02
 -4.53556478e-02  3.02866362e-02  7.55026611e-03  6.69156807e-03
 -1.98159330e-02  3.59714776e-02 -8.29204172e-02  9.31982547e-02
 -4.27803770e-02  4.10855599e-02  5.10683609e-03 -2.83860639e-02
  8.40928108e-02 -4.58061993e-02 -2.82093771e-02  2.09430922e-02
 -3.05831209e-02  5.13545871e-02 -3.72837856e-02 -8.63870904e-02
 -1.14145186e-02 -7.12896213e-02  1.59790535e-02 -1.95065401e-02
  5.58970608e-02  7.89222047e-02 -7.49782473e-02  6.75394945e-03
  1.50074825e-01  3.78914364e-02  3.60736041e-03 -1.35422245e-01
  2.14941129e-02  6.80119619e-02  2.24227346e-02 -7.84507953e-03
  4.65460941e-02  2.33348086e-02 -4.28824686e-02  3.12912165e-34
  2.06203144e-02  6.52486226e-03 -2.50075608e-02  1.56343475e-01
  7.88277201e-03 -4.82446365e-02 -7.49890506e-03 -1.20097715e-02
 -2.95708049e-02  1.10701904e-01  1.96863022e-02  3.57583165e-02
 -3.52465436e-02  3.22922468e-02 -7.65278703e-03 -1.48769980e-02
 -8.62540007e-02  4.42091785e-02 -3.03867105e-02 -1.48806162e-02
 -2.76780166e-02  7.20425993e-02 -7.78702796e-02  4.56354916e-02
  1.70482434e-02  3.70512833e-03 -6.84679486e-03  3.98681685e-02
 -5.04326485e-02 -1.00367824e-02 -1.66443810e-02 -1.79225318e-02
 -3.89575176e-02 -4.67997454e-02  1.49822887e-02 -8.28258414e-03
  8.28566477e-02 -1.15678683e-01  1.68974493e-02 -7.20361015e-03
 -3.36511768e-02 -1.01265609e-02  1.13043245e-02 -1.73218194e-02
 -1.21589992e-02 -5.77566288e-02 -7.79409148e-03 -8.08322104e-04
 -1.06176222e-02 -4.09749188e-02  6.72127008e-02 -6.79661259e-02
  6.74179615e-03 -1.27033055e-01  6.22336678e-02  6.82117268e-02
  1.06430463e-01 -9.74538699e-02  5.37678674e-02  1.93598904e-02
 -6.80387486e-03  4.27174829e-02 -3.06251347e-02  8.20760727e-02
  9.49942619e-02 -4.32336889e-02 -6.76510856e-03  1.03113301e-01
 -1.07949473e-01  9.71577037e-03 -1.90862399e-02  1.53848566e-02
 -5.15464023e-02 -5.65816090e-02 -3.84504981e-02 -6.86732009e-02
 -3.66447819e-03 -2.21247915e-02 -6.83079064e-02  6.53775632e-02
 -1.12728411e-02 -8.05117637e-02  5.52627705e-02 -1.21019771e-02
  3.19966115e-02  3.69464867e-02  8.27335007e-03  3.51753309e-02
 -2.54211202e-02 -4.19395007e-02 -9.36894342e-02  5.79545051e-02
 -7.04056025e-02 -9.42952558e-02  1.77994790e-03 -3.21254774e-08
 -5.63862547e-02 -5.71484603e-02 -2.91923829e-03  2.80645024e-02
  5.69217354e-02  2.36217566e-02 -2.81872079e-02  3.02307475e-02
 -9.32694748e-02 -5.74258231e-02  1.76565927e-02 -3.59825529e-02
  6.97560534e-02  8.65269005e-02  1.91854402e-01 -6.36568153e-03
  1.21384956e-01 -3.20349820e-02 -3.81113999e-02 -3.19116525e-02
  9.99252200e-02  4.02032509e-02  3.58926542e-02 -1.23812836e-02
 -5.90141937e-02 -6.62038699e-02 -1.73716228e-02 -1.46328276e-02
 -2.51991451e-02  3.13038863e-02  1.95414741e-02 -4.43894081e-02
 -1.28710428e-02  3.93251739e-02  1.28920963e-02  7.78946048e-03
  2.19668858e-02 -6.95837662e-02  2.98384689e-02  3.25292200e-02
 -5.34891710e-02  5.01148812e-02  5.78294434e-02  3.88078839e-02
 -1.36449248e-01 -7.82444701e-03  2.79205609e-02 -7.89094251e-03
 -6.70997202e-02 -3.74288000e-02  6.12491416e-03  2.83894595e-02
  8.80017430e-02  4.95112082e-03  7.56021068e-02  3.43470946e-02
  1.84598230e-02 -1.61037762e-02 -4.02544923e-02  4.39170673e-02
  1.13044195e-01  3.18640023e-02 -6.59977868e-02  3.61091010e-02]",positive_interactions,Enhanced positive interactions with people from different backgrounds,0.5163492560386658
Nature_Training_Course,27,What did you learn at this training course? ,"I expanded my knowledge base around the 5W 1H approach to sustainable eco-friendly project development. As well as, explored from a different perspective the application of Design Thinking in coordinating trainings for young learners. I am particularly delighted that they - the trainers - welcomed my initiative to lead and guide a 20 minute meditation session for all participants. It was my first time doing such. I have now discovered a new skill which I shall work to develop for the common good of all as I journey through life . Thanks to the open-minded approach to learning and teaching that the trainers very generously offered. I am inspired to sustain my awakened passion as a Trainer 😍.",Thanks to the open-minded approach to learning and teaching that the trainers very generously offered.,positive,0.7178,True,"[ 2.23273616e-02  7.54945306e-03  3.12976055e-02  1.71738043e-02
  2.57391464e-02  4.71919663e-02 -8.89335945e-03  3.29378918e-02
  2.98392656e-03  9.09510010e-04  4.94109988e-02  9.14706513e-02
 -6.32411242e-02 -1.24007110e-02 -3.54641140e-03  3.68082523e-02
 -4.00010198e-02 -1.96847692e-02 -5.14670573e-02 -4.45771106e-02
  5.57565887e-04  2.10775863e-02  7.26110861e-02  4.96483631e-02
 -1.31113455e-01 -1.63472611e-02  1.92788970e-02 -3.48090976e-02
  3.64647359e-02 -2.31203903e-03 -6.90462217e-02  2.23161019e-02
  3.98688987e-02  1.62065646e-03 -6.30973279e-02  3.26695479e-02
  1.81863662e-02  2.32391171e-02 -1.47630468e-01  1.22750951e-02
  5.28332172e-03 -1.95465069e-02 -7.08303880e-03  3.30904126e-02
  5.27276145e-03 -1.98129397e-02  2.12660376e-02 -9.66841429e-02
  8.86370800e-03 -6.15720116e-02 -8.32357407e-02 -1.31411806e-01
 -3.65246348e-02 -5.23738302e-02  1.72214285e-02  3.96033227e-02
 -5.59428595e-02 -1.85524467e-02 -4.91037183e-02 -1.70030836e-02
  1.29190292e-02 -3.08874529e-02 -1.19818650e-01  2.46373247e-02
 -1.58025678e-02 -5.51907793e-02 -3.50151397e-02  1.35736123e-01
 -2.44143624e-02 -7.14172348e-02 -1.05624236e-02  6.55275956e-02
  7.87609071e-02 -1.74814370e-04  7.55673423e-02  4.89697866e-02
 -3.03392727e-02 -1.38763469e-02  4.31848578e-02  5.98224159e-03
  3.17222849e-02 -1.83785185e-02  1.08945845e-02 -3.54504734e-02
  6.33313805e-02  2.15701796e-02  1.20475423e-02 -3.99227329e-02
  3.47219445e-02  6.12045228e-02  1.06873251e-02  1.02648446e-02
 -8.96149352e-02 -3.88368554e-02 -4.02187631e-02  2.15500835e-02
 -4.21284363e-02 -3.55411731e-02 -5.71585037e-02  8.51402134e-02
  5.66759240e-03  3.09562404e-02  2.61095096e-03  2.09069904e-02
 -7.28983134e-02 -2.81994008e-02 -4.57166927e-03 -1.29778590e-02
  6.85974881e-02  4.43753321e-04  1.71347577e-02 -2.96941753e-02
  2.56882273e-02  1.49523700e-02 -2.09623966e-02  1.19738847e-01
 -6.93256110e-02  4.90046926e-02  1.12604508e-02 -7.37756770e-03
 -1.22254277e-02 -9.21492465e-03  2.34378316e-02 -2.00957209e-02
 -2.19633263e-02 -5.29182069e-02 -4.13498692e-02 -4.88646536e-33
  2.38008369e-02  1.04097277e-01  6.69168234e-02  8.45791213e-03
 -1.92176998e-02 -2.23375037e-02 -3.41475829e-02 -2.68788058e-02
 -3.03523894e-02  2.29653586e-02  9.04740319e-02  1.29010692e-01
  5.86538613e-02  8.14283714e-02 -9.99551639e-03 -7.20736831e-02
 -1.54280379e-01  1.50033399e-01  2.52110930e-03  1.45080667e-02
  5.99230044e-02  1.66580658e-02  2.33544270e-03 -7.31675653e-03
 -1.27133979e-02 -6.15979731e-03  1.49793578e-02 -1.68495113e-03
  1.18316606e-01  1.85910556e-02  2.60641146e-02  6.58748671e-02
 -8.31279829e-02 -5.44831343e-02 -2.38663964e-02 -2.97717657e-02
  4.14792225e-02 -5.66437319e-02  6.01878949e-02 -4.15011831e-02
  5.03942072e-02  9.51606873e-03  5.37391603e-02 -2.70504616e-02
  2.21194495e-02  9.88756716e-02  8.35485086e-02 -7.06097335e-02
 -1.93514824e-02 -5.46163553e-03 -8.21867734e-02 -3.59736681e-02
  3.12516186e-03 -7.31422454e-02 -4.96157305e-03  1.53189069e-02
  1.80130899e-02  9.98371094e-02 -7.64755830e-02 -5.13934009e-02
 -7.48976716e-04  5.36961444e-02 -1.38349934e-02 -3.87729742e-02
 -1.09201655e-01 -1.41133415e-02 -4.46109958e-02 -3.39435190e-02
  5.06431758e-02  6.80811284e-03 -8.23064223e-02  2.64868308e-02
 -4.71950993e-02 -4.68732752e-02 -3.59638259e-02 -3.97077203e-02
 -1.02607580e-02  7.56653864e-03  9.49261263e-02 -2.65530031e-02
  8.01368728e-02  8.32900032e-03 -6.55835122e-03  2.82604247e-02
 -9.63563379e-03  3.08219101e-02 -1.41958613e-02 -1.41695235e-02
  6.30682483e-02  7.57534057e-02 -2.91008549e-03  1.32479034e-02
 -4.14252877e-02  3.31886671e-02  3.28306138e-04  3.37146547e-33
  2.68016681e-02  5.43402359e-02  2.99840216e-02  6.26551509e-02
  6.04422167e-02  3.40488032e-02 -3.47871371e-02  8.16825777e-02
  8.15896243e-02  2.86392234e-02  6.58388212e-02  3.86762992e-02
 -3.90740372e-02  7.78826931e-03 -5.49634956e-02 -1.30401284e-01
 -5.69747649e-02  4.18049730e-02 -3.47769782e-02 -4.37585451e-02
  1.57652684e-02  8.60869959e-02  3.20167094e-03 -7.76074976e-02
  7.87239373e-02  5.75341769e-02 -2.12445296e-03  5.60744405e-02
 -1.99856050e-02  1.89832132e-02  5.06766252e-02 -3.45136076e-02
 -3.92380692e-02 -2.90121529e-02 -4.82585542e-02  8.31784233e-02
  2.40020696e-02  1.06851086e-02  3.31621291e-03  9.41962451e-02
 -8.63605365e-03 -6.93267807e-02 -7.99959004e-02 -3.68491299e-02
  3.23477620e-03 -5.31881303e-02  3.36239003e-02  1.26903993e-03
 -5.41349920e-03 -4.08156700e-02 -4.69345450e-02 -4.00259234e-02
 -2.69967201e-03 -1.24676071e-01  4.24865298e-02 -3.10653485e-02
  9.77812260e-02 -5.72498515e-02 -4.81564406e-04 -3.93011793e-02
 -7.97575638e-02  2.61796042e-02 -1.91334598e-02  1.01384623e-02
  3.15105878e-02 -4.29477915e-02 -2.30464078e-02  7.69271776e-02
 -5.86428717e-02 -3.09997164e-02 -2.17229198e-03  8.69326070e-02
  2.88038794e-02 -2.40960578e-03 -3.93154798e-03  3.27896029e-02
  5.59416264e-02 -2.61865910e-02 -3.59687693e-02 -4.46359850e-02
 -2.41337828e-02 -1.14561245e-01  7.48366043e-02  4.95885350e-02
  1.17054485e-01  7.81981945e-02  6.68879524e-02  1.63698550e-02
 -3.03603499e-03  1.13164196e-02 -3.22709195e-02  6.02663867e-02
  6.40430674e-02  2.06918623e-02 -3.66389938e-02 -2.36633397e-08
 -4.00720537e-02 -7.53947496e-02  3.85304503e-02  9.32335332e-02
  1.08837243e-02  2.37826202e-02 -5.31439632e-02  2.72880364e-02
 -1.12548165e-01  5.82316108e-02 -6.43585669e-03  6.50695935e-02
 -2.56982706e-02  7.22146481e-02  7.43325427e-02  3.41149792e-02
 -2.98692118e-02  8.20858181e-02 -6.87763616e-02  3.13516371e-02
  6.19445033e-02  1.58407968e-02  5.96738420e-02 -3.91372852e-03
 -7.44268447e-02 -8.72367397e-02 -5.27141243e-02  4.02327180e-02
 -3.72040272e-02  1.68630271e-03  3.73366661e-02 -3.55297215e-02
  2.80301403e-02  3.07384692e-03  4.44651861e-03  8.58506858e-02
 -3.49816792e-02 -4.28540213e-03 -5.64122014e-03 -6.66993996e-03
 -1.17223211e-01 -1.75407827e-02  6.16544597e-02  1.54573731e-02
 -2.64650602e-02 -1.91230420e-02 -1.30323851e-02  1.98482405e-02
 -6.19644374e-02  4.84068468e-02  2.12677708e-03  8.52212950e-04
  1.39918309e-02 -2.43008882e-02  2.48777587e-02  1.66122168e-02
 -5.26557341e-02 -4.24748771e-02 -8.61300007e-02  6.49619251e-02
 -3.84374894e-02 -2.09593922e-02 -3.54244299e-02  7.46976808e-02]",intercultural_awareness,Enhanced intercultural awareness,0.4064052104949951
Nature_Training_Course,27,What did you learn at this training course? ,"I expanded my knowledge base around the 5W 1H approach to sustainable eco-friendly project development. As well as, explored from a different perspective the application of Design Thinking in coordinating trainings for young learners. I am particularly delighted that they - the trainers - welcomed my initiative to lead and guide a 20 minute meditation session for all participants. It was my first time doing such. I have now discovered a new skill which I shall work to develop for the common good of all as I journey through life . Thanks to the open-minded approach to learning and teaching that the trainers very generously offered. I am inspired to sustain my awakened passion as a Trainer 😍.",I am inspired to sustain my awakened passion as a Trainer 😍.,positive,0.7351,True,"[-1.96860880e-02 -1.99956112e-02  4.59438600e-02  5.05714528e-02
  1.12837283e-02  2.70759426e-02  5.72409295e-02 -3.76025140e-02
  2.04641744e-02 -4.27894257e-02 -7.74012730e-02 -3.02203894e-02
  5.39528504e-02  5.78847080e-02 -5.74520743e-03  1.57419161e-03
  2.47908887e-02  2.30245180e-02 -1.66280009e-02 -3.55352424e-02
  1.69528816e-02  6.44960031e-02  4.98390459e-02  8.18355307e-02
 -7.09507689e-02  2.44210958e-02 -1.22518549e-02 -5.38398400e-02
  4.20438349e-02 -3.95802297e-02 -5.82078546e-02  2.38125306e-02
 -1.16650080e-02  9.62269120e-03 -6.01205602e-03  8.25671181e-02
  9.95978015e-04 -8.44581239e-03 -2.73107495e-02 -1.51382620e-03
  1.91449020e-02 -6.57333583e-02  5.20735458e-02  3.24204750e-02
  2.70669498e-02 -1.38558717e-02 -7.31669972e-03 -4.92495261e-02
 -3.86515670e-02 -1.90342590e-02 -6.68918118e-02 -8.13377798e-02
 -1.00615788e-02 -5.84407896e-02  1.27369771e-02  2.95632109e-02
  1.89092662e-02 -2.79420335e-02  2.10550800e-02  2.07622605e-03
  3.05579510e-02  1.05215535e-01 -2.71360832e-03  4.83704498e-03
 -2.28700358e-02 -7.18276994e-03 -2.43966542e-02  1.13513224e-01
  4.03942801e-02 -4.68274318e-02  8.05693399e-03 -4.20380151e-03
  1.48618314e-03 -1.47766918e-02 -2.15532202e-02  3.40921059e-02
  2.27229539e-02 -6.89905509e-02  5.84538653e-02  4.80621904e-02
  1.74984839e-02 -1.08251367e-02 -2.22247448e-02  1.50093166e-02
  7.80152809e-03  1.96577925e-02  2.45642439e-02 -1.45833949e-02
  4.20816541e-02  1.10987816e-02  4.56872396e-03  1.62044335e-02
 -5.10878786e-02  4.36878838e-02 -8.99983123e-02  4.79734838e-02
 -3.18167955e-02 -7.72753404e-03 -1.33187935e-01  1.69575922e-02
  8.83918721e-03  3.18022035e-02 -4.63868715e-02  6.38828203e-02
 -1.22751128e-02 -5.80919236e-02 -5.71994856e-02 -3.18920463e-02
  5.01401015e-02 -9.39885806e-03  3.88454460e-02 -4.56723534e-02
 -4.74650934e-02  3.91433835e-02  7.73181021e-02  1.00507796e-01
 -8.89332741e-02  3.83180045e-02 -5.72087988e-02  1.53354824e-01
  2.87818983e-02  1.67191699e-02  1.08953854e-02 -1.02950688e-02
 -1.84869126e-03 -1.30942479e-01 -2.89011076e-02 -5.54170465e-33
 -6.14955230e-03  4.82052267e-02  6.36591092e-02  1.20398693e-01
  3.20368856e-02 -1.00343451e-01  2.56411601e-02  1.64121054e-02
 -4.05218787e-02 -2.85831708e-02 -2.42259055e-02  1.16004556e-01
 -1.24496566e-02  9.99691039e-02 -3.28966714e-02 -8.10722634e-02
 -2.96514016e-02 -3.03296372e-02 -3.36157382e-02  2.16327291e-02
 -1.47266723e-02 -1.20905247e-02 -2.69983020e-02 -9.32534412e-03
 -2.75754333e-02  8.29793699e-03  3.71504080e-04 -1.42986206e-02
 -1.86069030e-02  6.19465634e-02  1.09551959e-02 -3.71735133e-02
 -7.18410313e-02 -7.88499266e-02 -3.48194242e-02 -5.84717952e-02
 -1.00972634e-02 -6.72852024e-02 -4.22783289e-03  1.44051500e-02
 -2.84460820e-02  3.12054176e-02  4.01438251e-02 -6.60012960e-02
 -4.11456591e-03  5.00443541e-02  1.09976217e-01 -1.17161404e-02
 -1.11663640e-02 -3.99768539e-02 -6.90908134e-02 -1.41400974e-02
  3.41437981e-02 -7.58098066e-02  6.52881935e-02 -4.63926680e-02
  4.58524376e-03  7.38248453e-02 -6.46569021e-03 -1.55329863e-02
 -3.82838175e-02 -4.58414070e-02  1.89963058e-02  7.07197785e-02
 -3.70110422e-02  5.81717230e-02  1.74069833e-02 -5.69588393e-02
  2.33499892e-02  4.45043948e-03 -5.26513867e-02  3.07586379e-02
 -2.74157058e-02 -6.14250638e-02  2.51018000e-03 -5.87300025e-02
 -1.79793164e-02 -1.73445349e-03 -6.03538342e-02 -9.00852401e-03
  3.39195654e-02  4.86093685e-02 -7.02460334e-02  5.49181662e-02
  1.08566761e-01  4.67258599e-03  1.55545147e-02 -4.65961061e-02
  5.88859571e-03  8.62632319e-02 -1.10369399e-02 -5.04694544e-02
  8.98544490e-02 -3.82024050e-02 -3.01021188e-02  4.45604452e-33
  8.94165412e-02 -3.86446267e-02  2.36764364e-02 -6.01313338e-02
  9.95151922e-02 -3.88766713e-02 -1.80639233e-02  1.23585835e-02
 -8.85612741e-02  6.70713484e-02  2.87350118e-02  2.65121218e-02
 -6.94562420e-02  6.01301901e-02 -6.19451255e-02 -8.20518211e-02
  7.81309232e-03  5.10267317e-02 -1.35252355e-02 -2.17246059e-02
  1.97180454e-02  3.29341069e-02 -1.02995403e-01 -8.60088095e-02
  2.72702444e-02  6.19039275e-02  2.51638964e-02  1.46209612e-01
  6.55484796e-02 -3.82939614e-02  3.55263166e-02 -2.52589565e-02
 -9.56923738e-02 -3.21952067e-02 -3.39767374e-02  8.34838599e-02
 -2.14853846e-02 -3.28546427e-02 -3.01326066e-02 -6.43505540e-04
  2.80399229e-02 -4.97803912e-02  4.78105433e-03  5.40792271e-02
 -2.51353830e-02 -8.58250335e-02  8.96516219e-02 -4.06996952e-03
  2.27467082e-02 -2.71000098e-02  6.70647621e-02 -1.06176630e-01
 -2.37327740e-02 -9.31883901e-02  2.30422243e-02  1.69815831e-02
  1.18235186e-01 -2.80106626e-02  5.42428903e-03 -9.90697742e-02
 -4.55044396e-02  3.65464725e-02  4.56730928e-03  9.59356353e-02
  2.83482205e-02 -4.80380543e-02 -1.82751231e-02  5.39424978e-02
 -1.40491307e-01 -4.39164527e-02  1.12245800e-02  6.30242452e-02
 -5.66197634e-02  6.16912507e-02 -7.27535635e-02 -4.76983897e-02
  1.13185756e-02 -2.34429520e-02  6.29107351e-04 -4.64288406e-02
 -1.03574432e-01 -4.87291589e-02  3.49220894e-02 -1.76244546e-02
  6.17601797e-02  4.59668823e-02  9.51795932e-03  9.01286975e-02
  2.50754412e-02 -4.62094955e-02  1.43455982e-04  6.53956831e-02
 -3.00042666e-02  2.05360167e-02  5.49934097e-02 -2.11793658e-08
 -4.36723381e-02  5.80623969e-02 -2.33567674e-02  5.79659082e-02
  2.63278633e-02 -1.25821261e-02 -1.40722666e-04 -1.03332058e-01
 -3.96580845e-02  4.40702448e-03  7.28394464e-02 -3.19269113e-02
  1.04067996e-01  6.82473704e-02  1.19718015e-01 -2.53427234e-02
  9.19973031e-02  6.45554960e-02 -2.41980180e-02 -3.92622612e-02
  7.31609091e-02  4.14804406e-02 -3.83633338e-02 -4.45460193e-02
 -6.23279847e-02 -2.00230666e-02 -1.68647338e-02  1.12643875e-02
 -4.42672521e-04  3.66313010e-02  7.31467083e-02 -1.21583259e-02
  2.76867710e-02  4.30249870e-02 -5.00406399e-02 -9.98624694e-03
  9.13495664e-03 -4.01257090e-02 -7.11075962e-02  3.73420715e-02
 -4.87739220e-02 -2.19273213e-02  3.03031243e-02  7.50317425e-02
 -3.48665081e-02  3.51189263e-02  8.80398974e-02 -9.44514126e-02
  1.18019003e-02  8.17355812e-02 -1.99284740e-02 -6.07469082e-02
  7.43427575e-02 -1.02745071e-02  3.73011939e-02  3.37838084e-02
 -8.19172990e-03  1.60745941e-02 -6.89030662e-02  2.52120346e-02
  1.01144508e-01 -2.80595683e-02 -1.02221400e-01 -1.38963927e-02]",future_motivation,Increased motivation for future education or training,0.48804476857185364
Nature_Training_Course,28,What did you learn at this training course? ,More concrete ideas about sustainable living and new methods of processing.,More concrete ideas about sustainable living and new methods of processing.,neutral,0.0,True,"[ 1.71266664e-02  1.77978128e-02 -5.99873578e-03  2.83060372e-02
  6.94949180e-02 -4.12258413e-03 -5.36252260e-02 -1.68971643e-02
 -6.50943816e-02  1.59187522e-02 -7.58725731e-03  1.80848856e-02
 -4.34867479e-02  1.19688902e-02 -3.81598696e-02 -3.63576002e-02
 -3.75432707e-02  1.12196021e-02 -3.04285269e-02 -5.05317301e-02
  5.58655302e-04 -3.27935480e-02  4.62432439e-03 -1.25055225e-03
 -5.54781556e-02  1.16090037e-01 -4.82651852e-02 -1.16610244e-01
  5.67147620e-02  2.86928415e-02  7.76102468e-02  1.36525214e-01
  2.10275687e-03 -4.89636101e-02  6.99554235e-02  1.10935539e-01
  6.92244321e-02 -4.77614552e-02  1.22502130e-02 -4.98728752e-02
 -4.20355424e-02 -1.23586826e-01 -9.12669152e-02 -4.09801044e-02
  3.54346968e-02 -2.97906082e-02 -4.17933916e-04 -1.45912021e-01
  1.06590949e-02 -4.05622162e-02 -1.08811371e-01 -2.77235359e-02
 -4.43391455e-03 -2.89354343e-02 -1.98631501e-03 -2.66005006e-02
  7.33051961e-03 -6.61748499e-02 -6.28836229e-02  4.55883611e-03
  6.31936733e-03 -5.52781336e-02 -1.43523021e-02  4.18366157e-02
  5.65989576e-02  9.33845807e-03 -2.03479584e-02  6.41072243e-02
  1.89350303e-02 -6.92696357e-03 -1.62905511e-02  3.72089893e-02
 -5.53415008e-02  1.24250948e-02  2.79618911e-02 -4.08313908e-02
 -2.89680045e-02 -3.53931226e-02 -7.51975970e-03  2.72434037e-02
  1.17539547e-01  2.26706956e-02 -2.46043354e-02  4.32233588e-04
 -2.54836399e-02  5.69939688e-02 -8.69442523e-02 -3.55930738e-02
 -1.00705877e-03 -3.60986292e-02 -8.46490562e-02  2.53398548e-06
 -5.64967573e-04 -1.86026134e-02 -5.75852022e-02 -1.12663424e-02
 -4.89983931e-02  4.30562012e-02  2.62770876e-02 -1.60452910e-02
 -4.90449443e-02  3.00069302e-02  1.63810560e-04 -7.75373206e-02
  3.23086493e-02 -2.57217661e-02 -5.76248579e-02  7.06522167e-02
  2.50557773e-02  2.69156601e-02 -7.91595653e-02  8.19667522e-03
 -6.06266595e-02  8.64732191e-02  1.97387896e-02 -8.82280990e-03
  6.34733364e-02 -2.62479428e-02  5.29953763e-02  5.16929068e-02
  3.94555815e-02 -4.46619373e-03 -3.56584974e-02 -3.74851823e-02
  4.42383206e-03 -3.24898399e-02  4.08386774e-02 -2.63056883e-33
  6.44507725e-03  3.12161036e-02  1.11463040e-01 -6.42648563e-02
 -3.15863942e-03  1.91732263e-03 -5.26434816e-02 -2.87345680e-03
  6.54530451e-02  7.03071291e-03  6.81954622e-02 -1.12753203e-02
 -2.28673033e-02  8.94323960e-02  8.79563317e-02 -1.53817013e-01
 -6.31519705e-02  2.19057798e-02  5.66602536e-02  1.96710471e-02
 -6.88490570e-02  3.74029130e-02 -2.18737265e-03  6.00478314e-02
  3.94888595e-02  3.96323353e-02  4.32073213e-02 -6.78989738e-02
 -4.82059456e-02 -1.03612188e-02  5.43282814e-02  7.34684169e-02
 -5.73783554e-02  4.55835462e-02 -2.64517888e-02  3.27496231e-02
 -5.96899912e-02  1.99359236e-03  6.22580526e-03 -1.37323851e-03
 -2.57317554e-02  1.49523849e-02  6.10102750e-02 -4.08586897e-02
  5.91691397e-02  9.73288491e-02  2.17410736e-02  4.69680242e-02
 -4.04256396e-03 -1.66086163e-02  1.27582559e-02  6.46454245e-02
  2.78519038e-02 -7.73876766e-03 -1.97343354e-04 -2.22373176e-02
 -2.86564492e-02 -4.85695191e-02 -1.32841547e-03 -6.88057765e-02
 -7.15834945e-02  9.95624531e-03 -8.96123424e-02  7.06570223e-02
  4.02234197e-02 -4.47284896e-03 -7.55770365e-03 -1.05000651e-02
  3.48078087e-02  2.74329856e-02 -3.31279859e-02  2.89832093e-02
  4.41407925e-03 -5.26251234e-02 -9.74997040e-03 -5.95738646e-03
 -7.99635518e-03 -5.82786202e-02 -8.02893192e-02  3.67345437e-02
 -2.12700590e-02  7.75032192e-02 -6.47253841e-02 -8.71068612e-02
  1.14774734e-01  8.31567720e-02  1.20141385e-02  8.45501348e-02
  6.96782619e-02  1.22836297e-02 -4.77389246e-02 -1.26089687e-02
  1.09523558e-03  1.78580135e-02 -7.69799501e-02 -2.35322765e-34
  3.69456112e-02 -3.42083797e-02 -9.41308662e-02  6.87669590e-02
  1.23340646e-02 -5.44470623e-02 -1.88350957e-02 -4.74863648e-02
  3.56383547e-02 -4.06777579e-03 -3.51852551e-02  4.44056168e-02
  6.32574260e-02  6.77617565e-02 -3.00697163e-02 -2.72115823e-02
 -8.18145648e-02  7.52310678e-02 -1.36508588e-02  4.20365203e-03
 -2.28693299e-02  7.75027648e-02 -8.35918859e-02  3.27830464e-02
 -4.03912971e-03  7.68175200e-02 -2.70954217e-03  1.21686049e-02
  3.02891806e-02 -2.98212823e-02 -4.31069694e-02 -8.07949975e-02
  1.21402154e-02  9.89007950e-03  3.34153175e-02 -2.59436797e-02
 -2.36354284e-02 -5.39534166e-02  7.45690614e-02  6.70262799e-02
  1.36164958e-02 -2.24090796e-02 -7.49539509e-02  1.03224404e-02
 -1.26248430e-02 -1.60278417e-02 -4.99090478e-02 -1.54248427e-03
 -2.04767212e-02 -3.03433053e-02  1.37185737e-01  4.21962701e-02
 -1.36897668e-01 -5.43249473e-02  5.18612936e-02  8.15019757e-03
  7.56485164e-02 -7.38021210e-02 -6.46326318e-02 -3.21150348e-02
  6.04207739e-02  1.32505015e-01  5.07825501e-02  4.69398387e-02
  1.88483717e-03  3.38427946e-02  4.77818064e-02  3.07049081e-02
 -4.44891341e-02 -4.09344025e-02  1.17305974e-02  3.33558060e-02
 -4.43288982e-02  3.30585502e-02 -2.51328554e-02  1.06767677e-02
 -2.65008379e-02 -5.02325445e-02 -5.68472482e-02  6.08613268e-02
 -8.88384283e-02 -8.15023035e-02  3.17139477e-02  3.13060023e-02
  7.06942379e-02 -1.51982727e-02 -9.51194987e-02 -9.56012607e-02
  1.47580495e-02  3.69015895e-03 -2.98594236e-02 -7.36399833e-03
 -7.44525492e-02  7.15954006e-02  7.98641238e-03 -2.12928342e-08
  8.32579881e-02 -4.71388586e-02 -6.71336195e-03  3.80659476e-02
  2.64751110e-02  9.97704826e-03  3.94882783e-02  2.68887682e-03
 -2.73805228e-04  6.13772646e-02 -4.52139974e-02  8.57373513e-03
  6.11148449e-03  9.19250771e-02  6.67287707e-02 -4.03852053e-02
  5.76515235e-02 -8.88622832e-03 -8.13431218e-02 -4.99809906e-02
  4.83113453e-02 -4.74142805e-02 -3.44278221e-03  4.51029204e-02
 -9.04946476e-02 -3.51936482e-02  3.56532484e-02  7.56867521e-04
 -1.56135447e-02  1.82305817e-02  5.34714758e-03  3.87240611e-02
  9.99296736e-03  4.21789289e-02  2.59149149e-02 -1.45876735e-01
  6.41018227e-02 -8.28427728e-03 -6.90712184e-02 -1.69119928e-02
 -6.70781285e-02  5.70979016e-03 -9.75580961e-02  3.83924283e-02
  2.70444490e-02 -4.32273485e-02  5.41342795e-03 -1.58921722e-02
 -3.57860439e-02  1.06192194e-01  3.12885977e-02  9.43864987e-04
  4.39904258e-02  3.01853437e-02  7.40146413e-02  6.49064332e-02
  3.41711305e-02  3.35102226e-03 -3.40005532e-02  4.20476459e-02
  7.01420307e-02  3.11956945e-04  1.03971839e-01  4.31774482e-02]",project_topic,Project topic: Sustainability and environmental awareness,0.4167095720767975
Nature_Training_Course,29,What did you learn at this training course? ,"Lots of things, interesting theories and I got to deepen my social skills.","Lots of things, interesting theories and I got to deepen my social skills.",positive,0.4019,True,"[-3.34295928e-02 -3.15277721e-03  5.94960041e-02  7.23074526e-02
  4.03666869e-02 -3.40376608e-02  2.05466375e-02 -9.02256090e-03
 -9.28649399e-03  9.62671358e-03  2.90877558e-03  2.80807056e-02
 -4.80334908e-02 -1.29671598e-05  4.34479862e-02 -6.15722239e-02
  1.73459183e-02  1.66191102e-03 -1.39406547e-01 -5.84070645e-02
 -5.02657853e-02 -2.09386703e-02  6.29016152e-03 -1.82923116e-02
 -4.35701422e-02  8.78358036e-02  4.42003272e-03 -2.05697604e-02
  2.25945245e-02 -6.18442856e-02 -7.81337637e-03  3.88572365e-02
 -1.85129400e-02 -9.57624614e-03 -6.54387698e-02  8.72226655e-02
  8.04553330e-02  6.59230922e-04  1.06000744e-01 -2.52285064e-03
  1.10986000e-02 -8.26126784e-02  1.10065304e-01 -1.33307446e-02
  2.84329392e-02  2.99205091e-02  3.40941958e-02 -8.48200917e-03
 -9.38416086e-03 -5.19910306e-02 -1.14982743e-02  2.43077129e-02
 -4.52423804e-02  2.84229033e-02 -2.34269593e-02 -2.71143075e-02
 -2.32534651e-02  5.68404756e-02  2.35587340e-02 -4.21583913e-02
  6.83732890e-03 -7.69135430e-02 -4.42031287e-02  7.58787766e-02
  4.66467813e-02  1.89899188e-02 -5.72519973e-02  8.57814327e-02
 -9.97080188e-03  4.95021790e-03  1.20829418e-02  3.59377265e-02
  1.31255630e-02  6.86073601e-02  7.06363842e-02 -4.66673784e-02
  5.94872646e-02 -8.52451250e-02  4.89622680e-03  5.61974421e-02
  1.03303948e-02  4.67832461e-02 -2.53158808e-02  6.15887120e-02
  1.98351685e-02 -1.07950211e-01  1.93256121e-02 -5.20239659e-02
 -8.75320584e-02  7.51277804e-02  1.51287080e-04 -4.76278923e-02
 -4.32614200e-02  5.34580089e-03 -2.53159204e-03  5.48358187e-02
 -6.31597787e-02 -3.22675193e-03  4.30909015e-04  3.94224934e-02
 -2.76881140e-02  5.43546416e-02 -3.46959755e-02  5.20305634e-02
  3.13477404e-02 -1.55179240e-02 -2.77578849e-02  2.06588674e-02
  3.55039388e-02  2.04914790e-02 -8.57347846e-02  2.36324612e-02
 -1.78035032e-02  3.10045574e-02  2.45619640e-02  1.43495132e-03
  3.62763964e-02  3.15917060e-02 -2.85259746e-02 -7.19788671e-03
  5.91728203e-02  5.08844294e-02 -3.04967575e-02 -5.03434194e-03
 -5.32914661e-02  2.87518632e-02 -9.48070660e-02 -2.13289630e-33
  5.66348173e-02  1.57715753e-02  8.75381473e-03  1.65718272e-01
  3.35576907e-02  2.75265016e-02 -6.04074076e-02  4.28833924e-02
  2.10206932e-03  8.98495913e-02  4.94207740e-02  5.53418547e-02
 -3.52287740e-02  4.76237051e-02 -3.18421982e-02  3.40567939e-02
 -1.65238962e-01  1.20196706e-02  2.89453641e-02  3.26922089e-02
  5.18717244e-02 -1.95786022e-02  8.29382427e-03 -1.30494619e-02
  1.70336701e-02  1.87144931e-02  3.22505757e-02 -8.17280337e-02
  4.07557096e-03 -3.29508586e-03 -4.04977649e-02  8.15027207e-02
 -6.79130107e-02 -4.71335230e-03  2.32982896e-02  4.45790738e-02
  7.46301189e-02 -1.62042066e-01  6.24750108e-02 -1.35379070e-02
  1.73620619e-02  9.72187147e-03 -3.35054100e-02 -4.75100502e-02
  3.93500328e-02  3.54336984e-02  2.27052849e-02 -4.36230563e-02
 -9.76212248e-02  2.83100288e-02 -8.42333809e-02 -4.69012232e-03
 -6.96536433e-03 -4.01246212e-02 -5.51115088e-02  1.96917518e-03
  7.53614120e-04 -2.58994829e-02 -1.06452731e-02 -1.84664279e-02
  5.53373620e-02  5.27212918e-02 -6.15890548e-02 -4.59445901e-02
 -2.88772061e-02  3.03350519e-02 -3.66748236e-02 -5.26201390e-02
  8.59269872e-02 -5.90936616e-02 -1.59834605e-02  4.32928186e-03
 -4.60843891e-02 -1.19172428e-02 -4.02893946e-02  2.51015034e-02
 -4.30631563e-02 -6.36386797e-02 -2.51385849e-02 -3.25097069e-02
  4.34879586e-02 -1.50733395e-02  1.54498955e-02 -1.90522037e-02
 -1.06826937e-03 -5.85562922e-03  3.13693210e-02 -7.62991682e-02
  2.75259670e-02 -1.88947208e-02  1.46004101e-02 -7.34029636e-02
  4.31019589e-02 -6.40665069e-02 -4.60704453e-02  8.89509340e-34
 -1.45047409e-02 -4.73585539e-02 -3.70206870e-02  7.17116563e-05
  9.09000728e-03 -5.51814996e-02 -6.97305650e-02  3.11437976e-02
 -4.38039489e-02  4.20901068e-02  7.52968118e-02  2.50121951e-02
  2.98398156e-02 -1.11204460e-02  4.43500793e-03 -7.61697814e-02
  1.48415556e-02  2.08697803e-02  1.39923971e-02 -2.29053795e-02
 -1.60204452e-02  9.37875211e-02 -5.87622896e-02  1.65624376e-02
  4.21019271e-02  1.62084978e-02 -1.31943077e-02 -4.82578129e-02
  9.36219748e-03  2.69040968e-02 -9.68262181e-03  9.67860781e-03
 -2.49428693e-02 -4.05851528e-02 -1.00274552e-02  1.35698363e-01
 -4.31166887e-02 -8.35318863e-02  1.98288355e-02 -8.81625935e-02
 -1.79950371e-02 -3.66025046e-03  9.14001837e-03  9.09805484e-03
 -3.06391506e-03  1.63953602e-02 -1.01227928e-02  8.98105726e-02
 -4.00525108e-02  2.66015138e-02  1.83076803e-02 -3.71254459e-02
 -4.31175227e-04 -9.46956500e-02  2.93229590e-03  1.26303639e-02
  8.63249004e-02 -3.10417973e-02  1.06974855e-01  3.11383177e-02
 -7.04374313e-02  6.01006709e-02 -5.99272586e-02  4.30186912e-02
 -2.05398649e-02 -1.03958502e-01 -1.06884457e-01  3.70559357e-02
 -2.46892553e-02 -6.04571253e-02 -2.67317854e-02  2.29744278e-02
  2.19203457e-02  7.00672790e-02 -1.56310182e-02 -4.88454290e-02
 -4.46375832e-03  1.39706070e-02 -2.93149576e-02 -1.87446550e-03
 -6.46885037e-02 -8.28670710e-02  3.13178338e-02 -4.55185287e-02
  8.68285168e-03  1.04838818e-01 -4.52213064e-02  7.71585479e-02
  2.26304345e-02 -6.29632771e-02 -9.84753221e-02 -3.90354334e-03
  1.39887184e-02 -1.98207200e-02 -3.65608335e-02 -2.19643628e-08
  2.72538960e-02 -7.03612249e-03  3.30590308e-02  4.73235846e-02
 -3.81617099e-02  2.14681532e-02 -3.42491642e-02  1.28648341e-01
 -6.48633614e-02  2.54476536e-02 -3.50545086e-02  7.34419078e-02
  1.58677362e-02  6.82731420e-02  1.38013080e-01  7.78659806e-03
  9.78670195e-02 -1.72278155e-02 -1.22904684e-03 -1.25312917e-02
  1.05349973e-01 -1.96345355e-02 -3.63475271e-02 -1.44119924e-02
 -1.70066711e-02 -3.23266312e-02 -7.04034392e-05  7.73947984e-02
  3.78394164e-02  1.00305088e-01 -2.57332660e-02 -2.02703495e-02
 -9.95252654e-02  1.87274441e-03 -3.90724726e-02  7.19328672e-02
 -1.80140454e-02 -9.68820453e-02  9.92241725e-02 -6.32759854e-02
 -1.29697863e-02  3.34992148e-02  6.00400418e-02  8.57615769e-02
 -6.62887022e-02  6.32124096e-02 -1.91646926e-02 -1.29072284e-02
 -1.76893063e-02  7.00565651e-02  5.66191860e-02  6.53025135e-02
  2.40399297e-02  1.17294034e-02  3.16739380e-02  1.17234315e-03
 -2.34564748e-02  1.23232365e-01 -4.47620042e-02  2.34372746e-02
  1.40964508e-01  1.00613281e-01 -1.30070344e-01  2.54812697e-03]",positive_interactions,Enhanced positive interactions with people from different backgrounds,0.511339008808136
Nature_Training_Course,30,What did you learn at this training course? ,About ecology in different countries,About ecology in different countries,neutral,0.0,True,"[ 1.81966528e-01  2.58322190e-02  1.15862791e-03  1.82639901e-02
  8.93627256e-02 -1.31449429e-02  7.06508697e-04 -8.29528570e-02
 -1.21596670e-02  1.47450846e-02  5.86516671e-02 -1.04375653e-01
 -7.70276114e-02  1.07922345e-01 -1.63981225e-02 -5.35966642e-02
 -5.27569950e-02  1.16116339e-02  4.81195841e-03 -8.23951513e-03
  2.40482874e-02  3.53289098e-02  4.42423485e-02 -1.83850601e-02
 -1.00978151e-01 -7.60087296e-02  8.89455993e-03  1.90640688e-02
  2.12857611e-02  1.35896197e-02  8.04754999e-03  1.04627714e-01
  2.43450999e-02  9.82482359e-03 -2.72792634e-02  3.94182168e-02
  1.74221043e-02 -6.65754452e-02  7.51854852e-03  8.85399878e-02
 -2.19780151e-02 -3.07149161e-02  3.99182290e-02 -1.03805490e-01
 -3.07180192e-02 -5.67594776e-03 -1.18208481e-02  3.24725290e-03
 -2.71559153e-02 -6.20110743e-02  1.13990568e-02 -9.34817642e-03
 -1.15461841e-01 -6.63075447e-02  4.96584028e-02 -2.13240050e-02
 -2.11269166e-02 -1.61585175e-02 -5.67879155e-02 -3.30959186e-02
  7.56827220e-02 -3.61391045e-02 -5.33583760e-02  3.73044498e-02
  1.07849717e-01 -2.00678930e-02 -6.37089834e-02  1.49087265e-01
  5.90656847e-02 -4.57196087e-02 -4.06699255e-03 -9.86083373e-02
 -2.64149513e-02  1.61830466e-02 -5.98613136e-02 -3.68610807e-02
 -9.30550247e-02  7.57093057e-02 -3.04509047e-02 -5.05369082e-02
  5.66922911e-02  3.28841881e-04 -2.25132611e-02 -8.48491937e-02
  6.45662025e-02 -3.32776010e-02 -2.61805840e-02 -1.85338352e-02
 -1.08913369e-02  1.00516574e-02  9.09266546e-02  5.11065871e-03
  9.74570289e-02  1.83379296e-02 -3.48213725e-02  4.38580029e-02
  7.44262114e-02 -7.90249631e-02  6.39812946e-02  3.54234539e-02
  2.25323066e-02 -5.73110804e-02 -2.17553857e-03 -9.69261862e-03
 -6.04063570e-02 -5.29784188e-02 -1.07365474e-01 -1.92011409e-02
  7.09825158e-02  4.94061522e-02 -1.21499255e-01  8.53643715e-02
 -3.12914737e-02  6.88303560e-02  4.83187512e-02 -3.33812684e-02
  8.67076665e-02 -7.18948916e-02  3.95433679e-02 -2.05492275e-03
 -2.85330992e-02 -8.74924064e-02  9.00111534e-03 -4.38891351e-02
  8.44928622e-02  2.60066446e-02 -1.76452678e-02 -3.10653917e-33
  3.35348547e-02 -9.16982740e-02  3.96013185e-02 -6.93917554e-03
  5.64327464e-02  5.28519340e-02 -3.49747725e-02 -4.37568277e-02
 -1.15623688e-02 -2.43214592e-02  2.21532839e-03  4.39507142e-02
  4.00454774e-02  1.82591099e-02  6.43879548e-02  1.88144781e-02
  3.32790054e-02  7.84042850e-02 -2.73015425e-02  8.57708529e-02
 -1.32698789e-02 -3.21615324e-03  3.62633429e-02  7.49951899e-02
  8.04663375e-02 -3.27967294e-02  2.20648479e-03 -7.11469427e-02
  3.77756320e-02  1.34769862e-03  1.01212040e-01 -2.45064646e-02
 -5.54798357e-02 -5.95380366e-02 -5.07167215e-03 -2.28778068e-02
  6.72676926e-03  2.65724640e-02  1.38210943e-02  1.60202831e-02
 -2.20265798e-02 -3.36387902e-02 -6.98079588e-04 -4.22540791e-02
  2.84706280e-02  2.60511264e-02  3.63307074e-02  5.80988675e-02
 -2.72384472e-02  3.95694599e-02 -7.08912015e-02 -6.48723543e-02
  1.16630672e-02 -6.77540675e-02  3.78846936e-02  7.54443109e-02
  9.11146123e-03  7.24369613e-03  3.83540499e-03 -4.28003035e-02
 -1.52486823e-02  4.06679371e-03  1.85894649e-02 -7.37407506e-02
  1.20577626e-01  1.53227746e-02  2.46125720e-02  2.72880010e-02
 -4.77302587e-03  5.14840893e-03  4.19949088e-03  6.89485157e-03
 -3.56162861e-02  5.45651279e-02 -3.17891128e-02  5.68221360e-02
 -3.53515483e-02 -2.26907693e-02 -2.51608696e-02  6.27170429e-02
 -6.90317526e-02  4.68809791e-02 -4.52703796e-02 -4.93486002e-02
 -6.22870475e-02  1.08423820e-02  2.16566958e-02  7.66061619e-03
  1.16454817e-01  9.49484238e-05 -5.65660968e-02  2.23969687e-02
  2.16844236e-03 -7.25957900e-02  3.47793363e-02  3.14289652e-34
 -3.10440883e-02  3.60458228e-03  1.00620314e-02  6.84460578e-03
  1.05802091e-02 -2.61885654e-02 -5.70569970e-02  3.52596790e-02
 -1.28639592e-02 -6.35987967e-02 -3.53547297e-02  3.62153798e-02
  1.08474500e-01  3.54155637e-02  1.34856775e-02  8.20775423e-03
 -8.07286799e-03  4.09692898e-02 -1.17654251e-02  3.01657859e-02
 -6.33351728e-02 -7.62529820e-02 -4.76397667e-03 -1.94232874e-02
 -6.47910610e-02  4.22642790e-02 -9.75001901e-02 -5.01559265e-02
 -3.89522873e-02 -8.52418095e-02  1.80650000e-02  9.05623101e-03
 -1.97364632e-02  4.95178774e-02 -8.82511064e-02  5.18480409e-03
 -3.03835776e-02 -5.99951409e-02  1.38099613e-02  9.05509666e-02
  1.16849784e-02  3.30934953e-03  7.22655952e-02 -7.63404518e-02
 -6.98824450e-02 -2.29300857e-02 -4.22331505e-03  2.02978756e-02
 -6.43512933e-03 -1.14227526e-01  1.21011741e-01  5.18514849e-02
  3.85282151e-02 -3.87427248e-02  4.43965048e-02 -3.33496593e-02
  1.31925503e-02  7.63684064e-02 -3.50402929e-02 -3.93202975e-02
  4.99726348e-02  5.92876486e-02 -6.45810440e-02  2.95959841e-02
 -4.71913777e-02 -5.27984686e-02 -2.75601726e-02  9.76799149e-03
  3.27382945e-02 -2.73718406e-02 -4.39135432e-02  4.93247528e-04
 -2.23940667e-02 -4.34058346e-03  2.94026155e-02  4.22917642e-02
 -3.71025945e-03 -1.94477402e-02 -7.18477275e-03 -5.63638331e-03
 -4.51310165e-02  1.93432495e-02  3.50853540e-02 -4.08587307e-02
 -4.54685353e-02 -3.56124416e-02 -4.29030461e-03 -1.28255978e-01
  5.62151037e-02  6.27254322e-02 -1.20334178e-01  2.08814163e-02
 -5.78482486e-02  2.80059911e-02  4.22578752e-02 -1.70933365e-08
  4.44043353e-02 -6.19397648e-02  6.09369613e-02  5.78838810e-02
 -5.05492091e-02 -3.56396921e-02  5.24956919e-02  1.05482927e-02
  2.56252028e-02  1.34041131e-01 -6.20277077e-02 -1.91350412e-02
  8.45352411e-02  2.72062477e-02 -1.58571806e-02 -8.54459479e-02
  3.79821993e-02  1.53256198e-02 -7.77855003e-03  7.72792101e-03
 -1.85529850e-02  4.36054654e-02  2.99414676e-02 -2.70712320e-02
  8.20840895e-02 -4.81661819e-02 -4.87236232e-02 -4.46785688e-02
  2.03300826e-02  1.55704916e-02 -6.20208401e-03  7.79801793e-03
 -3.49773280e-03  1.48206111e-02 -2.27657650e-02 -8.83338451e-02
 -3.95751670e-02 -1.81477163e-02 -1.92948151e-02 -1.26067132e-01
  4.78578061e-02 -3.84503335e-04  7.56079331e-03  1.80569235e-02
 -6.24162052e-03 -9.25811604e-02  7.82688111e-02 -1.90535560e-02
  3.92393209e-02  9.28296447e-02 -2.90461797e-02 -2.20788666e-03
  6.54002428e-02 -7.87839890e-02 -3.98441218e-02 -1.53941568e-02
  2.94547603e-02 -8.16315599e-03  6.17623851e-02  4.59407531e-02
 -2.47058123e-02 -3.22094075e-02  1.21822907e-03 -8.68301839e-03]",project_topic,Project topic: Sustainability and environmental awareness,0.5672078132629395
Nature_Training_Course,31,What did you learn at this training course? ,More I do about environment sustainability,More I do about environment sustainability,neutral,0.0,True,"[ 6.73415586e-02  5.31002134e-02  5.65974861e-02 -7.84496125e-03
  1.38907641e-01 -7.22665340e-02  3.67709920e-02  1.94023289e-02
  1.51392948e-02  1.82707272e-02 -3.76093537e-02 -2.56420895e-02
 -9.86448117e-03  8.20397027e-03 -2.59079840e-02  5.30135781e-02
 -9.45776254e-02  1.85722727e-02 -8.79958272e-02  8.61462392e-03
 -1.38832107e-01  3.99727449e-02  8.71965755e-03  3.90344784e-02
 -1.32604212e-01  2.09141150e-02 -2.18053255e-02 -6.93115056e-04
  3.55201513e-02  2.49055065e-02  5.85718779e-03  1.13542363e-01
  3.19777913e-02 -6.91889087e-04  2.52079498e-03  8.55193287e-02
  4.30266894e-02  1.40566919e-02  1.88064724e-02 -4.83549051e-02
  1.92717556e-03 -6.35498613e-02 -2.44328510e-02 -8.74826312e-02
 -3.18772830e-02 -5.26498668e-02  1.64904166e-02 -1.40780866e-01
  5.59812933e-02 -6.71275184e-02  6.73338622e-02  2.58905813e-03
 -6.12267964e-02 -7.91382045e-02  1.93252768e-02 -7.01828375e-02
 -2.28780904e-03 -2.97673512e-02 -1.03625534e-02 -5.08992337e-02
  1.03750631e-01 -2.42625829e-02 -6.08322956e-02  5.01626767e-02
  7.11193234e-02  4.62507270e-02 -7.67367929e-02  6.03122599e-02
 -4.20816839e-02  1.01517085e-02 -1.92405898e-02 -1.86198894e-02
  1.11569017e-02 -3.42024345e-04  2.43698223e-03 -5.44031933e-02
 -3.30299474e-02  3.41620184e-02  7.65740871e-02  3.39049175e-02
  9.72590968e-02 -2.84083840e-02 -5.06196134e-02 -4.00533862e-02
  1.66071206e-02 -3.40371281e-02 -1.01042381e-02 -2.88871545e-02
  3.41575518e-02 -1.32425167e-02 -3.86736430e-02 -3.07311416e-02
  9.18077007e-02  3.76516655e-02 -3.15861180e-02  6.85020909e-02
 -4.59102392e-02 -1.69010018e-03 -1.74990874e-02  2.71232910e-02
  1.97706707e-02  1.49966190e-02 -8.67453869e-03 -4.32054419e-03
 -5.51377684e-02  1.16746547e-02 -6.29984364e-02  7.70355389e-02
  1.56539269e-02 -2.02372968e-02 -8.90683010e-02  4.59340438e-02
 -4.25205715e-02  6.31900132e-02  5.31307757e-02  2.08526235e-02
  9.43346843e-02  2.88586579e-02  1.23370044e-01 -4.44523618e-02
 -1.68171227e-02 -8.07279721e-03 -1.81277376e-02  9.96325538e-03
 -1.02628618e-02 -9.42644402e-02  3.18097696e-02 -2.97217024e-33
 -2.83080209e-02  3.21233831e-02  7.64667094e-02 -4.26701978e-02
  3.21246162e-02  5.17797284e-02 -2.07792800e-02  6.42995015e-02
 -9.95812658e-03 -2.01063640e-02  1.07853122e-01  1.23906480e-02
 -7.54602859e-03 -8.37980583e-03  3.45883332e-02 -1.00237273e-01
 -4.63485904e-02  3.11122257e-02 -2.51549222e-02 -1.27589470e-02
 -6.10070582e-03  9.15979687e-03  9.31646489e-03  7.21883848e-02
  7.15168864e-02 -3.56354788e-02  5.08860536e-02 -2.07489170e-02
 -5.28177544e-02  2.82910112e-02  1.06190868e-01  3.03704236e-02
 -8.39651674e-02 -1.52897341e-02  2.13645492e-03  3.75281796e-02
 -3.33499089e-02  8.00997466e-02 -5.86828515e-02 -1.33339288e-02
 -5.13936020e-02  1.77467649e-03 -2.80924551e-02  2.44859122e-02
  1.23714417e-01  1.15485648e-02  1.68099076e-01 -2.25850996e-02
  3.34253930e-03  9.83752403e-03 -4.18028124e-02  5.33961095e-02
 -5.45244589e-02 -5.93822449e-02  1.49114812e-02 -7.00652748e-02
  1.97704341e-02 -5.08271642e-02 -5.22180572e-02 -3.88907865e-02
 -3.45416069e-02  1.16551369e-02 -9.12550539e-02 -4.60187085e-02
  6.68912232e-02  4.03731689e-02 -2.22454852e-04  5.55535890e-02
 -3.64059620e-02  1.18919471e-02 -5.83580397e-02 -3.17410044e-02
 -5.16757406e-02 -1.80188511e-02 -8.38446170e-02 -1.03236921e-02
 -4.56669629e-02  2.36932784e-02 -8.02973881e-02  6.57969639e-02
 -8.72766823e-02  2.10252646e-02  1.37961109e-03 -5.17111905e-02
  6.52542263e-02 -7.14532891e-03  6.51228204e-02  4.76286933e-02
  1.31726250e-01  3.35884700e-03 -6.40451461e-02  1.60860997e-02
  1.92486066e-02 -4.14956547e-02 -8.53020400e-02  1.09221627e-33
 -6.67413976e-03 -5.89351729e-03 -1.50723504e-02 -2.01915931e-02
 -4.65552369e-03 -1.00965425e-01 -5.52315675e-02 -1.04138199e-02
 -1.27535686e-02  8.76956433e-03 -3.68776135e-02  7.85740763e-02
  6.13467116e-03  2.23607440e-02  7.72840530e-03 -5.85943274e-02
  1.05833765e-02  1.21748857e-02 -8.86978060e-02 -1.80407148e-02
 -4.96323816e-02  9.27089676e-02 -7.31548741e-02  3.01683955e-02
 -9.73144546e-02  4.58676815e-02  4.06737905e-03  3.29430178e-02
  9.65070426e-02 -3.61928041e-03  2.14009620e-02 -5.74247632e-03
 -7.02048019e-02 -3.03430837e-02 -5.31784967e-02  2.52134502e-02
 -8.22553877e-03 -3.87081467e-02  2.87089311e-02  3.98732312e-02
  6.61170259e-02 -6.59922287e-02 -8.68531223e-03 -4.06132415e-02
  9.44888685e-03 -5.77192754e-03 -1.54508734e-02  2.65879240e-02
  1.18273776e-02 -7.96984881e-04  7.08319023e-02 -2.79444735e-03
 -5.54295778e-02 -6.58713505e-02  4.49081734e-02 -2.06752727e-03
  9.17602852e-02  1.46388654e-02 -7.10855424e-02 -2.29264237e-02
  4.92915278e-03  9.29421112e-02  1.93886478e-02  7.99393803e-02
  1.21130201e-03 -3.72537784e-03 -4.39986736e-02 -1.69724226e-02
 -3.45498472e-02 -5.31965084e-02  4.92630899e-02 -2.35197116e-02
 -1.10854149e-01  4.72980598e-03 -4.71183769e-02 -3.86563502e-02
 -1.12942345e-02  1.36960335e-02 -8.46072435e-02  2.74740551e-02
 -2.04677861e-02 -3.99361290e-02  5.46668703e-03 -1.28406659e-02
 -1.10043967e-02  2.10874472e-02 -1.43354395e-02 -8.61562937e-02
  2.89011989e-02  1.10186614e-01 -8.91135484e-02  3.72376628e-02
 -3.82653400e-02  2.10210625e-02  3.00034950e-03 -1.69001719e-08
  2.81402860e-02 -1.23220533e-02  1.67843267e-01 -2.91938037e-02
 -2.06136648e-02  1.25632463e-02  4.33496274e-02  1.13477502e-02
 -3.51058261e-05  5.48036806e-02  7.11340606e-02  1.07704252e-02
  2.39859126e-03  7.54930452e-02  8.85908529e-02 -3.48165073e-02
  5.72592467e-02 -7.48217329e-02 -2.06910465e-02  2.90353764e-02
  5.23950625e-03  2.06771791e-02 -1.49377342e-02  4.82048728e-02
  4.62673008e-02 -2.77710594e-02 -2.56806761e-02  5.88268712e-02
  2.68157870e-02 -7.12274527e-03  4.97963503e-02  5.66509254e-02
 -7.63779134e-02 -4.88140562e-04 -3.49208340e-02 -1.06787205e-01
  4.55639921e-02 -8.93812999e-02  3.30914669e-02  9.19331145e-03
 -2.15909220e-02  3.58392484e-02  2.79602632e-02  9.38279927e-02
 -2.05159727e-02 -6.93799974e-03 -5.29243425e-02  2.51621045e-02
 -1.83246806e-02  5.48565239e-02 -3.20923291e-02 -7.56397322e-02
  1.41134970e-02  7.83167034e-02  8.18620473e-02 -5.93784684e-03
 -4.06667544e-03  1.01001645e-02 -3.66834775e-02  1.36105381e-02
  6.33069798e-02 -6.17061220e-02  4.65167314e-02  1.37660105e-03]",project_topic,Project topic: Sustainability and environmental awareness,0.594760537147522
Nature_Training_Course,32,What did you learn at this training course? ,"Design thinking seemed interesting to me, I had never heard of such a thing and it was new to me","Design thinking seemed interesting to me, I had never heard of such a thing and it was new to me",positive,0.4019,True,"[-5.33140115e-02  4.27103154e-02 -3.31638493e-02 -4.16850075e-02
 -9.32016410e-03 -7.02140108e-02  5.74247167e-03  3.34732085e-02
  4.48180549e-02  4.16648872e-02 -8.45201164e-02  1.31812051e-01
 -5.54200215e-03 -4.10553068e-02  1.61078982e-02 -2.70547811e-02
  3.34385633e-02 -5.56767806e-02 -4.57094051e-03  4.88670431e-02
 -2.73205396e-02 -6.19691424e-02 -1.12693841e-02 -5.48528358e-02
 -6.62131608e-02  3.76168415e-02 -5.19740675e-03 -5.13283396e-03
  4.15566973e-02 -3.16853751e-03  1.60374623e-02  1.12310939e-01
  5.84990857e-03 -2.93545034e-02 -2.95819845e-02 -6.96674408e-03
  8.27032141e-03  7.36522451e-02 -5.41116260e-02 -7.19759092e-02
 -1.25994265e-01 -4.03262787e-02  7.42989965e-03 -3.61313228e-03
  2.81040184e-02  2.05798019e-02 -2.09663268e-02 -2.74313223e-02
 -2.51733847e-02 -4.80737202e-02 -5.96377850e-02 -1.33770958e-01
  2.61030020e-03 -7.63467029e-02  1.57773755e-02  2.30399780e-02
 -1.39256986e-02  1.37676960e-02 -5.37187560e-03 -3.75331789e-02
  7.37211062e-03  2.79454216e-02 -2.18399838e-02  4.00194153e-02
  6.50170147e-02  2.10212800e-03 -2.92022265e-02  5.59401289e-02
  2.27290615e-02 -1.32099777e-01  7.67363533e-02 -2.63727643e-02
  3.53349149e-02  3.57777029e-02  1.11626342e-01  8.10752064e-03
 -7.06482027e-03 -3.02401520e-02 -2.95611545e-02  1.91204771e-02
 -3.64106474e-03  1.07900567e-01 -4.75010052e-02  4.00604382e-02
  3.57680768e-02 -2.00259350e-02 -2.10189018e-02 -1.91362742e-02
 -3.19781597e-03 -6.18203403e-03  3.42157087e-03 -1.33262733e-02
 -3.47668007e-02 -8.98805447e-03  7.66856922e-03  2.45898534e-02
 -4.64474745e-02  2.00610422e-03  3.63083393e-03 -1.11856898e-02
 -2.45029852e-02  3.90698723e-02  3.97247188e-02  1.05501886e-03
  5.99448709e-03 -5.25581166e-02  1.60373710e-02  4.64200787e-03
 -3.37347649e-02 -1.28501905e-02 -7.22468719e-02 -1.38057834e-02
 -7.16841966e-03  3.82257737e-02 -1.26407608e-01 -6.62857434e-03
  4.99283243e-03 -2.39013578e-03  9.25230682e-02  2.46034525e-02
  6.48210868e-02  1.03503540e-02 -3.90270241e-02 -9.73504856e-02
  2.33256146e-02 -4.85175960e-02 -4.67787310e-02 -4.34999803e-33
  2.53320523e-02  1.45267639e-02  2.29129028e-02  4.91697714e-02
  1.55445740e-01 -9.43725780e-02 -1.13167521e-02  4.88441773e-02
  1.22564740e-03  5.63973300e-02  1.08937420e-01 -2.29306202e-02
  6.46035969e-02  1.29618615e-01  3.07395291e-02 -1.12367623e-01
 -1.05994478e-01  2.81666555e-02 -4.73697595e-02 -2.31484640e-02
 -7.82800466e-02  1.66043900e-02  8.46609697e-02 -4.56896909e-02
  1.49546517e-02  1.09560780e-01 -7.73757929e-03  1.14890663e-02
  4.34226021e-02  1.45257218e-02 -7.33254626e-02  7.29612187e-02
 -6.58706576e-03 -1.72889065e-02 -1.00392967e-01  5.65716960e-02
  5.75533174e-02 -1.18659437e-01  7.31941760e-02 -3.07655055e-03
 -4.85136807e-02  1.71295106e-02  2.68264394e-02 -8.23677424e-03
 -3.59554701e-02  3.85516472e-02  4.67212461e-02  1.06065581e-02
 -1.07309572e-01  3.60116400e-02 -4.26526256e-02 -1.55483177e-02
  2.28728987e-02  2.59164348e-02  2.52118316e-02 -9.00268704e-02
  1.81240365e-02 -2.30948664e-02  4.04220931e-02  1.57129373e-02
 -6.36151955e-02  7.01876655e-02  9.17525683e-03 -2.43909657e-02
 -2.43482105e-02  6.19711354e-02  2.55894493e-02  9.81229451e-03
  7.50553086e-02 -3.98532413e-02 -2.09531747e-02  4.15947326e-02
 -5.54973669e-02 -3.32426243e-02 -3.42272781e-02 -1.46774156e-02
 -4.12994064e-02  1.66484900e-03  3.66677716e-03 -1.39797234e-03
  8.13833997e-02 -3.27030802e-03  1.98689625e-02 -6.11697091e-03
  2.71549132e-02  2.19420847e-02  9.08291489e-02 -5.16383871e-02
 -7.86078423e-02 -3.91356274e-02  1.79862361e-02 -4.39737849e-02
  3.69504676e-03 -5.78426421e-02  2.59795506e-02  1.30045105e-33
 -1.13654405e-01 -3.68062705e-02 -4.46937568e-02 -2.82465015e-03
  5.73636144e-02 -8.13887343e-02 -3.07920296e-02 -3.66425887e-02
  4.31161933e-03  5.25905564e-02  6.17219359e-02 -1.28467837e-02
 -2.29027309e-02  1.03331968e-01  4.26001400e-02 -6.21141419e-02
 -1.34490030e-02 -5.92687093e-02  2.95644114e-03 -1.38125271e-02
  8.64780545e-02  6.51097223e-02 -8.45374763e-02 -3.65463905e-02
  2.11037900e-02  4.40031327e-02 -4.93089817e-02 -3.32844891e-02
 -3.93282026e-02  9.70094465e-03 -6.16418645e-02 -5.88374101e-02
  5.23067778e-03  2.83415373e-02  5.03501035e-02  2.19911896e-02
 -2.90722344e-02  2.21355818e-02  1.47425691e-02 -5.96033894e-02
 -9.71070156e-02 -5.12954220e-02  7.07307160e-02  1.95441190e-02
 -6.51062652e-02 -4.55020443e-02 -2.01144814e-02  4.18109335e-02
  7.46432459e-03 -3.31633985e-02 -2.19016317e-02  5.81604987e-02
 -1.00533348e-02 -1.25465602e-01 -5.41845001e-02 -3.16037163e-02
 -8.58306233e-03  9.84225236e-03  9.04685631e-02  1.01330228e-01
  6.95858300e-02  4.81654005e-03 -8.23721103e-03 -8.32558125e-02
  2.79892925e-02  5.32744080e-03 -1.31083624e-02 -1.85680240e-02
 -1.15145538e-02  6.34025130e-03  3.84784378e-02  1.84606370e-02
 -4.51779924e-02  4.68071662e-02  4.82979976e-02 -5.24077490e-02
  7.18925893e-02 -2.32140273e-02 -8.68321955e-02  2.45557651e-02
 -3.92253473e-02 -6.82123378e-02  1.40440073e-02  2.28176173e-02
  3.88318747e-02 -1.76940002e-02 -1.60989746e-01  4.55428138e-02
 -2.67253853e-02  2.29445528e-02 -2.30900850e-02  9.03140604e-02
  1.81975644e-02  1.34420738e-01 -3.11187748e-02 -2.52851926e-08
  4.44332277e-03 -2.38466961e-03  6.71772510e-02  4.05921303e-02
 -4.70661297e-02 -2.10896768e-02  2.10029203e-02 -3.16066481e-02
 -9.43717659e-02 -2.96770670e-02  4.37857164e-03  3.05572078e-02
  1.59948375e-02  1.01651810e-01  7.72506222e-02 -9.16830450e-03
  7.54683018e-02 -2.58000959e-02 -7.11181313e-02 -3.98180410e-02
  3.87433991e-02  5.34668304e-02  5.48353232e-03 -1.06776087e-02
 -2.92730760e-02  5.53627498e-02 -5.03657684e-02 -1.85333472e-02
 -1.39044728e-02 -1.55215422e-02 -3.74046564e-02  9.41115171e-02
  7.51736760e-02  2.70665735e-02  2.14105099e-02 -1.94484629e-02
 -2.08715294e-02 -1.00452546e-03  1.52170919e-02 -7.69573301e-02
  4.99830209e-03 -1.02411501e-01 -2.49558799e-02  1.09410755e-01
 -1.85593218e-02  3.84679101e-02  1.10483775e-02 -3.09377834e-02
 -4.26809862e-02  7.97097757e-02  4.38196585e-02  5.91181964e-02
  2.21154303e-03 -5.63917868e-03  7.02224895e-02  4.00272310e-02
  3.46343927e-02  1.86952893e-02  8.30500107e-03 -2.51208851e-03
  7.17314556e-02  3.36452350e-02 -6.49036542e-02  1.24354340e-01]",other,Other,0.19447678327560425
Nature_Training_Course,33,What did you learn at this training course? ,I liked the part where I had different topics to talk to everyone about the environment for a while ! It was a clock assignment!,I liked the part where I had different topics to talk to everyone about the environment for a while !,positive,0.6,True,"[ 1.20911570e-02  5.25269099e-02  9.38989818e-02 -8.81031621e-03
  1.28951401e-01 -8.71664658e-02  1.84891559e-02 -2.83985250e-02
 -2.47383881e-02 -5.26549853e-02 -4.68518510e-02  3.00417859e-02
  4.59051738e-03  3.27301510e-02  3.52089107e-02 -9.82782524e-03
 -4.43257987e-02 -1.82175841e-02 -8.48933123e-03  1.88195985e-02
 -8.69524777e-02  1.38328671e-01  5.19063026e-02 -2.09710957e-03
 -6.97839335e-02  4.87707183e-02  1.24127846e-02  5.38845621e-02
 -1.23823574e-03 -8.39883648e-03 -1.73818059e-02  1.34758979e-01
  2.20878385e-02  9.85321403e-03 -7.30973342e-03  4.31358516e-02
  5.78286080e-03  1.22598815e-03 -5.57862818e-02 -1.84708787e-03
 -4.41575572e-02 -3.17758473e-04  3.80748361e-02 -2.34788191e-02
 -2.07028799e-02 -9.07185897e-02  2.00123060e-02 -1.12562880e-01
  1.00646399e-01 -1.48064755e-02  4.59360406e-02 -6.03423119e-02
 -4.44989353e-02 -2.95857005e-02 -4.14022356e-02  2.99745649e-02
 -1.14372848e-02  6.75337343e-03  5.56173362e-03 -4.00401093e-02
  2.88807023e-02 -4.31345664e-02 -4.81815003e-02  4.95041162e-02
  1.18815109e-01 -4.69733663e-02 -6.90383613e-02  6.54955655e-02
 -7.21346913e-03 -3.28588076e-02 -8.71744379e-02  6.61984161e-02
  5.04009984e-02 -6.60947189e-02 -4.96328622e-02  1.25478096e-02
 -1.16020003e-02 -2.76012849e-02  4.03515473e-02  1.06262779e-02
  6.52739108e-02 -2.92319693e-02 -9.57303569e-02 -2.18644179e-02
 -2.94946367e-04 -9.41785052e-02  7.13813258e-03 -6.74491674e-02
 -3.76836807e-02 -3.45881432e-02  6.18613776e-05  1.50262928e-02
  6.76802918e-02  2.87474152e-02 -1.33940596e-02  1.84838753e-02
 -3.45389880e-02 -4.02746983e-02  7.90431425e-02  5.76130748e-02
 -1.38606746e-02 -8.93709995e-03  1.56372767e-02 -4.67778370e-02
 -2.07663793e-03 -5.15229478e-02 -2.03818306e-02  1.69709269e-02
 -1.09213796e-02  4.03391570e-02 -3.09933405e-02 -1.38844852e-03
  4.86271344e-02  3.13653238e-02  6.20604269e-02 -1.35762123e-02
  1.49808750e-01 -1.94742307e-02  2.93965768e-02  5.63208014e-02
  7.57253394e-02 -2.25733463e-02 -1.80982314e-02  6.68694675e-02
  4.48404886e-02 -3.02296579e-02  4.74214964e-02 -4.68677789e-33
  3.22873816e-02 -1.83059759e-02  1.23719610e-02  7.73557350e-02
  9.34382752e-02  5.44914827e-02 -4.58696447e-02  6.84284940e-02
 -3.58100198e-02 -1.05555383e-02  3.58341187e-02  4.33743093e-03
 -4.51460890e-02  3.52550521e-02  3.48035060e-02 -3.95240188e-02
 -1.05477169e-01  3.74158137e-02 -2.06062812e-02  1.51342079e-02
 -5.25763519e-02  4.68523614e-02 -4.44518402e-02  4.38949168e-02
  9.30856243e-02  7.35894497e-03  1.36136293e-01 -5.91104329e-02
  3.91260460e-02  1.44278882e-02  2.76715234e-02  4.87857945e-02
 -5.31625114e-02  4.11290340e-02  6.68125898e-02 -5.29934233e-03
  1.54494890e-03 -2.66003106e-02 -2.66096368e-02 -3.81851592e-03
 -1.96268745e-02 -3.69213498e-03  1.26402274e-01 -3.54619510e-02
  2.43368354e-02  1.70741994e-02  3.49553376e-02  6.40298575e-02
  2.01959945e-02  1.12198051e-02 -1.13144189e-01 -7.37191085e-03
  3.05998363e-02  1.39478147e-02  2.84143351e-02 -4.66634855e-02
 -2.88202334e-02 -4.34135757e-02 -4.07678410e-02 -3.65446396e-02
 -3.60304564e-02  1.15298569e-01  2.74791643e-02 -1.55672550e-01
  2.64118891e-02  3.07017006e-02 -2.89534684e-02  4.04152907e-02
 -7.69752637e-03 -2.34778076e-02 -9.77428555e-02 -4.40071523e-02
 -5.58051653e-02 -7.90426973e-03 -5.74112311e-02  1.87171977e-02
 -7.66222998e-02  1.85812321e-02 -1.12396926e-01 -2.62716413e-02
  6.36086166e-02 -2.12098509e-02 -5.60609102e-02 -4.92368527e-02
  2.64917705e-02 -3.47571680e-03  1.03810921e-01 -6.96915090e-02
  1.60579979e-02 -4.55002487e-02  3.36966030e-02  7.77295977e-03
  6.24628402e-02  4.31427080e-03  4.50262940e-03  2.17945120e-33
  2.36296910e-03 -3.99833992e-02 -3.16957273e-02 -6.52877912e-02
  3.06575596e-02 -3.38090174e-02 -1.05163962e-01  5.88998832e-02
  3.37189771e-02  6.15501776e-02 -1.02319662e-02  5.64280860e-02
 -1.06798885e-02  2.67535709e-02 -1.08983396e-02  9.81959142e-03
 -9.18874145e-03 -2.84470227e-02  1.73602514e-02  2.11280566e-02
 -3.75633053e-02  4.60180044e-02 -7.48396292e-02  1.26486933e-02
 -2.74037104e-02  2.09174603e-02  3.99122536e-02  1.67600792e-02
  1.66356247e-02 -6.86996756e-03 -1.12232879e-01  2.89987046e-02
 -6.97271302e-02 -8.63461383e-03 -5.00186495e-02  5.43433689e-02
 -4.53391252e-03 -1.22518964e-01 -2.05085501e-02 -6.62316531e-02
  3.58917154e-02 -1.01786405e-01  1.17990999e-02 -2.14853175e-02
 -4.62819263e-02 -3.69667523e-02  3.42289768e-02 -1.09906560e-02
 -7.89176673e-02  6.56400435e-03 -5.70391268e-02  1.52832223e-03
 -3.56592983e-02 -6.33867308e-02  2.85599884e-02  8.10844358e-04
  1.30727440e-01  2.47439221e-02  4.59380336e-02 -4.36449843e-03
 -5.99514842e-02  6.06605299e-02 -3.49789090e-03 -9.11097750e-02
  1.16558252e-02 -9.05416682e-02  4.79980931e-03 -4.68869619e-02
 -4.20120992e-02 -2.97506992e-02 -6.94418624e-02  1.22784758e-02
 -6.78237155e-02  1.01015372e-02  5.16956486e-02 -2.85693277e-02
  6.83150515e-02 -6.70950711e-02 -8.28430057e-02  3.56358923e-02
  3.44353057e-02  2.77624913e-02 -5.26451506e-02  1.02073699e-02
  8.22032019e-02  6.05782270e-02 -8.11160728e-02 -5.89356292e-03
 -6.99506281e-03  7.53458515e-02 -5.94475865e-03  9.79026686e-03
 -7.06879869e-02  2.91232392e-02  9.07966495e-03 -2.54919588e-08
  3.30990106e-02  4.73735444e-02  4.00713570e-02  3.85283097e-03
  2.56196652e-02 -3.25592868e-02 -4.66829501e-02  5.29559664e-02
 -4.46681902e-02  8.42222571e-02 -2.52827257e-02  6.27579689e-02
 -2.67658178e-02  9.74708945e-02  2.23185010e-02  1.43567873e-02
  5.12712933e-02 -3.68233137e-02 -3.69507447e-02  1.88556127e-02
  4.22960334e-02  6.01924732e-02 -4.03298996e-02  4.59935963e-02
 -5.28857391e-03 -7.03072990e-04 -1.28002511e-02 -1.25427740e-02
  1.73321031e-02 -3.16489786e-02  1.20347722e-04  1.66079160e-02
 -1.21847138e-01  5.14977127e-02 -8.14397782e-02  8.77788174e-04
 -3.78962699e-03 -5.29024890e-03  2.15126593e-02 -2.53917798e-02
 -1.58050898e-02 -2.82595083e-02  3.68806906e-02  3.95854563e-02
  1.49951559e-02  5.30474894e-02 -1.43694552e-02 -5.37214614e-02
  7.32408895e-04 -1.99354775e-02 -5.99056482e-02 -6.57513961e-02
  1.51644154e-02  4.08823192e-02  1.11757793e-01  6.70132227e-04
 -3.09509821e-02 -2.97463350e-02 -3.09977494e-03  5.47243878e-02
  5.66832274e-02  1.39119610e-01 -1.64516553e-01  6.15484416e-02]",other,Other,0.37219637632369995
Nature_Training_Course,33,What did you learn at this training course? ,I liked the part where I had different topics to talk to everyone about the environment for a while ! It was a clock assignment!,It was a clock assignment!,neutral,0.0,True,"[-2.25032996e-02  1.06979840e-01  1.06939171e-02  2.06278507e-02
 -2.39841314e-03  3.35748158e-02  9.43467300e-03 -2.16562320e-02
 -3.06008179e-02 -1.95857864e-02 -3.98955382e-02  3.48570906e-02
  2.01733736e-03 -1.05076618e-02 -4.66379784e-02 -1.05752155e-01
 -6.85719997e-02 -6.47768527e-02 -8.53090640e-03 -3.39159416e-03
  1.49986716e-02 -5.44264168e-03 -7.51519436e-03  6.19496964e-02
  3.05649303e-02  6.45467788e-02  5.94769418e-03 -1.55153321e-02
  1.81421489e-02 -1.78229753e-02 -5.15359528e-02  7.90732726e-02
  5.52219041e-02  4.41708565e-02 -4.41238880e-02  1.92826577e-02
  9.95410159e-02 -7.63711287e-03 -2.71402090e-03 -1.38625791e-02
  2.49275621e-02 -2.22077221e-02  4.93501760e-02  5.58604375e-02
  3.65962610e-02  1.01146139e-01  1.01655051e-02 -2.01930813e-02
 -5.96627556e-02  4.35889810e-02 -7.05192192e-03  7.50409141e-02
 -1.12238742e-01 -2.66656280e-02  1.97548084e-02  1.10754423e-01
  7.01835230e-02  1.50949480e-02  5.53960875e-02  2.49464493e-02
 -9.37692374e-02  2.61310562e-02 -6.95504919e-02  7.88697079e-02
  9.35297534e-02 -5.55803515e-02 -2.43952945e-02 -1.34537928e-02
 -6.91116182e-03  5.69190420e-02  1.23309726e-02  3.00196745e-02
  9.66781527e-02  9.60325170e-03 -6.25401316e-03 -1.29801324e-02
  6.25437405e-03 -4.51924168e-02  5.64896353e-02  4.72119311e-03
 -9.02078450e-02 -1.05212912e-01  5.02052484e-03  4.72439528e-02
  6.33760840e-02 -9.20116976e-02  2.84115523e-02  8.12612474e-02
  4.26763333e-02 -5.46560176e-02  1.81509051e-02 -1.67701475e-03
  2.98145749e-02  2.77085993e-02  4.71178778e-02  4.47218195e-02
 -3.81192118e-02  3.49286087e-02 -5.82966171e-02  8.77643749e-02
 -1.36049464e-02  5.22021130e-02 -1.93382259e-02  6.78281635e-02
 -5.51512092e-02 -6.46472052e-02 -6.80107549e-02 -3.37822363e-02
 -5.80833480e-02 -9.90041196e-02  4.58611548e-02  2.60157380e-02
  8.71363729e-02  3.60285938e-02  4.61658500e-02  2.45325919e-02
 -2.58177873e-02  6.47228882e-02  1.57846324e-02  1.59317942e-03
  4.39689271e-02  1.50568038e-02 -1.56672485e-02 -3.30711119e-02
 -6.01426475e-02  2.74454672e-02  4.57517505e-02 -8.24172077e-33
 -4.45332937e-02  4.56590671e-03 -1.37065947e-02  6.24706522e-02
  8.91551971e-02 -1.40752802e-02 -7.92400390e-02  2.18108501e-02
  4.50471304e-02 -3.42314355e-02  3.04779708e-02 -9.59872007e-02
 -1.86576676e-02  9.10623639e-04  4.31902967e-02  8.32434744e-02
 -1.37237767e-02  8.24773312e-02 -2.99930014e-02 -2.48858575e-02
 -9.31703020e-03 -1.49115836e-02 -1.69786271e-02 -4.45140488e-02
  1.84583047e-03  5.39435744e-02 -3.77939939e-02 -8.99077877e-02
  6.29710555e-02  4.09682766e-02  4.43093739e-02 -2.66280323e-02
 -3.32968011e-02  2.93808356e-02  4.75196131e-02 -1.78131033e-02
  7.45378481e-03 -6.97827563e-02  3.24608795e-02 -1.11291911e-02
  4.56070788e-02 -2.89885197e-02 -4.13552299e-03 -7.21743181e-02
  1.83867924e-02 -1.07543468e-02  4.18342911e-02  7.30494708e-02
  2.23582448e-03  5.63461408e-02 -1.04706600e-01 -6.09755376e-03
  8.55939239e-02 -1.13423042e-01  2.74980534e-02  4.22778018e-02
  6.87276572e-02 -1.71805024e-02 -6.78399652e-02  1.10329375e-01
  5.19663356e-02  5.89541569e-02  2.97059417e-02 -4.91589196e-02
 -4.69139516e-02 -9.43886768e-03 -4.38323282e-02  6.30834606e-03
  9.16402563e-02  2.84293573e-02 -5.37349097e-02 -8.28283746e-03
 -1.44291064e-02 -1.31367734e-02 -2.01669727e-02  3.19229700e-02
  5.00823669e-02  2.82306317e-02 -3.80611867e-02 -6.24216758e-02
  2.67622732e-02 -2.01834198e-02 -2.31999438e-02 -8.57772976e-02
 -1.72950737e-02 -5.51660061e-02  5.10714613e-02 -8.72243289e-03
 -4.91066724e-02 -1.91204511e-02 -1.31076863e-02 -6.65678307e-02
  3.20314169e-02  2.53424817e-03 -7.86471143e-02  5.40882383e-33
 -5.03944419e-02 -2.03620996e-02 -2.19115522e-02 -7.81998597e-03
  6.84836358e-02 -2.93602496e-02 -3.55426669e-02 -8.39188322e-02
  6.86061159e-02  9.00153369e-02 -1.78180914e-02  5.94951073e-03
 -2.99880952e-02 -2.16061436e-02 -3.24711786e-03  7.54980743e-03
  5.29839322e-02 -1.27926078e-02 -9.39602847e-04  7.77097838e-03
 -2.34331749e-02  1.01500362e-01 -5.61588779e-02 -1.85747314e-02
  7.90217333e-03  1.03378564e-01  5.53599857e-02 -4.35582511e-02
 -3.43394987e-02  3.24302465e-02 -1.08105123e-01 -5.34509607e-02
 -7.38991946e-02  1.78870503e-02  3.11255408e-03  1.87632367e-02
  4.69624773e-02 -6.05477095e-02 -6.17111884e-02  5.61313592e-02
  5.67358285e-02  5.55332750e-02  3.53303738e-02  1.36988103e-01
 -1.84957739e-02  6.81271777e-02 -5.78245930e-02  4.72307727e-02
  1.78551127e-03  3.18131894e-02 -6.59477636e-02 -2.83493791e-02
  3.85235883e-02 -3.16518322e-02 -6.57236204e-02  4.62712720e-02
 -2.98620239e-02 -2.66740378e-02  1.15692981e-01  3.12060844e-02
 -6.03485554e-02  5.71334083e-03  3.60115953e-02  1.01087964e-03
  2.04163957e-02 -2.95420997e-02 -4.07198109e-02 -2.41392367e-02
 -3.22867632e-02 -6.20239079e-02  9.65554863e-02  8.66323188e-02
 -6.80433661e-02  1.03950249e-02 -7.22758099e-02  2.71751489e-02
 -4.96173687e-02 -1.30008664e-02 -9.71298739e-02  1.20041426e-02
 -1.00213371e-01 -2.33781105e-03 -4.15643565e-02  8.84139836e-02
 -1.26477897e-01  1.23142181e-02  1.12000093e-01  6.60931133e-03
 -5.48594922e-04 -8.58921837e-03 -4.68323529e-02  3.51367667e-02
 -1.47430599e-02  5.57084829e-02 -4.34444994e-02 -1.70055579e-08
 -1.15118111e-02  8.14538673e-02  1.06656831e-02 -1.67041812e-02
  4.36366051e-02 -5.49930185e-02  5.80031313e-02 -1.49778007e-02
 -1.82323270e-02  3.64301130e-02  1.81377996e-02  1.05734346e-02
 -8.63161683e-03  3.54905762e-02  6.63936883e-02 -5.37838750e-02
 -5.15564205e-03 -3.11392546e-02 -6.15498535e-02 -3.06440797e-02
  4.70533036e-02  4.16303650e-02  1.65305100e-02 -5.17817922e-02
 -1.51592512e-02  1.84350461e-02  3.34620625e-02  1.13793373e-01
  6.15749769e-02  4.15069386e-02  3.88941765e-02  5.43278903e-02
 -1.78874210e-02 -7.11581763e-03 -9.82937887e-02 -2.35681981e-02
 -2.87921149e-02  1.93575062e-02  5.36442362e-02 -7.47907460e-02
 -7.75228664e-02 -3.23225744e-02 -7.63668716e-02  6.05142452e-02
  4.25427258e-02 -1.23484936e-02 -5.90154305e-02 -2.73653734e-02
 -6.35818243e-02 -9.53189954e-02 -2.98894737e-02  1.82698797e-02
  4.43117134e-02 -1.56533718e-02  8.89711678e-02 -7.93253258e-03
 -4.21121158e-03 -1.23212002e-01 -8.19673091e-02  3.55846435e-02
 -5.07160500e-02  7.38198534e-02 -7.89060816e-02 -4.44298498e-02]",other,Other,0.17171619832515717
Nature_Training_Course,34,What did you learn at this training course? ,more knowledge about critical thinking and critical design,more knowledge about critical thinking and critical design,negative,-0.6282,True,"[ 2.85771750e-02  2.99792960e-02 -6.64214939e-02 -3.12175415e-02
  3.59304482e-03 -1.68329775e-02  3.58023345e-02  1.26873165e-01
  3.98768345e-04  1.25531390e-01 -7.14487880e-02  4.51015197e-02
  2.46838480e-02  1.78264063e-02  6.08578604e-03 -2.94135679e-02
  1.32154515e-02 -7.73126706e-02  3.20553742e-02 -3.27130407e-02
  2.09031850e-02  1.71767082e-02 -2.54775491e-02 -9.91948601e-03
 -1.18354999e-01  6.95926845e-02  5.74142067e-03  3.36579494e-02
  1.97695363e-02  9.28517524e-03  2.70846728e-02  8.44418705e-02
  2.45384115e-04 -2.98455432e-02  2.40527112e-02  3.33743766e-02
  7.77008012e-02  5.10343872e-02  3.64003927e-02 -5.71707748e-02
 -1.01490043e-01 -7.62192858e-03 -2.54366286e-02  1.43892691e-02
 -2.41029169e-03  3.48661244e-02 -1.57163553e-02 -5.60311321e-03
 -1.73033196e-02 -5.51659800e-02 -1.21982887e-01 -1.06566094e-01
 -3.67145650e-02 -4.76331525e-02  2.80643087e-02  6.77238554e-02
  1.97196100e-02  2.73566190e-02 -3.84712517e-02  4.73404191e-02
 -2.28236802e-02 -1.41720008e-02 -2.84748953e-02  3.06316689e-02
  4.82861735e-02 -7.82912934e-07 -4.37998064e-02  5.94747849e-02
 -2.97540892e-02  4.86382581e-02  5.46507798e-02  1.08698371e-03
  7.22222999e-02 -9.82828140e-02  9.03594121e-02  1.16065666e-02
 -2.53963694e-02 -4.98169512e-02 -4.36929353e-02 -2.12774724e-02
  2.03714613e-02  4.29909378e-02 -1.19558424e-02  8.56189877e-02
 -1.56898107e-02 -4.78647836e-02  1.23315547e-02  3.58918944e-04
  3.14118434e-03 -4.99903597e-02  6.90528229e-02 -1.91685557e-02
  1.96547876e-03 -1.32122291e-02  7.71266669e-02  8.70868638e-02
 -9.52566788e-03 -4.05715518e-02 -2.58860495e-02  3.70615833e-02
 -4.04732600e-02  2.11214721e-02  5.98875470e-02 -8.39852020e-02
 -2.98048407e-02 -1.26170535e-02  1.02785192e-02  6.91928342e-02
  7.36887157e-02  9.20459628e-03 -5.36331534e-02  2.56486963e-02
  1.93344839e-02  2.66220104e-02  7.74798393e-02  3.13651375e-02
  1.85391810e-02  7.62260752e-03  6.98987916e-02  7.15298532e-03
  1.19960429e-02 -1.90548394e-02 -4.83120121e-02 -2.07083318e-02
 -2.28813644e-02 -1.47578893e-02 -3.78812216e-02 -1.88086627e-33
 -3.06656342e-02  6.58342615e-02  6.63914010e-02  6.95608556e-02
 -1.81984752e-02 -4.43636104e-02  6.12579025e-02  1.47590218e-02
 -4.48505953e-02 -2.00805254e-02 -2.21970119e-02 -7.29905814e-02
 -2.21363138e-02  4.30804528e-02 -5.04884450e-03 -5.70337847e-02
 -1.10485420e-01 -3.97578515e-02 -1.23602487e-01 -1.90322306e-02
  5.86740382e-04 -7.97745585e-02  5.94956204e-02 -6.56910762e-02
  2.93718576e-02 -3.34714260e-03  5.76164834e-02  4.11404185e-02
 -5.83028272e-02 -2.81053991e-03 -6.59547746e-02  3.51205692e-02
 -3.07686664e-02  1.14043042e-01 -3.43932435e-02  4.38655987e-02
  2.31298618e-02 -6.73944652e-02 -3.26643023e-03 -7.98200294e-02
  5.50291166e-02  2.53753997e-02  2.02937727e-03  5.15541397e-02
  7.60401413e-02  1.06858581e-01  1.45704508e-01 -1.71845052e-02
 -4.39954400e-02 -4.53535933e-03 -6.87595755e-02  2.35145967e-02
  3.95954475e-02 -2.62571592e-03 -2.77925748e-02 -3.70738395e-02
  2.91712757e-04 -6.54379558e-03  1.09764919e-01 -1.82888694e-02
 -9.21415612e-02  3.69385667e-02 -4.80880775e-02  2.90068109e-02
  7.49647766e-02  1.29604876e-01 -7.23947734e-02 -3.57764699e-02
  6.09359406e-02 -4.73840870e-02 -4.79681864e-02  9.49804299e-03
  3.58048081e-02 -5.35558462e-02 -7.34522492e-02  1.41330604e-02
 -6.53493181e-02 -1.48237944e-02  1.24160256e-02  1.48378443e-02
  3.54328267e-02 -2.14231815e-02  3.93825099e-02 -4.06222381e-02
  1.28517700e-02 -6.79094624e-03  8.92131329e-02  2.13581920e-02
  1.30932201e-02 -3.08005325e-02 -3.75812910e-02 -9.36727151e-02
  2.90041640e-02  1.90757159e-02 -2.37196349e-02  1.38644085e-33
 -8.08110535e-02 -1.23277150e-01 -3.32381725e-02  1.15686826e-01
  7.32493624e-02 -5.16975373e-02 -5.09623699e-02 -1.06681533e-01
 -5.66872722e-03  5.56916837e-03  7.78675154e-02 -1.06292121e-01
  1.38454803e-03  9.06061679e-02  1.67388823e-02 -2.52269097e-02
  1.61917787e-02 -7.42216185e-02  1.67121701e-02  4.89156833e-03
  4.89130318e-02  5.84710278e-02 -1.08969375e-01  3.06644570e-02
 -2.87588872e-02  5.29659465e-02  9.94933583e-03 -2.75497115e-03
 -7.09171593e-03  3.92595232e-02  6.40389249e-02 -1.01988889e-01
  1.34775033e-02  1.39509186e-01 -5.49435429e-02  2.91983820e-02
  2.70389058e-02  1.47670545e-02 -2.29971595e-02  2.46134493e-02
  1.28645077e-02  1.49626331e-03  4.88077253e-02 -3.96856926e-02
 -4.87244353e-02 -2.61112433e-02  1.37144728e-02 -1.38681894e-02
 -1.40658747e-02 -1.44054620e-02  2.74393484e-02 -2.36888248e-02
  2.57649533e-02 -9.98188853e-02  1.87166780e-02 -5.89099489e-02
  2.62203086e-02 -4.83256243e-02  7.54078776e-02  4.79613692e-02
  1.13963872e-01  7.22834980e-03 -4.63359319e-02 -4.26780283e-02
  3.45403608e-03 -6.03707507e-02 -4.85411063e-02  1.81755088e-02
 -1.04213124e-02  5.90464473e-03 -7.59819672e-02  1.93578508e-02
 -5.77428341e-02 -8.25944841e-02  7.83983804e-03  8.10764544e-03
 -7.79677648e-03  3.22931372e-02 -9.40039232e-02  9.42076184e-03
  1.27404481e-02 -5.37374988e-02 -6.81110518e-03  5.38158454e-02
  1.74179897e-02  6.02260306e-02 -6.51847422e-02  3.90454233e-02
  2.18948964e-02 -7.78084472e-02 -1.24027438e-01 -5.28968386e-02
  5.25490791e-02 -2.43667029e-02 -1.44965155e-02 -1.59728408e-08
 -5.76678663e-02 -3.38300429e-02  8.93219262e-02 -3.31438333e-02
  6.75825775e-02  1.68110728e-02 -4.02164124e-02  1.83804892e-02
  1.44574083e-02  7.14855492e-02 -3.33884694e-02 -5.74859194e-02
  5.19419163e-02  2.86000371e-02 -2.08821613e-02 -1.47417635e-02
  4.68624122e-02  4.90971021e-02 -1.34679694e-02 -3.40248831e-03
  9.87980887e-02 -7.74601772e-02 -1.40228905e-02 -1.09248133e-04
 -1.50992972e-04  2.19906736e-02  4.01182771e-02 -1.72021016e-02
 -1.50237009e-02  4.19018380e-02 -1.17684722e-01 -1.18559301e-02
  4.08990644e-02 -3.90156172e-02  4.19930853e-02  1.15598077e-02
  4.79273461e-02  6.31431416e-02 -1.69508625e-02 -4.89216819e-02
 -2.81504579e-02 -4.56243120e-02  1.27673354e-02  3.38838585e-02
  1.95387239e-03 -3.79868709e-02 -8.67459625e-02  1.06707001e-02
 -2.28953287e-02  3.95932756e-02  6.96934164e-02  7.03004841e-03
 -1.97536708e-03  2.53238324e-02  6.96140453e-02  5.56927957e-02
  1.52344443e-02  3.05636954e-02 -8.16329122e-02  6.63908273e-02
  8.91517848e-02  3.74030732e-02  2.31014844e-02  8.65786150e-02]",other,Other,0.38481420278549194
Nature_Training_Course,35,What did you learn at this training course? ,I have learned new interesting practices from other participants in terms of contribution for co2 reduction.,I have learned new interesting practices from other participants in terms of contribution for co2 reduction.,positive,0.4019,True,"[-1.59064326e-02  7.22773895e-02  2.90764868e-03  5.27846031e-02
  6.74026683e-02  8.53232201e-03 -3.09260190e-02  6.34408072e-02
 -4.36818711e-02  2.70248000e-02 -1.39859561e-02  2.89054289e-02
 -6.55575842e-02  4.70208563e-02  3.69547866e-02 -3.42450710e-03
  1.33886021e-02  5.07518016e-02 -1.58351585e-02 -7.51053393e-02
 -6.94404868e-03 -7.62228742e-02  6.33788109e-02  4.82664108e-02
 -8.70318245e-03  1.21323075e-02  1.90668609e-02 -2.00926587e-02
  5.05070202e-02  6.49129041e-03 -1.66134108e-02  4.35552150e-02
 -3.45474705e-02 -6.49919137e-02 -8.42592269e-02  3.08480654e-02
  5.98309226e-02 -2.79827397e-02 -2.84484331e-03  3.87004986e-02
 -3.11712977e-02 -1.12484186e-03  8.86407122e-02 -4.78141010e-02
  3.02951895e-02  4.76503232e-03  5.22976331e-02 -2.71593053e-02
 -5.59254996e-02 -8.76733512e-02 -1.71266950e-03 -2.28958819e-02
 -8.55738744e-02 -6.49465919e-02  2.14795563e-02 -1.47911897e-02
 -3.64773162e-02 -2.29913348e-04  6.13825629e-04 -4.55817506e-02
  6.76061660e-02 -5.21895550e-02 -6.62464276e-02  3.79468985e-02
  1.67562831e-02  7.53960060e-03 -4.32350393e-03  4.95079570e-02
 -9.68977623e-03 -1.73209310e-02 -4.13720123e-02  3.39679830e-02
  1.64116882e-02 -2.53407918e-02  2.44455095e-02  3.19158323e-02
 -3.44512202e-02 -4.46342900e-02  5.01502790e-02  6.04909770e-02
  5.12228124e-02  7.35665187e-02  5.05581014e-02 -1.59575846e-02
 -1.24524040e-02  2.70662331e-05 -1.58408750e-02 -1.41711794e-02
 -4.51957621e-02 -1.62608642e-02 -1.79548766e-02  1.76490508e-02
  3.24603282e-02  3.77401337e-02 -7.45030195e-02  1.77340508e-02
  2.42143404e-02  5.86791299e-02  2.14843173e-02 -2.11560726e-02
  3.05029564e-02  6.37268052e-02 -8.06384087e-02 -1.06220916e-01
 -5.98553941e-02  2.76543247e-03  1.92410238e-02  4.12850082e-02
  1.27264082e-01  6.60272539e-02 -8.21038708e-02  8.89552608e-02
 -5.77182136e-02  2.44868007e-02  2.23214012e-02  1.28838047e-01
  1.01840161e-01 -2.26220507e-02  4.24489565e-03  6.38527274e-02
  7.04075471e-02  8.59509408e-03  1.47461686e-02 -1.12108365e-02
  2.14164387e-02  2.66580284e-02 -3.04169282e-02 -7.95629402e-34
  1.36181246e-02  3.25751752e-02  6.43760934e-02  1.25994653e-01
  2.15683859e-02 -2.70556863e-02 -1.32604480e-01 -2.56207474e-02
  5.21845147e-02 -4.58283313e-02  6.23028912e-02  6.48458749e-02
  5.38473353e-02  6.45480454e-02 -5.40119223e-02 -1.13676824e-01
 -1.19335413e-01  3.49895209e-02  2.67765783e-02 -6.87751733e-03
 -4.19586664e-04 -2.06733029e-02  4.36253361e-02  1.06622882e-01
  6.27125129e-02  1.83423553e-02  4.43231277e-02 -1.38756949e-02
 -2.64526717e-03 -1.41337642e-03  6.97897375e-02 -1.57530829e-02
 -9.89818871e-02 -8.70459434e-03 -1.68438721e-02  2.54803058e-02
 -7.55624706e-03 -3.01724002e-02 -2.23800559e-02 -7.13694515e-03
 -2.11126311e-03  4.55967821e-02  3.30111943e-02 -5.37865646e-02
  1.74331293e-02 -6.90331087e-02  1.54468708e-03  2.11062375e-02
 -1.63866859e-02  8.82195402e-03 -7.67298564e-02  6.90014362e-02
 -2.12790146e-02 -2.87297275e-02  1.97424702e-02  7.08974386e-03
 -1.66790118e-03 -8.51210952e-02 -2.63547637e-02 -2.62272283e-02
 -5.93999140e-02  8.57066512e-02 -4.47990410e-02  4.31655012e-02
 -7.06205592e-02  9.52789262e-02 -5.58549799e-02 -8.72884765e-02
  9.52821039e-03 -1.87714361e-02 -2.86933780e-02 -2.92232353e-03
 -1.99215785e-02 -1.71779580e-02 -1.02890865e-03 -7.54837841e-02
 -2.86838375e-02  6.49751339e-04  2.60210745e-02 -1.61612611e-02
  4.37973216e-02 -5.80175556e-02  5.80504537e-02 -7.38977864e-02
 -5.50280400e-02 -2.38282587e-02 -2.51407512e-02 -5.64523824e-02
  5.70758171e-02 -7.91626889e-03  3.67785506e-02 -7.52608329e-02
  3.46555822e-02 -1.43528320e-02 -1.96132828e-02 -7.75995433e-34
 -4.13986295e-02 -1.40256258e-02 -1.85377616e-02 -2.83540301e-02
  3.81819792e-02 -1.68851763e-02  2.29133293e-03 -1.37705192e-01
  5.63128665e-02  2.76012458e-02  5.75365536e-02  5.71484268e-02
  3.11865155e-02  5.92203811e-02  3.94322686e-02 -7.13892803e-02
 -7.79243410e-02 -1.97504126e-02  1.53433322e-03 -3.66242528e-02
 -2.98151025e-03  5.21601252e-02  2.78689899e-02 -5.41515276e-02
  4.75378036e-02  5.06015820e-03 -4.65742610e-02 -3.95592414e-02
  7.87120163e-02 -6.25775605e-02 -4.28255573e-02  1.27698686e-02
 -9.88381132e-02 -1.03312895e-01 -6.34032860e-02  2.25158576e-02
 -1.85894053e-02 -5.50446846e-03 -7.37268198e-03 -4.29634713e-02
  2.57350188e-02 -4.53001447e-02 -3.70245660e-03 -7.34373042e-03
 -1.07282139e-02 -6.19920110e-03  1.21440114e-02 -7.08842129e-02
  1.02728158e-02  5.86750358e-02  1.77777484e-02 -2.47553028e-02
 -1.33431092e-01 -8.03266317e-02  6.98191598e-02  2.13920176e-02
  1.07954517e-01 -3.80623825e-02  2.29083225e-02  2.53832638e-02
 -1.37716020e-02  5.91101088e-02 -4.09970693e-02  4.97786961e-02
  2.40125582e-02 -4.09638137e-02 -5.45005575e-02  9.62973386e-02
  3.68739441e-02  2.72517297e-02 -1.41444849e-02  9.01143551e-02
 -7.41968630e-04 -7.22522214e-02 -1.74909178e-02 -7.30618015e-02
 -3.44285667e-02 -2.19097547e-02 -1.02177136e-01  2.15396695e-02
 -6.70075342e-02 -3.41086052e-02  4.07779254e-02 -4.26310636e-02
  4.07126844e-02 -2.43940149e-02 -5.89613616e-02 -3.26509811e-02
 -6.98667690e-02  6.03981577e-02 -1.20847590e-01 -1.79129187e-02
 -1.80888493e-02 -5.12038777e-03  1.51452925e-02 -2.10070290e-08
 -3.69387604e-02  6.64897189e-02  7.90964663e-02  9.90025327e-02
 -2.76732761e-02  8.99574999e-03 -3.72241549e-02  1.00758016e-01
 -4.29445878e-02  2.87806671e-02  7.44492747e-03  9.12219733e-02
  1.63315043e-01  3.23200338e-02  8.39907676e-02 -6.78148195e-02
  7.02184215e-02  2.05345990e-04 -6.27045557e-02 -6.27218410e-02
  5.64896874e-02 -1.75517593e-02 -9.86482576e-03  3.71568743e-03
  1.65293533e-02 -1.91999022e-02  5.77443801e-02  1.03300884e-01
 -4.24131677e-02 -6.50526881e-02 -4.15086560e-02  4.22991328e-02
 -2.67243665e-03 -2.59181336e-02  5.18730991e-02 -1.23372311e-02
  6.25110120e-02  2.24708319e-02 -9.04047582e-03  6.90177456e-02
 -1.34450451e-01 -2.35048681e-03 -3.57418954e-02  1.15444377e-01
  2.07868032e-02  2.25555133e-02 -2.72176415e-02  2.27066018e-02
 -4.42924723e-03  1.24203423e-02  1.40257925e-02 -2.74697598e-02
 -1.09083848e-02  2.46248432e-02  8.94205123e-02  9.48027000e-02
 -1.55554730e-02  3.90137881e-02 -3.09057068e-02 -2.64561027e-02
  3.93599123e-02  5.37045710e-02 -1.12364069e-01  2.25622226e-02]",project_topic,Project topic: Sustainability and environmental awareness,0.41415953636169434
Nature_Training_Course,36,What did you learn at this training course? ,"Much more, critical thinking, connection with nature, opening eyes for nature","Much more, critical thinking, connection with nature, opening eyes for nature",negative,-0.3804,True,"[ 7.15665594e-02 -7.80158117e-03 -2.42984714e-03  7.05727264e-02
  9.46064144e-02 -2.46005598e-03  5.21559678e-02  3.22370268e-02
  3.05518601e-02  1.28850847e-01  2.05338225e-02 -1.03634246e-01
 -6.61980361e-02 -1.35820182e-02  3.01861409e-02  5.17435484e-02
 -7.08323643e-02 -2.56365072e-02 -3.05846799e-02  7.08055422e-02
 -2.49976385e-02  6.74089119e-02  5.39919827e-03 -1.67132840e-02
 -1.59523055e-01  4.09983620e-02 -2.60381177e-02  1.50272744e-02
  3.32671106e-02  2.35088728e-02  2.14169864e-02  1.19969130e-01
  2.81230398e-02 -7.10067991e-03 -1.03987716e-02  1.28187805e-01
  2.40307990e-02  8.71526450e-03 -1.08983731e-02 -2.68939342e-02
 -4.08609025e-02 -2.59186737e-02 -1.47564933e-02 -2.20763367e-02
 -2.18461324e-02 -5.44919400e-03  4.83006760e-02 -5.87826483e-02
  1.46800438e-02 -9.54793468e-02 -9.61067677e-02 -9.55765396e-02
 -1.12074316e-01 -3.54128443e-02  6.69801189e-03 -1.59658969e-03
  2.96210404e-02  2.43523158e-02  1.55132369e-03  1.83975231e-02
  1.08581208e-01  3.92124010e-03 -2.89849099e-02  4.67815697e-02
  1.09239385e-01  2.15382874e-03 -7.45739192e-02  2.44451556e-02
  1.26426406e-02 -1.46113932e-02  7.64782280e-02  1.40624354e-02
  3.74274142e-02 -4.48223464e-02  1.16342921e-02  2.20810175e-02
 -3.92319188e-02 -5.49880899e-02  2.84635462e-03 -2.52628308e-02
  3.38851996e-02  7.41059855e-02 -1.10667490e-03 -1.18626142e-02
 -6.59024483e-03  2.56322045e-02  6.36777654e-02 -1.00300945e-02
 -3.56467366e-02  6.40111864e-02 -3.51544246e-02 -1.12717986e-01
 -6.05090000e-02  1.50047466e-02  3.18648352e-04  5.22570685e-02
 -1.79832783e-02 -1.08333804e-01 -6.28820993e-03  3.23163010e-02
  1.70569801e-05  2.16563977e-02 -4.25613262e-02  3.77769023e-02
 -3.21205414e-04 -4.78337556e-02 -3.78347933e-02 -5.94455004e-03
  4.02631685e-02  7.60418549e-02 -6.52209595e-02 -2.62314528e-02
 -3.14405933e-02  3.55204679e-02  5.02285399e-02  5.00425398e-02
 -2.47063953e-02  1.99020449e-02  8.92336145e-02 -1.55765312e-02
 -1.60153341e-02 -1.11885620e-02 -1.99142490e-02 -3.29905264e-02
  2.90456619e-02 -9.63947922e-02 -3.03484313e-02 -3.29193060e-35
  3.64864282e-02  9.47984750e-04  1.07503466e-01  3.10298763e-02
 -1.84717048e-02 -1.42779201e-02  4.54704743e-03 -5.13618477e-02
 -3.56969424e-02  2.64650658e-02 -1.01220809e-01  3.10175102e-02
 -1.05985615e-03  7.82126337e-02 -3.89653817e-02 -1.90607142e-02
 -1.30162835e-01 -2.97585130e-02  1.45508954e-02  9.75799561e-03
 -5.84680550e-02 -4.10563536e-02 -7.37123145e-03 -2.58443486e-02
  3.95722836e-02 -4.50934991e-02  1.01351505e-02 -6.01458848e-02
 -4.41596694e-02 -2.84854742e-03  1.94990709e-02  1.93309095e-02
 -7.68243968e-02  9.72615629e-02  1.56760514e-02  2.61458382e-02
  2.06550304e-02 -2.04678960e-02 -1.83470873e-03 -8.63125250e-02
  3.58051471e-02  3.70152779e-02  1.14135938e-02 -3.18920123e-03
  9.12234783e-02  7.94454291e-02  4.78576720e-02 -2.32029706e-02
 -1.41493529e-01  3.38635370e-02 -5.51265329e-02  3.93448472e-02
  4.39529978e-02 -6.63150772e-02 -8.44452456e-02 -1.59293301e-02
  2.48135570e-02  1.99763924e-02 -5.17034829e-02 -3.89608815e-02
  4.10724133e-02  3.62466276e-03 -4.56320122e-02 -3.21679488e-02
  9.86856669e-02 -4.29976312e-03 -2.58136401e-03 -3.69046368e-02
 -1.69458669e-02  1.01420339e-02 -1.00741059e-01 -2.59727687e-02
 -1.91171803e-02 -5.36869541e-02 -7.65515417e-02 -2.16571316e-02
  1.79802943e-02 -6.06021173e-02  3.16372961e-02  2.31697857e-02
  4.06341664e-02  2.52320152e-03  1.20638134e-02  2.84239072e-02
 -5.95175885e-02 -2.81000864e-02  4.29169312e-02 -6.80478960e-02
  6.52608946e-02 -6.48613274e-03 -5.12659475e-02 -1.59020943e-03
  4.61677872e-02 -5.76511361e-02 -9.41775516e-02 -3.97056140e-34
 -5.65383472e-02 -1.30395904e-01  3.10758483e-02  9.87213999e-02
  1.71631225e-03 -3.43486704e-02 -2.61758044e-02 -7.20643923e-02
  3.08154970e-02  2.95798387e-02  4.43445425e-03  4.17820625e-02
  9.78945196e-02  2.23522242e-02 -4.75233532e-02 -1.25277132e-01
  2.18565040e-03  1.15611739e-01  2.68978998e-02 -1.20079368e-02
  2.75321174e-02  9.06919539e-02 -5.01164235e-02 -1.00803979e-01
 -6.56231539e-03  8.24821964e-02  6.65209368e-02 -1.89506356e-02
 -5.09783961e-02  2.73486860e-02  4.36766371e-02  5.47468551e-02
 -4.17254381e-02  1.71102770e-02 -3.24833021e-02  8.72739926e-02
  5.97392209e-02 -2.81599630e-02 -3.22612897e-02  4.66165282e-02
 -1.12168100e-02  4.49270234e-02  1.32392898e-01  1.58261461e-03
 -2.31597386e-02  5.18320082e-03  6.07644506e-02  9.73003656e-02
 -8.27597603e-02  6.04365766e-02  6.21924084e-03  1.99496858e-02
 -4.77610864e-02 -4.81052361e-02  6.03756458e-02 -6.00037277e-02
  5.16223237e-02 -5.04238158e-02  4.49012257e-02 -7.21451221e-03
  7.37618431e-02  1.21535566e-02 -7.77743384e-02  3.29182148e-02
 -4.07854840e-02 -5.68710268e-03 -5.93050616e-03  2.62005925e-02
 -1.43128214e-02  1.28788324e-02 -2.22935509e-02 -7.82925487e-02
 -1.36192916e-02 -5.39548546e-02  7.65531231e-03  1.66067313e-02
 -1.16788941e-02 -2.84383390e-02 -2.81467550e-02  8.43467843e-03
 -3.30172032e-02 -2.46695597e-02  5.28169349e-02  3.30861248e-02
 -4.72710188e-03  2.48773582e-02 -9.70294401e-02 -1.34572573e-02
  7.53695294e-02 -2.54944917e-02 -1.47177503e-01 -5.73838241e-02
 -4.18363549e-02  1.64985610e-03 -5.56303784e-02 -2.14062119e-08
  1.74978543e-02 -3.29282656e-02  1.54001210e-02 -1.07401107e-02
  1.26411349e-01  7.22268447e-02  6.40898421e-02  7.78989494e-02
 -3.26062888e-02  9.23570096e-02 -4.95851859e-02  2.75224671e-02
  2.63436846e-02  7.14059100e-02  8.76186341e-02 -6.01573102e-02
  8.04024264e-02 -4.17945832e-02 -4.70447764e-02  1.95167791e-02
  5.66129610e-02 -2.43168995e-02 -5.79161420e-02  1.25997970e-02
 -2.22388818e-03 -5.16969748e-02 -2.42637880e-02 -4.81497357e-03
 -2.35464461e-02  1.17236311e-02  3.98320034e-02  5.26250228e-02
 -3.17060947e-02 -3.51018682e-02 -5.53703122e-02  2.23884974e-02
  1.73396058e-02  4.19281796e-02 -1.70076340e-02 -2.52938680e-02
  4.88175359e-03  3.90293412e-02  4.04749177e-02  5.67711405e-02
 -5.02771176e-02 -4.49873991e-02  2.68963873e-02  4.50799838e-02
 -1.53408656e-02  2.24148221e-02  6.40896475e-03  1.72937545e-03
  4.07040538e-03 -1.36317406e-02 -1.01014785e-02  2.01316494e-02
 -3.02450731e-02  3.37278023e-02 -9.24949422e-02  6.90832883e-02
  5.47046885e-02  1.23964306e-02  1.75810196e-02 -3.28107327e-02]",other,Other,0.38427919149398804
