project_id,response_id,question,text,sentence,sentiment,sentiment_score,is_learning,embedding,outcome_key,outcome_label,outcome_score,multi_matches
Career_Youth_Exchange,1,What did you learn during the project?,I got very motivated and inspired from the all the activities and talks I had with the people on the project and I developed my talking in front of public skills.,I got very motivated and inspired from the all the activities and talks I had with the people on the project and I developed my talking in front of public skills.,positive,0.7755,True,"[ 4.79500927e-03  2.28885617e-02  2.33865604e-02  2.37870860e-04
  4.11817655e-02 -1.55385463e-02  5.55888750e-02  1.39286779e-02
 -3.56062055e-02 -2.26169880e-02 -7.27261528e-02  3.38404439e-02
 -7.89312832e-03 -1.82058793e-02  9.78723690e-02 -2.19857995e-03
  1.34718260e-02 -2.60068830e-02 -2.01836657e-02 -5.54488115e-02
 -3.66541767e-03  1.30449897e-02  6.54546246e-02  3.18425260e-02
 -1.33320345e-02  5.28527237e-02  5.49339550e-03 -2.08345540e-02
  9.76754501e-02 -1.81987807e-02  3.82554382e-02 -1.66956317e-02
  1.03439577e-01  2.02592574e-02  1.24422470e-02  1.21916927e-01
  1.61696933e-02 -1.31291235e-02  1.96612794e-02 -4.61559882e-03
 -6.86096549e-02 -3.71630751e-02  7.72457793e-02 -3.08945514e-02
  3.48181278e-02 -1.46972954e-01  3.83976214e-02  2.88724340e-02
  1.80659443e-03 -3.70439962e-02 -5.14054485e-03 -7.47115016e-02
 -3.29714715e-02 -9.47709531e-02 -3.69839631e-02  1.95863890e-03
  1.99819207e-02  7.71485269e-02  2.47945264e-02 -8.03312287e-02
 -9.90581606e-03 -5.85005917e-02 -9.60967392e-02  3.58246453e-02
 -3.88208311e-03  4.96167466e-02 -7.73438998e-03  3.34187783e-02
  6.77938461e-02 -4.19280156e-02  6.09815829e-02 -9.78775416e-03
  6.18334301e-02 -4.22784947e-02  2.67624129e-02 -3.59804220e-02
  7.69150164e-03 -5.48267886e-02  6.38477281e-02  3.95464487e-02
  3.74355279e-02 -9.31932032e-03 -2.21998971e-02  5.06925955e-02
  2.51343823e-03 -3.55099104e-02  1.31683396e-02  3.33238691e-02
  3.34923118e-02 -1.71186179e-02 -9.95635055e-03 -1.51336414e-03
 -1.04233168e-01  4.80630808e-02 -4.40712795e-02 -7.05835549e-03
 -3.53069976e-02  8.42442364e-03  6.12574890e-02  6.61593229e-02
 -6.03406653e-02  1.64144358e-03  7.32624670e-03 -1.23523036e-02
 -4.58508953e-02 -2.46993601e-02 -4.47949134e-02  4.65755910e-03
 -5.24078645e-02  5.71443439e-02 -8.60317498e-02  1.86500121e-02
 -1.98791808e-04  3.62245925e-02  1.04137957e-01  5.72916195e-02
 -4.12024371e-02 -1.72980912e-02 -5.66640869e-02  1.26286969e-02
  5.33415377e-02  6.07799254e-02  8.44231155e-03  4.14127484e-02
 -7.55571201e-02 -1.67394020e-02  4.44895476e-02 -3.18815374e-33
  5.48175760e-02  5.78054711e-02  7.72605464e-02  1.89452395e-01
 -1.44685032e-02 -9.54294391e-03  3.88879962e-02  3.30641195e-02
  4.73668479e-04  1.12594133e-02  1.02456152e-01 -6.45693438e-03
  1.70712601e-02  2.56001428e-02  9.37702321e-03 -5.47160693e-02
 -9.22252089e-02 -3.52651663e-02  3.20992991e-03  1.81337371e-02
  2.31697839e-02 -5.42112738e-02 -1.81177501e-02  1.45314066e-02
  9.35886726e-02  4.92694490e-02  8.39916915e-02 -1.09245554e-01
 -3.89901772e-02  3.25050056e-02  8.59386921e-02  4.76146899e-02
 -4.23970297e-02 -6.23755045e-02 -6.14458555e-03  1.75007153e-02
  6.81843003e-03 -8.87025818e-02  8.42714086e-02  7.12771416e-02
 -9.84914601e-04 -2.74422392e-02  8.75705406e-02 -5.16144708e-02
  5.40619902e-02  1.01449911e-03  4.89214156e-03 -2.54076514e-02
 -6.50243759e-02  5.50353862e-02 -9.81737450e-02  3.35759390e-03
 -2.49169506e-02 -3.22877727e-02  3.89741547e-02 -9.42950621e-02
  4.20915801e-03 -9.81814694e-03  1.03312563e-02  5.42593662e-05
  5.41505702e-02  6.97410479e-02 -8.06603804e-02  6.99581280e-02
 -4.49952409e-02  3.68752144e-02 -2.18611285e-02 -2.95385923e-02
  9.13310573e-02 -2.09190734e-02 -2.87009161e-02 -1.22308005e-02
 -3.92702334e-02 -4.19216529e-02  1.35822524e-03  2.45683938e-02
 -9.30699855e-02 -5.27270772e-02 -3.27373110e-02  8.90506208e-02
  2.83935796e-02 -1.14895208e-02 -5.32144345e-02 -2.31779646e-02
  2.03423463e-02  1.69181619e-02  6.77497825e-03 -6.09505102e-02
  7.84141850e-03  2.50394270e-02  7.34079555e-02 -1.02056870e-02
  1.31704649e-02  2.96956375e-02 -8.87425840e-02  1.96168407e-33
  1.93494521e-02  6.88119009e-02  5.71526447e-03 -6.07916042e-02
  5.36384732e-02  3.52216363e-02 -8.25715542e-04 -7.03481734e-02
  1.05631095e-03  1.22978009e-01 -5.49129210e-03 -3.79987322e-02
 -1.02557533e-03  2.71036662e-03  1.32572427e-02 -4.02970687e-02
 -1.52050909e-02  2.52248421e-02 -5.69611192e-02  2.86451145e-03
 -8.88266973e-03  7.37602636e-02 -7.02598765e-02 -5.21412119e-02
  2.59387214e-02 -6.34045526e-02 -1.35531574e-02 -1.76928416e-02
  3.05872113e-02 -5.24441823e-02  6.73817191e-03  4.58661374e-03
 -8.94260034e-02 -2.86543015e-02 -9.48774070e-02  7.34165460e-02
 -3.50950919e-02 -8.40001777e-02 -3.18335067e-03 -5.37699051e-02
 -4.03586067e-02 -2.15111338e-02 -7.47941248e-03 -2.20594415e-03
 -3.88874970e-02 -3.63968089e-02 -9.01278574e-03 -1.16938946e-03
 -6.87478259e-02  1.14538381e-02  8.85136705e-03  5.94798140e-02
 -3.91290523e-03 -7.62015432e-02  3.42392586e-02  1.06863873e-02
  5.33199273e-02 -9.39095691e-02  5.33849336e-02 -4.39473651e-02
 -6.81300312e-02  2.27009431e-02 -2.46938225e-03 -5.38943242e-03
  3.79192233e-02 -1.02006599e-01 -5.55791073e-02  5.78371435e-02
 -4.13660752e-03 -9.20618977e-03 -4.59781252e-02  5.44737354e-02
  1.63722746e-02  5.92662804e-02 -5.32041937e-02 -5.79566285e-02
 -6.20935597e-02  2.67553851e-02  2.38905847e-03 -1.43591845e-02
 -4.94690612e-02  2.51742434e-02 -1.05703408e-02 -3.79422382e-02
  6.96003512e-02  1.08153291e-01 -2.38539744e-02 -9.91412625e-03
 -1.99589152e-02 -1.64016653e-02 -3.94931175e-02  3.44433472e-04
  4.99738306e-02  4.19897921e-02  6.32279515e-02 -2.76998140e-08
 -1.80138052e-02  2.76359543e-02  2.85651768e-03  6.32334501e-02
 -2.25342903e-02 -5.39151952e-02 -9.01860222e-02  4.06884141e-02
 -1.96280722e-02 -4.04620320e-02 -5.28778788e-03  9.36531182e-03
  9.08823451e-04  1.03906810e-01  6.70239702e-02 -8.10266882e-02
  1.12982213e-01  4.38319854e-02  1.63946468e-02 -7.41054937e-02
  7.47471303e-02 -1.19481143e-02 -1.10286422e-01  1.69974547e-02
  1.25514735e-02 -2.76499931e-02  3.30469944e-03  1.91857677e-03
 -4.01917174e-02  4.62501422e-02 -4.42155860e-02  4.28815857e-02
 -1.03340082e-01 -1.73506048e-02 -4.29459512e-02  1.74966305e-02
  3.07951514e-02 -7.35270232e-02  4.87323813e-02  6.94900751e-02
  4.34462959e-03  4.62781638e-02  1.08203314e-01  8.16961154e-02
 -3.00684813e-02  1.00361638e-01 -5.12075275e-02 -6.40960112e-02
 -6.00776030e-03 -2.58464087e-02 -2.39772759e-02 -1.41441887e-02
  1.73648503e-02 -3.76708172e-02  5.18471971e-02  7.68685937e-02
 -3.69151752e-03  2.20078155e-02 -5.51403388e-02  5.80374673e-02
  2.13551638e-03  1.09411091e-01 -2.18553275e-01  7.67519989e-04]",initiative_entrepreneurship,Increased sense of initiative and entrepreneurship,0.5256714820861816,"[{""outcome_key"": ""initiative_entrepreneurship"", ""outcome_label"": ""Increased sense of initiative and entrepreneurship"", ""score"": 0.5256714820861816}, {""outcome_key"": ""learning_performance"", ""outcome_label"": ""Improved learning performance"", ""score"": 0.4762345254421234}, {""outcome_key"": ""project_topic"", ""outcome_label"": ""Project topic: Career development and professional skills"", ""score"": 0.46860650181770325}, {""outcome_key"": ""future_motivation"", ""outcome_label"": ""Increased motivation for future education or training"", ""score"": 0.42917054891586304}, {""outcome_key"": ""active_participation"", ""outcome_label"": ""More active participation in society"", ""score"": 0.42619234323501587}, {""outcome_key"": ""positive_interactions"", ""outcome_label"": ""Enhanced positive interactions with people from different backgrounds"", ""score"": 0.42405250668525696}, {""outcome_key"": ""language_digital"", ""outcome_label"": ""Improved foreign language and digital competences"", ""score"": 0.4151694178581238}]"
Career_Youth_Exchange,2,What did you learn during the project?,"Teamwork, public speaking and time management","Teamwork, public speaking and time management",neutral,0.0,True,"[ 4.83523719e-02  1.57247577e-02 -2.68327165e-03 -9.73817147e-03
 -3.15399887e-03  3.16358134e-02  3.18175368e-02 -9.66570973e-02
  2.58160494e-02 -4.88952957e-02 -2.81584021e-02  4.21838798e-02
 -6.04919009e-02  2.61445660e-02  1.03140570e-01 -9.35526192e-02
 -2.42255107e-02  1.67626906e-02  6.67933151e-02 -1.07880414e-01
  6.32695947e-03  3.23179476e-02  9.43308882e-03  8.66925418e-02
 -5.96116006e-04  6.84514875e-04 -2.39831321e-02 -7.75331107e-04
  4.58721779e-02 -8.15990046e-02 -8.98802187e-03 -2.81589851e-02
  7.43894130e-02  5.70187196e-02 -5.61265126e-02  1.16052918e-01
  7.39565566e-02  2.04182900e-02  3.25995162e-02  2.12065112e-02
 -1.85732804e-02  1.42294141e-02  5.54378666e-02 -3.29576544e-02
 -1.75200839e-04 -3.25987861e-02  5.50194979e-02  5.79644321e-03
 -6.15028106e-02  3.16038467e-02 -6.60473807e-03 -1.51606901e-02
  6.41259477e-02  9.15908068e-03  1.80759467e-02  4.49429788e-02
  1.66323893e-02  8.11025128e-02 -2.57110819e-02 -2.94380803e-02
 -3.85460034e-02 -7.44945407e-02 -1.11191623e-01  4.83836904e-02
  3.04449000e-04  9.57403798e-03  1.49971172e-02  5.24735376e-02
  3.10044107e-03  5.39659942e-03 -1.06786070e-02 -2.41952296e-03
  6.06019013e-02 -2.17510611e-02  6.54875860e-02  3.00354511e-02
  1.42606832e-02 -9.73219126e-02  9.36679244e-02  2.95708589e-02
  4.72450256e-02 -3.88353914e-02  3.10277510e-02  1.70417186e-02
 -4.13285755e-02 -4.67125662e-02 -5.88903800e-02  2.59125396e-03
 -1.23820305e-02 -1.97072290e-02 -4.26434167e-02 -5.06762663e-05
 -2.08215974e-02  1.35731837e-02 -4.08520363e-02  2.33157538e-02
 -3.54913883e-02  5.86508438e-02  4.06522304e-02  6.83012381e-02
 -8.62644538e-02 -1.43502932e-02 -8.48689640e-04 -2.06042454e-02
 -7.85087794e-03  1.80323813e-02  1.58346463e-02  4.04006839e-02
 -3.29514444e-02  6.60545900e-02 -4.23298329e-02  1.30109880e-02
 -7.22252056e-02 -1.91130172e-02  8.86690542e-02 -1.97974546e-03
 -5.45087159e-02  1.53636793e-02  1.93285830e-02 -1.99152110e-03
  6.17606603e-02  5.98337017e-02  7.55884275e-02  9.68431495e-03
  1.86001100e-02  3.68371010e-02  8.85517225e-02 -1.86335599e-33
  7.48834386e-02  2.11046338e-02 -2.09370982e-02  1.07819691e-01
  5.74512444e-02  4.50956747e-02  1.06882462e-02  2.78507248e-02
  5.87319769e-02 -4.03195396e-02  4.64482009e-02 -3.08202878e-02
  5.85932732e-02 -1.12066180e-01  7.20462799e-02  8.85611493e-03
 -1.34526983e-01  1.23575278e-01 -6.42748326e-02 -4.65001799e-02
  2.03498360e-02  2.68420074e-02 -3.31388228e-03 -1.01342788e-02
  4.56121676e-02 -1.42336814e-02  4.39754240e-02 -1.06068209e-01
  8.94197449e-02 -1.02375774e-02  1.31675322e-02  3.22633199e-02
 -6.33756146e-02  6.88396348e-03  7.92105049e-02  1.96271427e-02
 -7.30740605e-03 -6.08873442e-02  8.52279216e-02 -1.16763939e-03
 -5.64063713e-02 -5.32900952e-02 -1.19736334e-02 -4.37203087e-02
  2.86750607e-02 -1.91400910e-03  1.20380046e-02 -2.77815945e-02
 -1.73986182e-02  4.54335324e-02 -7.75950477e-02  1.67748760e-02
 -4.90323864e-02 -4.01828215e-02  5.97727932e-02 -3.92852873e-02
  8.22467878e-02  4.53282986e-03  2.58825738e-02 -4.52124551e-02
  9.68624726e-02  6.64742291e-02 -9.12205037e-03  1.94179043e-02
  1.81567650e-02 -1.54209556e-03 -1.42693678e-02 -1.27642155e-02
  1.68181434e-01 -1.13154151e-01  4.92293970e-04 -4.98070009e-02
 -2.67260621e-04  2.72693392e-02 -1.73547920e-02  1.39525635e-02
  4.23446186e-02 -9.19421948e-03 -2.10554451e-02  5.85791841e-02
 -8.99377652e-03 -5.40252067e-02  3.63023132e-02 -3.98545433e-03
  6.34500831e-02 -8.60952958e-03  2.01746519e-03 -1.65357850e-02
  5.19014113e-02  1.34342358e-01 -1.27308741e-02  2.52295118e-02
  3.21696810e-02  5.07043749e-02 -9.18349549e-02  1.45697832e-33
  5.03642298e-03  2.74501704e-02  1.95341315e-02  1.50568634e-02
  1.02148138e-01  1.37447072e-02 -2.66538952e-02  1.87261291e-02
  5.60116768e-02  4.62894663e-02 -3.67368087e-02 -7.00591952e-02
  1.61699820e-02 -3.08167166e-03 -3.23321745e-02 -3.92675214e-02
  9.76257324e-02 -2.66398638e-02 -4.14586477e-02  2.29723603e-02
  3.01270112e-02  4.34574410e-02 -1.69349965e-04  3.84282321e-02
  1.06330286e-03 -8.52937698e-02 -5.04779071e-02 -7.31368735e-02
 -3.10752839e-02  7.76904263e-03 -2.49443203e-02 -3.05112973e-02
 -5.47197238e-02 -6.73598796e-03 -4.82352749e-02  2.28304211e-02
 -7.40765259e-02 -8.00899137e-03 -1.09264599e-02  3.57920378e-02
  4.92411549e-04 -4.57804687e-02 -3.16036306e-02 -7.63447657e-02
  6.48208484e-02  2.41147876e-02 -8.89302865e-02 -3.77809890e-02
 -1.16506718e-01  4.40189466e-02  1.81130581e-02 -1.51024126e-02
 -1.05525656e-02 -8.10595527e-02 -5.96503764e-02 -6.22984804e-02
  6.58382252e-02 -1.48575008e-01 -3.31106633e-02  4.81202267e-03
 -1.04339980e-02  9.26627498e-03 -2.77780481e-02 -4.57628481e-02
  4.66656312e-02 -2.07733717e-02 -3.28933122e-03  3.88979279e-02
  5.02788909e-02  4.07776907e-02 -3.01221553e-02  1.24349827e-02
  3.66270766e-02  4.13755439e-02 -9.10298377e-02  4.92884628e-02
 -8.24683085e-02 -3.50184664e-02 -4.95317066e-03 -5.05685061e-02
 -4.95039336e-02  5.53135611e-02  8.86127539e-03 -1.68276802e-02
 -5.72634973e-02  1.26172900e-01  3.18813436e-02  3.78277116e-02
  1.20335072e-02 -3.89455669e-02 -5.27338311e-02 -4.65308316e-02
  5.58652729e-02  5.84572507e-03  7.31920227e-02 -1.45073296e-08
  6.59507746e-03 -1.03646461e-02  2.38520652e-02 -7.06760734e-02
 -1.48974722e-02 -1.23096697e-01 -5.18008182e-03 -7.04594627e-02
  1.08462080e-01  1.78707577e-02  6.92310035e-02 -3.16739827e-02
  4.70460169e-02  7.00010061e-02  2.72268895e-02 -3.03457249e-02
 -4.63478938e-02  4.58061397e-02 -8.32102001e-02 -9.92117077e-02
  7.79055851e-03 -2.70583183e-02 -4.22938205e-02  3.02946009e-02
  2.59365886e-02  8.91833752e-03 -3.52063477e-02  5.24489619e-02
 -3.02810390e-02  2.42521483e-02 -2.84971558e-02  8.30152407e-02
 -1.19845122e-01  4.78333384e-02 -1.33335330e-02 -6.88188672e-02
 -1.58427022e-02  6.16325764e-04  9.27445944e-03  8.53478163e-02
 -1.01897994e-03  3.00317872e-02 -3.86276804e-02  5.87944575e-02
  5.60279861e-02  2.73014326e-02 -5.87192364e-02 -2.07143580e-03
 -6.68459907e-02 -1.58892110e-01 -3.06764264e-02  4.15336825e-02
  1.65863223e-02 -3.03899962e-02  2.25533787e-02  1.09774962e-01
  5.01069762e-02  1.94823858e-03 -4.02397364e-02 -4.33923900e-02
 -7.64282793e-03  5.24425134e-02 -9.81548727e-02 -9.75991134e-04]",project_topic,Project topic: Career development and professional skills,0.5491368174552917,"[{""outcome_key"": ""project_topic"", ""outcome_label"": ""Project topic: Career development and professional skills"", ""score"": 0.5491368174552917}]"
Career_Youth_Exchange,3,What did you learn during the project?,"Yes, my biggest improvement would be public speaking, but besides i also developed my constructive thinking and team work. Plus some management skills.","Yes, my biggest improvement would be public speaking, but besides i also developed my constructive thinking and team work.",positive,0.431,True,"[ 4.59053554e-02  3.99479978e-02  3.41756158e-02 -8.48532841e-02
  8.58011562e-03 -3.14674266e-02 -2.17691883e-02 -2.56064944e-02
 -3.97087149e-02 -1.22227632e-02 -1.39616439e-02  1.29182085e-01
 -6.43788325e-03 -2.90604718e-02  1.40645579e-01  7.99657125e-03
  1.85446404e-02  8.77262801e-02 -2.15276498e-02 -4.56653051e-02
 -6.83200583e-02  9.64766070e-02  4.90898872e-03  4.14347015e-02
 -3.27034667e-02  2.20657047e-02 -6.43973425e-02  2.66148206e-02
  5.84296398e-02 -7.69868270e-02 -4.51378450e-02 -4.55713011e-02
  1.24347128e-01  2.61504506e-03  1.26055265e-02  6.32733181e-02
  5.11927679e-02  5.04516065e-02  2.99281790e-03 -3.17628980e-02
 -2.75161602e-02  1.77798439e-02  2.23667827e-02 -5.99409305e-02
  1.00358203e-02 -8.83147940e-02  9.86421928e-02  1.28591266e-02
 -8.51872638e-02 -4.28354889e-02 -2.43046042e-02 -2.73183975e-02
  1.04667591e-02 -3.00925691e-02  2.53445636e-02  3.37274522e-02
  5.82118868e-04  9.23244879e-02 -2.29777303e-02 -1.86504647e-02
 -2.42367126e-02 -3.40581015e-02 -3.47654074e-02  3.15764919e-02
  2.62016430e-02  4.25795056e-02  1.06446911e-02 -4.57871938e-03
  2.06361469e-02  2.05148458e-02 -2.60345347e-04  6.17354326e-02
  7.23448098e-02 -5.09233736e-02  6.93818852e-02  2.95552961e-03
 -2.39871535e-02 -5.67588722e-03  1.04894750e-01  3.73130888e-02
  7.28386715e-02  1.19721033e-02 -2.47167069e-02  5.54629508e-03
  7.60547444e-03 -8.42774436e-02  2.36830744e-03 -1.02261953e-01
 -3.54427025e-02 -2.48443130e-02 -5.87234320e-03 -8.30618571e-03
  2.68034078e-03 -6.18086546e-04 -5.88099547e-02 -5.35565382e-03
 -4.14804928e-02 -4.28093188e-02  4.09758370e-03  7.36540332e-02
 -1.15686208e-02  3.99762690e-02 -7.71925300e-02 -1.02727391e-01
  8.12210795e-03  2.22408511e-02  2.40007620e-02  5.97199723e-02
 -6.62408620e-02  7.74762407e-03 -3.56686041e-02  2.26857346e-02
 -2.55404226e-02  2.51871422e-02  8.69254544e-02  1.93165746e-02
 -9.04965308e-03  5.04114442e-02 -2.02912744e-02  1.70433125e-03
  7.27271140e-02  3.06936409e-02  4.07538824e-02  4.61210310e-02
 -2.50362959e-02  1.49389524e-02  4.25239778e-05 -2.02990297e-33
  4.59258631e-02  9.94842947e-02  2.95776371e-02  8.32489952e-02
  3.95831317e-02  4.66116564e-03 -3.90633121e-02 -1.64060981e-03
  5.76321110e-02 -7.77090564e-02  3.81039269e-02  2.66014580e-02
  6.38984442e-02  1.27607342e-02  5.47641329e-02 -1.67937949e-02
 -1.43904135e-01  4.24149446e-02 -5.18976860e-02 -1.63393617e-02
  1.71793569e-02 -6.88103819e-03  1.11505557e-02 -2.31562667e-02
  5.14909588e-02 -1.41854491e-02  6.97324723e-02 -1.05164550e-01
  1.63723379e-02 -1.65148173e-02  4.36128266e-02  2.54782662e-02
 -7.82676637e-02  3.66723649e-02 -1.63955241e-02 -2.66086962e-02
  4.21852134e-02 -9.91557986e-02  7.45831653e-02  9.86714568e-03
 -4.84246165e-02 -1.05237784e-02  4.37427647e-02 -1.06610982e-02
  2.20420584e-02  3.12011633e-02 -5.69493175e-02 -2.34444868e-02
 -5.29579297e-02 -8.95147678e-03 -3.25564928e-02  1.95682123e-02
  1.51075574e-03 -3.85451652e-02  3.05934325e-02 -7.46224374e-02
  5.31655326e-02  3.17376181e-02  4.83394265e-02 -2.17654812e-03
 -1.10158212e-02  2.94773672e-02 -3.67476642e-02  5.74983135e-02
 -1.70107540e-02  2.28698160e-02  1.25245703e-02 -3.12925056e-02
  1.53933302e-01 -1.22441649e-01 -1.45278219e-02 -5.26358522e-02
 -2.14093588e-02  3.10613513e-02  4.03912999e-02 -4.13736813e-02
 -8.35147873e-02 -6.92569232e-03  3.13466415e-03 -1.94506645e-02
  7.44386539e-02  1.60071552e-02 -1.99980792e-02 -5.42779341e-02
  1.42085776e-01  1.16992127e-02  3.64912748e-02  1.67347267e-02
  6.71167895e-02  4.71961163e-02 -3.80817219e-03  4.49719392e-02
 -1.15760714e-02  3.14159319e-02 -9.53629389e-02  1.18226538e-33
 -4.59336154e-02  5.91429844e-02  3.24773602e-02  4.70026508e-02
  7.89036043e-03  3.30329798e-02  3.48178521e-02 -5.55026866e-02
  3.59924734e-02  6.44362718e-02  5.78246824e-02 -1.99040733e-02
 -5.36517762e-02  2.13337224e-03 -3.93980779e-02 -6.65048882e-02
 -3.89468037e-02 -6.22171611e-02 -5.41886911e-02  3.28338817e-02
 -2.58287583e-02  8.80419761e-02  3.40613187e-03  7.92828500e-02
  1.07492758e-02 -4.51407619e-02 -6.19103163e-02  1.52822316e-03
  5.18342815e-02 -4.25824039e-02  4.37769815e-02 -9.61396564e-03
 -1.03284717e-01  1.36405481e-02  1.03398263e-02  1.39676267e-02
 -2.43948139e-02 -1.29724428e-01 -1.92400254e-02 -1.90192368e-02
 -3.59964408e-02 -5.26478477e-02 -1.33348573e-02  5.54219296e-04
  5.42376265e-02 -3.44668925e-02 -2.63325684e-02 -9.68759656e-02
 -7.37915114e-02  6.39629960e-02 -4.50236425e-02  2.08442435e-02
 -5.13433628e-02 -3.60140130e-02  8.50133225e-03  2.65869196e-03
  1.06973097e-01 -1.80501908e-01  4.15407605e-02 -1.44569976e-02
 -6.76869750e-02  5.05400747e-02  1.09444121e-02 -7.40533993e-02
  9.83748510e-02 -8.10408667e-02 -4.27703001e-02  9.52035189e-02
  2.09699944e-02 -1.02532767e-02 -5.44708222e-02 -9.35437437e-03
 -9.65065788e-03  3.63410003e-02 -5.08271605e-02  1.62620712e-02
 -5.49415126e-03  2.23210119e-02 -2.74599958e-02  2.11999845e-02
 -7.05876797e-02  3.29055334e-03  5.51522756e-03 -1.02478541e-01
  3.17704454e-02  7.22817779e-02  5.91236958e-03  4.39289957e-03
  3.61003168e-02 -1.27578275e-02 -4.36197743e-02 -1.90906357e-02
  3.30509022e-02 -5.92603125e-02  4.14246470e-02 -2.32987922e-08
 -3.99960354e-02  4.11227196e-02  1.97827201e-02  9.50414240e-02
 -2.04568822e-02 -6.83239177e-02 -6.32231534e-02  4.18313826e-03
  1.36806295e-04 -7.22100213e-02 -2.83382554e-02 -1.25057641e-02
  3.08350809e-02  4.72686924e-02  1.74774993e-02 -1.09048467e-02
  2.93083508e-02  3.95098664e-02 -2.74864454e-02 -9.51216072e-02
  4.46649604e-02  8.41137692e-02 -6.53138310e-02  6.06873780e-02
 -1.98731422e-02 -2.64401548e-02  1.93376672e-02 -1.66872684e-02
 -7.96953663e-02 -2.70759352e-02 -2.85677821e-03  4.07074858e-03
 -5.56076393e-02  7.41570666e-02  5.86736538e-02 -3.94111406e-03
 -4.28174883e-02  4.67944599e-04  3.47267799e-02  9.69281644e-02
 -3.23157795e-02  2.56144609e-02  6.12969510e-02  7.59964585e-02
 -1.81154367e-02 -8.81589367e-04 -3.78780589e-02 -3.51360328e-02
 -8.25885460e-02 -1.28574833e-01  4.06755693e-02  9.70299765e-02
 -1.36615746e-02 -1.59142930e-02  5.20323701e-02  8.34080800e-02
  2.88764779e-02  5.26952883e-03 -9.03482735e-02 -9.14279558e-03
  2.14487389e-02  5.38423844e-03 -1.51914433e-01 -2.29719933e-03]",project_topic,Project topic: Career development and professional skills,0.6293196678161621,"[{""outcome_key"": ""project_topic"", ""outcome_label"": ""Project topic: Career development and professional skills"", ""score"": 0.6293196678161621}, {""outcome_key"": ""learning_performance"", ""outcome_label"": ""Improved learning performance"", ""score"": 0.534859299659729}, {""outcome_key"": ""positive_interactions"", ""outcome_label"": ""Enhanced positive interactions with people from different backgrounds"", ""score"": 0.5249562859535217}, {""outcome_key"": ""language_digital"", ""outcome_label"": ""Improved foreign language and digital competences"", ""score"": 0.5018584132194519}, {""outcome_key"": ""initiative_entrepreneurship"", ""outcome_label"": ""Increased sense of initiative and entrepreneurship"", ""score"": 0.40547674894332886}]"
Career_Youth_Exchange,3,What did you learn during the project?,"Yes, my biggest improvement would be public speaking, but besides i also developed my constructive thinking and team work. Plus some management skills.",Plus some management skills.,neutral,0.0,True,"[ 8.17213114e-03 -7.54280388e-03  3.59863453e-02  5.28480038e-02
 -4.15107571e-02  1.43991197e-02  2.05629189e-02 -4.59192432e-02
 -3.82912830e-02  3.31767797e-02 -9.10497550e-03 -3.33958603e-02
 -4.77392562e-02  4.46955264e-02  6.63989410e-02 -5.22229858e-02
  4.15288880e-02  7.05013191e-03 -3.89638683e-03 -1.55767113e-01
 -7.68253431e-02 -1.73378438e-02  8.24517533e-02 -6.30835146e-02
 -9.25815012e-03  2.47652736e-03 -2.80055813e-02 -3.87030188e-03
  2.31080446e-02 -4.36267070e-02  4.76418808e-02  4.31416184e-02
  1.93926338e-02  2.12979931e-02 -1.39042623e-02  1.07437812e-01
  7.65288025e-02  5.38998879e-02  7.80293765e-03 -5.69908917e-02
  6.38800254e-03 -8.75926856e-03  2.86621861e-02 -5.80255650e-02
 -6.46576434e-02 -6.50409833e-02  3.70520130e-02 -7.80260516e-03
 -3.18396394e-03  1.73712522e-02  3.33553441e-02 -2.01512724e-02
  2.37920601e-02 -4.00757231e-02  5.01076318e-02  1.24284439e-02
 -4.12878767e-02  3.68841663e-02 -2.14211456e-02  7.97999930e-03
 -8.09636712e-02  4.26264480e-03 -5.33892028e-02 -7.04130717e-03
 -4.05880995e-03 -4.10547331e-02 -8.89688656e-02  8.33793283e-02
 -2.56717205e-02  3.37779634e-02  4.38487753e-02 -9.12527591e-02
 -5.84153123e-02 -4.61128214e-03  4.67201173e-02  1.64768361e-02
  8.62434227e-03 -1.85995996e-02  6.90178946e-02  7.15935137e-03
  4.46908921e-02  3.43978778e-02 -3.61143388e-02  8.04380029e-02
 -4.33546826e-02 -6.77336007e-02 -1.59937087e-02 -9.56911370e-02
  1.62622686e-02  4.79823016e-02  1.30164221e-01 -6.68436959e-02
 -3.68230008e-02  1.10159786e-02 -1.83494631e-02 -2.73126811e-02
 -3.39715928e-02  3.94905098e-02 -4.42628413e-02  9.81775206e-03
  2.49925698e-03  1.46981925e-02  5.31300679e-02  3.24180536e-02
 -6.89103454e-02 -1.76711865e-02  7.69651011e-02  1.72805004e-02
 -1.17994472e-02  9.28605907e-03 -6.18473478e-02  7.49651417e-02
 -9.72182080e-02  4.26840521e-02  3.96697521e-02  3.94200347e-02
 -6.30873740e-02  2.59750914e-02 -2.71500647e-02  4.22898754e-02
  7.91803449e-02  4.83112708e-02 -1.61574520e-02  2.73933187e-02
 -3.03668976e-02 -1.38991268e-03 -6.72701150e-02 -3.42276368e-33
  1.91817284e-02  8.44426826e-02 -1.30172428e-02  1.03250831e-01
  8.64693895e-02  4.80319150e-02  4.88976948e-02  6.11537211e-02
  2.19219029e-02 -3.03536970e-02 -3.92813720e-02  5.13413027e-02
 -6.26924857e-02 -3.67202908e-02  6.39461353e-02  3.85540500e-02
 -8.45284536e-02  7.39024803e-02 -9.42533743e-03  3.97558287e-02
 -4.65429761e-02 -2.12475080e-02  1.30615728e-02  1.96492970e-02
  4.62063849e-02  4.00274545e-02  4.93961088e-02 -1.48563292e-02
  6.95970058e-02 -1.09119061e-02  1.76589713e-02  7.71117816e-03
 -8.92824233e-02 -1.22982152e-02 -1.80587023e-02  8.22080821e-02
 -6.68997169e-02 -1.63938954e-01  7.16197491e-02  2.89369356e-02
 -6.05782084e-02  2.78440956e-03 -3.18904780e-02 -3.66182788e-03
  1.59348594e-03  1.40510984e-02  2.02690698e-02  1.41957998e-02
 -9.78809316e-03  9.61229280e-02 -5.93407750e-02 -1.93502139e-02
  3.85135300e-02 -7.26937056e-02  2.50140093e-02  4.85951314e-03
  6.24420233e-02 -1.18126608e-02  6.22263458e-03  2.05025952e-02
 -4.45423685e-02  4.45921905e-03 -9.15807486e-02  3.26330066e-02
  1.47016291e-02 -2.92868596e-02  5.83838895e-02  2.74960417e-02
  1.11801997e-01  4.70479671e-03 -7.23562986e-02 -9.71072633e-03
  2.65859831e-02 -9.07897577e-03 -6.47031963e-02  6.69096503e-03
 -1.41195068e-02 -7.24548548e-02  7.21563250e-02  8.77074525e-02
  4.26140092e-02 -1.44172395e-02  6.95557743e-02 -4.63122204e-02
  1.02339432e-01  4.17184718e-02  7.68128261e-02 -2.82508880e-02
  3.78463641e-02  9.13357139e-02  1.50599834e-02 -5.23657836e-02
 -5.23476787e-02  4.63693999e-02 -4.16267030e-02  2.14932493e-33
 -4.91543934e-02 -4.02351432e-02 -1.20000551e-02  5.00597246e-02
  4.09164801e-02  7.36718401e-02  3.74839529e-02 -3.25935334e-02
 -2.19050031e-02 -4.72975476e-03  1.22101419e-02  3.72993760e-02
 -5.50260432e-02  4.66456898e-02  5.05785109e-04 -3.04236319e-02
  1.79812089e-02 -1.44858323e-02 -2.39575356e-02 -1.53157786e-02
  5.03321998e-02  1.07278675e-01 -7.24787544e-03  1.20364226e-01
 -5.11706322e-02  4.54256125e-02 -1.58418164e-01 -3.09127532e-02
 -8.96791667e-02  6.13839366e-03  4.10327688e-02  2.02801749e-02
 -7.08340257e-02 -3.50033725e-03 -7.41836354e-02 -8.36284831e-02
 -2.45833173e-02  4.23220843e-02 -1.20928809e-02  1.00813404e-01
  4.24132124e-02 -4.82373796e-02  2.26876736e-02  7.92207289e-03
  2.12138109e-02 -3.04672103e-02  2.26469599e-02 -3.50321829e-02
 -6.57682028e-03 -1.07019031e-02 -3.12235951e-02 -4.76248302e-02
 -8.26566294e-02 -1.51277743e-02 -5.09917028e-02 -7.89234340e-02
 -7.86282122e-03 -1.50569230e-01  1.93738248e-02 -3.97480093e-02
 -5.08250818e-02  2.29372382e-02  5.18589169e-02  5.44476844e-02
  1.72052328e-02 -5.62415039e-03 -1.43460101e-02 -2.44971346e-02
 -8.09352845e-02 -2.13978719e-02  4.97392416e-02  5.22262184e-03
  7.48776495e-02  9.24629252e-03 -1.25791609e-01  3.18362261e-03
 -4.59328629e-02 -2.67314538e-02  1.20241765e-03 -3.46240848e-02
 -1.15080558e-01 -7.35026300e-02  3.03075872e-02 -2.72315256e-02
 -5.70550701e-03  8.27819258e-02 -1.14643294e-03 -9.64964926e-02
  3.57047915e-02 -7.56547228e-02 -7.85282776e-02 -7.79541489e-03
 -2.53968197e-03  3.84136327e-02 -5.36900153e-03 -1.35217695e-08
  8.22058041e-03 -4.77702729e-02 -4.87201801e-03 -4.40620556e-02
 -1.38464058e-02 -3.66539024e-02 -6.81162179e-02  1.72953736e-02
  6.62098080e-02  1.17103592e-01  3.10230795e-02 -4.09980081e-02
 -9.16312356e-03  3.16430554e-02  5.56202494e-02  1.87581200e-02
  1.41606880e-02  1.07803918e-01 -1.69823747e-02  4.46663238e-02
  2.56014429e-02  2.98755355e-02 -2.13699099e-02  5.51035702e-02
  1.79442186e-02 -2.78813187e-02 -2.92636529e-02  4.92848046e-02
  1.92499405e-03  1.55752361e-01  2.57746484e-02 -7.74287209e-02
  4.95299809e-02  1.20035773e-02  5.60260415e-02  1.28151681e-02
  2.94904374e-02 -5.94449677e-02 -2.13599820e-02 -2.61010602e-02
 -4.30113077e-02  2.20991634e-02  7.47843739e-03  5.33524938e-02
  4.64801267e-02 -6.04423508e-02 -9.36325416e-02  8.07724744e-02
 -6.54439535e-03 -3.99449691e-02  1.07931487e-01  6.85656816e-02
 -6.59065042e-03 -2.22771280e-02  2.69867945e-02  1.31843258e-02
  2.11763885e-02 -1.77744683e-02 -6.35833219e-02  5.03116734e-02
 -7.95897841e-03 -8.74106511e-02  3.76039259e-02  4.03865054e-02]",employability,Enhanced employability and improved career prospects,0.5284984707832336,"[{""outcome_key"": ""employability"", ""outcome_label"": ""Enhanced employability and improved career prospects"", ""score"": 0.5284984707832336}, {""outcome_key"": ""project_topic"", ""outcome_label"": ""Project topic: Career development and professional skills"", ""score"": 0.49789151549339294}, {""outcome_key"": ""language_digital"", ""outcome_label"": ""Improved foreign language and digital competences"", ""score"": 0.47750604152679443}, {""outcome_key"": ""learning_performance"", ""outcome_label"": ""Improved learning performance"", ""score"": 0.38615739345550537}]"
Career_Youth_Exchange,4,What did you learn during the project?,yes I learned how to communicate difficult subjects towards my peers,yes I learned how to communicate difficult subjects towards my peers,neutral,0.0516,True,"[ 4.17353138e-02  2.25288328e-02  2.62653865e-02  2.53661927e-02
 -2.08880398e-02 -2.79482994e-02  6.94011599e-02  1.99581422e-02
 -6.08277731e-02 -6.87870895e-03 -2.37629443e-04  7.99783170e-02
 -1.11751836e-02  4.30704281e-02  4.94693071e-02  1.03484392e-02
 -5.00175878e-02  4.75206152e-02  3.91096249e-03 -7.23053515e-02
 -8.22029337e-02  6.21397831e-02  1.98647808e-02 -3.24275973e-03
  3.42391990e-03  3.89402136e-02  2.49435659e-02  1.69267785e-02
  4.25681025e-02 -7.50872418e-02 -5.43799698e-02 -3.99452494e-03
  2.81984322e-02  5.38350977e-02 -2.04742886e-02  8.23434964e-02
  5.11815473e-02  3.65144685e-02  1.12755625e-02 -2.33233403e-02
 -3.07374392e-02  3.83017883e-02  7.01505020e-02 -8.88816193e-02
  6.58054203e-02 -8.93652514e-02  1.61390491e-02  1.46306781e-02
 -7.32803121e-02 -5.62498234e-02 -4.75944616e-02 -6.44603930e-03
 -4.87929629e-03  2.25022174e-02  3.30001153e-02  4.66669388e-02
  4.77774441e-03  1.30485490e-01  2.60077347e-03  8.57563596e-03
 -5.35550267e-02 -1.03405446e-01 -4.61080149e-02  2.17833091e-02
 -1.43368486e-02  6.92105070e-02 -4.43974808e-02 -6.75067015e-04
  6.60227472e-03  1.90255344e-02 -5.27238473e-02  2.50622034e-02
  6.22559078e-02  3.51462029e-02  8.28196481e-02 -4.37714346e-03
  3.97392474e-02 -3.97990197e-02 -2.10458990e-02  5.75033538e-02
 -4.17581480e-03 -1.52160712e-02 -5.09119071e-02  4.20801491e-02
 -2.96211615e-03 -1.42852679e-01  1.31699974e-02  4.57940577e-03
 -3.25850360e-02 -2.25788374e-02  9.16087031e-02 -2.24943440e-02
 -4.57924828e-02  4.70130816e-02  3.59861888e-02 -1.21922038e-01
  8.95400252e-03 -1.91325527e-02 -3.81014496e-02  5.63075803e-02
  5.18320920e-03  4.06765901e-02 -7.20703304e-02 -1.22124539e-03
 -2.54341420e-02  1.34986714e-02 -4.15415652e-02  5.96645521e-03
  4.57268069e-03 -5.54918032e-03 -9.61304680e-02  5.66360839e-02
 -4.64070290e-02  2.28671469e-02  3.89801264e-02  3.60744931e-02
  4.93529066e-02  4.18344103e-02  3.03283818e-02  9.33352578e-03
  4.74819168e-02  4.69406918e-02  5.27514704e-03  3.81740369e-02
 -3.97275724e-02 -5.89973256e-02  4.12585177e-02 -2.04701266e-33
  7.74806589e-02 -1.57169160e-02  3.28747119e-04  6.13917857e-02
 -2.66271941e-02  4.25162464e-02 -4.41506831e-03  2.57474277e-02
 -4.83578816e-03 -8.30041096e-02  1.15231261e-01  3.93315479e-02
  6.34886175e-02 -3.23717222e-02 -1.09434836e-02  6.00841306e-02
 -1.20532557e-01  1.81284770e-02  5.41292550e-03  1.42510505e-02
  2.87554078e-02 -3.79717946e-02  2.09212098e-02 -6.41026944e-02
 -6.59139035e-03  4.71265987e-03  2.77828053e-02 -5.59263118e-02
  1.00061752e-01  1.57660469e-02  5.35456091e-03  3.39621212e-03
 -6.48111105e-02 -1.84060503e-02 -7.67126307e-03  5.84978908e-02
  9.20497403e-02 -1.09890945e-01  5.83695434e-02  3.21683357e-04
  7.26378039e-02 -4.04555686e-02  7.09148124e-02 -8.11483413e-02
 -1.57227012e-04  4.41603810e-02 -1.47600118e-02 -9.51135382e-02
 -1.14224806e-01  2.47997362e-02 -1.31377816e-01 -6.60612620e-03
 -9.37345810e-03 -8.92106593e-02  7.53859133e-02  3.69366147e-02
 -2.18711644e-02  4.45077233e-02 -5.61684929e-02  4.38619591e-02
 -1.31803611e-02  3.83422747e-02 -2.89698336e-02  1.18212542e-02
 -2.11917143e-02  1.80598162e-02 -7.16420263e-02  3.62687954e-03
  1.01345412e-01 -9.11330581e-02 -9.66301262e-02  6.00988569e-04
 -7.91962743e-02 -4.59787473e-02 -6.29637949e-03 -3.73947732e-02
 -3.23196240e-02 -1.91234052e-02  6.58676699e-02 -2.80428473e-02
  9.56246555e-02 -1.96285602e-02 -1.13000190e-02 -7.67772878e-03
  3.08370423e-02  1.18021527e-02  1.16364192e-02 -1.04210407e-01
  6.08249530e-02  1.37610268e-02 -3.19673051e-03 -6.32545948e-02
 -1.37463387e-03  3.40972356e-02 -7.36630782e-02  6.27462446e-34
 -7.92420581e-02  5.29861003e-02 -4.37414981e-02  4.33912426e-02
  2.29189433e-02 -3.87883745e-02  5.60468575e-03  3.22884247e-02
 -3.35189514e-02  6.95831701e-02  6.91699162e-02 -7.98864639e-04
 -8.48496482e-02  8.77407193e-03 -7.67176738e-04 -5.41196018e-02
 -2.55420208e-02  5.16904425e-03  1.40398722e-02 -6.43763989e-02
 -9.18462053e-02  2.57325657e-02 -9.32156667e-03 -8.85940681e-04
  3.15306522e-02  8.21797585e-04  3.08120437e-02  1.07002268e-02
 -1.30064487e-02 -4.11456311e-03  9.10166129e-02  6.53774291e-02
 -2.48089619e-02 -1.41523955e-02 -1.09785106e-02  6.22240081e-02
  2.61278283e-02 -4.84825820e-02 -4.96763512e-02 -2.11339127e-02
 -2.68852785e-02  1.84841994e-02 -6.27875924e-02 -2.00789440e-02
  2.02479456e-02 -1.82124916e-02  1.06310761e-02 -4.66610268e-02
  1.11174658e-02  2.47478597e-02 -3.36837508e-02 -2.10806280e-02
  2.38295328e-02 -9.94192585e-02  3.99409458e-02  1.30710462e-02
  9.27121267e-02 -3.02453563e-02  8.49357694e-02 -1.84188057e-02
 -2.96055824e-02  1.95108820e-02 -3.94442752e-02 -2.88888067e-02
  6.74841553e-02 -6.32649660e-02 -4.27360944e-02  6.87045306e-02
 -1.54832257e-02 -3.59515892e-03  4.01681885e-02  4.70153391e-02
  9.17799189e-04 -3.26913781e-02  1.15579553e-02 -3.66319194e-02
 -8.11988860e-02 -3.00851557e-03 -1.42577559e-01  2.02489756e-02
  3.43321823e-02  2.01494787e-02  2.86701061e-02 -4.65989634e-02
  3.45876887e-02  5.85363917e-02  1.09942229e-02  2.41308380e-02
  2.60921363e-02 -4.49432023e-02 -4.70490055e-03  3.99662694e-03
  1.16661955e-02 -6.53150752e-02 -3.55467685e-02 -1.90380032e-08
 -4.63735387e-02 -8.23513977e-03  3.93952802e-02  5.86525016e-02
  1.04250992e-03  7.28632137e-02 -4.10747714e-02  1.03061721e-01
 -9.64375660e-02  4.29158434e-02 -8.70353431e-02  1.32222380e-02
  4.15481590e-02  1.53861977e-02  1.19062804e-01  3.36865382e-03
  1.85550377e-01 -3.03015057e-02  2.00821795e-02 -3.05202156e-02
  1.44371584e-01  1.61855370e-02  1.65100256e-03  3.90774757e-02
 -4.32568677e-02 -2.96983439e-02  4.85732108e-02  2.05095075e-02
 -1.84506010e-02  3.19407471e-02 -7.08951131e-02 -1.99036468e-02
 -1.11314096e-02 -5.11361882e-02  2.53350548e-02 -1.20229907e-02
  3.91126471e-03 -1.25931025e-01  3.49425827e-04  5.48350103e-02
 -5.41880280e-02 -2.67250948e-02  8.35724249e-02  5.92059754e-02
  8.33239499e-03  8.71915147e-02 -4.64863926e-02 -3.46236713e-02
 -1.40978433e-02 -5.89166069e-03  2.38553975e-02  2.92498656e-02
  8.85422993e-03  6.31867582e-03  8.70723724e-02  5.93208475e-03
 -4.76454385e-02 -3.29248644e-02 -1.06142730e-01 -2.57137115e-03
  5.03284149e-02  1.20351143e-01 -1.46320164e-01  4.21801489e-03]",language_digital,Improved foreign language and digital competences,0.5127353072166443,"[{""outcome_key"": ""language_digital"", ""outcome_label"": ""Improved foreign language and digital competences"", ""score"": 0.5127353072166443}, {""outcome_key"": ""learning_performance"", ""outcome_label"": ""Improved learning performance"", ""score"": 0.4964846670627594}, {""outcome_key"": ""positive_interactions"", ""outcome_label"": ""Enhanced positive interactions with people from different backgrounds"", ""score"": 0.49166494607925415}, {""outcome_key"": ""intercultural_awareness"", ""outcome_label"": ""Enhanced intercultural awareness"", ""score"": 0.4669579267501831}]"
Career_Youth_Exchange,5,What did you learn during the project?,communication skill.,communication skill.,neutral,0.0,True,"[ 1.41774723e-02 -1.21717891e-02  3.35694253e-02  1.91803854e-02
 -1.12419955e-01 -4.72520813e-02  1.16429009e-01 -2.33751014e-02
  1.69766061e-02 -3.14047784e-02 -7.16833444e-03 -1.90948956e-02
 -4.77587469e-02  2.77250633e-02  3.38535570e-02 -1.87124517e-02
  6.03351630e-02 -2.33622007e-02 -6.24753423e-02 -1.20272033e-01
  1.12434058e-03  5.49878664e-02  8.23248252e-02 -2.84412056e-02
 -1.83904276e-03  3.77861485e-02 -4.16917205e-02 -2.80483495e-02
  4.76722419e-02 -3.02333813e-02  3.24392468e-02  3.34527008e-02
  1.90719794e-02  5.98739311e-02 -1.02836140e-01  1.17559031e-01
  6.77756965e-02  2.79399604e-02  9.80056636e-03 -4.10781689e-02
 -8.09776112e-02 -4.33139838e-02  5.66870421e-02 -7.67462254e-02
 -1.74148828e-02 -4.96028326e-02  6.33254051e-02  1.00762606e-01
 -6.86110854e-02 -3.34238401e-03 -4.25947309e-02  7.09176715e-03
  1.17290346e-02  2.81850938e-02  5.96712083e-02  1.18631346e-03
 -6.03850670e-02  1.13405280e-01  1.05178058e-02  2.84536816e-02
  1.35417581e-02 -1.50979282e-02 -6.54297844e-02  6.61253482e-02
 -1.68425986e-03  9.90943704e-03 -2.75756884e-02  4.23722975e-02
 -2.87779681e-02 -1.33980634e-02  2.31058449e-02 -3.14200185e-02
 -3.48722786e-02  3.75765115e-02  8.41623694e-02 -6.74052909e-02
  5.71468025e-02 -6.89979196e-02  4.05847356e-02  7.65861496e-02
 -1.19549222e-02  2.05854318e-04 -2.80715059e-02  8.52699578e-02
  3.54762468e-03 -7.03495964e-02 -3.12357023e-02 -2.32200809e-02
 -3.25836465e-02  9.25285928e-03  4.30039540e-02 -5.70790023e-02
 -7.38937780e-02 -1.14445416e-02 -8.49059150e-02 -4.92835455e-02
 -2.04654653e-02 -2.92455574e-04 -6.14574142e-02  8.83667022e-02
  2.49099005e-02 -1.02570094e-02 -2.78932992e-02  2.37221364e-02
 -5.78969382e-02 -2.27817278e-02  1.18458532e-02  3.31851766e-02
 -6.41615242e-02  1.87089983e-02 -1.00880258e-01  2.19679587e-02
 -1.06940657e-01  7.34629855e-02  5.26021123e-02  8.70637894e-02
 -8.20984319e-02  6.50263578e-02  3.64533365e-02  2.63034403e-02
  5.31475134e-02  3.36186402e-02 -2.02333070e-02  1.80109255e-02
 -6.08659443e-03 -6.50613680e-02 -2.56899130e-02 -4.93523222e-33
  5.29142544e-02  7.40684643e-02  1.78087261e-02  1.46096826e-01
  5.46255819e-02  4.76733260e-02  1.56431124e-02  2.16084942e-02
  3.86954546e-02  7.10141892e-03  3.24375182e-02  8.28778092e-03
 -2.37528700e-03  1.18047567e-02  8.94318521e-02  5.04503623e-02
 -1.17715962e-01  4.41890322e-02  1.17393732e-02  1.26181217e-02
  1.79672092e-02 -1.26779964e-02  2.24103313e-02  1.78683363e-02
  4.14704392e-03  2.73366156e-03  5.49006127e-02 -5.74963689e-02
  5.07047847e-02 -5.41800400e-03 -1.00715920e-01  4.19229679e-02
 -2.99865268e-02 -3.88139822e-02  2.23104320e-02  2.30883770e-02
  7.39024160e-03 -1.53508946e-01  9.04483125e-02  3.21275927e-02
  9.73221660e-03 -1.86483897e-02 -4.89509627e-02 -6.13781624e-03
  6.37554750e-03  6.57193586e-02  3.19885500e-02 -4.82624099e-02
 -8.56255591e-02  9.96618271e-02 -3.08584329e-02 -2.39718030e-03
 -1.97186321e-02 -5.38020022e-02  7.61619508e-02  2.08617412e-02
  2.59978548e-02  9.28788818e-03 -2.48196982e-02  4.32577953e-02
  4.65000980e-02  6.27662838e-02 -9.18987915e-02  3.49936299e-02
 -6.20163139e-03 -3.72361615e-02 -5.49649969e-02  4.83976528e-02
  1.38282493e-01 -6.86074793e-02 -2.03736592e-02 -2.51095393e-04
  1.22095570e-02  7.49936095e-03 -5.47128730e-02 -4.88714129e-02
 -4.95329946e-02 -4.62492742e-02  7.60487467e-02  4.92426120e-02
 -1.55955029e-04  3.52355826e-04 -1.91932786e-02 -1.05140824e-02
  3.66917327e-02 -2.85115559e-02 -3.39738391e-02 -3.64392847e-02
  4.42224592e-02  7.51784891e-02  1.27670020e-02 -2.49294508e-02
  6.83216285e-03  3.23150903e-02 -3.52879390e-02  4.31444887e-33
 -2.07975078e-02  1.64468419e-02 -3.37618366e-02  1.27367705e-01
 -8.91887303e-03  2.14773733e-02  7.38443360e-02 -1.46694365e-03
  2.69126426e-02  3.62465456e-02 -3.86685655e-02  9.52185877e-03
 -3.47826518e-02  2.16035396e-02  1.22679882e-02 -6.73198625e-02
  3.69702652e-02  3.31052905e-03  1.49980988e-02 -3.03324815e-02
  5.50024845e-02  2.73756534e-02 -4.45612147e-02  5.90925030e-02
 -1.76330935e-02 -3.17063741e-02 -2.59161182e-02 -7.53548667e-02
 -5.26985750e-02 -1.38223041e-02  4.94382195e-02  9.18780454e-03
  8.63761734e-03  1.04424115e-02 -4.84363586e-02  5.27233221e-02
 -7.84820318e-03  1.90867633e-02 -2.86401659e-02  3.20055932e-02
  5.54801337e-02  2.88365246e-03 -1.49148284e-02  3.47777754e-02
  1.61335040e-02  5.88502549e-03 -1.14068454e-02 -2.08495222e-02
  2.65210704e-03  1.79227311e-02  4.36733142e-02 -5.63944839e-02
  1.58178713e-02 -3.92410122e-02 -6.45519868e-02  1.73776206e-02
  2.36212909e-02 -9.03375074e-02  2.41946615e-02 -1.15244454e-02
  5.01794480e-02  1.43455272e-03  3.89942303e-02  3.12981084e-02
  2.12947205e-02  3.12490796e-04 -4.39525843e-02  3.41966040e-02
  3.58041413e-02  4.76299860e-02  1.17187239e-01 -1.06594609e-02
  3.96554470e-02 -5.27595542e-02 -5.89768626e-02  2.12705974e-02
 -1.55388311e-01 -3.28763574e-02 -8.75715464e-02 -1.28153833e-02
 -1.14781670e-01 -3.93403843e-02 -6.77934289e-03 -1.47267748e-02
 -1.99949276e-02  1.06979772e-01  2.23681889e-02 -5.78955188e-02
  1.60734635e-02 -1.47059485e-01 -2.87198033e-02  3.48508433e-02
 -2.70979814e-02  8.50458257e-03 -5.64988032e-02 -1.17530607e-08
 -4.96371947e-02 -9.25239176e-02  2.63608433e-02 -1.06133878e-01
 -2.38102069e-03  7.83567131e-02 -1.22474134e-02 -3.58787514e-02
  2.64083669e-02  2.93777138e-02  1.63926780e-02 -2.09861044e-02
  1.03358040e-02  1.45579660e-02  1.50660843e-01 -3.78706232e-02
  5.12444600e-02  2.94061266e-02 -2.93466300e-02  3.80645245e-02
  1.19156249e-01 -2.99958475e-02 -7.43680671e-02  3.41747366e-02
  1.05193499e-02 -5.47276437e-02  7.88266677e-03  1.21932447e-01
 -3.57624106e-02  9.08878446e-02 -4.24382798e-02 -3.81561480e-02
  4.68128398e-02 -3.20841037e-02  1.13181183e-02  1.98156144e-02
  3.71870361e-02 -8.77664015e-02  5.22817019e-03  2.82541811e-02
 -2.79374383e-02  7.49294832e-02  1.34195313e-02  2.10363250e-02
  5.65427318e-02  2.71470528e-02 -2.73068976e-02  2.86562089e-02
 -4.43727374e-02 -2.09766254e-02  2.46957149e-02  5.30048832e-02
 -1.72848348e-02  4.03796956e-02  3.39926593e-02 -1.73789840e-02
  1.58638414e-02 -8.08639452e-03 -9.40737575e-02  7.63204098e-02
  4.38109636e-02  1.15588531e-01 -1.02304064e-01  2.13099215e-02]",language_digital,Improved foreign language and digital competences,0.5478655099868774,"[{""outcome_key"": ""language_digital"", ""outcome_label"": ""Improved foreign language and digital competences"", ""score"": 0.5478655099868774}, {""outcome_key"": ""positive_interactions"", ""outcome_label"": ""Enhanced positive interactions with people from different backgrounds"", ""score"": 0.44909733533859253}, {""outcome_key"": ""employability"", ""outcome_label"": ""Enhanced employability and improved career prospects"", ""score"": 0.4435601234436035}, {""outcome_key"": ""project_topic"", ""outcome_label"": ""Project topic: Career development and professional skills"", ""score"": 0.42208993434906006}, {""outcome_key"": ""learning_performance"", ""outcome_label"": ""Improved learning performance"", ""score"": 0.4168074131011963}]"
Career_Youth_Exchange,6,What did you learn during the project?,"Yes, english speaking, caring for others, organizing skills","Yes, english speaking, caring for others, organizing skills",positive,0.7096,True,"[ 5.04453741e-02 -6.63558778e-04  5.09795360e-02  5.68834059e-02
 -4.84781936e-02 -3.31336632e-02  7.16136843e-02 -1.36917830e-01
 -6.71224520e-02  4.74021658e-02  7.10089458e-03  3.38063315e-02
 -4.97886911e-02  7.28557333e-02  8.86913091e-02  4.26501920e-03
 -9.93277952e-02  6.38811588e-02 -5.83803393e-02 -9.71983820e-02
 -1.33198842e-01  3.90474461e-02  2.57135998e-03 -2.84906989e-03
 -4.39576805e-02  3.84879224e-02 -2.21926952e-03 -2.92011369e-02
  6.30116761e-02 -3.68180610e-02  3.20495069e-02 -4.65666701e-04
  1.05878450e-01  7.83629790e-02  3.99993621e-02  1.50249183e-01
  1.25809565e-01 -1.20198121e-02  2.08889530e-03  9.36963770e-04
 -2.91852895e-02 -1.44452937e-02  5.28777353e-02 -9.45904776e-02
  1.90426074e-02 -1.71180461e-02  6.01661354e-02 -1.15434853e-02
 -7.18016475e-02 -9.50172842e-02  6.33629113e-02 -4.75344853e-03
  4.85162400e-02  2.01447159e-02  5.85104898e-02  6.48866817e-02
  1.10627888e-02  2.13826355e-02 -2.71992851e-03 -2.43644640e-02
 -2.93642059e-02  1.82174630e-02 -9.72752832e-03  6.69196695e-02
 -1.16784582e-02  1.75903365e-02 -8.64611268e-02  1.90192908e-02
 -7.06957001e-03  5.20420633e-03  1.12564536e-02 -1.92311389e-04
  4.62206565e-02  4.89662215e-02  8.17459822e-02 -6.44058734e-03
  2.75641866e-02 -4.77419980e-02  4.06056456e-02  2.10019983e-02
  4.81430218e-02  3.90373394e-02 -2.35350709e-03  4.21183668e-02
 -2.37635691e-02 -8.94256383e-02 -7.71946982e-02 -1.08521217e-02
  2.75066942e-02  2.94664758e-03  2.60591637e-02 -5.40366508e-02
 -4.09710370e-02  1.29719814e-02 -6.71862662e-02 -4.18411717e-02
  1.11316005e-02  1.15190046e-02 -8.53909105e-02  3.49709461e-03
 -1.88442301e-02  3.20925703e-03  5.28297313e-02  1.34529332e-02
 -7.86161348e-02  1.27402265e-02 -7.50880912e-02  6.74176291e-02
 -4.23449837e-02 -6.70260517e-03 -1.36447400e-01  4.64325137e-02
 -8.59316289e-02  2.41319332e-02  5.98341450e-02 -8.94733611e-03
 -1.17300339e-02 -1.71072909e-03  2.70559713e-02  3.42188552e-02
  3.75227854e-02  8.94217268e-02  1.48742376e-02 -2.49798559e-02
  2.50726286e-03 -2.17650644e-02  3.28995250e-02  1.14988290e-33
  5.22759110e-02  1.28302211e-03 -2.01867130e-02  6.76108971e-02
  1.89044643e-02  8.47791880e-02  2.69745607e-02  3.81411389e-02
  6.95188791e-02 -5.73111102e-02 -3.97158274e-03  7.05603883e-02
 -2.28766222e-02 -3.28581743e-02  9.91819333e-03  2.93554203e-03
 -1.01868741e-01  7.03723505e-02 -1.12274364e-01  2.17624139e-02
  4.62710951e-03  3.07845492e-02 -1.63898971e-02 -1.18445484e-02
 -1.03469221e-02  2.64231469e-02  8.85405168e-02 -8.57779980e-02
  1.32589266e-01 -1.55687155e-02 -4.66751494e-02  5.47928782e-03
 -8.23835954e-02 -4.04990129e-02 -2.34981477e-02  1.87638178e-02
  3.53722870e-02 -4.19199504e-02  4.52516153e-02  2.20037494e-02
 -1.09195570e-02 -7.81662390e-03  5.54328449e-02  1.95567422e-02
  3.08307391e-02  2.06953660e-02  6.85812682e-02 -4.39546816e-02
 -7.14697763e-02  5.45486026e-02 -7.98056200e-02 -4.04509902e-02
  2.29510274e-02 -8.86026397e-02  1.12273164e-01  9.00900457e-03
  8.63384753e-02  5.73516265e-02 -1.14789214e-02 -6.02540709e-02
  1.47635136e-02 -4.67774570e-02 -9.23006162e-02  1.64535176e-02
 -3.35634593e-03 -4.94187325e-02  4.98739854e-02  1.00577073e-02
  1.39253750e-01 -2.35743746e-02 -7.93857649e-02  3.54708470e-02
 -5.55352047e-02  2.84523070e-02 -9.33468714e-02  4.68091629e-02
 -1.40505191e-02 -7.46112391e-02  1.83990337e-02  1.61610800e-03
  7.33216777e-02  7.19203101e-03  5.58650345e-02  7.32627064e-02
  1.20019071e-01 -4.74822521e-03  2.73124967e-02 -3.27829272e-02
  6.90443739e-02  3.57759111e-02  1.23122518e-04 -8.46620128e-02
  2.28196476e-02  8.90808087e-03 -7.72608146e-02 -2.54461374e-33
 -8.88674930e-02 -5.52784428e-02 -3.16486694e-03  2.65120366e-03
  3.67629752e-02  1.72115620e-02  8.13764334e-02 -7.96615630e-02
  2.37448141e-02  5.72317950e-02 -1.74669530e-02 -2.52971277e-02
  3.29864472e-02  5.85600771e-02 -2.03364342e-02 -8.23243335e-02
  1.11851245e-02  1.92534160e-02  4.29982729e-02  1.18481705e-03
 -1.33435288e-02  9.14300047e-03  5.91531023e-03  3.73283252e-02
 -2.69728918e-02 -2.69936565e-02 -1.30109340e-01 -1.51107488e-02
 -1.19460244e-02  5.61948195e-02  4.85671349e-02  3.84262688e-02
 -3.40270102e-02  3.29579088e-05 -9.50106755e-02 -1.22123538e-02
 -1.42999471e-03 -6.87536958e-04 -3.38827297e-02  9.30738002e-02
  4.16415307e-04 -3.05670854e-02 -5.67221008e-02  3.69432569e-02
  1.24478964e-02 -1.85115691e-02  3.04537080e-02 -3.05531528e-02
 -4.76783626e-02 -4.81175371e-02 -7.20750215e-03 -3.21157873e-02
 -5.61470687e-02 -3.99760008e-02  6.46223575e-02  3.87484543e-02
 -9.56431963e-03 -1.53927222e-01 -1.21074384e-02 -5.60376644e-02
 -2.80205067e-02  2.44342368e-02  3.03284195e-03 -5.82570732e-02
  1.11282542e-02 -1.55132795e-02 -1.01704791e-03  5.48311733e-02
 -5.51105104e-02 -1.00810118e-02  9.93321687e-02 -8.07980597e-02
 -1.42232133e-02  2.18188036e-02 -9.04084295e-02 -3.63135189e-02
  1.15607539e-02 -2.79831383e-02 -1.18523184e-03 -1.46343056e-02
 -6.40120879e-02 -8.96414071e-02  8.53168219e-02 -1.02710925e-01
 -1.14613008e-02  1.99322551e-02 -2.78559979e-02  1.66032966e-02
  6.03832901e-02 -6.59917518e-02 -4.47331071e-02 -6.80318102e-03
 -3.09006907e-02  3.29953097e-02 -1.68088730e-02 -1.97881835e-08
 -1.68104935e-02 -1.04762400e-02  2.88253594e-02 -1.56028140e-02
 -5.26550524e-02 -8.34001601e-02 -1.61594748e-02  3.87334339e-02
  1.58796832e-02  7.65708834e-02 -9.25922673e-03  4.52300496e-02
  1.63815413e-02 -2.38453243e-02  6.46735430e-02 -1.70939825e-02
  1.22898377e-01  4.60273735e-02 -3.13300267e-02 -3.88387218e-02
  8.83549452e-02 -4.13519936e-03 -9.51992795e-02  3.94770280e-02
 -3.41788903e-02 -5.19239791e-02  3.01750489e-02  1.09265861e-03
 -1.25808343e-02  3.24077159e-02 -4.96119000e-02 -5.62555110e-03
 -8.86346563e-04 -1.80150624e-02  1.39099103e-03 -5.35771362e-02
 -6.61760289e-03 -4.96981591e-02  6.37634867e-06 -1.54656833e-02
 -7.64055504e-03  1.89081524e-02  2.49467287e-02  4.76388596e-02
  3.00529767e-02 -9.38731618e-03 -5.63510098e-02  5.89185394e-02
  5.36031500e-02 -1.19535603e-01  4.52061817e-02  4.25077640e-02
 -1.80741046e-02 -8.61378312e-02  3.01775672e-02 -1.03146927e-02
  3.08169238e-02 -3.28182690e-02 -4.92207846e-03 -3.43444273e-02
  1.22785184e-03 -1.38878040e-02  2.20850091e-02 -1.53415010e-03]",project_topic,Project topic: Career development and professional skills,0.4940859079360962,"[{""outcome_key"": ""project_topic"", ""outcome_label"": ""Project topic: Career development and professional skills"", ""score"": 0.4940859079360962}, {""outcome_key"": ""language_digital"", ""outcome_label"": ""Improved foreign language and digital competences"", ""score"": 0.4519484043121338}, {""outcome_key"": ""positive_interactions"", ""outcome_label"": ""Enhanced positive interactions with people from different backgrounds"", ""score"": 0.4266786575317383}]"
Career_Youth_Exchange,7,What did you learn during the project?,"Yes, I developed creative thinking","Yes, I developed creative thinking",positive,0.6808,True,"[ 5.15116602e-02  3.12540866e-02  1.33899068e-02 -1.58840455e-02
  1.68794487e-02 -4.98792492e-02  8.17120448e-02  7.58356452e-02
  3.79300751e-02  3.73751409e-02 -3.50274192e-03  9.89114195e-02
  3.07079479e-02  2.21829079e-02  7.23560378e-02  2.06798837e-02
 -1.31124601e-01 -3.19162905e-02 -3.78359505e-03 -2.33817790e-02
 -1.24682456e-01  2.49498375e-02  1.77753100e-03 -1.98112354e-02
  2.53851600e-02  4.72453833e-02  4.11068499e-02  4.36142460e-02
  6.57154620e-02 -9.18166339e-03  3.29825617e-02  2.82359216e-02
  1.24887368e-02 -6.39603883e-02  1.23288810e-01  5.45735434e-02
 -1.59856603e-02  8.75665694e-02  5.95806576e-02 -5.33423200e-02
 -4.93895486e-02 -1.16534196e-02 -5.29143028e-03 -2.88857911e-02
  2.83080097e-02 -8.94869715e-02  1.94371622e-02  4.53104125e-03
 -9.69352797e-02 -2.90856753e-02 -9.55564082e-02 -1.12399645e-02
  5.18433098e-03 -7.42007419e-02  3.96110453e-02 -1.18802674e-02
  2.15483569e-02  5.14903776e-02  2.36293823e-02 -9.49011464e-03
 -3.45418006e-02 -1.37773494e-03 -2.83578895e-02  3.15211341e-02
 -1.12749543e-02  6.02066740e-02 -3.90884690e-02  1.38312886e-02
  1.10491570e-02 -3.91833782e-02  7.63085112e-02  5.14177978e-02
  5.93276769e-02  1.00262845e-02  7.14242458e-02  5.39617091e-02
  6.49489579e-04 -2.48106439e-02 -3.25580593e-03  1.85381304e-02
  3.04418821e-02  3.67336608e-02 -7.06882700e-02  2.85704918e-02
 -1.26855206e-02 -8.32047872e-03  1.79825593e-02  9.27340239e-02
  1.72839016e-02 -3.35429758e-02  2.20814496e-02 -6.28003925e-02
 -6.38390929e-02  3.28658298e-02  2.34651752e-02 -5.70390150e-02
 -4.41557318e-02 -7.37394840e-02 -3.59282456e-02 -8.57394282e-03
  1.72201004e-02  1.32388929e-02  1.10874232e-02 -6.11001924e-02
  6.12801947e-02 -1.57741178e-02 -4.49048821e-03  4.21199426e-02
  5.50335320e-03 -2.53842101e-02 -5.14359847e-02  9.73907579e-03
 -2.31413799e-03  3.07666771e-02  1.90413781e-02  3.06825452e-02
 -4.21596728e-02  2.01758575e-02  3.63787375e-02 -1.62946377e-02
  1.04474068e-01  6.88624606e-02 -6.62735803e-03 -5.20710601e-03
 -6.89727813e-02 -8.73532444e-02  2.00858433e-02 -3.83483322e-33
  1.76531337e-02 -4.41086888e-02  3.73087972e-02  1.11904234e-01
  8.68864805e-02 -5.75294942e-02 -7.78721552e-03  1.95708238e-02
 -3.11004519e-02 -3.45612317e-02  2.51303576e-02 -1.87650435e-02
  2.32039616e-02  6.27673715e-02 -1.16909053e-02 -1.42427348e-02
 -1.19545259e-01 -2.44880710e-02 -1.09850452e-03 -1.85503799e-04
 -3.63346078e-02  1.32694030e-02  5.41475713e-02 -5.65749258e-02
 -9.90822539e-03  8.84923935e-02 -2.94936728e-02 -5.84140271e-02
  6.25910982e-02  1.59275029e-02 -4.79341485e-02  4.18728553e-02
 -9.61741880e-02  2.70726951e-03 -8.36852714e-02  5.54283261e-02
 -8.72279285e-04 -7.68579617e-02  4.20811139e-02  7.17163756e-02
 -2.48768385e-02  2.94450019e-02  2.56936830e-02  2.52885800e-02
  2.84849666e-02  5.34510873e-02  6.27097907e-03  3.25209871e-02
 -1.24246769e-01  5.80792464e-02 -9.47418883e-02  4.80210874e-03
  2.94428188e-02 -5.81620298e-02 -9.60922334e-03 -1.87372193e-02
  1.96932647e-02  1.39038172e-02  3.95614356e-02  1.61393434e-02
 -6.22091107e-02  5.02618179e-02 -5.01103923e-02  1.68674532e-02
 -7.46333413e-03  6.71851858e-02  6.14161743e-03 -1.05644912e-02
  1.14461280e-01 -5.36509492e-02  8.62290058e-03  2.96175145e-02
 -6.53894171e-02 -5.99474236e-02 -9.13623944e-02 -7.53481239e-02
 -3.86150591e-02  2.87569165e-02 -4.55090478e-02 -5.35183214e-03
  8.21346939e-02 -1.44167896e-02 -3.17099504e-02  2.10020058e-02
  5.25173992e-02  1.40759824e-02  5.46249673e-02 -5.90041392e-02
 -4.99270521e-02 -1.92935392e-02 -1.96148567e-02 -2.39286087e-02
  6.77321851e-02 -1.01599790e-01 -1.33338541e-01  3.33304297e-33
 -9.01450068e-02 -2.00240538e-02  2.08130269e-03 -1.81378983e-02
  1.82040893e-02 -3.66830118e-02  2.98759509e-02 -5.88381477e-02
 -7.72480443e-02  4.21130694e-02  1.01433896e-01 -3.37552056e-02
 -6.51034936e-02  3.82043496e-02  2.04262733e-02 -7.11147562e-02
 -8.56194459e-03  3.52521390e-02  3.60317081e-02 -2.66925059e-02
 -5.15600517e-02  4.25026380e-03 -3.37759852e-02 -1.35176349e-03
  4.03209170e-03  6.78826198e-02  5.71593903e-02  5.25228232e-02
 -4.41450030e-02 -1.53993471e-02  4.44311537e-02 -1.19089838e-02
  7.81667139e-03 -1.07188933e-02 -1.46817639e-02  2.34255120e-02
  1.62213538e-02 -2.59905886e-02  2.01990362e-02 -3.35168876e-02
 -9.69503075e-02 -2.17569601e-02  3.91087718e-02  1.42758504e-01
 -5.90533987e-02 -2.15101950e-02  3.74984629e-02 -1.88917443e-02
  5.85195608e-02  3.15771364e-02 -3.13480943e-02  3.49366777e-02
 -7.51354843e-02 -1.73159257e-01  2.33917106e-02 -1.35924100e-04
  8.42432752e-02 -1.49518745e-02  7.47517720e-02  1.14816362e-02
 -3.24453376e-02  3.82423885e-02  5.12373671e-02 -1.19206533e-01
  4.92316522e-02 -3.62458453e-02 -4.57769521e-02  4.08639237e-02
 -6.06777146e-02 -2.72472817e-02  2.55881203e-03  7.52495825e-02
 -4.15840596e-02  9.36539203e-04  5.05565153e-03 -4.59469222e-02
 -4.85318527e-02  1.40560307e-02 -7.48481750e-02 -4.73462828e-02
 -2.97753923e-02 -4.02248427e-02  2.52046976e-02 -3.45359743e-02
 -4.95865494e-02  1.77571829e-02 -9.92256328e-02 -2.94411834e-02
  9.20799654e-03 -1.43448031e-03 -1.78287141e-02  6.28132448e-02
  2.76000481e-02  7.28657618e-02 -2.25362126e-02 -1.40126728e-08
  1.37075288e-02  4.79955263e-02  5.23327850e-02  7.30914250e-02
  1.28060067e-02  2.89303809e-02  3.63378115e-02  6.93487003e-03
 -7.60215595e-02  1.64998788e-02 -1.91933233e-02  9.87749361e-03
  2.45502684e-02  8.09566304e-02  6.84034675e-02 -7.45381415e-02
  1.84022084e-01 -3.50928307e-02 -2.18488462e-02  2.26032604e-02
  1.10135421e-01  1.05166823e-01 -6.25401288e-02  2.49929484e-02
 -6.43849671e-02 -2.66056210e-02 -2.70065907e-02 -4.17539254e-02
 -3.34053785e-02  8.49685166e-03 -2.54848483e-03  7.49619082e-02
 -2.26403084e-02  1.71867162e-02  9.40225199e-02 -1.21071056e-01
  2.48575471e-02 -1.97806936e-02 -1.89368930e-02 -3.89669351e-02
 -6.67715445e-03  2.12665480e-02  7.93204829e-02  3.66075672e-02
 -2.81253979e-02  3.31534073e-02 -3.15240957e-02 -2.67825238e-02
  1.71283446e-02  2.78278198e-02 -2.32518148e-02  8.06856528e-02
  2.95797028e-02 -2.63408348e-02  1.33201197e-01 -2.71720011e-02
 -1.59375612e-02 -2.14260705e-02 -1.12361938e-01 -1.57366588e-03
  5.58670759e-02  2.99567860e-02 -6.57694042e-02  2.86258627e-02]",initiative_entrepreneurship,Increased sense of initiative and entrepreneurship,0.491024374961853,"[{""outcome_key"": ""initiative_entrepreneurship"", ""outcome_label"": ""Increased sense of initiative and entrepreneurship"", ""score"": 0.491024374961853}]"
Career_Youth_Exchange,8,What did you learn during the project?,yes I’m more brave,yes I’m more brave,positive,0.7501,True,"[ 5.79854921e-02 -1.06495237e-02  4.04046513e-02  4.12482060e-02
  6.70573935e-02 -2.42716656e-03 -9.29178030e-04  1.28065264e-02
  7.32921213e-02  1.47213591e-02 -1.66478977e-02 -3.47912908e-02
  3.39675173e-02 -4.39307094e-03  8.21776912e-02 -1.65601075e-02
  3.54932086e-03 -3.36128958e-02 -1.20895825e-01  6.35884851e-02
 -1.54411480e-01  5.79748154e-02  3.04837134e-02  3.64761241e-02
 -3.57699348e-03 -2.83031296e-02  4.43247184e-02  5.66866100e-02
  6.87434971e-02  1.94708072e-02 -1.98149476e-02 -2.63310838e-02
  3.17330919e-02 -7.09253475e-02  1.34482626e-02 -4.11189981e-02
  1.83909591e-02 -3.24619301e-02  5.64673506e-02  1.29770022e-02
 -5.58163486e-02 -6.53936863e-02  1.58074219e-02  9.04921722e-03
 -8.63458440e-02  3.92188020e-02 -1.91051289e-02 -6.77659512e-02
 -2.58363951e-02 -1.20562516e-01  4.05908152e-02  1.02686156e-02
 -3.85272242e-02 -9.29639116e-02  1.14775322e-01  9.19382647e-03
  4.93627042e-02 -1.23726856e-02  6.20671473e-02  6.89499527e-02
  3.63126546e-02 -2.62210239e-03 -2.31418610e-02  7.93127343e-02
  3.02010356e-03  8.41163546e-02 -1.28692696e-02 -5.10114245e-02
  7.39592686e-02 -8.56226310e-03  3.21785323e-02  4.70812917e-02
 -9.89316497e-03  1.33778900e-02 -1.14290994e-02 -5.15791699e-02
 -7.98456836e-03 -2.37661283e-02 -1.08590340e-02  6.48520514e-02
  1.46806743e-02 -9.73174125e-02 -5.91521971e-02  8.39266032e-02
 -7.76195973e-02 -1.05775043e-01  7.41108274e-03 -8.87094811e-03
  8.85846186e-03 -3.44627798e-02 -4.48439978e-02  2.94142365e-02
  4.91832905e-02  7.86107257e-02 -2.04421040e-02 -5.02260178e-02
  7.75042176e-03  4.72776629e-02 -1.32032782e-01  5.24487533e-02
  5.18612079e-02  2.00356301e-02  3.08545083e-02 -2.29629222e-03
  6.30109012e-02  8.35218839e-03 -9.94890649e-03 -9.38157290e-02
 -3.37794088e-02  3.30646671e-02 -4.52584475e-02 -9.99258645e-03
  4.04299498e-02  8.29158127e-02  3.69170867e-02 -4.05030698e-02
 -5.30944616e-02 -4.88682240e-02  7.95917287e-02  4.53494601e-02
  8.34543034e-02  2.72931252e-02  4.99548810e-03  4.08595279e-02
  2.49410197e-02 -7.08065554e-02  3.16521786e-02 -6.29440564e-33
  8.39588568e-02  3.85654322e-03  4.47976775e-03  4.09093611e-02
  2.67299153e-02 -1.80570548e-03  6.87767118e-02 -4.48633358e-03
 -2.94701252e-02  7.29018298e-04  3.46116871e-02 -4.29266430e-02
 -3.05174701e-02  5.84333856e-03 -6.19584620e-02  5.07059507e-04
 -3.83109860e-02 -5.29126450e-02 -9.74994227e-02 -3.81032750e-02
  1.45399543e-02 -3.02145127e-02  1.20772095e-02  1.33510139e-02
  7.12770000e-02  1.41450800e-02  2.94316858e-02 -6.12312518e-02
 -1.31537700e-02  3.03199962e-02  1.01490263e-02 -2.45250445e-02
 -3.18855345e-02 -3.86314653e-02  2.69862860e-02 -3.78948152e-02
  3.44861485e-02 -2.83574406e-02 -6.67608082e-02 -7.50619359e-03
 -8.36167783e-02 -6.61274493e-02 -1.86431296e-02 -3.38424705e-02
  3.76676884e-03  5.88504858e-02 -2.37069856e-02 -9.82539579e-02
 -1.04998618e-01 -2.84986105e-03 -6.15994334e-02 -1.08036464e-02
 -1.13967117e-02  7.60023948e-03  8.21268931e-02 -3.64059396e-02
  2.42502021e-04  1.60305072e-02 -5.62934689e-02  3.18212435e-02
 -8.06542486e-02  5.71256131e-02 -6.50653318e-02  7.73257464e-02
  1.80360414e-02  4.40767296e-02  1.39320465e-02  9.00803320e-03
  6.56151250e-02  1.45278070e-02 -2.89046057e-02 -2.51886528e-02
 -1.10450134e-01  7.61229720e-04  1.21937953e-02 -3.63050820e-03
  2.52117552e-02  2.21957453e-02  3.71755920e-02 -1.20404452e-01
  1.36783328e-02  6.94111213e-02 -6.31981567e-02  6.61988109e-02
  7.24704787e-02  7.04943296e-03  2.97929291e-02 -4.90799211e-02
  5.41159771e-02 -1.88617632e-02  4.69814353e-02 -2.09424458e-02
  2.68880837e-02 -5.54564744e-02 -1.35981336e-01  4.51902199e-33
  8.13832786e-03 -1.73951089e-02  6.56067356e-02 -1.38930716e-02
  1.68859288e-02  2.90406495e-03  7.50953928e-02  6.48446381e-02
  1.93332043e-02  8.35815370e-02  3.30532379e-02  5.90762310e-02
 -2.70365123e-02 -1.04688210e-02  1.36702195e-01 -3.57600376e-02
  5.40439971e-02  3.16358283e-02 -4.35513295e-02 -9.02807862e-02
 -6.04041442e-02  1.31968008e-02 -1.49248093e-02 -2.83554420e-02
 -3.30294892e-02 -5.55848517e-02  1.88883487e-02  6.37283623e-02
  2.21159868e-02 -6.39388487e-02  7.17458874e-02 -1.93337649e-02
 -5.48477061e-02 -5.03924564e-02 -3.70734259e-02  3.13650370e-02
  1.59033444e-02  2.91495062e-02 -9.82234627e-03 -2.91520227e-02
 -5.29120266e-02  3.71856689e-02  3.98956873e-02  4.47155461e-02
 -2.17380282e-03  3.22937407e-02  4.51746956e-03 -5.74706793e-02
  2.32272986e-02  4.82692420e-02 -6.25010431e-02 -4.32571173e-02
 -6.63845688e-02 -1.72509328e-02  8.75251815e-02  1.91228464e-02
 -1.35837123e-02 -7.73977488e-03 -6.97778538e-03 -1.87723283e-02
 -9.82231181e-03  1.08003272e-02 -4.44046408e-02  2.18194108e-02
 -1.35560436e-02 -1.02582900e-03 -9.69259590e-02  5.55173978e-02
 -4.35072370e-02  1.90955121e-02  5.65009238e-03  2.32173537e-04
 -2.89701726e-02 -2.29411535e-02  5.90651594e-02 -1.38857916e-01
  3.37077677e-02  7.14916736e-02 -6.42801449e-02 -1.66484267e-02
  2.81515811e-02 -3.06571182e-02 -5.22368297e-04 -3.62641178e-02
  3.23558487e-02  8.54423940e-02  1.70655362e-02 -2.63358578e-02
  4.62145954e-02  6.64354395e-03 -3.91291417e-02  6.11116551e-02
  1.34687396e-02  5.06961793e-02  6.90724999e-02 -2.18447163e-08
  3.73843312e-02  4.45706174e-02  3.51027213e-02 -2.23718374e-03
  2.57309601e-02  9.71892551e-02 -5.88567816e-02  1.71338525e-02
 -1.17413364e-01  3.15123908e-02  7.29272440e-02 -2.86198948e-02
 -6.68238266e-04  1.10941544e-01 -6.55191913e-02  6.51668608e-02
  7.62337521e-02 -1.52064472e-01  4.47470993e-02  3.30776870e-02
  4.32816781e-02  8.47333521e-02 -2.75970455e-02  4.15105326e-03
  9.12652630e-03  6.55846251e-03  2.79503805e-03 -2.23631971e-02
 -3.89313288e-02  6.35864884e-02  4.97825211e-03  4.07615900e-02
 -1.05196357e-01  5.57923364e-03 -3.20440531e-02 -3.60802300e-02
  7.47076720e-02 -3.16889659e-02 -1.91628337e-02  1.02150557e-03
 -5.71205132e-02 -2.86822915e-02  5.71532212e-02  1.05354957e-01
 -3.89973000e-02  3.96342576e-02  9.93948057e-02 -6.68270811e-02
  4.66656797e-02 -1.00772016e-01  6.90445304e-03 -5.86053059e-02
  3.44477780e-02  5.60516119e-02  9.48524848e-02  3.48492078e-02
 -1.72341485e-02  1.54855475e-02  1.61281191e-02 -1.95671543e-02
  9.94683206e-02 -3.75953987e-02  2.27483734e-03 -9.91928801e-02]",other,Other,0.29319635033607483,[]
Career_Youth_Exchange,9,What did you learn during the project?,"this project was my first project and also my first experience abroad. in addition to these, I improved my language skills and learned to look at success from different perspectives with my friends",this project was my first project and also my first experience abroad.,neutral,0.0,True,"[ 2.43399963e-02  1.19645009e-02  2.30902825e-02 -1.35713173e-02
  4.12674993e-02 -3.95629555e-02 -3.74991223e-02 -2.83741895e-02
 -5.68772443e-02 -1.47075215e-02  3.91283818e-02 -9.20222234e-03
 -2.58991960e-03  9.11541432e-02 -2.09601223e-02 -6.25631586e-02
  3.44721898e-02 -2.71699596e-02 -1.10722650e-02 -3.39872129e-02
  1.85493734e-02 -2.93656401e-02  7.59389326e-02  1.68817106e-03
  7.36556109e-03  2.01587360e-02  6.86841086e-02  3.14024016e-02
  8.33670981e-03 -5.23950681e-02 -4.53007109e-02  1.00461403e-02
  2.32841223e-02  3.59774269e-02  1.47474017e-02  1.06217377e-01
  5.39195463e-02 -8.16541240e-02 -3.13950926e-02  2.00077556e-02
 -6.97895512e-02 -3.56445163e-02  1.46223262e-01 -4.31178436e-02
  6.27160892e-02 -3.99927273e-02  1.95203200e-02  7.60791600e-02
 -1.00223962e-02  1.95331369e-02  3.24030891e-02 -3.48187871e-02
 -1.40839219e-02 -1.05477102e-01 -4.33458835e-02 -2.22096890e-02
  6.54100580e-03 -7.00754626e-03 -6.03080690e-02 -3.50084230e-02
 -8.65144748e-03  1.26502374e-02 -4.26438004e-02  3.37251090e-02
  6.29818207e-03  2.04879437e-02  1.65980787e-03  1.28169000e-01
  5.32408841e-02 -9.19925272e-02 -1.10519588e-01 -2.86217239e-02
  7.01997383e-03  9.64807048e-02 -3.96657139e-02 -5.70911132e-02
 -1.15293954e-02  1.05235102e-02 -1.99751947e-02  5.56482468e-03
  4.17431556e-02  7.65189305e-02  1.60174891e-02  1.92654189e-02
 -1.25679318e-02 -4.10185680e-02  6.05921913e-03  4.86233048e-02
 -2.37283539e-02 -4.13003899e-02  4.89328168e-02 -1.28514320e-02
 -5.49506815e-03  2.74205357e-02 -2.09922064e-02 -4.43024337e-02
  2.42722910e-02  6.59782745e-05  3.71021740e-02  4.88297269e-02
 -4.40712348e-02 -5.14862537e-02  9.30698067e-02  1.89971663e-02
 -7.51303211e-02 -6.99983770e-03 -5.83675690e-02 -2.15136986e-02
  1.32938847e-02  1.39585808e-02 -1.17983989e-01 -2.84346547e-02
 -9.12781507e-02 -2.63403337e-02 -2.03230530e-02 -8.11145455e-03
 -1.91922560e-02  1.45633817e-02  1.31480712e-02 -1.76792257e-02
  8.33902229e-03 -1.39072537e-02 -2.04700008e-02 -4.40395735e-02
 -5.49735129e-02 -6.95073977e-03  1.76981241e-02 -4.49512750e-33
  3.23678670e-03  2.79740430e-02 -1.12892762e-02  1.52543262e-01
  4.33052480e-02 -5.55380732e-02 -2.27553751e-02  2.46068928e-02
 -7.89677575e-02 -2.29928922e-02  1.03747241e-01  3.56578417e-02
  2.61338968e-02  7.34318420e-02 -1.91546173e-03 -1.76424757e-02
 -3.13140987e-03  3.14491838e-02  2.69353185e-02  3.75917554e-02
 -7.73849115e-02 -7.71430731e-02  1.05050206e-01  4.19171974e-02
  9.89057198e-02  3.05078495e-02  8.45020622e-05 -6.22830316e-02
  2.95416079e-02  2.20928490e-02  3.55496109e-02  2.08438234e-03
 -7.20440373e-02 -1.09133698e-01 -4.10078876e-02  8.49608555e-02
 -3.37542333e-02 -1.07267775e-01  7.33208004e-03  7.30262697e-02
 -4.32627788e-03 -1.17069688e-02 -1.05153779e-02 -1.68327298e-02
  6.86717629e-02  2.93198209e-02 -3.05140000e-02  4.00713496e-02
  6.26541600e-02  3.53204012e-02 -5.29292971e-02  3.67094274e-03
 -1.08011693e-01 -5.29066920e-02  6.67822361e-02  5.71786128e-02
  1.80543978e-02 -3.45742926e-02  1.36871766e-02 -2.00266261e-02
 -5.89293316e-02  1.34745901e-02 -3.34359482e-02 -2.52191629e-02
  4.77567315e-02  5.09078726e-02  3.04326713e-02  6.64182066e-04
  1.01178484e-02 -5.93660623e-02 -7.54072815e-02 -5.85465692e-03
  9.50433686e-02 -3.89373004e-02 -3.41732539e-02  8.12908262e-02
 -2.80143581e-02 -1.07210204e-02 -2.35110391e-02  4.09171209e-02
 -9.50291678e-02  2.24975049e-02 -1.14799822e-02 -1.85781233e-02
  1.84943117e-02  3.27277742e-02  2.62205601e-02 -2.86758970e-02
 -3.45615819e-02  4.72023189e-02 -2.58670505e-02  4.77934293e-02
 -1.43617978e-02 -5.42694964e-02  1.28944013e-02  2.71757341e-33
  2.88248137e-02 -4.12977673e-02  2.48308573e-02 -4.12276527e-03
  6.50200769e-02 -2.74944883e-02 -2.53345314e-02  7.38936439e-02
  2.55931839e-02  1.50779352e-01 -9.70030352e-02 -1.76812373e-02
  9.71646905e-02  2.66482737e-02 -3.76064889e-02  2.93071140e-02
  4.52169552e-02 -1.30767226e-02 -4.29428332e-02  1.63795184e-02
  1.47501566e-03  1.28681168e-01 -2.37240773e-02 -2.80454401e-02
 -3.84676196e-02  3.37322094e-02 -4.13866043e-02 -8.64416957e-02
 -1.06523500e-03 -6.83653578e-02 -3.78000811e-02  2.95291357e-02
 -8.09198320e-02 -5.56058474e-02 -8.04967284e-02  1.05953351e-01
  3.58854607e-02 -3.29811871e-02 -8.72373208e-03 -5.90637699e-03
  2.82495981e-03  2.00245287e-02  4.16118503e-02 -4.05246243e-02
 -4.06033695e-02 -6.20308630e-02 -9.10972655e-02  5.09274080e-02
 -3.98858860e-02 -5.97303994e-02  3.53403725e-02  6.37239069e-02
 -4.73953485e-02 -1.04239948e-01  6.35931045e-02 -1.11983987e-02
  3.17529589e-02 -6.12569079e-02  1.40889175e-02 -2.04237197e-02
 -7.28072301e-02 -1.17075946e-02 -8.68310407e-02  8.92527103e-02
 -2.15921514e-02 -5.03534712e-02 -1.27425399e-02  1.06432460e-01
  4.04987065e-03  1.27289435e-02  3.28958929e-02  8.41358677e-02
 -4.29635718e-02  7.20437840e-02 -5.54935588e-03 -9.50015187e-02
  1.11797219e-02  5.29769734e-02  1.30899372e-02  4.07050513e-02
 -8.59280862e-03 -1.20328953e-02  2.39362512e-02 -7.95465335e-03
  1.23521112e-01  6.16582595e-02 -4.06052843e-02 -9.89491120e-02
  3.66469510e-02  5.36758490e-02 -1.21033132e-01  1.45349475e-02
 -4.09217477e-02  2.46106237e-02  1.49764167e-02 -2.41976199e-08
 -2.93605757e-04  4.70655225e-02  1.35171432e-02  6.43513650e-02
 -1.33562356e-01 -2.91004814e-02  3.18020806e-02  5.07932082e-02
 -2.23383252e-02 -5.69849880e-03 -7.86846355e-02  3.53420004e-02
  1.12058315e-02  8.12096149e-02  6.33427082e-03 -7.57279098e-02
  9.88547280e-02  7.29832873e-02 -1.85547024e-02  2.94564348e-02
  2.64758617e-02  1.01674326e-01  2.41662115e-02 -4.06429395e-02
 -1.22624021e-02 -9.72897839e-03  2.34047864e-02 -1.02072321e-02
  3.89219858e-02 -6.87039346e-02 -6.89932033e-02  6.31577447e-02
  1.06116300e-02 -1.43184392e-02 -5.12367301e-03 -2.39386354e-02
 -3.10211964e-02 -1.57987364e-02 -4.93502170e-02 -3.65913250e-02
  1.72130484e-03  1.09562790e-02 -4.22155904e-03  3.90657857e-02
 -1.70213729e-02  3.59285101e-02 -2.55832504e-02 -3.97959352e-02
 -4.88387980e-02  1.38669489e-02 -5.82894124e-02  7.45771527e-02
  5.31096272e-02  4.42482270e-02  5.57473190e-02  1.23854458e-01
  2.81708222e-02 -2.18583904e-02  4.79834639e-02  1.18149608e-01
  1.23147443e-02  6.64036572e-02 -1.15904965e-01  1.29373884e-02]",other,Other,0.3606250286102295,[]
Career_Youth_Exchange,9,What did you learn during the project?,"this project was my first project and also my first experience abroad. in addition to these, I improved my language skills and learned to look at success from different perspectives with my friends","in addition to these, I improved my language skills and learned to look at success from different perspectives with my friends",positive,0.872,True,"[ 2.04224866e-02  1.74973346e-02  4.82841358e-02  2.26012617e-02
 -2.37916932e-02  2.57877354e-02  6.20665848e-02 -1.40741421e-03
 -1.77301001e-02 -7.31341988e-02  7.13174567e-02  4.65029702e-02
  2.65099723e-02 -1.16298711e-02  5.76353632e-02  1.27197253e-02
 -5.30672483e-02  8.41536373e-02 -5.93721643e-02 -1.31385371e-01
 -8.43889937e-02 -3.43096443e-03  3.93561535e-02 -2.11881939e-02
 -1.55045288e-02  5.51401377e-02 -2.73768026e-02 -1.70564428e-02
  7.20333681e-02 -2.58299075e-02 -3.02542336e-02  3.61746969e-03
 -1.31125009e-04  4.47170101e-02 -1.77806467e-02  8.60822424e-02
  2.63164639e-02 -1.14499135e-02  4.70165946e-02 -2.98601352e-02
 -6.26549497e-02 -2.05182564e-02  1.04717061e-01 -5.22366241e-02
  3.44334133e-02 -8.32628608e-02  1.65554304e-02  4.29832675e-02
 -5.48167452e-02  5.10957791e-03 -8.40266570e-02 -3.17640528e-02
 -3.90899330e-02 -2.20177788e-02  4.86696325e-03  6.75614253e-02
 -2.72995587e-02  9.37558562e-02 -5.52203553e-03 -3.72141413e-02
 -1.54109504e-02 -8.98070708e-02 -2.47138534e-02  5.00168204e-02
 -6.80560991e-02  5.55281453e-02 -3.99567820e-02  1.99813303e-02
 -4.71064597e-02  4.06635515e-02 -3.37894969e-02 -1.24457171e-02
  4.45767865e-02  3.69378328e-02  4.67612222e-02 -1.52244903e-02
  7.29060993e-02 -9.95530859e-02 -3.05473320e-02  3.28741074e-02
  9.37987119e-03  7.62167573e-02 -3.82144712e-02 -7.85105303e-03
  9.88416374e-03 -7.03720450e-02 -1.31715303e-02 -8.88301060e-02
 -2.64377310e-03  4.04420542e-03  3.60351913e-02  2.03522854e-02
 -7.52518624e-02  1.23331435e-02 -2.44208798e-02 -1.55630717e-02
 -1.48775252e-02 -1.96582358e-02  1.74105214e-03  5.98210730e-02
  3.20363156e-02  1.23032844e-02 -1.79999489e-02  7.94290472e-03
 -5.35949022e-02  5.43854246e-03 -4.24003191e-02 -2.76882027e-04
 -2.86307372e-03 -5.82509115e-03 -4.33703046e-03  1.03671979e-02
 -5.23505397e-02  3.83646488e-02  8.45830813e-02  3.45803536e-02
 -4.98039722e-02  4.97501604e-02  4.83266897e-02 -2.41469014e-02
 -2.75023635e-02  6.11741617e-02  5.34486882e-02 -5.87783717e-02
 -7.92213529e-02 -3.40186395e-02 -1.91877335e-02 -3.38473827e-33
  8.26419070e-02  4.25348729e-02 -1.53361249e-03  1.22289740e-01
 -1.81968380e-02  1.19983312e-02 -4.57932875e-02  2.37075612e-02
  7.28942966e-03 -8.23805928e-02  1.70689989e-02  6.26931638e-02
  4.00420539e-02 -3.45863844e-03 -1.21092014e-02  3.82683389e-02
 -8.45543593e-02  5.05850911e-02 -3.32019180e-02  8.21346194e-02
  5.09326532e-02 -2.57372204e-02  3.39275263e-02 -7.06363097e-02
 -1.00282710e-02 -8.38019070e-04  6.88784048e-02 -8.62228125e-02
 -4.27255929e-02 -3.21465917e-03  1.95692219e-02  4.57676239e-02
 -4.74523045e-02 -2.21086405e-02 -1.65109076e-02  5.35048321e-02
  7.35016614e-02 -1.34668961e-01  5.49831241e-02  1.50229661e-02
  1.92395109e-03  2.29991935e-02  2.70961989e-02 -4.84555773e-02
  3.11913695e-02  6.73520714e-02 -2.47694794e-02 -6.85007945e-02
 -7.61857107e-02  1.25915287e-02 -1.04694210e-01 -2.95846257e-02
 -1.59235876e-02 -2.75408700e-02  2.44307294e-02  1.80681590e-02
 -9.78974625e-03  7.09837526e-02  1.40654892e-02 -3.18589471e-02
  4.16494422e-02  1.23000294e-02 -5.48503585e-02 -1.94364358e-02
 -2.18365323e-02  3.73293459e-02  5.54242404e-03 -6.78607374e-02
  1.57779217e-01 -4.92304675e-02 -5.99109307e-02 -1.37896445e-02
  3.32522788e-03  2.59548165e-02  1.35979792e-02 -2.86121443e-02
 -8.48424733e-02 -6.87149987e-02  6.89008534e-02  3.13358195e-02
  8.57792124e-02 -1.95477027e-02 -8.28497931e-02 -2.83918772e-02
  5.96148334e-02  4.48246524e-02  3.98992077e-02 -1.42756134e-01
  7.41496980e-02  4.68924530e-02  3.47110927e-02  2.72657815e-03
  3.19347195e-02 -4.20960672e-02 -8.96618739e-02  1.46523791e-33
 -1.04369372e-02  4.71203774e-02  1.20127806e-02  2.41323262e-02
 -2.52326708e-02 -5.37012657e-03  7.21621513e-02  2.46803779e-02
  2.78986599e-02  3.84553298e-02  5.45126572e-02 -6.92766206e-03
  1.78274494e-02  1.91039778e-02 -6.39079064e-02 -3.95658351e-02
  1.31673180e-03  5.45128621e-03  4.47601406e-03 -3.18974582e-03
 -2.41566133e-02  1.12235196e-01 -3.84667479e-02  6.51089996e-02
 -1.44260516e-02  2.55283639e-02  2.63322867e-03 -8.25655684e-02
 -3.26512270e-02 -3.30486819e-02  1.17043450e-01  1.30477548e-02
 -4.68701310e-02  1.19621437e-02  1.26012061e-02  5.56936748e-02
 -3.42814066e-02 -9.41995904e-02 -5.18811382e-02 -1.01093622e-02
 -1.94466077e-02 -3.95460241e-03 -4.03359998e-03 -1.89578073e-04
 -3.10964137e-02 -7.12114573e-03 -2.44719610e-02 -6.33936226e-02
 -5.22815324e-02 -2.99322959e-02 -2.68283226e-02 -3.36774588e-02
 -3.73146199e-02 -7.28156045e-02  7.87690561e-03 -6.47148862e-02
  1.69549525e-01 -1.20561861e-01  6.49290755e-02  5.50600514e-03
 -1.08556405e-01  4.80937436e-02  2.48714350e-02  2.12244857e-02
  1.24782110e-02 -5.00037596e-02 -4.98015359e-02  7.34634995e-02
  7.21166749e-03 -4.85234708e-02  7.00705079e-03  5.46020903e-02
  1.02597428e-02 -8.36151186e-03 -6.26469925e-02 -3.60436216e-02
 -2.59675998e-02 -1.91783551e-02 -7.67856911e-02 -1.14825135e-02
 -6.50736317e-02 -1.59366466e-02  4.70200786e-03 -2.71988269e-02
  3.24854292e-02  1.11808784e-01 -5.68887480e-02  1.80467963e-02
  8.28717127e-02 -2.53260080e-02 -3.70005220e-02  6.25050217e-02
 -4.13696282e-02 -4.64543141e-02  5.51764341e-03 -2.69057825e-08
 -6.92318454e-02 -1.91135779e-02  1.91869412e-03  1.09556407e-01
 -6.24571890e-02  9.30989720e-03 -9.25539285e-02  1.27905995e-01
 -7.79489726e-02 -4.69995551e-02 -9.16059613e-02  2.83346437e-02
 -1.89805608e-02  5.07744513e-02  1.03718556e-01 -1.00882929e-02
  1.22299604e-01  4.17368300e-02  4.45876457e-02 -1.60795655e-02
  9.46952477e-02  3.28602903e-02 -1.90153637e-03  2.43725837e-04
 -6.19511977e-02  9.76241287e-03  4.68707265e-04  2.45473646e-02
 -9.26908106e-02 -3.88727933e-02  1.58802245e-03 -8.54522083e-03
 -2.02630330e-02 -2.50195302e-02  2.89553721e-02  1.24587268e-02
 -1.34207327e-02 -6.62174150e-02  6.75318167e-02  9.87964645e-02
 -9.71416570e-03  2.04735175e-02  8.81250426e-02  8.30840468e-02
 -4.09216583e-02  5.74831702e-02 -3.45492437e-02 -3.22264321e-02
 -4.56480607e-02 -5.90982921e-02  4.93706875e-02  1.71646643e-02
  4.48557921e-03  2.68905610e-02  3.21168602e-02  2.37156190e-02
 -2.23406050e-02  1.90978162e-02 -1.28482198e-02  5.23079820e-02
  7.40091801e-02  1.06021903e-01 -1.05257757e-01 -2.37524547e-02]",language_digital,Improved foreign language and digital competences,0.6703193187713623,"[{""outcome_key"": ""language_digital"", ""outcome_label"": ""Improved foreign language and digital competences"", ""score"": 0.6703193187713623}, {""outcome_key"": ""positive_interactions"", ""outcome_label"": ""Enhanced positive interactions with people from different backgrounds"", ""score"": 0.666338324546814}, {""outcome_key"": ""intercultural_awareness"", ""outcome_label"": ""Enhanced intercultural awareness"", ""score"": 0.6196971535682678}, {""outcome_key"": ""learning_performance"", ""outcome_label"": ""Improved learning performance"", ""score"": 0.6180903911590576}, {""outcome_key"": ""employability"", ""outcome_label"": ""Enhanced employability and improved career prospects"", ""score"": 0.5293034315109253}, {""outcome_key"": ""project_topic"", ""outcome_label"": ""Project topic: Career development and professional skills"", ""score"": 0.5080575942993164}, {""outcome_key"": ""self_empowerment"", ""outcome_label"": ""Increased self-empowerment and self-esteem"", ""score"": 0.476906418800354}, {""outcome_key"": ""initiative_entrepreneurship"", ""outcome_label"": ""Increased sense of initiative and entrepreneurship"", ""score"": 0.46248406171798706}, {""outcome_key"": ""future_motivation"", ""outcome_label"": ""Increased motivation for future education or training"", ""score"": 0.4592728018760681}, {""outcome_key"": ""active_participation"", ""outcome_label"": ""More active participation in society"", ""score"": 0.39664727449417114}]"
Career_Youth_Exchange,10,What did you learn during the project?,"English speaking, more open-mind, empathize more with people, feel more friendly and ambitious","English speaking, more open-mind, empathize more with people, feel more friendly and ambitious",positive,0.7818,True,"[ 5.40096685e-02 -4.07969318e-02  6.77972361e-02  4.79386635e-02
  5.00553995e-02 -4.83179837e-02  7.57161304e-02 -5.25234872e-03
  7.58043304e-03  2.46285014e-02  3.31558138e-02 -6.52826503e-02
 -5.68219610e-02 -6.42898530e-02  1.11639269e-01 -9.54048615e-03
 -1.78648308e-02 -1.66762210e-02 -7.71414414e-02 -8.64976496e-02
 -6.90124705e-02  2.06387416e-02 -1.93645805e-02  2.19863635e-02
 -5.76409735e-02  2.25822609e-02 -1.48586398e-02  1.81323867e-02
  1.38395997e-02 -3.22570316e-02  4.00146991e-02  3.15957256e-02
  4.19067033e-02  2.86462083e-02  1.36210080e-02  7.66845718e-02
 -1.77507522e-03 -5.52462935e-02  5.78964651e-02 -8.10512621e-03
 -7.54130930e-02 -7.67119676e-02  5.57118580e-02 -1.09372020e-03
  2.72746049e-02 -8.27092603e-02  4.37065922e-02  2.81724539e-02
 -4.96062562e-02  1.04563273e-02 -4.77331094e-02  1.08819758e-03
 -7.71064982e-02  1.69487596e-02  2.04463340e-02 -2.47572865e-02
 -1.03642903e-01  9.41340998e-02 -2.87110481e-04 -2.80656223e-03
 -4.10499759e-02 -3.63097079e-02 -2.30625328e-02  9.51213986e-02
  2.49267705e-02 -2.79582404e-02 -2.35354770e-02  4.62595932e-03
 -2.13839281e-02  5.69052696e-02  5.08822724e-02 -1.97429601e-02
 -2.75327824e-02  1.85107142e-02  1.22981099e-03 -4.43642698e-02
  7.91146699e-03 -8.68464336e-02  2.18528863e-02  6.31237552e-02
  3.48083377e-02  4.25422192e-02 -9.51432660e-02  3.40710580e-02
 -1.31736053e-02 -9.09886435e-02 -1.73276849e-02 -5.84997162e-02
  1.33297490e-02  5.63445203e-02 -1.13294069e-02  2.07601618e-02
 -8.15972388e-02  8.46868083e-02 -2.87003890e-02 -1.07024647e-02
  2.95694843e-02 -1.45472097e-03 -5.10227829e-02  1.06500201e-01
  2.91287992e-02  9.49526429e-02  1.89453922e-03  1.01690024e-01
 -4.85440753e-02  1.88690294e-02 -2.98769418e-02  7.84489885e-02
 -6.28757253e-02 -4.05437872e-02 -1.74910184e-02  2.03694142e-02
 -2.38754135e-02 -1.81622542e-02  1.03914827e-01 -3.62971015e-02
 -3.74880359e-02  5.07951044e-02  1.13411076e-01  3.16212587e-02
 -1.38929104e-02  7.01094121e-02  5.19069377e-03 -4.20845300e-02
 -9.23455209e-02  1.19815525e-02  2.68629119e-02  4.50291515e-33
  2.66636629e-02 -2.05772147e-02 -1.74465626e-02  7.13230819e-02
 -7.65378252e-02  4.93828394e-02 -1.05945673e-02  6.47190586e-02
  3.82015854e-03  1.35179283e-02  2.36916132e-02  9.56534687e-03
 -8.98115113e-02  8.06146208e-03  8.17667227e-03  3.13365296e-03
 -8.86804760e-02  8.32821950e-02 -5.60332797e-02  7.82393962e-02
  4.60132137e-02  2.24742591e-02  1.92767903e-02 -5.57897650e-02
 -1.12792859e-02 -5.32031953e-02  4.07527387e-02 -1.23214163e-01
 -2.18347218e-02 -2.02269405e-02  3.25492211e-02  8.66684243e-02
 -1.32533954e-02 -6.85842289e-03 -1.67863090e-02 -7.65798101e-03
  2.33855378e-03 -6.59351572e-02  8.92825574e-02 -1.07215084e-02
 -2.26954538e-02  2.05174647e-02  3.21043953e-02 -1.38013605e-02
  9.06187445e-02  4.93089221e-02  2.14132499e-02  2.12522270e-03
 -1.00906186e-01  2.42563691e-02 -5.50380498e-02 -7.96686113e-02
 -2.79685799e-02 -1.24968700e-02  2.41728146e-02 -7.60759190e-02
 -1.02216434e-02  7.35853240e-02  4.77403635e-04 -3.18499617e-02
  7.75625259e-02  2.89650721e-04 -6.65847883e-02 -6.23426884e-02
  1.02197775e-03 -2.84310766e-02  3.44123356e-02 -7.52566382e-02
  5.45530133e-02  2.23469213e-02 -4.09549884e-02  5.54002635e-03
  5.38760051e-02  5.44682704e-02 -5.50471619e-02  2.07355861e-02
 -3.62562686e-02 -1.08613938e-01  4.21346612e-02  6.80931192e-03
 -6.34734984e-03  1.09967776e-01 -5.44817522e-02  2.53498461e-02
  8.86916593e-02  2.70140939e-03 -1.15732839e-02 -1.10774208e-02
  9.62302387e-02  9.28326622e-02  1.83685906e-02 -5.43264747e-02
  1.83380991e-02 -3.24158184e-02 -4.16807942e-02 -3.64626776e-33
  2.87892669e-02 -2.09498368e-02  3.06998193e-02  2.77162250e-02
 -3.37559879e-02  2.16256734e-02  7.09118620e-02  3.40097882e-02
  4.38883789e-02  3.74807417e-02 -3.46091837e-02 -4.11852002e-02
  1.50192514e-01  8.51833075e-02  5.77866915e-04 -8.00505802e-02
  6.85812384e-02  5.19853691e-03 -3.28034051e-02  9.02995393e-02
  4.56236266e-02  1.05399340e-01 -3.76324616e-02  1.67844947e-02
 -5.69659611e-03 -6.27225712e-02 -4.50714268e-02 -2.75653079e-02
 -7.12165534e-02 -5.27347401e-02  7.16028661e-02  5.60249910e-02
 -5.83374389e-02 -4.49548140e-02 -2.96707917e-02  1.03013001e-01
 -1.68296713e-02 -7.17020333e-02 -4.57185693e-02  1.30193755e-01
 -3.41514573e-02  4.07213956e-05  2.44224276e-02 -3.16512473e-02
  4.84787486e-02  1.34804901e-02  6.24116603e-03 -2.10367031e-02
 -2.45412905e-02 -2.28939839e-02  7.42313545e-03 -2.73353904e-02
 -3.63856442e-02 -2.06701830e-02  5.51129803e-02 -5.64364567e-02
  3.97737324e-02 -1.35789454e-01 -1.59950554e-03 -5.91679290e-02
  6.43333513e-03  8.05754121e-03  1.10561829e-02  3.37350778e-02
 -4.91478182e-02  2.13808268e-02  1.22361025e-02  1.03639856e-01
 -3.26616280e-02 -2.19680239e-02  6.25790050e-03 -7.94371143e-02
  1.35336006e-02  5.03837271e-03 -2.42413171e-02 -1.05152234e-01
 -5.07462258e-03 -7.51574114e-02  3.56902629e-02 -3.71844992e-02
 -1.26645729e-01 -1.01516303e-02 -7.59796007e-03 -1.12324163e-01
 -4.96347733e-02  1.07460059e-01 -4.15905863e-02 -1.51443267e-02
  8.79441127e-02 -9.11384374e-02 -4.97085750e-02 -7.00610131e-03
 -5.78881651e-02  5.51785082e-02 -2.19437014e-02 -2.42566962e-08
 -3.96487266e-02 -1.38791263e-01 -1.30977472e-02  3.09702917e-03
  1.91397499e-02 -6.87692408e-03 -6.50763288e-02  8.48059207e-02
  3.86646390e-02 -4.53686491e-02 -3.22483480e-02  2.68325526e-02
 -1.11956177e-02  6.82898052e-03  4.27482240e-02  1.42826168e-02
  4.22161222e-02  5.88276871e-02  4.13056649e-02 -1.85181368e-02
  8.06543380e-02 -1.37582123e-02 -6.24429472e-02  1.17832692e-02
 -5.44676967e-02 -1.76766273e-02  4.05075634e-03 -1.29984440e-02
 -5.57796806e-02  4.98835295e-02 -5.38692698e-02  1.35198785e-02
  4.39134426e-03 -6.53489903e-02 -5.65284304e-02 -1.49048464e-02
 -3.86046767e-02 -3.11679207e-03 -1.20976390e-02  1.07271612e-01
  3.63502763e-02  1.85282771e-02  3.24264988e-02  3.35483477e-02
 -1.49904778e-02 -2.02600379e-02 -3.72733618e-03  1.61233377e-02
  6.48826407e-03  2.26430502e-03  7.50470310e-02 -4.70388588e-03
  6.93331361e-02 -2.08472740e-02  3.53300828e-03  2.07943246e-02
 -3.98450978e-02  6.76881373e-02 -1.15017397e-02  6.07068166e-02
  6.36728331e-02  1.87472701e-02 -6.53944835e-02 -2.24068984e-02]",intercultural_awareness,Enhanced intercultural awareness,0.5886474847793579,"[{""outcome_key"": ""intercultural_awareness"", ""outcome_label"": ""Enhanced intercultural awareness"", ""score"": 0.5886474847793579}, {""outcome_key"": ""language_digital"", ""outcome_label"": ""Improved foreign language and digital competences"", ""score"": 0.534683108329773}, {""outcome_key"": ""positive_interactions"", ""outcome_label"": ""Enhanced positive interactions with people from different backgrounds"", ""score"": 0.4933099150657654}, {""outcome_key"": ""employability"", ""outcome_label"": ""Enhanced employability and improved career prospects"", ""score"": 0.4861588478088379}, {""outcome_key"": ""self_empowerment"", ""outcome_label"": ""Increased self-empowerment and self-esteem"", ""score"": 0.4738127291202545}, {""outcome_key"": ""active_participation"", ""outcome_label"": ""More active participation in society"", ""score"": 0.4405166506767273}, {""outcome_key"": ""learning_performance"", ""outcome_label"": ""Improved learning performance"", ""score"": 0.4299876093864441}, {""outcome_key"": ""future_motivation"", ""outcome_label"": ""Increased motivation for future education or training"", ""score"": 0.41354602575302124}]"
Career_Youth_Exchange,11,What did you learn during the project?,Developed leadership skills.,Developed leadership skills.,neutral,0.0,True,"[ 1.35146072e-02  3.93024385e-02 -6.92628510e-03  6.64922372e-02
 -5.62457368e-02  2.12793779e-02 -2.80440152e-02 -2.38682665e-02
 -5.77761829e-02  5.69408722e-02  4.99234609e-02  3.34738754e-02
  1.09196585e-02  5.82592823e-02  2.04490665e-02 -6.29224181e-02
 -6.91719130e-02  1.67029370e-02 -7.98958465e-02 -1.12494178e-01
 -5.07786609e-02  6.99869962e-03  4.97452319e-02 -7.30899628e-05
 -2.91922931e-02  4.31545265e-02 -2.53427532e-02 -2.91909557e-02
  8.65966529e-02 -4.77441996e-02  3.24063450e-02 -5.54516241e-02
  3.48537415e-02  5.18437065e-02 -4.68813330e-02  1.09731287e-01
  8.11006725e-02  6.28947094e-02  2.94295489e-03 -2.62042824e-02
 -6.36787247e-03 -2.09505465e-02 -2.41664564e-03 -7.78930932e-02
 -5.47523052e-02 -6.30189180e-02 -1.39000622e-04 -2.53603188e-03
 -8.57830048e-02 -1.52000878e-02 -1.60628725e-02 -5.04538827e-02
  2.87754145e-02 -9.20319930e-02  5.63332066e-02  2.53782198e-02
 -2.52253357e-02  4.06404957e-03  4.70170937e-02 -5.38870459e-03
 -6.92861900e-02 -7.04605924e-03 -7.89136887e-02  6.23764396e-02
 -4.43138741e-02  2.07100250e-02 -6.11156970e-02  3.22399065e-02
 -3.93543541e-02  1.95863973e-02  5.45061938e-02 -7.99013749e-02
 -4.68641967e-02 -1.31753013e-02  2.33815070e-02 -4.39381748e-02
  5.34655713e-02 -3.41646336e-02  1.73624661e-02  2.69917902e-02
  3.92309502e-02  5.34432866e-02 -5.08478843e-02  1.45091429e-01
 -1.82997677e-02  1.76810678e-02 -1.72151700e-02 -5.68724833e-02
  8.38883407e-03 -1.24227693e-02  6.65553063e-02  6.08722586e-03
 -9.73766595e-02 -1.14499470e-02 -6.86031133e-02 -1.37714408e-02
 -5.25884926e-02  6.50834001e-04 -3.74705493e-02  1.15402229e-02
  1.82496645e-02 -3.57845463e-02 -1.70541257e-02 -6.16588118e-03
 -3.63540575e-02 -1.37960557e-02  5.30661084e-02  1.41610643e-02
 -4.60110903e-02 -5.66032657e-04 -8.17746371e-02 -1.43581489e-03
 -1.04107752e-01  3.06653976e-02  1.06612861e-01  1.98504217e-02
 -1.24212176e-01  3.19887325e-02 -4.15718146e-02  1.55755994e-03
  1.45826846e-01  1.84078645e-02  1.20382374e-02  1.18623534e-02
 -2.51014847e-02 -5.00398800e-02 -5.67018650e-02 -5.40746062e-33
  3.45329903e-02  3.53595726e-02 -3.21067381e-03  1.60976499e-01
  3.94924283e-02  3.09341829e-02  7.49553293e-02  1.77219864e-02
  1.68583933e-02 -2.70501878e-02  2.12604795e-02 -9.88693442e-03
 -3.12066860e-02  2.10596831e-03  8.26816335e-02  2.61394121e-02
 -1.00551479e-01  6.65609166e-03 -9.98670701e-04  4.04065363e-02
 -6.12711301e-03  2.98846979e-02  2.81645861e-02 -6.41826764e-02
  7.01845065e-02 -2.06981376e-02  1.86332352e-02 -1.20861866e-02
  2.68641487e-02  2.15459373e-02  7.13131949e-03 -1.15034515e-02
 -1.16543464e-01  8.02904926e-03  2.10295268e-03  1.21144772e-01
 -1.12652583e-02 -1.27766818e-01  1.13001354e-01  6.10839995e-03
 -1.41289318e-03  7.32152257e-03 -1.49576981e-02  1.32134454e-02
  2.12755464e-02  3.91361266e-02  4.99476446e-03 -4.03697640e-02
 -3.17112319e-02  9.62330922e-02 -8.32072943e-02  1.22687565e-02
  7.09856302e-02 -8.57937708e-02  9.65414792e-02  5.82732633e-02
  1.61056835e-02  1.08261965e-01 -1.71309710e-02  1.47643499e-02
  5.91275506e-02  4.39258069e-02 -1.39638454e-01  9.79084820e-02
  6.62926817e-03 -4.99857962e-02  1.28371539e-02  3.58920246e-02
  1.18053831e-01 -4.62619625e-02  1.15191219e-02 -5.78053342e-03
 -4.78738500e-03 -6.27748296e-03 -5.27307838e-02 -6.15768507e-02
 -3.56019326e-02 -8.14687740e-03  7.55225644e-02  3.83422035e-03
 -6.31448207e-03 -1.22058820e-02 -7.31404498e-03 -2.63819750e-02
  7.69491717e-02 -2.82390174e-02  5.29472604e-02 -3.05449255e-02
  9.59927682e-03  8.82064775e-02  1.69066712e-02 -6.04088753e-02
  8.08060355e-03  6.56075180e-02 -6.58274963e-02  3.56743985e-33
  3.04420181e-02  1.97767988e-02  2.14656163e-02  5.69819920e-02
  8.61187726e-02  6.05101213e-02 -3.22245918e-02 -7.25464672e-02
  2.91268472e-02 -7.79499579e-03  5.92546836e-02  1.91442315e-02
 -3.58983018e-02  2.63745394e-02  4.84878011e-02  6.94505812e-04
 -5.16930129e-03 -3.64270993e-03 -2.70512095e-03 -1.52273234e-02
  2.67043877e-02  8.54088813e-02 -6.88639060e-02  1.19109586e-01
 -1.93663128e-02  9.85670602e-04 -5.15033752e-02 -4.52742167e-02
 -5.11869118e-02 -5.14179189e-03  3.51953059e-02 -1.85026862e-02
  1.62995234e-02  5.70249669e-02 -6.14085644e-02  2.61108596e-02
 -2.34165434e-02 -2.69530411e-03 -6.26234710e-03  3.56424451e-02
 -2.07567289e-02 -8.97705322e-04  7.67116323e-02  1.89828698e-03
  8.27102549e-03 -2.35103443e-02  8.27431213e-03 -3.66674215e-02
 -5.57955839e-02  6.58187782e-03 -2.18160376e-02 -2.36767419e-02
 -5.57284914e-02 -2.15906836e-02 -1.13006560e-02 -3.76072749e-02
  7.44129866e-02 -8.52729902e-02  6.99176341e-02 -6.85612438e-03
  7.46300630e-03  1.55859091e-03  9.21852700e-03 -2.20842287e-02
 -3.22303399e-02 -8.99224728e-03 -3.99270803e-02 -9.18694120e-03
 -4.75432277e-02  5.04815914e-02 -2.93670921e-03 -4.34847586e-02
  2.59875394e-02 -2.04060320e-02 -1.06940255e-01 -7.29868654e-03
 -1.83269501e-01 -1.44757256e-02 -6.42624944e-02 -2.15867274e-02
 -8.37648064e-02 -4.34087701e-02 -5.37773781e-02 -2.43969373e-02
  8.86447728e-03  8.59152377e-02  4.96831164e-02 -2.91950107e-02
  4.55746241e-02 -4.84651476e-02 -3.47401127e-02 -4.59178463e-02
  2.15458013e-02 -8.64308979e-03 -5.30564114e-02 -1.27736675e-08
 -3.03049162e-02  3.11008319e-02  5.40877786e-03  5.46718687e-02
 -1.90224908e-02  6.68680742e-02 -6.32412434e-02  6.74361945e-04
  4.87031788e-02  1.12845659e-01 -5.60693182e-02  1.84268039e-02
  4.31397371e-02  3.02910488e-02  8.02082047e-02 -1.85235254e-02
 -7.76921981e-04  5.86627126e-02 -5.53425075e-03  1.34636387e-02
  4.26072702e-02  4.77080233e-02 -7.28437826e-02 -7.75979133e-03
 -2.01154482e-02 -3.30857411e-02 -1.03376962e-01  4.63649295e-02
 -4.95481305e-02  8.82783085e-02  5.71802780e-02  3.51786017e-02
 -9.79763363e-03 -4.80994722e-03  5.40136881e-02  7.28592947e-02
  1.81351546e-02 -8.01988542e-02  1.97615684e-03 -3.82501781e-02
 -1.22639062e-02  1.18795067e-01  9.78484601e-02  3.24173272e-02
  2.13550273e-02  6.42300919e-02 -3.61622460e-02  8.89527127e-02
 -2.41781287e-02 -7.53510073e-02  4.45634462e-02  7.01875240e-02
 -3.87791544e-02 -7.00224470e-03  3.42477858e-02  5.77603513e-03
  7.30473250e-02 -1.70132499e-02 -8.58892649e-02 -9.24925116e-05
  2.08606459e-02  4.07695509e-02 -1.52579816e-02  4.33676392e-02]",project_topic,Project topic: Career development and professional skills,0.6385650038719177,"[{""outcome_key"": ""project_topic"", ""outcome_label"": ""Project topic: Career development and professional skills"", ""score"": 0.6385650038719177}, {""outcome_key"": ""employability"", ""outcome_label"": ""Enhanced employability and improved career prospects"", ""score"": 0.4849321246147156}, {""outcome_key"": ""language_digital"", ""outcome_label"": ""Improved foreign language and digital competences"", ""score"": 0.47162777185440063}, {""outcome_key"": ""positive_interactions"", ""outcome_label"": ""Enhanced positive interactions with people from different backgrounds"", ""score"": 0.4707318842411041}, {""outcome_key"": ""initiative_entrepreneurship"", ""outcome_label"": ""Increased sense of initiative and entrepreneurship"", ""score"": 0.45361006259918213}, {""outcome_key"": ""learning_performance"", ""outcome_label"": ""Improved learning performance"", ""score"": 0.4497775137424469}]"
Career_Youth_Exchange,12,What did you learn during the project?,Yes I improved in social interaction.,Yes I improved in social interaction.,positive,0.7003,True,"[ 1.63205341e-02 -7.47676182e-04  6.53857216e-02  1.33204479e-02
  1.31513681e-02 -7.33516216e-02  4.98702005e-02  3.02186497e-02
 -5.47254384e-02 -5.30048423e-02  5.01361676e-02  1.25290200e-01
  1.79117285e-02  1.38546163e-02  1.16364107e-01  3.28845568e-02
  6.48381338e-02  8.39954335e-03 -7.32963234e-02 -5.35090864e-02
 -1.33825913e-01  1.00035751e-02  3.07024121e-02 -2.10852250e-02
 -1.10137807e-02 -2.16754042e-02 -6.81917593e-02  1.58839393e-02
  9.21622589e-02 -1.29545701e-03 -6.28624335e-02  3.46250199e-02
  9.53201503e-02 -8.67938157e-03 -5.53295650e-02  8.00062865e-02
  5.50852194e-02  5.04793823e-02  3.46557125e-02 -1.83709338e-02
 -6.53189793e-02 -5.99831762e-03  7.66957551e-02 -6.40179664e-02
  4.77776770e-03 -4.39358130e-02  2.54894048e-02 -2.31079012e-02
 -9.64322835e-02 -6.47722855e-02 -6.76554963e-02  9.70586948e-03
  5.88557646e-02  6.94273086e-03  2.31492706e-02  6.06629290e-02
 -6.34000544e-03  7.07763582e-02  3.19061466e-02 -2.59491652e-02
  1.44762918e-02 -3.68297137e-02  2.25961562e-02  7.06268474e-02
  2.84157004e-02  3.63940187e-02 -4.85150330e-02 -4.62687612e-02
 -2.85077281e-03  1.87430996e-02  1.42498687e-02  9.95224528e-03
  6.02103909e-03  3.33553366e-03  1.91306546e-02 -1.12438463e-02
 -2.52192859e-02 -6.83613718e-02  1.38178030e-02  4.12153937e-02
  7.24928081e-02 -6.12734370e-02 -4.07111049e-02  3.27847525e-03
 -3.89014184e-02 -1.00906372e-01  3.69981490e-03 -8.87844563e-02
 -8.95716026e-02  5.75288385e-02  5.37372492e-02  8.44934955e-02
 -7.59543255e-02 -4.98441327e-03 -3.90506797e-02 -7.09780529e-02
 -1.07801035e-02 -1.80482678e-02 -1.41472137e-02  1.00499883e-01
 -5.81908086e-03  2.54983325e-02 -7.63966888e-02 -3.79390344e-02
 -5.47210826e-03  4.79794033e-02 -3.19958590e-02  3.89274471e-02
 -3.69303711e-02  4.01722118e-02 -7.05038607e-02  3.99988517e-02
 -8.20957199e-02 -4.35232604e-03  1.96401644e-02 -2.66398257e-03
  3.87049280e-02  5.64612895e-02  8.71773064e-02 -3.71490000e-03
  1.18351154e-01  1.37633840e-02  1.75685510e-02  4.04695086e-02
 -8.20046961e-02 -3.49240676e-02  3.14663425e-02 -4.01897919e-33
  5.33967977e-03 -2.70383283e-02  4.46510874e-02  5.82847856e-02
 -1.09728356e-03  3.39896418e-02 -5.45845181e-02 -2.08784454e-02
 -1.30103286e-02 -1.14730544e-01  1.25400247e-02  3.56891677e-02
  5.56433983e-02 -1.49509311e-03  3.90824005e-02  2.06399132e-02
 -6.74067885e-02  3.31390724e-02 -1.51817827e-02  2.31317151e-02
  4.44457829e-02 -5.68244793e-02 -3.51152495e-02 -5.93205430e-02
  4.27463762e-02  5.77037856e-02  1.17629334e-01 -6.09720647e-02
  7.85535797e-02 -7.40903476e-03  1.50093902e-03  7.50163272e-02
 -7.32712224e-02 -2.96004340e-02  4.45463508e-02  3.63210589e-02
  4.95881923e-02 -1.04522727e-01  2.46340837e-02 -5.53903868e-03
  6.36616489e-03  3.93126868e-02  6.52602017e-02 -3.20082009e-02
 -1.35674747e-02  9.12706181e-02  1.35475183e-02 -8.93858820e-03
 -6.76168650e-02  2.59536207e-02 -9.35907289e-02  2.15173047e-02
 -4.05203141e-02  2.38196123e-02 -2.65198871e-02 -1.63002312e-02
  5.77896601e-03  6.90084472e-02  2.02187356e-02  1.95529796e-02
 -1.86606310e-02 -1.00893294e-02 -1.33947963e-02 -4.31325696e-02
  2.74061542e-02  1.62365437e-02  1.66378878e-02 -3.60089093e-02
  9.27286297e-02 -6.71457946e-02 -2.30809879e-02  4.41546738e-02
 -3.20895649e-02 -2.16790643e-02  5.21486774e-02 -5.52199893e-02
 -9.34050530e-02 -3.80355902e-02  1.30479001e-02 -6.32569119e-02
  6.40779063e-02 -2.79882662e-02 -2.52435245e-02 -5.29936329e-02
  6.44201785e-02 -4.36562533e-03  3.57179642e-02 -5.47692664e-02
  5.23714609e-02  9.24701709e-03  1.98173467e-02  6.88912906e-03
  2.21427027e-02  4.66872826e-02 -1.00719027e-01  2.87731391e-33
 -1.28549850e-02  7.89011549e-03  5.75200208e-02  3.59101407e-02
 -9.83774755e-03 -1.50679918e-02  2.47590896e-02  6.82882557e-04
  6.39761938e-03  3.34859900e-02  1.09705567e-01  4.22550552e-02
  7.93455262e-03  9.64495819e-03  3.45709734e-02 -6.78348029e-03
 -5.27658314e-03 -7.35536888e-02 -1.20067289e-02 -8.11171234e-02
  1.79793558e-03  7.59644881e-02  6.04457930e-02  1.49886692e-02
  1.99697624e-05 -7.87823461e-03  4.02640775e-02  3.99892256e-02
 -1.17890173e-04 -5.87963453e-03  7.65282959e-02 -1.35900257e-02
 -5.14251031e-02  4.62060980e-02  1.64212566e-02  3.80208530e-02
 -8.61776900e-03 -1.15761116e-01  5.91013487e-03 -8.98037106e-02
 -5.55587932e-04  8.90787505e-03 -5.54308407e-02  9.11274180e-02
  2.08256748e-02 -3.35021764e-02 -3.44409458e-02 -4.11645062e-02
 -4.07433845e-02  1.06183579e-02 -3.21594290e-02 -2.55598966e-02
 -4.75886129e-02 -1.04343288e-01 -7.37173483e-03 -1.41523797e-02
  1.13998629e-01 -6.51665553e-02  2.17745937e-02 -3.27356197e-02
 -9.72386971e-02  8.12273622e-02 -3.58995013e-02 -1.58361830e-02
  1.03534415e-01 -5.62576614e-02 -5.69731034e-02  5.17828725e-02
  4.33106273e-02 -3.81594114e-02  2.19302475e-02  1.46090891e-02
 -2.26877183e-02 -1.42509118e-02  1.01061016e-02 -5.33255376e-02
  3.76334339e-02  1.49375293e-02 -8.63001123e-02 -2.60990392e-02
 -9.07532424e-02  5.44680879e-02  4.74082753e-02 -1.18212819e-01
  7.48332823e-03  7.41250217e-02 -3.77636515e-02 -8.03402159e-03
 -1.99694093e-02 -4.21376957e-04 -1.64785441e-02  8.51271581e-03
  1.39738154e-02 -3.30344290e-02 -5.22788428e-03 -1.53764113e-08
 -3.81980427e-02  3.82291265e-02  4.80907373e-02  1.17122084e-01
 -1.49296708e-02  2.04875506e-02 -6.50204420e-02  1.18863449e-01
 -8.85062963e-02  2.56676576e-03 -8.90531316e-02  1.75258145e-02
  6.15012497e-02  3.39962952e-02  1.26069874e-01 -2.15561725e-02
  1.10981375e-01 -4.63045798e-02 -3.92304324e-02  1.80089788e-03
  9.41626728e-02  5.87307215e-02 -7.59567246e-02  4.95424531e-02
 -4.36602533e-02  1.51170613e-02 -1.21027455e-02 -5.16204014e-02
 -1.04768209e-01 -6.77167997e-02  2.26961374e-02  2.64558103e-02
 -3.55519820e-03 -1.60670758e-03  6.32494539e-02  5.72054042e-03
 -1.74736716e-02 -1.05657764e-01  3.81989069e-02 -7.18419952e-03
 -2.94468869e-02 -2.33874992e-02  5.56406826e-02  1.72241759e-02
 -1.50811104e-02  1.01138741e-01  9.32279800e-04 -1.00027718e-01
 -3.45090777e-02 -5.87083660e-02 -8.41888972e-03  5.21464087e-02
 -2.87754275e-02  1.35588401e-03  6.87102303e-02  1.05365235e-02
  1.33799063e-02  8.86130054e-03  2.69625634e-02 -6.62975619e-03
  7.33596906e-02 -1.23064481e-02 -1.30280003e-01 -2.67117228e-02]",positive_interactions,Enhanced positive interactions with people from different backgrounds,0.5919483304023743,"[{""outcome_key"": ""positive_interactions"", ""outcome_label"": ""Enhanced positive interactions with people from different backgrounds"", ""score"": 0.5919483304023743}, {""outcome_key"": ""language_digital"", ""outcome_label"": ""Improved foreign language and digital competences"", ""score"": 0.4818161129951477}, {""outcome_key"": ""learning_performance"", ""outcome_label"": ""Improved learning performance"", ""score"": 0.47494858503341675}, {""outcome_key"": ""intercultural_awareness"", ""outcome_label"": ""Enhanced intercultural awareness"", ""score"": 0.40624088048934937}, {""outcome_key"": ""active_participation"", ""outcome_label"": ""More active participation in society"", ""score"": 0.38895776867866516}]"
Career_Youth_Exchange,13,What did you learn during the project?,"Yes, I have. Especially our human relations and social ties have become much stronger.","Yes, I have.",positive,0.4019,True,"[-2.06146929e-02  3.66485445e-03 -1.69252995e-02  1.02307489e-02
  8.49696808e-03 -1.38718672e-02  3.76506969e-02  1.27474591e-02
 -1.12046503e-01 -7.56035745e-02  3.97295170e-02  5.52278124e-02
  1.56658248e-03 -2.53090961e-03  5.77702969e-02  5.69647178e-02
 -3.23697999e-02 -5.55256903e-02  1.87352467e-02  1.45091107e-02
 -1.02960475e-01 -1.17683999e-01  8.32100734e-02  4.77068089e-02
  4.96837907e-02 -1.05020195e-01 -6.22259714e-02  5.64538874e-02
 -9.88007784e-02 -2.10906081e-02  1.77060440e-02  1.15685305e-02
 -3.43875997e-02  1.29782660e-02  7.00306743e-02  7.03563094e-02
 -4.31927182e-02 -2.10876912e-02  5.72340982e-03 -4.11541350e-02
  5.28717563e-02  2.90028825e-02  9.95222572e-03 -4.04949160e-03
  7.58252516e-02 -5.87648042e-02  1.58487074e-02  1.49438838e-02
  6.14566244e-02 -7.70921558e-02 -3.11029404e-02 -8.51691738e-02
  7.84949213e-02  5.75419813e-02  4.41161394e-02  3.50766033e-02
  3.35849002e-02  4.02427241e-02  5.02747856e-02 -3.14674526e-03
  1.03015497e-01  1.08672483e-02 -6.32689297e-02  1.26834795e-01
 -3.45657282e-02  5.97188845e-02 -7.28789344e-02 -3.75333279e-02
 -2.54811589e-02  5.93737662e-02 -2.60625891e-02  1.71651933e-02
  8.20166916e-02 -1.89221352e-02 -2.37132516e-02  1.30255669e-02
  4.04383801e-02 -1.61631871e-02 -2.74505317e-02 -2.81145354e-03
 -4.93151285e-02 -3.56243849e-02  1.35154771e-02  3.24122421e-02
  4.53201830e-02 -5.31513849e-03  4.84391637e-02  5.16070426e-02
 -6.76992610e-02  2.26352140e-02  3.54665928e-02  3.74098048e-02
  4.13810983e-02 -1.67032126e-02  1.95854530e-02 -7.17115626e-02
 -1.14063546e-02 -2.08567642e-02 -2.63895858e-02  4.48264778e-02
  3.61469314e-02 -1.79205202e-02  2.95813698e-02 -1.18073821e-02
  5.20034507e-02 -2.44158655e-02 -1.09046526e-01  3.71025316e-02
 -9.01575089e-02 -6.43198118e-02 -2.76667979e-02  9.93975345e-03
 -1.41316298e-02 -2.00582910e-02 -4.26546391e-03  1.08937044e-02
  4.63105403e-02  1.75642269e-03  4.25589345e-02 -4.26392779e-02
  4.71798778e-02  6.88225380e-04 -2.22981423e-02  3.28174196e-02
  6.64890781e-02 -1.59189925e-01 -6.36547455e-04 -8.06395149e-33
  3.85721847e-02 -7.81765580e-02 -2.08027032e-03  7.38604590e-02
  4.20515649e-02 -5.66086695e-02 -4.97057326e-02  1.30108772e-02
 -1.72939710e-02 -6.77500144e-02  5.66695705e-02  3.54198143e-02
 -7.45169818e-03 -4.16661836e-02  5.71023067e-03  4.69026454e-02
  2.22139992e-02  5.89932986e-02  2.66699903e-02  9.62861523e-05
  4.06875573e-02  7.05342274e-03 -3.08564138e-02  8.45959689e-03
  4.64198776e-02  1.34560108e-01 -6.72241440e-03 -1.71177741e-02
  1.62465602e-01  5.66879511e-02 -2.91873347e-02  1.31675955e-02
  2.94873953e-05 -2.44416520e-02 -2.13450636e-03  8.14385060e-03
  1.70933064e-02  2.46261004e-02  4.90176491e-04 -1.49020867e-04
 -1.28020018e-01  4.43865918e-03 -5.78511581e-02 -3.67612615e-02
 -7.96143264e-02 -6.24655224e-02  6.97991848e-02  9.67345480e-03
 -5.58577739e-02  1.88045260e-02 -5.33136306e-03  4.89807725e-02
 -1.00254081e-01 -8.15384462e-02 -2.95846444e-02 -2.55548526e-02
  4.23763543e-02 -5.40584791e-03  6.40647113e-02 -3.24939862e-02
 -6.03515096e-02  4.63631898e-02  1.87898632e-02 -1.98323522e-02
 -2.85256002e-02 -7.15703219e-02 -9.23516378e-02  3.11172567e-02
  3.25632356e-02 -2.19487250e-02  8.35714303e-03  1.53964059e-02
 -3.49178724e-02 -4.28180955e-03  3.48623283e-02 -2.83197314e-02
  1.56552345e-02  4.10859175e-02 -4.14381959e-02 -6.71317726e-02
  3.44474129e-02 -3.05170342e-02 -1.29700731e-02  5.09318449e-02
  2.99880151e-02  1.01455143e-02  6.70992285e-02 -6.43990636e-02
 -4.20085192e-02 -2.92787943e-02 -1.71770155e-02 -1.92459915e-02
  6.43564463e-02 -5.51460125e-02 -8.19615498e-02  5.59773606e-33
 -9.02296826e-02  1.21261301e-02 -1.18411928e-02 -3.12435888e-02
  3.25040594e-02 -7.35223235e-04  2.70515792e-02  8.01713243e-02
 -5.25397845e-02 -1.32782487e-02  9.61035490e-02 -2.06346866e-02
 -2.93853059e-02  9.15902434e-04  1.22196801e-01 -3.47398600e-04
 -2.50804015e-02 -6.56398432e-03  1.07300118e-01 -1.11993641e-01
 -9.83014181e-02 -8.14301614e-03  8.66512116e-03 -9.09607019e-03
 -3.27117518e-02  5.17811812e-03  1.37156978e-01  1.83125939e-02
 -6.16256557e-02 -5.16119152e-02  9.23732370e-02  3.33563238e-03
 -6.70939833e-02  2.66195182e-02 -4.34463844e-02  1.46210957e-02
  5.45182489e-02 -4.52497479e-04 -1.53299263e-02 -8.90812948e-02
 -8.75138305e-03 -5.43015674e-02 -4.38256189e-02  8.36302936e-02
 -4.84660007e-02  2.40383036e-02  6.14981242e-02 -8.61613974e-02
  6.60591424e-02  2.91083790e-02  2.63905935e-02  4.74224761e-02
 -3.55849750e-02 -8.30883235e-02  1.26306340e-02 -3.29955369e-02
 -1.32660456e-02 -4.42300476e-02  4.96250838e-02 -3.01177446e-02
  3.09430491e-02  1.02771884e-02  4.53019999e-02 -2.75564715e-02
  1.17858559e-01 -3.66431214e-02  6.71686372e-03  1.58849992e-02
 -5.17434403e-02 -9.07449611e-03 -8.17571133e-02 -1.37979329e-01
  4.82898438e-03 -1.01102392e-04  6.03334829e-02 -2.12923456e-02
  2.50718407e-02 -1.44777223e-02 -1.22619927e-01  2.47182585e-02
 -3.88362212e-03 -1.31150726e-02  1.10292993e-01  4.53962857e-04
  1.18657306e-01 -3.19323083e-03 -4.72999327e-02  1.05698789e-02
 -9.87100997e-04  5.76698929e-02 -3.72036640e-03  2.31294129e-02
 -2.09054612e-02 -8.80161766e-03  3.55570391e-02 -1.94006002e-08
 -9.38238017e-03  7.21925944e-02  1.19093396e-02  5.98544627e-02
  3.12833004e-02 -1.97901074e-02  3.22312489e-02  2.47192979e-02
 -7.05221295e-02 -7.65885264e-02  1.14756543e-03  1.50496541e-02
 -3.14678028e-02  1.75538398e-02  2.88653038e-02  1.16833104e-02
  7.86884129e-02  3.24907862e-02 -6.22660853e-02  2.56561767e-02
 -1.65362358e-02  1.08994693e-01  4.17420007e-02 -3.64566743e-02
  2.93790009e-02  1.98888909e-02 -3.40212882e-02 -5.27179576e-02
  5.00973761e-02 -7.73958191e-02 -4.38596308e-02  1.29702762e-01
  2.51994319e-02 -3.43193933e-02  8.83159712e-02 -2.41236598e-03
  1.38839688e-02  3.93032059e-02  4.10861708e-02 -1.80210210e-02
  8.41869414e-02  1.95976645e-02  2.86447443e-02  3.73223759e-02
  7.50459954e-02  9.11004916e-02 -4.46850322e-02  1.14250956e-02
  4.28666323e-02  3.75155248e-02 -6.27016835e-03  1.05056521e-02
 -1.97451692e-02  1.99631415e-02  7.20088836e-03 -5.90251498e-02
  4.41975631e-02 -3.08774989e-02  1.01469280e-02 -5.21239936e-02
  4.06842642e-02 -1.06837310e-01 -8.54154080e-02 -2.98194378e-03]",other,Other,0.05811520665884018,[]
Career_Youth_Exchange,13,What did you learn during the project?,"Yes, I have. Especially our human relations and social ties have become much stronger.",Especially our human relations and social ties have become much stronger.,positive,0.3818,True,"[ 3.02535947e-02 -2.88119372e-02  1.43644968e-02 -5.23454975e-03
  3.96021530e-02 -1.30502984e-03 -1.01271071e-01 -6.12551644e-02
  2.00809538e-02 -7.82076642e-03  5.90813830e-02  9.61641818e-02
 -2.58997176e-02  3.12638879e-02  1.11203246e-01  1.21361930e-02
 -2.81766038e-02 -3.92811894e-02 -8.76718611e-02 -2.53775567e-02
 -9.43641067e-02 -3.69332209e-02  1.70579534e-02 -9.96287912e-03
 -1.44306254e-02 -6.88757896e-02  7.60230841e-03 -7.58802891e-02
  2.23919842e-02 -1.19865527e-02  7.31138289e-02 -9.82159749e-03
  4.99789901e-02  2.08744723e-02 -4.72153090e-02  5.37147559e-02
  6.82370663e-02  2.78023668e-02  5.59058338e-02 -6.30114004e-02
 -3.52190658e-02 -1.30405910e-02  6.43232241e-02 -5.46568260e-02
 -5.48785292e-02  6.06241897e-02  1.60152633e-02 -1.29442634e-02
 -8.69697854e-02 -1.77480001e-03 -8.45582038e-02  8.98746923e-02
  4.83307987e-02 -2.17897948e-02  9.10869241e-02  4.07226793e-02
  7.06156157e-03  4.42842729e-02 -2.22010631e-02  5.37411645e-02
 -6.07179943e-04  1.51410149e-02 -2.22579632e-02  1.54780028e-02
  5.84065802e-02 -5.95054701e-02 -2.20745448e-02  1.12263389e-01
 -6.66727945e-02  6.59031495e-02 -9.47250985e-03  2.14323830e-02
 -1.12970052e-02  2.07834896e-02  1.48319267e-02 -6.39052480e-04
 -1.91316642e-02 -4.63576019e-02  1.76943261e-02  1.98383462e-02
  4.60694395e-02  4.26972434e-02 -2.49579642e-02  3.50247845e-02
  1.54184932e-02 -4.36253622e-02 -1.28137115e-02 -1.13537893e-01
 -1.04803436e-01  5.81376702e-02 -3.50917131e-02  1.67207364e-02
  1.83125306e-02  1.79566033e-02  2.56866999e-02  1.96282435e-02
 -4.79464494e-02  2.29284205e-02 -6.16355576e-02  5.33167608e-02
 -4.88633774e-02  7.44140744e-02 -2.22389661e-02  1.29923094e-02
  4.11747843e-02  4.08119671e-02 -2.94560865e-02 -1.52411535e-02
 -4.31451388e-02  4.26962338e-02 -4.48373631e-02  2.17980947e-02
 -7.09170178e-02  4.29984629e-02 -2.20731702e-02 -9.46710184e-02
  4.56715338e-02  3.34413499e-02  2.58339383e-02  1.05545670e-02
  8.28108937e-03  3.49317817e-03 -1.02494501e-01 -1.06656421e-02
  2.53648274e-02 -6.07928596e-02 -8.07015523e-02  1.29750513e-35
 -2.47167796e-02  4.26083058e-02  4.48167622e-02  3.87658067e-02
 -4.92759608e-02  4.35843356e-02 -7.47104958e-02  1.17452384e-03
 -2.05694884e-02 -1.68737434e-02 -5.93039468e-02  7.20948726e-02
  3.28942128e-02 -1.02358488e-02  4.39607800e-04 -1.20620355e-02
 -7.26605654e-02  5.55538200e-02  2.50776298e-02  1.95091181e-02
  2.57566310e-02 -3.31564508e-02 -5.66824898e-03 -3.85571388e-03
  3.48379128e-02 -4.16222960e-02  4.78701815e-02  3.93007696e-02
 -3.17118280e-02 -2.62462385e-02  1.83973927e-02  1.60630848e-02
 -1.32538239e-02 -2.43068505e-02  1.07545184e-03  2.84965690e-02
  1.42618443e-03 -4.77814376e-02  5.27384840e-02 -7.81055400e-03
 -3.68916281e-02  2.26300471e-02 -1.41300485e-02 -2.26488039e-02
  1.07476607e-01  9.32945758e-02  4.46798615e-02 -9.14943777e-03
 -8.98478627e-02  2.18509007e-02 -4.55619022e-02  5.67414565e-03
 -2.62336452e-02 -3.38453315e-02 -6.27568588e-02 -2.05435976e-02
  1.66505631e-02  3.78957205e-02 -2.33815275e-02 -4.40899953e-02
 -4.47051786e-02 -3.08974590e-02  2.95061730e-02 -3.49723957e-02
  1.03431627e-01  7.08409920e-02  2.11861115e-02 -2.19817320e-03
 -8.91901851e-02  3.68251018e-02 -4.50994680e-03  6.14324026e-02
 -9.69031230e-02 -1.75291114e-02 -5.12895547e-02  5.45829386e-02
  2.67761089e-02 -4.23460826e-02  1.30067885e-01 -2.43592951e-02
 -1.06398888e-01 -3.82196903e-02  1.14274599e-01 -5.99545762e-02
  5.12171686e-02  4.51485291e-02  8.59235302e-02 -5.15579656e-02
  9.53366235e-02  6.33606985e-02  1.20387990e-02 -8.27736035e-02
  5.36036454e-02  5.45660220e-02 -3.17367204e-02 -5.48783303e-34
 -7.33815506e-02 -6.26441166e-02 -1.70104642e-04  4.36077304e-02
  1.00504002e-02 -6.73809508e-03  4.04345579e-02  6.80406205e-03
 -7.47083724e-02  2.99345758e-02  4.32637706e-02 -2.71909442e-02
  7.87128285e-02  8.77438411e-02  4.64006998e-02 -6.28202260e-02
  1.00246951e-01  4.65653092e-02  2.97730286e-02 -2.40715295e-02
  4.68970276e-02  1.14719719e-01 -1.76638067e-02  1.00296363e-01
  4.76261824e-02 -1.38057498e-02 -7.32015520e-02 -6.69420213e-02
  1.24274485e-03 -1.83439086e-04 -2.52058767e-02  4.08010855e-02
 -1.29773632e-01  3.44028287e-02 -2.90943831e-02  7.16053396e-02
 -3.59730683e-02 -7.33891577e-02  5.04257157e-02 -3.57036199e-03
 -2.32790243e-02  2.86593735e-02 -2.48942953e-02 -3.93996239e-02
 -6.39331061e-03  6.74109161e-02 -1.17995702e-02  2.46873461e-02
 -9.97003913e-02 -9.89820808e-03  4.24185283e-02  6.30693557e-03
 -6.01263754e-02 -8.52907002e-02 -1.06471861e-02  4.23330627e-02
  1.70644987e-02 -7.13074580e-02 -1.11332992e-02  2.79756039e-02
 -4.67713811e-02  6.00256212e-02 -3.96305732e-02  5.43169826e-02
  2.55628265e-02 -4.06897366e-02  6.91134855e-03  9.84362606e-03
  1.57067906e-02  5.51481470e-02  5.30620813e-02 -2.83704810e-02
 -9.53847542e-02  4.36290577e-02 -5.53807579e-02  4.27893400e-02
  2.11593397e-02 -3.45906727e-02 -2.62853666e-03  4.70792279e-02
 -3.51992548e-02 -1.97070763e-02  4.86809760e-02 -1.18808322e-01
 -2.34258119e-02  9.56841111e-02 -2.33721640e-02  2.06253082e-02
  4.92053665e-02 -1.12327049e-02 -1.56034127e-01 -1.19756058e-01
 -7.40126744e-02 -8.17158148e-02 -1.00918993e-01 -1.77766228e-08
 -2.12347880e-02 -1.92827526e-02  3.46098468e-03  1.36418846e-02
  4.97688279e-02  5.36526889e-02  3.01394202e-02  8.95436630e-02
 -2.18842160e-02  8.59667510e-02 -5.54065779e-02  3.41602825e-02
 -1.26021542e-02  7.74384737e-02  8.46579447e-02  7.58615183e-03
  3.78503315e-02 -6.96885362e-02 -1.50611997e-02 -1.81841722e-03
 -4.00510542e-02  2.43820362e-02 -2.04010531e-02  4.13202308e-02
 -5.13510080e-03 -3.49495411e-02 -9.45755988e-02  7.17351213e-03
 -6.83041569e-03  5.47001585e-02 -1.81803089e-02 -8.84811804e-02
 -4.26941970e-03 -5.83651988e-03  6.02832325e-02  7.21070915e-02
 -1.17947526e-01  1.31732803e-02  5.70356399e-02  3.35011967e-02
  2.06820648e-02  4.92357463e-02  4.19535376e-02  8.71582106e-02
 -9.47505236e-03 -1.46277407e-02 -1.06529323e-02  8.14277977e-02
 -5.99991940e-02 -8.64408240e-02 -9.87715274e-03 -8.02942552e-03
 -2.58111283e-02 -8.60365108e-02  3.11128478e-02 -2.79753972e-02
  1.21909669e-02  8.04113224e-02  4.47894149e-02 -1.67890394e-03
  3.44568901e-02 -5.53857088e-02  1.73152052e-02  3.26241851e-02]",intercultural_awareness,Enhanced intercultural awareness,0.4142419099807739,"[{""outcome_key"": ""intercultural_awareness"", ""outcome_label"": ""Enhanced intercultural awareness"", ""score"": 0.4142419099807739}, {""outcome_key"": ""positive_interactions"", ""outcome_label"": ""Enhanced positive interactions with people from different backgrounds"", ""score"": 0.39539945125579834}]"
Career_Youth_Exchange,14,What did you learn during the project?,Less fear and the lessons learnt in my life were clearer,Less fear and the lessons learnt in my life were clearer,negative,-0.4417,True,"[ 8.07010680e-02  9.46038812e-02  4.33349647e-02  8.97437632e-02
  1.12899438e-01  2.08888389e-02  3.38457227e-02  1.60162989e-02
  4.81865890e-02 -4.07717973e-02  7.92465955e-02  6.49520382e-02
  1.03969745e-01 -3.69670093e-02 -6.65152073e-03  1.30393775e-02
 -8.52261037e-02  9.40356553e-02 -5.86702637e-02 -4.04808559e-02
 -1.10830031e-01  3.41870897e-02 -2.64637545e-02  6.91239759e-02
 -8.30557346e-02  9.96189788e-02 -2.22813953e-02  4.11613993e-02
  3.08632497e-02 -1.64351650e-02  2.08034972e-03 -3.35174240e-02
  9.28530470e-02 -6.22784197e-02 -2.15312224e-02 -2.52053495e-02
  2.34524999e-02 -1.49310427e-03  5.37402108e-02 -3.24838865e-03
 -1.08261406e-02  1.03229936e-02  3.34175080e-02  3.05223167e-02
 -3.30914259e-02 -3.74866314e-02 -1.25546975e-03 -7.71893710e-02
 -3.00874170e-02 -7.73534402e-02 -2.87469588e-02 -5.22239059e-02
 -9.20578763e-02 -1.28114194e-01  3.68423313e-02  1.70884747e-02
 -5.41064776e-02  1.23251148e-01 -5.38796280e-03  5.03345802e-02
 -1.26851285e-02 -7.90747255e-02 -3.41336764e-02  4.70214374e-02
 -4.94885445e-02  2.32325355e-03 -2.77138166e-02 -2.68388242e-02
 -1.36518758e-02  5.68641685e-02 -6.25245497e-02  6.18284345e-02
  1.47521505e-02  4.68192762e-03 -3.42752300e-02 -1.43273016e-02
  1.32305082e-02 -3.94990668e-02 -3.46595310e-02  2.56233513e-02
  1.12424036e-02 -3.45795490e-02 -7.95942992e-02 -4.32578661e-03
 -4.11343277e-02 -9.08549279e-02  5.76442964e-02 -1.34024128e-01
 -3.52977514e-02  1.07760420e-02  5.96365407e-02 -4.96417768e-02
 -1.75647214e-02  9.16789025e-02 -4.24935445e-02 -2.80771255e-02
 -4.56100553e-02  1.25780609e-03 -4.19663265e-02  1.06795304e-01
 -1.71243045e-02 -1.67577770e-02 -3.82478051e-02  1.73078012e-02
 -5.98211680e-03  1.86516847e-02 -3.15085649e-02 -4.90700826e-04
 -1.81485023e-02  1.60688143e-02 -4.06562984e-02 -2.24721432e-02
  5.92083624e-03  2.74541453e-02  1.78674962e-02  6.10529780e-02
 -7.51127210e-03 -1.44100618e-02  2.67534740e-02  1.00773342e-01
  5.77596650e-02 -3.44012911e-03  1.28475130e-02  2.18476988e-02
 -2.40902659e-02 -3.16291079e-02  2.34398842e-02 -2.47445289e-33
  6.01768978e-02 -1.63573138e-02 -2.29839887e-02  2.80820671e-02
  1.02165952e-01  6.79783197e-03  4.58491268e-03 -7.74516072e-03
  1.98020879e-02 -2.17235703e-02  2.63246614e-02  5.16572148e-02
 -2.24955920e-02 -1.81432310e-02 -4.39897068e-02 -4.29535545e-02
 -1.81054056e-01  6.33124188e-02  3.38453650e-02  5.73227927e-02
 -7.57190958e-02 -8.90326221e-03  1.36277508e-02 -4.25826013e-02
  6.00272743e-03 -3.29788066e-02  2.99728606e-02  2.82175951e-02
  2.31034048e-02 -1.97733436e-02  3.91258672e-02  1.02577746e-01
  4.71361503e-02 -8.82416442e-02  5.04650036e-03  2.87339576e-02
  7.52252061e-03 -8.95113572e-02 -3.42178419e-02 -5.70963584e-02
  6.79088756e-03  2.12169122e-02  5.37015088e-02 -5.98824508e-02
  5.86842299e-02  1.23169512e-01 -1.67898778e-02 -4.15480547e-02
 -1.35322973e-01  2.36370992e-02 -6.84166625e-02  1.24293827e-02
 -2.70990953e-02 -4.92486209e-02 -1.20255798e-02  7.86110386e-03
 -2.27820054e-02  6.51597604e-02 -8.07785392e-02 -2.05344371e-02
 -4.99544851e-02 -1.24261556e-02  7.53787905e-02 -2.01753862e-02
  7.18541294e-02 -5.76036097e-03  2.35018339e-02 -8.85557458e-02
  3.63130011e-02 -5.98527603e-02 -1.17616266e-01 -6.36410899e-03
 -1.89837511e-03 -1.55013157e-02  7.03008398e-02 -3.19629945e-02
 -5.52902184e-02 -3.06666270e-02 -2.31395923e-02 -1.02234341e-01
  2.62439810e-02 -1.77432112e-02 -8.83358624e-03  8.31287913e-03
  9.60019156e-02  3.76215577e-02  4.86568958e-02 -8.22202414e-02
 -2.78987680e-02  7.61080384e-02 -4.02536057e-02 -6.42583370e-02
  6.75622970e-02 -3.29282135e-02 -6.30738810e-02  1.22047905e-33
 -1.24958772e-02 -6.40602689e-03  3.01560969e-03  7.17736036e-02
 -7.07251113e-03  1.29390007e-03  4.89759073e-02  1.26965977e-02
 -5.13970014e-03  1.99155584e-02  5.81069142e-02  5.43180704e-02
  3.02849673e-02  4.33120020e-02 -4.79094274e-02 -4.14116383e-02
  2.98929736e-02 -6.69699069e-03 -2.08349898e-02 -7.97986984e-03
 -5.88317364e-02  6.88931197e-02 -7.02778623e-02  7.21883699e-02
  4.37605008e-02  4.50677201e-02  1.59038100e-02  7.83690587e-02
  4.51956205e-02 -7.36993626e-02  3.24423574e-02  4.37572487e-02
 -2.91873887e-02  8.14009272e-03 -1.17164264e-02  4.77848984e-02
  7.56189376e-02 -1.25446871e-01 -2.80629043e-02 -5.32173775e-02
 -5.41286580e-02  4.47225850e-03 -2.34451126e-02 -5.78447850e-03
  2.14813799e-02  3.27177532e-02  4.71199863e-02 -3.40692736e-02
 -1.32295731e-02  2.82169320e-02 -5.49252816e-02  6.95303874e-03
 -4.19507958e-02 -3.11600473e-02  4.76856455e-02 -1.17525823e-01
  7.30898529e-02 -1.05311111e-01  1.56951994e-02  7.55313039e-02
 -5.92288785e-02  4.53094430e-02 -1.41795218e-01  2.03376133e-02
  1.10035175e-02  2.78122574e-02 -1.92449335e-02  1.00249052e-01
 -1.98284462e-02 -1.25584360e-02 -2.75699683e-02 -2.06976440e-02
 -6.75525367e-02 -1.69436187e-02  1.81956333e-03 -2.40331925e-02
  1.22582950e-02  2.41069887e-02 -9.00959820e-02  4.49912064e-02
 -4.99054417e-02 -1.27825607e-02 -6.28935033e-03  1.96802132e-02
 -5.95612777e-03  9.29632112e-02 -2.88581755e-02 -7.89681077e-03
  3.15774120e-02  1.50570823e-02 -3.91968153e-02  5.17499968e-02
  2.78195236e-02 -1.95882209e-02 -4.03597206e-02 -1.91196463e-08
  2.06827261e-02 -6.50594682e-02  4.86000720e-03 -9.79886670e-03
  7.57895783e-02  2.93083023e-02 -3.03580426e-03  1.03897646e-01
 -1.01953611e-01  1.48305446e-02 -4.43634056e-02 -1.76565535e-03
  3.14807408e-02  7.28540644e-02  6.27928600e-02  3.02270725e-02
  4.08106036e-02 -3.17494050e-02  2.19960492e-02 -2.69611441e-02
  4.38781008e-02  2.57805102e-02 -6.58060312e-02 -6.70821518e-02
 -2.05832496e-02 -1.24179735e-03 -1.54996812e-02  9.05301496e-02
 -3.02594844e-02  4.69414294e-02  1.98922250e-02  1.26103498e-02
  2.44983640e-02  1.64081510e-02  3.80502525e-03 -1.69955939e-02
  7.84406438e-02 -1.56033169e-02  2.20467299e-02  6.33909106e-02
 -3.74565944e-02 -2.70070857e-03  1.07438639e-01  3.46886627e-02
 -4.97853383e-02 -6.13992475e-03  1.22933099e-02 -9.32141114e-03
 -9.94747039e-03 -6.55449331e-02  8.10437743e-03  5.75511046e-02
  4.53022309e-02  3.33858691e-02  7.82100111e-02  5.32052433e-03
 -2.00839508e-02  7.85673410e-02 -1.08659081e-01  2.83036157e-02
  5.88983335e-02  2.99032088e-02 -8.05669129e-02 -3.78266652e-03]",intercultural_awareness,Enhanced intercultural awareness,0.5244413614273071,"[{""outcome_key"": ""intercultural_awareness"", ""outcome_label"": ""Enhanced intercultural awareness"", ""score"": 0.5244413614273071}, {""outcome_key"": ""positive_interactions"", ""outcome_label"": ""Enhanced positive interactions with people from different backgrounds"", ""score"": 0.4940258860588074}, {""outcome_key"": ""self_empowerment"", ""outcome_label"": ""Increased self-empowerment and self-esteem"", ""score"": 0.48886093497276306}, {""outcome_key"": ""learning_performance"", ""outcome_label"": ""Improved learning performance"", ""score"": 0.4877982437610626}, {""outcome_key"": ""future_motivation"", ""outcome_label"": ""Increased motivation for future education or training"", ""score"": 0.463774710893631}, {""outcome_key"": ""language_digital"", ""outcome_label"": ""Improved foreign language and digital competences"", ""score"": 0.4226453900337219}, {""outcome_key"": ""initiative_entrepreneurship"", ""outcome_label"": ""Increased sense of initiative and entrepreneurship"", ""score"": 0.3873429298400879}]"
Career_Youth_Exchange,16,What did you learn during the project?,Self-confidence,Self-confidence,neutral,0.0,True,"[ 1.60932187e-02  2.38584951e-02  4.51274104e-02  6.36882633e-02
 -3.01313493e-03 -4.31148559e-02  1.49862900e-01  5.26700057e-02
  2.88690403e-02 -5.06197065e-02  2.54635862e-03 -7.04910383e-02
  4.66570668e-02 -1.33704051e-01 -7.54438434e-03 -7.56793469e-02
  8.61730278e-02 -2.75508184e-02 -1.30141601e-01 -3.10297571e-02
 -9.86615345e-02 -2.55762250e-03  6.92104164e-04  1.70483124e-02
 -2.35701818e-02 -4.01003957e-02 -1.13802850e-02  5.42411022e-03
  1.54180266e-02 -2.04971973e-02  2.29459126e-02 -4.64008749e-03
  5.22198230e-02 -2.94187535e-02 -4.42463085e-02 -3.31777893e-03
  8.65593553e-03  5.88992890e-03 -3.54037471e-02  8.49571638e-03
 -5.03106080e-02 -1.50211668e-02  4.37321030e-02  2.81747542e-02
 -2.62746327e-02 -1.61892083e-02  6.80605546e-02  3.48319523e-02
 -2.19777245e-02 -2.12046113e-02 -9.58221257e-02  1.00846402e-03
 -3.67587842e-02 -4.48910557e-02 -1.43395560e-02  5.32096736e-02
 -4.03773449e-02  3.56904455e-02 -2.89224368e-03  4.45729569e-02
  1.02010511e-01 -4.12962288e-02 -4.27025072e-02  4.46180701e-02
  1.15502328e-01  1.12011679e-01  1.23389075e-02  2.56461427e-02
  6.96257409e-03  1.69107020e-02  5.16586378e-02 -5.77020049e-02
 -3.75311412e-02  2.58260891e-02  1.04754046e-01 -2.42588427e-02
 -4.47187237e-02 -1.28351957e-01  2.48279441e-02  1.11497499e-01
  3.37437429e-02  2.57717296e-02  9.51506291e-03  8.17725658e-02
 -9.75841582e-02 -6.39588237e-02  9.31582004e-02  5.33589441e-03
 -2.75639240e-02 -8.20806902e-03 -6.80903196e-02 -7.52726048e-02
 -1.36331320e-01 -3.02018654e-02 -5.15635349e-02  6.03468483e-03
 -4.24998626e-02 -7.97855780e-02 -4.14701225e-03  1.23197317e-01
  2.55687162e-02  4.59101684e-02 -1.26976157e-02  7.82431364e-02
 -3.72454114e-02  2.75471229e-02  2.68309359e-02  1.63179953e-02
  2.67943810e-03  4.21010219e-02 -9.44899172e-02 -3.13774236e-02
 -3.91095728e-02  2.27807518e-02  1.13694213e-01  8.43987521e-03
 -8.25167447e-02  6.17438629e-02  6.68415278e-02 -3.90027352e-02
  3.93032581e-02 -7.43674114e-03  1.26916036e-01 -2.42813546e-02
 -8.40018317e-03 -8.13844502e-02  6.53161854e-03 -4.43734203e-33
  4.14846390e-02  1.50678772e-02  7.06813857e-02  6.75223172e-02
 -7.79602453e-02  1.97852738e-02  5.82986325e-03 -6.26363903e-02
  1.69642456e-02 -1.01735035e-03  4.48489226e-02  1.80596747e-02
 -2.88494155e-02 -3.15687456e-03  6.21789247e-02  1.08303830e-01
 -7.79192895e-02 -1.08217746e-02  3.56092677e-02  6.33782074e-02
  8.33540112e-02  1.23132737e-02 -2.40028631e-02 -4.85104397e-02
  3.55460346e-02  8.21570214e-03  5.85566349e-02 -1.56182265e-02
 -1.23350145e-02  2.61588860e-02 -2.76676361e-02  8.15497115e-02
 -5.57431206e-02 -8.18480700e-02  2.22077463e-02 -1.03564197e-02
  6.09401288e-03  9.57779679e-03  4.88805138e-02 -3.71715650e-02
  1.61029100e-02 -1.43150743e-02  6.30036741e-02  4.17312048e-02
  7.01328507e-03  2.84473244e-02 -4.56654318e-02 -5.13104759e-02
 -1.41517043e-01  1.90315619e-02 -4.33029234e-02  5.15022576e-02
  3.10258791e-02 -5.45865595e-02 -6.77346960e-02 -3.34120654e-02
 -1.87432077e-02  4.09541801e-02 -2.62354105e-03 -7.15033934e-02
  3.10442094e-02  9.70930047e-03 -1.19708963e-01 -4.25289162e-02
  4.97870008e-03  5.43598384e-02  8.53008498e-03 -8.32710937e-02
  1.29566276e-02  6.55790605e-03 -5.08033857e-02 -3.96348126e-02
 -1.08091876e-01 -6.08684532e-02  1.90023482e-02 -2.83660404e-02
  7.45759206e-03 -3.18903401e-02  1.85384732e-02 -5.27802110e-02
 -4.39423583e-02 -3.19650746e-03 -7.73994625e-02 -4.89125960e-02
  4.94286492e-02  1.09261014e-02  6.45121858e-02 -3.66522819e-02
  1.59529336e-02  5.07033542e-02  8.56663585e-02  2.01270566e-03
  6.06607720e-02  7.10794255e-02 -1.05009586e-01  3.29777189e-33
  4.42911498e-02 -2.94699483e-02  4.34371457e-02  7.74839893e-02
 -1.01231001e-02  4.06975299e-02  4.31600623e-02  3.95255163e-04
  4.03887071e-02  3.92733663e-02 -3.62592340e-02  1.31022241e-02
  1.03320085e-01  1.47217009e-02  2.06826348e-02 -3.71576548e-02
  8.87353197e-02  1.31408852e-02 -5.23878150e-02 -5.79508506e-02
  2.47336235e-02 -9.26954020e-03  1.51317818e-02 -1.64350104e-02
 -2.82064732e-02  1.42422346e-02 -2.75416719e-03 -4.94660996e-02
 -5.79065420e-02 -7.50967339e-02  9.21320729e-03  4.59931063e-04
  2.52213161e-02 -2.87444470e-03  2.15425864e-02  3.21837440e-02
 -4.76637706e-02  1.15724849e-02 -2.19733138e-02  3.34364884e-02
 -6.19127229e-02 -1.48485368e-02 -6.06262162e-02 -4.06333320e-02
 -6.25553057e-02 -3.82558517e-02 -3.53902765e-03 -2.09000595e-02
  1.99505966e-02  7.64304325e-02 -5.85266165e-02  4.38523516e-02
 -6.59482256e-02 -1.43087599e-02  1.14293443e-02 -2.85937302e-02
  9.30697098e-03  2.84475777e-02  4.91880812e-02  7.18839988e-02
 -5.71314879e-02  2.99727023e-02 -3.16866301e-02  3.63968275e-02
  3.32096554e-02 -6.26408681e-03 -3.17043029e-02  3.39409895e-02
  1.03726529e-01 -3.42603750e-03  7.25112017e-03  1.59657989e-02
  2.84092650e-02 -5.44707440e-02 -5.62978461e-02 -4.33916934e-02
 -3.06361150e-02  6.69826102e-03 -6.14451542e-02 -1.59736443e-02
 -8.41894895e-02  6.33013481e-03  2.32560616e-02 -1.21696303e-02
  1.95541214e-02  3.22663747e-02  4.59141247e-02  5.34631908e-02
 -1.81579124e-03 -2.22937614e-02 -9.76498146e-03  1.68684142e-04
 -3.10565755e-02 -4.60068844e-02 -3.39661464e-02 -1.26231159e-08
 -8.62330478e-03 -3.64489481e-02  5.72603308e-02  1.05264530e-01
  6.08849302e-02  6.15111962e-02 -2.66731717e-02 -5.59291895e-03
 -5.19773364e-02  7.74545968e-03  4.46286984e-02 -5.16466843e-03
 -1.73203386e-02  4.79668342e-02  2.24555414e-02 -3.63954436e-03
  3.56165469e-02  7.40128458e-02 -4.06359211e-02 -3.16714346e-02
  7.67231658e-02 -5.12528680e-02 -5.06544933e-02 -4.91948277e-02
 -7.81277253e-04  7.01841861e-02 -7.50113279e-03  1.06066940e-02
 -7.19999373e-02  1.13817327e-01 -1.43779151e-03 -2.37968713e-02
 -1.24249898e-04 -9.24968719e-02 -1.45067303e-02  3.33723165e-02
  1.10022351e-01 -6.85211085e-03  6.47044480e-02 -1.26870036e-01
 -2.74379253e-02  1.03811540e-01 -7.29214691e-04  8.05796608e-02
  4.45833020e-02 -1.01159066e-02  6.81234747e-02 -1.50780138e-02
  6.73837867e-03 -1.27652157e-02  4.66327555e-02 -3.10752597e-02
  1.82998404e-02  8.41807052e-02  9.74267256e-03  6.73255026e-02
 -1.99594200e-02  7.34456182e-02 -5.96710257e-02  3.19582745e-02
  6.46025389e-02  2.35022325e-02 -7.83415958e-02 -4.74842712e-02]",self_empowerment,Increased self-empowerment and self-esteem,0.576540470123291,"[{""outcome_key"": ""self_empowerment"", ""outcome_label"": ""Increased self-empowerment and self-esteem"", ""score"": 0.576540470123291}]"
Career_Youth_Exchange,17,What did you learn during the project?,Public speaking,Public speaking,neutral,0.0,True,"[ 8.02940279e-02 -1.10345157e-02 -2.88535859e-02 -2.64569819e-02
 -1.10957082e-02  5.90157881e-02  9.92761850e-02 -5.22745326e-02
  4.08931524e-02 -5.94680198e-02 -2.90591847e-02  6.15689196e-02
 -7.91443512e-02 -4.21821326e-02  8.79301876e-02 -3.62124108e-02
  2.00994797e-02  3.38312821e-03  1.91570949e-02 -2.39467602e-02
  3.69710028e-02  1.29042521e-01 -1.14059530e-03  5.04033640e-02
  1.46696507e-03 -1.74135938e-02 -4.39966843e-02 -2.55973544e-02
  5.63477539e-02 -4.54385802e-02  5.23458980e-02 -1.83185786e-02
  1.58004045e-01  2.72360276e-02 -5.96463680e-02  4.88007478e-02
  4.30316068e-02 -1.95309538e-02 -1.56609826e-02  1.20803462e-02
 -2.40498148e-02  1.59204341e-02  3.73655371e-02 -6.05890639e-02
  5.40190041e-02 -6.60538003e-02  4.22940589e-02  6.52208105e-02
  4.21107979e-03 -1.14912372e-02 -4.73842490e-03 -4.60332297e-02
  2.62627769e-02  5.32920361e-02 -4.06520292e-02 -8.86563584e-02
 -3.40369307e-02  9.08077955e-02 -1.60308722e-02  1.84637289e-02
  7.07434351e-03 -1.31997108e-01 -9.95083377e-02  4.32604738e-02
  2.99628358e-02  3.72001342e-02  9.60524157e-02  3.88346873e-02
  6.38525281e-03 -2.85414569e-02 -4.23229225e-02  5.69082461e-02
  9.48247612e-02  5.40468202e-04  5.80164865e-02 -5.97880930e-02
  3.67028639e-02 -6.67262450e-02  9.42223668e-02  5.53239079e-04
  9.69121158e-02 -4.99977320e-02  2.20759604e-02 -6.49180710e-02
  1.05381114e-02 -2.57421229e-02 -6.87748864e-02 -2.54139267e-02
 -4.90535572e-02 -6.46117516e-03 -1.31968200e-01 -7.29659898e-03
 -1.72749925e-02  3.80398445e-02 -4.16037329e-02  1.46601943e-03
 -5.56300767e-02 -3.15583833e-02  4.05769683e-02  1.79783374e-01
 -6.08253852e-02  3.64530608e-02  4.33722585e-02 -3.71344648e-02
  5.27311442e-03 -3.12392097e-02 -2.19821967e-02  1.27387727e-02
 -4.30762358e-02  4.95828427e-02 -2.88045816e-02 -2.50051301e-02
 -1.69856586e-02  1.86115376e-05  9.39978585e-02  5.76384552e-03
 -1.22773298e-03 -3.80413495e-02  1.36111034e-02 -5.81582375e-02
  2.92940676e-05  6.08006269e-02  1.58206392e-02  5.35445139e-02
 -3.42154060e-03 -5.58889471e-02  1.63373630e-02 -3.08556982e-33
  7.09863156e-02  2.63454523e-02  6.57551512e-02  8.83667171e-02
  2.82613415e-04  5.17046228e-02 -3.15198898e-02 -6.76744580e-02
  6.96482509e-02 -1.16222426e-02  1.03907458e-01 -3.59532908e-02
  4.10388745e-02 -4.70312573e-02  8.17932338e-02  2.86295190e-02
 -1.00541472e-01  1.27360582e-01 -2.94015873e-02 -5.54219298e-02
  3.60370278e-02  6.94376007e-02 -1.43172173e-02  6.68988004e-02
  4.12812419e-02 -2.69647595e-02  1.02701053e-01 -1.46954194e-01
  7.89654702e-02 -4.20584250e-03  1.11375796e-02  2.21254546e-02
  7.33588357e-03 -2.33997554e-02  9.26808268e-02 -7.29056224e-02
  2.94939205e-02 -4.82750833e-02  5.97128682e-02 -1.39817102e-02
 -3.92940864e-02 -1.82810407e-02 -4.60396707e-03  8.01199302e-03
  4.52313526e-03  6.77607208e-02 -5.29176481e-02  4.35430277e-03
 -6.63769916e-02  3.13181393e-02 -3.32686678e-02  2.02966295e-02
 -1.27198949e-01  2.59984229e-02  4.04046252e-02 -4.06364910e-02
  6.02115244e-02 -3.04045621e-02  4.82924059e-02 -6.72770739e-02
  3.92715745e-02  1.31596133e-01  2.43752357e-02  3.04867569e-02
 -1.31092295e-02 -1.69896334e-02 -7.79039636e-02 -4.73931544e-02
  1.13253526e-01 -6.21457621e-02  1.48414634e-02 -3.25425714e-02
 -3.63609567e-02  3.03139351e-03 -9.82600637e-03  7.68014835e-03
 -2.89740879e-03 -1.22755934e-02  1.79175083e-02  1.08622752e-01
 -4.58078571e-02 -3.38293985e-02 -1.67944897e-02  2.56495401e-02
  5.09875678e-02  1.50895780e-02 -4.59630601e-02 -1.91702135e-02
  6.55789673e-02  6.17308803e-02 -3.04314047e-02  3.47493999e-02
  1.51029201e-02  1.77877937e-02 -7.47309327e-02  2.90947984e-33
 -9.05616768e-03  1.31707266e-01 -1.43030453e-02  8.46240371e-02
 -7.33037619e-03  2.66668685e-02  5.26343361e-02  2.55786628e-02
  4.29700837e-02  1.13141967e-03 -5.27754501e-02 -4.09942828e-02
  1.10113442e-01  2.90055689e-03  4.57262397e-02 -4.54209521e-02
  4.15516011e-02  3.48642543e-02 -3.14502157e-02  4.64345217e-02
  1.39463991e-02 -1.97062194e-02 -3.43769826e-02 -2.11268343e-04
 -4.25649695e-02 -1.05867423e-01 -6.92492649e-02 -2.59359628e-02
 -3.39375883e-02 -2.37256419e-02 -1.43225454e-02  1.03795286e-02
 -7.44907558e-02  1.32003352e-02 -6.70918524e-02  9.08556879e-02
 -1.39873130e-02 -8.56446102e-03 -1.33946994e-02 -2.12634690e-02
 -5.38176717e-03 -6.78889975e-02 -3.02538667e-02 -2.36654859e-02
  1.48576051e-02 -3.47872116e-02 -1.01447411e-01  1.43597918e-02
 -4.38322984e-02  2.16032490e-02 -8.17668959e-02  3.42633054e-02
 -1.14395181e-02 -5.86204119e-02 -6.22573756e-02 -5.61082065e-02
 -2.22648419e-02 -6.29955307e-02 -2.35405881e-02 -4.04505664e-03
  3.12988152e-04  3.12866010e-02 -6.20320812e-02 -4.49527428e-02
  4.81211171e-02 -3.32443975e-02 -1.09354146e-02  4.77581993e-02
  6.41236752e-02  1.22765899e-02  3.44820470e-02  2.03953311e-02
  1.73685290e-02  2.86766998e-02 -8.25455859e-02  9.52067450e-02
 -7.94375539e-02 -1.73156504e-02  1.73373204e-02 -1.99089032e-02
 -5.20769693e-03  7.29929330e-03 -6.93032844e-03 -1.37923844e-02
  1.54114515e-02  7.77548626e-02  9.11735296e-02 -3.55632864e-02
 -4.47504967e-02  1.75091159e-02 -2.58296188e-02 -1.57177299e-02
  5.55812418e-02 -5.91614135e-02  2.90825255e-02 -1.23407773e-08
 -7.60656074e-02 -3.07954494e-02  8.57564341e-03 -7.08746463e-02
  3.36559191e-02 -5.76215982e-02  2.86009368e-02 -8.08640793e-02
  1.61175951e-02 -5.37686422e-02 -2.42381264e-02  1.49266990e-02
  5.16257137e-02  3.00183613e-02 -8.81713070e-03 -4.62102517e-02
 -2.70910710e-02  2.02532411e-02 -5.81310429e-02 -5.83191812e-02
  2.83303540e-02 -1.99199673e-02  2.14591045e-02  9.93569568e-02
 -5.21178218e-03 -7.86547642e-03  6.59507215e-02  5.84021881e-02
 -1.41696827e-02  4.67883758e-02 -1.88046359e-02  6.01986945e-02
 -6.43090457e-02 -2.65192706e-03  3.34290252e-03  1.79102141e-02
 -9.71245207e-03  1.34616625e-03  6.13835454e-02  9.65238959e-02
  1.14635634e-03  4.88725351e-03  4.50649410e-02  1.99923012e-02
  4.96329367e-02  7.51960725e-02 -1.42563749e-02 -2.68495958e-02
 -4.68899161e-02 -8.41594189e-02 -3.69991437e-02 -2.08293367e-02
  2.00485364e-02 -1.40101020e-03 -1.05289835e-02  6.13274015e-02
  2.08806749e-02  6.15468770e-02 -3.40314768e-02  9.19054355e-03
  5.55771682e-03  8.00380930e-02 -6.42378032e-02  7.84984045e-03]",other,Other,0.3816099762916565,"[{""outcome_key"": ""project_topic"", ""outcome_label"": ""Project topic: Career development and professional skills"", ""score"": 0.3816099762916565}]"
Career_Youth_Exchange,18,What did you learn during the project?,"yes, i understood there are many career opportunities","yes, i understood there are many career opportunities",positive,0.6486,True,"[ 4.23220880e-02 -6.02555536e-02  6.26936331e-02  7.33354967e-03
 -3.71583141e-02 -1.38269858e-02  6.03764392e-02  2.94147115e-02
  3.53193004e-03  4.58267378e-03 -6.19916469e-02  3.19525637e-02
 -5.53784287e-03  7.99875334e-02  6.35940507e-02 -1.44518269e-02
 -8.44664574e-02 -8.79632030e-03 -3.17943059e-02 -3.26579623e-02
 -9.41507518e-02  2.27848291e-02 -9.05657653e-03 -7.30474368e-02
 -3.62047851e-02 -1.70564838e-03  1.71241618e-03  4.20151278e-03
  2.40400527e-02 -7.15271896e-03 -1.19634829e-02  1.37391090e-01
  7.10902587e-02  6.63710758e-02  1.10837169e-01  6.73000291e-02
 -4.07540239e-02  7.77839795e-02  5.44988811e-02 -1.47240481e-03
  4.62987833e-02  2.48844386e-03  8.31012055e-03 -7.66829848e-02
 -1.03720650e-02 -1.02502361e-01 -4.15240489e-02 -1.10733017e-01
  2.81854793e-02 -8.57521966e-02  1.92086156e-02 -3.46083716e-02
  3.25774378e-03 -2.01071408e-02  6.15966544e-02  1.11881737e-02
 -5.06310016e-02  1.03620626e-02 -1.71830337e-02 -4.14308272e-02
  2.19123699e-02  3.11398134e-03 -2.90525053e-02  9.48164519e-03
  1.08941377e-03  1.91774648e-02 -1.02029331e-01  5.75694181e-02
 -2.45212968e-02 -7.90381245e-03 -5.05418330e-03 -1.05628222e-02
 -5.33896275e-02  3.43797728e-03  1.18824601e-01 -5.27119404e-03
  8.85034427e-02  8.96894485e-02  4.62051854e-02  2.53210962e-02
  8.41456503e-02 -1.68368015e-02 -3.38759944e-02 -2.88762096e-02
 -3.94498408e-02 -3.75639945e-02 -9.71415117e-02 -3.79112661e-02
  1.57036576e-02 -8.59947503e-03  9.79985669e-03 -7.49111846e-02
  1.62177105e-02  4.44012247e-02  3.71413268e-02 -6.68022409e-02
 -3.28372727e-04  3.16930525e-02  3.77988964e-02 -8.37848429e-03
 -2.48243865e-02 -5.40993623e-02  1.75539516e-02 -1.54009054e-03
 -8.49068314e-02 -2.76911464e-02 -2.55473685e-02  5.48222288e-02
  1.77258812e-02 -3.89145538e-02 -7.72929341e-02  7.04771429e-02
 -1.00372285e-02  2.69466657e-02 -3.97606706e-03  6.16190247e-02
 -1.15907080e-01  4.29433435e-02  5.71967214e-02  8.43675956e-02
 -5.04930019e-02  1.31930754e-01 -1.26411179e-02  4.18127030e-02
 -2.58546118e-02 -1.21274143e-01  5.89359039e-03 -5.51742922e-33
  2.16620956e-02 -7.79190625e-04  2.62928219e-03  5.05293310e-02
  2.72263493e-02  4.81678508e-02 -4.27899212e-02  2.36715712e-02
  2.58360934e-02 -8.74996185e-02 -1.12482188e-02  1.03328317e-01
 -5.02611918e-04 -7.42754620e-03  4.74504754e-02  4.66917902e-02
 -5.60418293e-02  7.46166557e-02  1.02847852e-02 -1.78099722e-02
 -1.09698949e-02 -1.09775076e-02 -2.06820704e-02 -1.45819364e-02
 -2.26650536e-02  3.55116576e-02  9.06976461e-02 -2.71117110e-02
  1.18333049e-01  2.49489527e-02 -1.76464748e-02  9.22955945e-02
 -9.31508169e-02 -6.27082437e-02  2.10201126e-02  2.82432605e-02
  1.64690334e-03 -7.24520981e-02  2.13095509e-02  4.29568486e-03
 -9.94069055e-02  2.18489133e-02 -6.29593208e-02  2.83547281e-03
 -1.64182633e-02  4.78199832e-02  2.11956054e-02 -1.68525726e-02
 -1.53895058e-02  5.76478578e-02 -9.04631466e-02 -1.35812955e-02
  6.27839193e-02 -2.70983130e-02  6.96716532e-02  3.83688286e-02
 -1.42119117e-02  8.56557414e-02  2.22756853e-03  5.85619137e-02
 -5.87202273e-02  1.80002786e-02 -2.70793568e-02 -2.50090882e-02
  1.21730464e-02  4.52294759e-02  2.72236187e-02  5.69452457e-02
  6.33411258e-02  4.36985828e-02 -7.44737387e-02  1.48509182e-02
  3.77285876e-03 -9.62762628e-03 -6.04753196e-02  3.40147726e-02
 -3.92219909e-02  2.91026141e-02  3.17949541e-02  4.22573835e-02
  7.37892836e-02  3.95569690e-02  7.29558896e-03  2.13479586e-02
  1.52591124e-01 -1.55626433e-02  9.08100829e-02 -6.98980168e-02
  4.77776602e-02  5.97826131e-02 -9.76419151e-02 -3.36232074e-02
  5.43191889e-03  2.71802489e-02 -6.32983521e-02  1.61423403e-33
 -7.52268657e-02 -2.80783474e-02 -4.65108939e-02 -3.88480537e-02
  9.30009782e-02  5.61175495e-02  4.23223600e-02 -3.98455895e-02
 -3.61659154e-02  9.28212479e-02 -1.66468825e-02  1.27435625e-02
 -7.31037036e-02  1.65734440e-02 -7.11177737e-02 -9.65100974e-02
 -2.15464588e-02 -1.48095200e-02 -1.71952993e-02 -1.42477397e-02
 -2.39335671e-02  5.45518771e-02 -3.75559628e-02  1.44105591e-02
 -2.63000466e-03  2.44678762e-02 -8.57350677e-02  5.89022338e-02
 -1.18264735e-01  2.41441112e-02 -5.16942656e-03  1.86417799e-03
 -5.98354414e-02  6.54000882e-03 -2.09968500e-02 -4.20819037e-02
  6.19619898e-02 -2.91519519e-02 -6.07531145e-03  1.82205811e-03
 -5.31763658e-02 -1.39795735e-01 -4.65656370e-02 -2.43414398e-02
 -4.55581844e-02 -4.33025919e-02  6.91199973e-02  4.76064347e-02
  6.59754500e-02 -3.94599922e-02 -3.44676785e-02  3.58366594e-02
 -3.81689668e-02 -1.05966507e-02  1.07960897e-02 -3.04683428e-02
  1.18642095e-02 -8.42259154e-02 -5.34506096e-03 -1.45808244e-02
  4.01441045e-02 -1.69357657e-02  4.08087857e-02  3.43459323e-02
  7.48843476e-02 -3.73067334e-02  6.23240601e-03 -5.64635918e-03
 -1.27996296e-01 -1.98603254e-02  6.24011271e-02 -3.14752646e-02
 -9.78428870e-03  3.64040844e-02 -6.91974014e-02 -5.89660108e-02
  4.98746289e-04 -7.69601390e-02 -9.63854864e-02 -4.14115898e-02
 -2.17036046e-02 -4.60184440e-02  2.38412283e-02 -1.16093624e-02
  3.93454172e-02  5.43373358e-03 -9.59333628e-02 -8.11721459e-02
  6.72832131e-02 -3.39702480e-02 -2.02437583e-02 -9.56763234e-03
  2.26269253e-02  4.97504696e-02 -8.47289898e-03 -2.32992665e-08
 -7.47891329e-03  2.13320013e-02  3.60269472e-02 -2.10094955e-02
 -5.10969833e-02 -3.60975638e-02 -6.44161254e-02  4.96883392e-02
  3.71425226e-02  5.36170080e-02 -1.19920019e-02 -1.27504664e-02
 -1.98449343e-02  2.54633948e-02  1.04637533e-01  1.92754362e-02
  4.40888628e-02  4.52136202e-03  2.19605886e-03  7.50125647e-02
  6.48801401e-02  5.20276371e-05  2.02588756e-02  4.81085368e-02
 -6.21869345e-04 -6.31208718e-02 -7.10231811e-02 -4.87183146e-02
 -5.26918508e-02 -3.23880464e-02 -5.37805632e-03 -4.12234701e-02
  5.11322394e-02 -6.77060410e-02  1.12675861e-01 -7.47981817e-02
  3.04532126e-02 -8.90869573e-02  2.83937808e-02 -1.76119804e-02
 -5.11046425e-02 -9.99558270e-02  3.73271629e-02  9.94671434e-02
  4.24716286e-02 -4.43325862e-02  2.13045273e-02  2.49467287e-02
 -1.07905343e-02 -2.57918611e-02  2.59293467e-02  4.05199192e-02
 -6.81309914e-03 -4.05606553e-02  4.73130085e-02 -5.89160202e-03
  1.72058363e-02 -7.94069096e-02 -2.60433964e-02  1.26816509e-02
  8.78663436e-02 -9.08399895e-02  4.90765981e-02  2.06213873e-02]",employability,Enhanced employability and improved career prospects,0.46350568532943726,"[{""outcome_key"": ""employability"", ""outcome_label"": ""Enhanced employability and improved career prospects"", ""score"": 0.46350568532943726}, {""outcome_key"": ""project_topic"", ""outcome_label"": ""Project topic: Career development and professional skills"", ""score"": 0.4075230658054352}]"
Career_Youth_Exchange,19,What did you learn during the project?,I got to know myself better and made me realise what are my strength and what are the areas for improvement including empathy.,I got to know myself better and made me realise what are my strength and what are the areas for improvement including empathy.,positive,0.8442,True,"[ 4.73152474e-02 -6.49969187e-03  1.94435995e-02  2.45392099e-02
 -1.76847391e-02 -4.09539416e-02  1.78242382e-02  1.97711904e-02
 -3.64684425e-02 -7.60613009e-03  2.63298508e-02  7.79332966e-02
 -2.58015376e-02  2.36640982e-02  4.36164513e-02  6.14996329e-02
  4.86315787e-02  6.84019998e-02 -1.02856196e-01 -4.17208448e-02
 -3.98664139e-02  3.65392119e-02 -2.96701547e-02 -2.98991706e-03
 -6.29994646e-02  5.53523414e-02 -9.96525139e-02  6.32282859e-03
  6.13194220e-02 -4.33376022e-02  2.91463230e-02 -1.35723531e-01
  9.55929607e-02 -1.57855153e-02 -3.57992873e-02  1.15823366e-01
  1.56059768e-02  3.39375325e-02  6.61260262e-02 -3.01141515e-02
 -3.70810740e-02 -5.32611199e-02  5.59955426e-02 -5.86401857e-02
  6.13897592e-02 -3.73435840e-02  1.77506395e-02  1.69489458e-02
  1.07696531e-02 -1.30699784e-01 -9.32202414e-02  1.24975212e-03
 -1.21788763e-01 -8.01937561e-03  6.49299799e-03  5.21967188e-02
  8.30108486e-03  8.80486816e-02 -3.67933302e-03  1.85342617e-02
  1.51167950e-02 -4.04387377e-02  6.05740957e-03  2.76608784e-02
 -2.64455215e-03  5.89189753e-02  7.13518681e-03  3.31058004e-03
 -2.91290395e-02  2.29831276e-04 -4.15376667e-03 -4.50166576e-02
  4.53799888e-02 -3.75045352e-02  5.75482585e-02  3.27071957e-02
  1.21310437e-02 -7.38815293e-02  7.98522495e-03  5.62104732e-02
 -2.08280422e-02  1.23557873e-01 -2.73360442e-02  1.24653324e-01
 -2.08588894e-02 -4.38218005e-02  5.18952869e-02 -8.37515220e-02
 -2.51281429e-02  9.59255397e-02  3.29570398e-02 -4.02124319e-03
 -1.19056962e-01  3.19442376e-02  1.55107798e-02  2.35120486e-03
 -6.41820878e-02  1.47337895e-02 -9.17933732e-02  4.50252704e-02
  2.69325003e-02  7.77191250e-03 -2.94247959e-02 -3.37660871e-02
  2.87738703e-02  2.36118138e-02 -4.97912616e-02  3.05340998e-03
 -6.76214769e-02  2.54189428e-02 -5.32799140e-02  4.53954004e-02
 -8.73804465e-02 -1.20972944e-02  1.18238740e-01  3.64007391e-02
 -1.55729530e-02  4.57527861e-02  8.44963491e-02  8.40894692e-03
  5.96388429e-02 -8.92414618e-03  4.76349555e-02  1.76383778e-02
 -6.60891179e-03  1.76439099e-02  5.47066610e-03 -2.76629159e-33
  1.11358159e-03 -1.19643835e-02  8.43290016e-02  8.55511650e-02
 -4.37340140e-02 -1.29827848e-02 -2.87864283e-02  6.54468611e-02
 -3.36907320e-02  1.06472643e-02  6.95391595e-02  7.66440183e-02
  6.43020570e-02 -2.05862410e-02 -6.44229650e-02 -1.41897686e-02
 -1.14259094e-01 -4.71427552e-02 -3.11671924e-02  5.69497757e-02
  6.60657696e-03 -3.19551229e-02 -1.78053230e-02 -5.29683419e-02
 -2.26267222e-02 -6.70042336e-02  5.99735416e-02  3.97045538e-02
 -3.32413577e-02 -1.90692842e-02 -2.31766347e-02  5.18839844e-02
 -4.37967777e-02 -1.86128095e-02 -5.79519831e-02  4.17924114e-03
  1.19212940e-02 -8.29521492e-02  1.39967073e-02 -1.54050151e-02
  8.86344118e-04  6.12592734e-02  5.91807328e-02 -6.27723858e-02
  3.76026817e-02  7.43689537e-02 -7.40578165e-03 -9.78908390e-02
 -4.36358787e-02  4.17417753e-03 -7.14384019e-02 -2.84179207e-02
  2.50712205e-02 -5.31737097e-02 -2.00216528e-02 -6.40264750e-02
  1.96993575e-02  8.97159278e-02  2.10559480e-02 -4.02032919e-02
  1.82070315e-03 -4.98866215e-02 -3.42065208e-02 -8.21846444e-03
  1.27052721e-02 -2.69152615e-02 -2.00839173e-02 -3.27870883e-02
  3.32887210e-02 -2.51627360e-02 -5.69069050e-02  2.18733400e-02
  6.13245554e-02  2.36863419e-02 -4.17373553e-02 -7.41154626e-02
 -7.14720264e-02 -6.74563274e-02  2.53897607e-02  2.06277352e-02
 -1.32256281e-02  7.21529052e-02 -1.16700418e-02  1.66891702e-02
  1.14888832e-01 -8.47259536e-02 -5.33766039e-02 -2.40137782e-02
  4.04299237e-02  3.83565314e-02  2.33830884e-03 -1.98362917e-02
  3.02636134e-03 -1.75439678e-02 -1.09343871e-01  1.64230116e-33
  6.76981807e-02  1.72204636e-02  4.12658043e-02  1.01062670e-01
  3.74264084e-02 -2.99583357e-02 -2.10974142e-02  3.44142206e-02
  7.45065976e-03  5.41978255e-02  1.40447170e-02 -1.73580851e-02
  2.73323171e-02  2.09029811e-03 -4.89401221e-02 -4.53606397e-02
 -7.51954988e-02 -2.74099633e-02 -4.31066938e-02 -4.53348830e-02
  1.59848039e-03  1.67103872e-01  1.04427531e-01  3.93723734e-02
  4.58343327e-02 -2.14725807e-02  8.10166728e-03 -1.93788856e-02
  2.38649435e-02 -9.00719091e-02  5.17238714e-02 -1.48147717e-02
 -3.92435770e-03  4.62178327e-02 -6.91808760e-02  3.78122330e-02
 -3.67134288e-02 -6.04400896e-02 -3.33276093e-02  4.32145642e-03
 -2.07700022e-02  4.10971045e-02 -3.09396931e-03 -6.55366527e-03
  4.76555713e-02 -3.26351635e-02  6.33111447e-02 -1.64144691e-02
 -2.95988750e-02  3.77286486e-02  1.53945843e-02 -5.92395626e-02
 -6.73808157e-03 -3.55215892e-02  9.22273248e-02 -5.72814653e-03
  1.17841467e-01 -6.22194447e-02  3.18601988e-02 -6.45305291e-02
 -2.53893491e-02  9.46241431e-03 -2.21261289e-02  7.67815784e-02
  2.72675157e-02  8.96899588e-03 -3.23591493e-02  6.44331127e-02
 -1.65572464e-02 -1.15387945e-03 -5.71098886e-02  1.20254178e-02
  2.26471536e-02 -9.83698145e-02 -8.17128923e-03 -1.39693916e-02
 -5.20093888e-02 -5.49589237e-03 -9.55642015e-02 -1.87957138e-02
 -6.60511330e-02 -5.10787964e-02  1.98317412e-02 -3.39718126e-02
 -2.93236449e-02  6.57247379e-02  5.62097356e-02  3.41936573e-02
  3.81514952e-02 -2.11034175e-02 -8.96393657e-02  8.88744369e-02
 -7.24879950e-02  3.04711703e-02  8.10993835e-03 -2.59657469e-08
 -3.72065865e-02 -7.10133463e-02 -1.00994734e-02  5.40672503e-02
  2.84252479e-03  6.30211085e-02 -7.40615353e-02  8.79669785e-02
 -9.77898315e-02  7.55854249e-02 -3.13377008e-02 -5.66681055e-03
  9.24262125e-03  3.58316526e-02  5.76561019e-02 -4.11467664e-02
  7.44203553e-02  9.10922606e-03 -1.41203552e-02 -3.76001522e-02
  7.93623403e-02  8.81060027e-03 -4.79868725e-02 -1.00105377e-02
  2.57524066e-02 -5.86202852e-02 -3.49206552e-02 -3.09080984e-02
 -1.46565944e-01 -3.34727392e-02  1.74887013e-02 -3.70954648e-02
  3.07650976e-02 -6.93444684e-02  3.06415781e-02 -2.26000999e-03
  1.32466126e-02 -6.05340451e-02  1.94648597e-02  6.80722371e-02
  1.09782880e-02  2.01705173e-02  1.05770759e-01  4.64758053e-02
 -1.79015882e-02  2.53403205e-02 -8.31802562e-03  1.95738338e-02
 -3.01376637e-02 -4.42174934e-02  1.49121225e-01  3.32634374e-02
  2.57489155e-03 -3.62612233e-02 -2.11633486e-03  7.02438280e-02
  3.70362774e-02  5.95667958e-02 -2.11418457e-02  7.62723759e-02
  4.75116111e-02  4.87469397e-02 -6.70158118e-02 -3.64446566e-02]",positive_interactions,Enhanced positive interactions with people from different backgrounds,0.5559391379356384,"[{""outcome_key"": ""positive_interactions"", ""outcome_label"": ""Enhanced positive interactions with people from different backgrounds"", ""score"": 0.5559391379356384}, {""outcome_key"": ""self_empowerment"", ""outcome_label"": ""Increased self-empowerment and self-esteem"", ""score"": 0.5405770540237427}, {""outcome_key"": ""learning_performance"", ""outcome_label"": ""Improved learning performance"", ""score"": 0.5226271152496338}, {""outcome_key"": ""employability"", ""outcome_label"": ""Enhanced employability and improved career prospects"", ""score"": 0.4669843018054962}, {""outcome_key"": ""intercultural_awareness"", ""outcome_label"": ""Enhanced intercultural awareness"", ""score"": 0.44897276163101196}, {""outcome_key"": ""language_digital"", ""outcome_label"": ""Improved foreign language and digital competences"", ""score"": 0.44383010268211365}, {""outcome_key"": ""initiative_entrepreneurship"", ""outcome_label"": ""Increased sense of initiative and entrepreneurship"", ""score"": 0.43588122725486755}, {""outcome_key"": ""active_participation"", ""outcome_label"": ""More active participation in society"", ""score"": 0.39743828773498535}, {""outcome_key"": ""project_topic"", ""outcome_label"": ""Project topic: Career development and professional skills"", ""score"": 0.3858940005302429}, {""outcome_key"": ""future_motivation"", ""outcome_label"": ""Increased motivation for future education or training"", ""score"": 0.38329797983169556}]"
Career_Youth_Exchange,20,What did you learn during the project?,"I became more open and communicative. I developed vulnerability. I realized the relevance of digital footprint and how it can affect the way people are perceived. I became more confident in public speaking, specially after being so exposed amongst a small audience. I improved my empathy and kindness as well as my self-confidence.",I became more open and communicative.,neutral,0.0,True,"[ 9.51257274e-02 -3.82235497e-02  7.53284469e-02  3.18382829e-02
  5.90632968e-02 -7.65152872e-02  6.34928495e-02  5.45767732e-02
  5.54459319e-02 -7.57124722e-02 -7.59854401e-03  4.08205166e-02
 -3.35781649e-02  6.60085934e-04  1.96722060e-01  1.97196640e-02
  1.61705799e-02 -3.56080681e-02 -7.73420855e-02 -5.55701330e-02
 -8.50258768e-02  1.17660567e-01  1.43893817e-02 -4.22773696e-02
 -1.33542195e-02  2.37040455e-03 -3.95839699e-02  3.09208333e-02
  5.42617775e-02 -4.07332629e-02 -4.36045676e-02  3.36350761e-02
  5.14500700e-02 -1.19398665e-02  1.39384530e-02  4.53097224e-02
  4.15341519e-02  3.85231413e-02  5.81402448e-04 -2.47651357e-02
 -1.91189256e-02 -2.81497613e-02  6.60747737e-02 -6.53767306e-03
 -5.28197316e-03 -5.95704429e-02  1.35770142e-02 -2.41635498e-02
 -3.08667887e-02 -6.38336362e-03 -3.44478749e-02  8.95169843e-03
 -3.19436342e-02  3.38691249e-02  5.08193597e-02  4.59860377e-02
 -6.45021051e-02  1.42399520e-01  3.04712355e-03 -1.11403363e-02
 -6.25509694e-02 -2.15835050e-02 -7.85536319e-03  8.17879513e-02
 -1.20348800e-02  9.71524417e-03 -4.55764048e-02 -2.52455194e-03
 -1.49955731e-02  8.16444680e-03 -1.61457416e-02  6.77874237e-02
  3.90740950e-03  5.81367612e-02  1.23450374e-02 -6.27195612e-02
  3.32078077e-02 -7.17215985e-02  1.03390351e-01  4.74360995e-02
  4.12812680e-02  7.89363403e-05 -6.84804395e-02  2.04820950e-02
 -6.70589209e-02 -7.49582499e-02  1.00756986e-02 -2.94084139e-02
 -4.29071896e-02 -1.83238201e-02  4.87230569e-02  5.59968278e-02
 -6.47771358e-02  4.89223674e-02 -3.25179733e-02 -1.51037142e-01
 -2.78233979e-02 -8.18555057e-03  4.06372212e-02  1.43882960e-01
  1.05387415e-03 -3.04663144e-02  3.46972570e-02  2.31828969e-02
 -2.53921635e-02 -2.23209281e-04 -5.40403239e-02  4.93037254e-02
 -5.18353321e-02  1.64694805e-02 -2.82759685e-02 -3.84230539e-02
  1.48224086e-02 -2.92708743e-02  6.43168390e-02  3.35424580e-02
 -5.69878109e-02  6.91584684e-03  5.81425205e-02  4.04077917e-02
  6.62991926e-02  7.14643151e-02 -6.51498660e-02  1.11013176e-02
 -6.46867231e-02 -1.07465964e-02  4.73495238e-02 -3.13241180e-33
  1.80573612e-02 -2.02474613e-02  1.24227013e-02  1.77837163e-01
  4.64652367e-02  6.89646378e-02 -2.63784081e-02  4.28254046e-02
  1.20629445e-02 -8.40779543e-02  9.59880278e-02  1.04769908e-01
 -5.74971177e-03 -3.74348313e-02  4.83219922e-02  1.81412883e-02
 -6.27279207e-02  4.65424173e-02  3.77051756e-02  4.07635607e-03
  1.10100405e-02  2.15879269e-02 -1.08726241e-03  3.97255793e-02
  3.65936458e-02 -3.42414491e-02  4.19542193e-02 -9.31416079e-02
  2.57600918e-02 -3.60854017e-03  5.37605807e-02  4.27502133e-02
 -2.87577193e-02 -9.04775131e-03  1.94362346e-02  7.49364728e-03
  3.07568051e-02 -1.26395404e-01  1.80395637e-02 -4.97766100e-02
 -1.75948478e-02 -4.46372665e-03  7.59413987e-02  3.58404033e-03
  4.30923365e-02  4.08995859e-02  1.26613472e-02  1.66163724e-02
 -9.67666209e-02 -2.69452184e-02 -9.84666273e-02 -3.96721475e-02
 -2.06900295e-02  4.78623696e-02  3.85649838e-02 -3.15609574e-02
 -4.82375659e-02  2.43753139e-02 -8.06364045e-03  3.54339294e-02
  2.48032273e-03  1.05977692e-01 -4.30075265e-03 -1.95935965e-02
 -1.63748208e-02  3.64552275e-03 -1.23486831e-03 -2.10417621e-02
  9.10962299e-02 -2.20735557e-02 -3.79875228e-02 -4.31792699e-02
 -8.57861936e-02  2.79422179e-02 -4.28363197e-02 -2.42548864e-02
 -9.64212641e-02 -4.96072546e-02  5.70740690e-03 -1.94726922e-02
  9.22884196e-02  1.46114416e-02 -4.93100956e-02  2.01239157e-02
  5.99937439e-02 -9.18746553e-03  1.52152935e-02 -7.55595192e-02
  3.33276056e-02  3.83908600e-02  9.43234190e-05 -3.76348272e-02
  4.47636805e-02 -1.38102018e-03 -9.66706499e-02  2.62583122e-33
 -2.09198962e-03  2.83269361e-02 -1.65129751e-02  5.07342219e-02
 -4.43545990e-02 -3.97008769e-02  1.67387947e-02  3.98594178e-02
 -1.15225408e-02  3.30001637e-02  8.06280673e-02  1.37305064e-02
  9.32510793e-02  1.46022090e-03 -3.80993611e-03 -4.60593030e-02
  2.68648956e-02  7.67777637e-02 -4.36482243e-02  8.43605772e-03
 -2.49059480e-02  6.43803030e-02 -4.45577502e-02  1.66087896e-02
  4.61568125e-02 -4.32107318e-03  2.82248389e-03  3.18552628e-02
 -2.43768259e-03 -1.90791730e-02  1.01998011e-02  2.17062868e-02
 -6.80769086e-02 -1.63850356e-02  1.35875167e-02  8.57673809e-02
  3.13563098e-04 -1.01029091e-01  1.61546972e-02 -5.13519123e-02
 -1.26280580e-02 -4.36531119e-02  3.98565233e-02  3.82094346e-02
  4.23302539e-02 -2.22940501e-02 -4.94509824e-02 -5.29394709e-02
 -1.59207694e-02 -1.57222655e-02 -8.46688524e-02 -6.61238208e-02
  3.83217074e-02 -1.41051576e-01 -3.95332165e-02  2.64692251e-02
  1.15295500e-01 -1.17390387e-01 -1.77174993e-02 -3.19492817e-02
 -1.96731444e-02 -1.66549144e-05  1.54174855e-02  8.86806380e-03
  9.35625657e-02 -7.84770176e-02 -2.13813949e-02  4.56108227e-02
 -6.53728321e-02 -3.90809737e-02  1.61573738e-02 -1.62944309e-02
 -5.70451375e-03  8.32604431e-03 -4.82400134e-02 -4.83514182e-02
 -2.85314061e-02 -5.23503646e-02 -1.03691906e-01  4.39845473e-02
 -1.06591210e-01  3.45340173e-04  6.02484867e-02 -8.61704871e-02
  1.01216799e-02  9.65418518e-02 -9.81388148e-03 -3.10703795e-02
  4.02709283e-02 -1.82491560e-02 -2.72485092e-02 -2.39485949e-02
 -3.07085458e-03 -2.42299959e-02 -6.55299649e-02 -1.78872170e-08
 -8.45368057e-02 -1.05776144e-02  2.99765188e-02  5.31844571e-02
  9.38031077e-02  5.05712889e-02 -5.72030172e-02  2.43869498e-02
 -1.76231458e-03  8.57546180e-03 -1.13385387e-01  5.00653014e-02
  4.54020984e-02  4.43231920e-03  1.17051087e-01  8.11732840e-03
  7.81760216e-02 -9.34226438e-02  4.25379686e-02  5.77688823e-03
  5.98175600e-02  4.33691889e-02 -9.33260918e-02  3.15741748e-02
 -7.72946551e-02  1.32106096e-02 -2.19531618e-02  3.38491955e-04
 -4.87781726e-02  2.41625085e-02 -2.68701985e-02  5.03751226e-02
 -6.30322322e-02  5.44978911e-03 -4.85384874e-02  1.78194456e-02
 -6.35782555e-02 -1.84706729e-02  2.31947266e-02  5.68754934e-02
  1.08383624e-02  1.16010671e-02  4.61462475e-02  4.17029969e-02
 -1.10772196e-02  6.73569143e-02  3.00507601e-02 -2.39238217e-02
 -3.66199203e-02 -1.73062813e-02  1.74575057e-02  4.19745930e-02
  9.94840637e-03 -8.28440394e-03  6.29110187e-02 -2.89777536e-02
 -1.85264107e-02  5.44118397e-02 -5.93054704e-02  5.28540611e-02
  1.52574414e-02  3.98232453e-02 -1.18524283e-01 -2.74122395e-02]",positive_interactions,Enhanced positive interactions with people from different backgrounds,0.5786795616149902,"[{""outcome_key"": ""positive_interactions"", ""outcome_label"": ""Enhanced positive interactions with people from different backgrounds"", ""score"": 0.5786795616149902}, {""outcome_key"": ""intercultural_awareness"", ""outcome_label"": ""Enhanced intercultural awareness"", ""score"": 0.5771217346191406}, {""outcome_key"": ""language_digital"", ""outcome_label"": ""Improved foreign language and digital competences"", ""score"": 0.5174448490142822}, {""outcome_key"": ""active_participation"", ""outcome_label"": ""More active participation in society"", ""score"": 0.48662620782852173}, {""outcome_key"": ""initiative_entrepreneurship"", ""outcome_label"": ""Increased sense of initiative and entrepreneurship"", ""score"": 0.4697742462158203}, {""outcome_key"": ""self_empowerment"", ""outcome_label"": ""Increased self-empowerment and self-esteem"", ""score"": 0.4319658875465393}, {""outcome_key"": ""learning_performance"", ""outcome_label"": ""Improved learning performance"", ""score"": 0.41979706287384033}]"
Career_Youth_Exchange,20,What did you learn during the project?,"I became more open and communicative. I developed vulnerability. I realized the relevance of digital footprint and how it can affect the way people are perceived. I became more confident in public speaking, specially after being so exposed amongst a small audience. I improved my empathy and kindness as well as my self-confidence.",I developed vulnerability.,negative,-0.2263,True,"[ 2.54609194e-02  8.69170353e-02 -3.93077508e-02  2.03740578e-02
  6.46588579e-03 -2.77926326e-02 -2.72562657e-03  1.01840533e-01
 -4.71128747e-02 -2.75770389e-02  3.49769890e-02  1.25514846e-02
  1.14267752e-01  1.90289821e-02 -3.66235301e-02  2.09943522e-02
 -4.22089323e-02  5.64141199e-03  5.15885593e-04 -4.52590128e-03
 -1.39475062e-01  8.69068503e-02 -5.14753312e-02 -7.72839738e-03
 -5.74679598e-02  8.15384388e-02 -8.95724539e-03  4.40013148e-02
  6.50762618e-02 -5.76713532e-02 -3.88194015e-03  1.31910164e-02
  2.66166851e-02 -1.19463913e-03 -1.74779631e-02  2.90367082e-02
  2.22819857e-02 -1.10240830e-02  5.16413562e-02 -6.10787235e-02
 -2.83535533e-02 -5.28145283e-02  2.71102190e-02  1.70772746e-02
 -4.24589142e-02 -5.40030152e-02  4.39637452e-02 -1.95311976e-03
 -4.04722951e-02 -7.76183456e-02  2.55414005e-02 -1.29046813e-02
  1.10813777e-03 -3.41775664e-03 -4.03373912e-02 -8.10920820e-02
 -1.19491266e-02  5.74110746e-02 -1.98273789e-02  4.88388315e-02
  3.60154696e-02  2.71692015e-02 -4.32871617e-02  1.04494929e-01
  2.64986269e-02  7.21339434e-02  5.52038290e-02  2.30121682e-03
  3.80529389e-02  2.27665785e-03 -4.74999286e-02 -3.57278921e-02
 -5.08355200e-02  3.63610238e-02  5.48542775e-02  1.80866104e-02
  4.08909284e-02 -3.70873474e-02  1.00293122e-01  5.02568204e-03
  4.71000895e-02  1.75024234e-02 -3.76061536e-03  6.73675835e-02
  4.99496721e-02  4.20022383e-02  6.98028728e-02  1.96771864e-02
  9.36556682e-02  2.09084600e-02  1.22293249e-01 -2.41798311e-02
  1.36032505e-02  8.28134939e-02 -1.12140104e-02 -7.82942921e-02
 -1.88499726e-02 -2.92771757e-02 -3.97272334e-02  9.81939435e-02
 -4.49398570e-02 -9.48519856e-02 -4.18101065e-02 -2.49300059e-02
  5.97719103e-02 -2.59597916e-02  1.32396258e-03 -1.47249354e-02
 -3.63049470e-02 -2.59659365e-02 -7.89332669e-03  2.68545579e-02
 -1.55202476e-02 -3.41529585e-02  4.16641459e-02  2.79977312e-03
 -5.30246496e-02  1.83854811e-02 -5.16465865e-03  4.83564697e-02
  1.25470161e-01  9.48112160e-02 -5.86032495e-02  4.09209989e-02
 -9.94326100e-02 -5.44856228e-02  8.87201447e-03 -6.41035420e-33
 -2.59760395e-03  3.30308378e-02  2.17371471e-02  9.13121700e-02
  4.38545421e-02 -3.94010022e-02 -2.17654463e-02  1.29293771e-02
 -3.59651670e-02 -2.04573665e-02  8.82184356e-02 -2.86050607e-02
  1.82587169e-02 -2.16976441e-02  7.62900338e-03  1.02731295e-01
 -1.16899190e-02  2.20187828e-02  2.03779750e-02  2.35894718e-03
  7.60893512e-04 -7.71965161e-02  6.33512512e-02 -4.62759426e-03
  4.34264466e-02  4.33314890e-02 -1.44876400e-02 -5.83342575e-02
  2.48866202e-03  1.11408159e-02  2.96112932e-02  4.19332124e-02
 -1.73124392e-02 -3.24145183e-02 -3.21448408e-03  6.47111163e-02
  2.17617601e-02 -1.04183026e-01 -5.28363660e-02  1.61145255e-02
 -1.20318467e-02  2.90249996e-02  3.26114446e-02  2.27742288e-02
  1.65862873e-01 -4.13275138e-02 -1.13259340e-02 -5.06535806e-02
 -1.10201642e-01 -1.37481960e-02 -1.36375308e-01  1.41710239e-02
 -4.58397605e-02 -4.60925847e-02 -4.89205979e-02 -4.60525304e-02
 -8.08113161e-03 -2.10173950e-02 -3.88419926e-02  1.02721982e-01
 -7.81072006e-02 -1.05660856e-02 -6.37914762e-02 -3.39541286e-02
 -4.89365868e-02 -6.80925325e-02  4.23827805e-02 -7.08107874e-02
  5.88877872e-02  7.62127247e-03 -6.12006821e-02 -5.37392683e-03
  1.84535533e-02  1.03208600e-02 -8.93726274e-02 -5.75276129e-02
 -6.14513829e-02  1.18077330e-01 -2.65157595e-03 -1.02030657e-01
 -3.55292708e-02 -5.54904602e-02  1.63247380e-02  8.27749148e-02
  6.45523593e-02  4.03432958e-02  3.71213630e-02 -6.20336272e-02
 -4.61607836e-02  1.76200271e-02  1.75488815e-02 -3.63744120e-03
  6.55319691e-02 -3.39280739e-02 -7.90016800e-02  5.34512306e-33
 -1.31728008e-01 -3.36116105e-02 -9.28762406e-02  4.47127745e-02
  2.27783732e-02 -5.27096391e-02 -2.14849636e-02  4.89303507e-02
 -2.15146728e-02  7.45960027e-02  5.89900045e-03  4.29333001e-02
  6.12952225e-02  1.12224545e-03  3.62599306e-02  3.37315015e-02
 -1.32460427e-02  1.55893946e-02 -2.51569017e-03 -5.28392792e-02
 -4.27291878e-02  8.01778883e-02  2.59510782e-02  1.17194292e-03
  2.02882420e-02  3.87806259e-02  1.14404233e-02 -1.96143650e-02
  1.80849079e-02  5.85124306e-02  2.18916219e-02  6.94186538e-02
 -9.93323401e-02  3.53527814e-02 -1.12245958e-02  3.08584478e-02
  6.11061510e-03 -1.34427771e-01  1.77276600e-02 -4.89504375e-02
 -4.01029503e-03  5.85035682e-02 -1.16173606e-02  3.90886441e-02
 -3.26784439e-02  2.36310754e-02  7.79131204e-02 -4.42765094e-03
  6.85208440e-02 -4.83270129e-03  6.22011460e-02  4.12224140e-03
  4.93723974e-02 -4.55384590e-02 -1.85548943e-02 -2.46178806e-02
  1.33159578e-01 -5.90270385e-02  8.91913250e-02  3.67487855e-02
 -5.30186072e-02  7.11774305e-02 -4.62810546e-02 -4.68570031e-02
  1.31344069e-02 -5.91369253e-03 -7.91977048e-02  4.64108810e-02
 -1.82145014e-02 -5.42981885e-02  2.50978991e-02  1.08554913e-02
  1.85067449e-02 -9.10731703e-02  1.27106961e-02 -1.02233678e-01
 -1.02717921e-01  1.44850975e-02 -8.03847536e-02  4.69867662e-02
  2.32533589e-02 -6.00782596e-02  2.69607846e-02  4.97749541e-03
  4.45680656e-02  3.33602726e-02  6.47913218e-02 -3.47627588e-02
  1.59218851e-02 -1.39287455e-04 -4.98602837e-02  4.55177911e-02
 -8.34741965e-02  2.26300268e-04  5.24045490e-02 -1.36480089e-08
  5.27032912e-02 -2.86974311e-02  1.03609520e-03  4.76245284e-02
  6.70068935e-02  8.15565735e-02 -9.13544297e-02  3.05509735e-02
 -5.99400960e-02  4.13856432e-02 -8.12197104e-02 -5.55369258e-03
  7.55308345e-02  5.80511913e-02  7.06630275e-02  1.99528858e-02
  4.97648912e-03 -9.19244997e-03 -9.49200690e-02 -4.40993086e-02
 -2.58994531e-02  6.44451976e-02  1.27401890e-03 -5.53946383e-02
  2.14770120e-02 -4.58347239e-03  3.68059240e-02  9.15600359e-03
 -1.72066577e-02  2.43471712e-02  6.31348602e-03  8.94877873e-03
 -6.09019510e-02  3.66173908e-02 -5.32080568e-02  7.48208314e-02
 -5.43112028e-03 -4.04511355e-02  4.40405011e-02  2.07792148e-02
 -6.80792108e-02  5.91398142e-02  8.62613767e-02  3.22392061e-02
 -9.99074653e-02 -1.14263024e-03 -5.15211932e-02 -3.81764993e-02
  3.60030979e-02 -3.82073075e-02  2.51268521e-02  1.38368672e-02
  6.42592311e-02  6.23444207e-02  7.57841021e-02 -8.91029090e-03
  4.80132662e-02 -2.94207074e-02 -2.04631157e-04  5.53860934e-03
  1.64199136e-02 -1.67207755e-02 -2.53442191e-02 -6.13898002e-02]",other,Other,0.3817497193813324,"[{""outcome_key"": ""language_digital"", ""outcome_label"": ""Improved foreign language and digital competences"", ""score"": 0.3817497193813324}]"
Career_Youth_Exchange,20,What did you learn during the project?,"I became more open and communicative. I developed vulnerability. I realized the relevance of digital footprint and how it can affect the way people are perceived. I became more confident in public speaking, specially after being so exposed amongst a small audience. I improved my empathy and kindness as well as my self-confidence.",I realized the relevance of digital footprint and how it can affect the way people are perceived.,neutral,0.0,True,"[ 4.17934842e-02  4.89904694e-02  2.89527122e-02 -1.82748195e-02
  9.74762067e-02  2.72230320e-02  3.61887068e-02  1.09939717e-01
  1.05658248e-02 -2.00910810e-02  5.05791744e-03  1.12508930e-01
 -1.78066362e-02  2.17408724e-02  3.58294845e-02 -7.79636651e-02
  2.33694501e-02 -1.49515765e-02 -2.46176645e-02 -1.56050492e-02
  9.99524146e-02  1.92279276e-02  1.84890870e-02 -3.09804045e-02
 -3.92308598e-03  1.47092557e-02 -2.50890534e-02 -2.15499327e-02
  3.10096703e-02 -3.72949056e-02 -1.69120263e-02  1.43077180e-01
  4.19800170e-02  1.08563742e-02  6.60112640e-03 -6.40730048e-03
  9.69458371e-02  3.27909589e-02 -1.75076891e-02 -8.80364999e-02
 -1.43509787e-02 -8.71424377e-02  5.25129139e-02 -3.29800025e-02
  5.69252037e-02 -9.34203565e-02  1.89968422e-02  1.67993195e-02
 -3.79077084e-02 -6.15302771e-02  5.81924058e-02 -5.25710993e-02
  8.09223205e-03 -2.32086126e-02 -1.85346920e-02 -5.72972447e-02
  6.16407692e-02  3.28976177e-02 -2.24955250e-02 -5.99133177e-03
  5.71935587e-02 -7.70486295e-02 -5.16082384e-02  2.99030393e-02
  1.23910584e-01 -1.14492150e-02 -2.06502024e-02 -4.81773168e-02
 -4.77458797e-02 -1.06040658e-02 -1.46367382e-02 -1.78483427e-02
  3.86192612e-02  8.33616499e-03  5.01907319e-02 -4.01244275e-02
  1.80450268e-02  6.80707768e-02  3.68841700e-02 -9.26261302e-03
  7.31705129e-02  6.69256300e-02 -1.96713507e-02  3.41297314e-02
 -1.19600231e-02 -1.31890103e-02 -1.62306260e-02 -3.64519246e-02
 -4.44921292e-02 -7.99651518e-02 -1.10221477e-02  8.95684212e-03
 -2.21804008e-02  4.37444635e-02 -2.79690921e-02 -1.05727188e-01
 -5.76897375e-02 -4.33937535e-02  5.73893636e-02 -9.45002306e-04
  1.26559555e-03  5.70034795e-02 -1.19993454e-02 -1.47297084e-02
 -6.68473681e-03 -2.12255921e-02 -3.91177125e-02  4.39378247e-02
  3.20151299e-02  1.98973920e-02 -5.88214099e-02 -3.58426981e-02
 -1.77175850e-02  5.41241318e-02  1.44708613e-02 -2.44329199e-02
  1.27730833e-04  1.75924730e-02  8.38244855e-02 -6.85193166e-02
 -6.34934334e-03 -1.72373671e-02 -7.02791065e-02 -2.72243991e-02
 -2.91209035e-02 -7.04832450e-02 -4.48264889e-02 -4.55966545e-33
 -6.59396946e-02  2.02213582e-02  2.56464798e-02  4.49552424e-02
  9.47669894e-02 -5.86062856e-02 -3.87075059e-02  1.64039864e-03
  1.25641301e-02  1.08090872e-02  9.24179852e-02  8.68519098e-02
  6.25503510e-02  8.63185450e-02  2.03821361e-02 -3.69361229e-02
 -1.22949578e-01  1.27736554e-01  1.40250977e-02  3.56299616e-02
 -8.84090923e-03 -1.27499355e-02  1.16363084e-02  3.80606344e-03
  1.10011987e-01  1.02632528e-03 -2.52317917e-02  2.98291969e-04
  7.19867200e-02  2.09901296e-02 -1.30227851e-02  4.35671620e-02
  1.66522637e-02 -5.28564155e-02 -1.42297065e-02  9.46140569e-03
  1.22037968e-02 -6.81493953e-02 -3.05932350e-02 -1.28725218e-02
 -1.57960821e-02 -3.03994655e-03  1.00529874e-02 -2.62595676e-02
 -1.73234697e-02  9.85935107e-02  1.12781815e-01 -4.49729040e-02
 -4.42311168e-02  8.36936384e-03 -9.10578482e-03  8.11723173e-02
 -4.35134247e-02 -2.30623037e-03  3.05687021e-02 -5.26532270e-02
 -5.88138103e-02 -1.10722698e-01  3.78882214e-02 -5.69411106e-02
 -4.66658659e-02  7.07424339e-03  4.91651148e-02  1.84846688e-02
 -1.17333895e-02 -8.29071552e-03  6.97321296e-02 -1.95161756e-02
 -4.67855707e-02  5.40012531e-02 -3.93367186e-02 -8.48418474e-03
  1.38546783e-03 -5.28056845e-02 -2.82906201e-02 -1.74401561e-03
 -1.03459336e-01  2.64091305e-02 -6.18655048e-02 -6.08006353e-03
 -3.68717536e-02 -9.86612514e-02  3.18935588e-02 -6.72964826e-02
  4.58908528e-02  3.15768225e-03  1.03387363e-01 -3.07679400e-02
 -4.68224697e-02 -2.64890734e-02 -3.40369940e-02  1.29775843e-02
 -1.93342641e-02  2.61465441e-02 -3.82083729e-02  3.03588424e-33
 -7.68553019e-02  1.39603605e-02 -4.35561538e-02 -2.08667200e-02
 -4.25374992e-02 -5.03980555e-02 -1.81031078e-02 -1.38982395e-02
  8.02819431e-03 -1.18637616e-02 -7.29433522e-02  2.63111219e-02
 -5.02283573e-02  1.60756353e-02 -5.71169741e-02  1.99011271e-03
 -1.03922198e-02 -9.88790989e-02 -4.06043977e-02  8.10649805e-03
  2.76019834e-02 -1.63802188e-02 -7.91796744e-02  3.08214631e-02
 -7.23682623e-03  5.32150306e-02 -6.10383973e-03 -7.20353574e-02
 -4.97945258e-03 -2.08690837e-02 -5.65713365e-03 -3.61400507e-02
 -7.96248689e-02 -2.75917016e-02  1.45937065e-02 -1.31746510e-05
 -3.04440334e-02 -5.85647337e-02  1.43706370e-02 -3.69169638e-02
  2.89111584e-02  2.01284308e-02 -4.64189611e-02  4.18670988e-03
 -2.17034128e-02 -6.87805787e-02  3.95681448e-02  4.42663692e-02
 -1.16553400e-02  7.37437149e-05  1.06180280e-01  5.23458496e-02
  4.70560417e-03 -5.06515726e-02 -1.73731074e-02  1.03128500e-01
  6.60554171e-02 -1.34642599e-02  5.24405614e-02  6.11534454e-02
 -2.78048869e-02  2.14386228e-02 -3.86620089e-02  4.96545024e-02
  1.02228308e-02 -8.19897130e-02 -1.69748164e-04  2.56119464e-02
 -9.32855383e-02  6.92451652e-03  3.97616578e-03  1.97723154e-02
 -5.12428656e-02  1.74069013e-02 -7.46355578e-02 -2.83559039e-02
  6.23461716e-02  6.07086606e-02 -3.39391865e-02  4.81797643e-02
 -2.40061041e-02 -9.95712914e-03  1.96500514e-02 -7.03746676e-02
  6.48656934e-02  1.14233680e-01 -6.25683442e-02 -1.25964917e-02
 -7.44381845e-02  1.95341464e-02 -9.67520401e-02  3.57303508e-02
 -1.35557815e-01  2.35653371e-02 -7.60167930e-03 -2.13849543e-08
 -2.19767485e-02  2.22759265e-02  4.45744321e-02  2.35199239e-02
  2.15524659e-02  1.78189948e-02  9.86699089e-02  1.87420607e-01
 -4.08114679e-02  2.90121064e-02 -6.20298600e-03 -1.65749695e-02
 -1.67846270e-02  1.66015774e-01  1.14584066e-01  2.16712430e-02
  2.11182851e-02 -7.06080273e-02 -9.42030400e-02  6.60697892e-02
  6.70630708e-02  2.41495725e-02 -3.43070775e-02 -4.71968204e-02
 -8.41388665e-03  3.42467763e-02 -1.57518238e-02  3.62045877e-02
 -3.65926698e-02  2.60893069e-02  1.92082729e-02  5.97180128e-02
 -8.69115964e-02  6.08033799e-02  4.94374633e-02 -2.50192694e-02
  3.49506224e-03 -4.38382067e-02  4.60282154e-02  2.87703257e-02
 -1.81704406e-02  2.13002581e-02  5.02197146e-02  1.05776787e-01
  2.02757958e-03 -2.97979601e-02 -1.56181529e-02  5.41169420e-02
 -7.67448694e-02  5.49001656e-02 -3.25455405e-02  7.63689261e-03
  2.36956421e-02  4.93183360e-02  1.53648317e-01 -7.88622126e-02
  4.98632761e-03  3.70142907e-02 -1.48195429e-02  1.13348238e-01
  9.55821872e-02 -3.67583707e-02 -5.87201491e-02  3.80789340e-02]",other,Other,0.29122066497802734,[]
Career_Youth_Exchange,20,What did you learn during the project?,"I became more open and communicative. I developed vulnerability. I realized the relevance of digital footprint and how it can affect the way people are perceived. I became more confident in public speaking, specially after being so exposed amongst a small audience. I improved my empathy and kindness as well as my self-confidence.","I became more confident in public speaking, specially after being so exposed amongst a small audience.",positive,0.4121,True,"[ 1.07600264e-01 -1.02175856e-02  4.76814732e-02  1.20619424e-02
  1.02736756e-01 -1.96622685e-02  4.09796759e-02  4.32913974e-02
  1.96265932e-02 -1.00300364e-01 -2.60706036e-03  2.88017727e-02
  1.53168729e-02 -8.11350644e-02  1.19978696e-01 -5.74547164e-02
  3.82129662e-02  1.43971695e-02 -7.63613060e-02 -1.62733849e-02
 -6.59737438e-02  7.74848685e-02 -1.87439250e-03  1.17773330e-02
  5.18471375e-03 -4.41725329e-02 -4.28489819e-02  5.96393971e-03
  7.40410388e-02 -3.58848311e-02 -1.69865228e-02 -2.08562538e-02
  1.17018223e-01 -2.71557998e-02 -3.72767299e-02  9.77040734e-03
 -8.93188640e-03 -3.66398040e-03 -2.03765389e-02 -4.46927780e-03
 -1.64849349e-04  1.95168871e-02  5.34836054e-02 -3.03369313e-02
 -1.22233173e-02 -8.18760246e-02  8.69199261e-02  4.40080725e-02
 -1.77685432e-02 -2.60242894e-02 -2.05422956e-02 -3.80941220e-02
  3.35123502e-02 -2.80211587e-02 -9.95948464e-02 -4.26595509e-02
 -5.18914834e-02  9.26002562e-02  6.97064400e-03  1.91302579e-02
 -5.40105700e-02 -6.13606088e-02 -6.05095699e-02  6.24604225e-02
  1.05274683e-02  5.15942536e-02  4.53557447e-02  1.29988817e-02
  4.46508080e-02  2.70216372e-02 -4.35133139e-03  3.97457257e-02
  3.80103588e-02  2.45686863e-02  1.75233930e-02 -7.35260844e-02
 -2.10781880e-02 -1.05792679e-01  7.82068148e-02  9.44972336e-02
  1.01459473e-01  7.03395577e-03 -3.07049528e-02 -2.05307901e-02
 -5.90189286e-02 -1.22546032e-01 -1.64752279e-03 -7.84833133e-02
 -8.41002986e-02 -3.01913563e-02 -3.48885022e-02  1.10509312e-02
 -8.97145420e-02  6.43514097e-02  1.82397675e-03 -6.96887225e-02
 -1.07086331e-01  1.67887856e-03  5.42138480e-02  5.49271964e-02
 -4.95412238e-02  6.70436118e-03 -3.48772563e-04  1.60220789e-03
 -2.70771552e-02 -1.10165728e-02 -1.47111434e-02  1.35045378e-02
 -5.76603711e-02  5.32751344e-02 -5.07812202e-02  1.60843506e-02
  1.47975294e-03 -8.31621140e-03  7.30330274e-02  3.85185592e-02
 -5.38648926e-02  1.68726332e-02 -1.71553511e-02  7.14745326e-03
  8.04488286e-02  8.91048312e-02  3.86114530e-02 -3.28334980e-03
 -1.51017448e-02  6.97367359e-04  1.90706495e-02 -1.22793187e-33
 -2.65074335e-03  1.88388284e-02  1.78785510e-02  1.07918695e-01
  3.87120284e-02  6.20486774e-02 -1.66734494e-02 -4.87849722e-03
  2.92444043e-02 -1.44075081e-02  9.02000293e-02  2.30989736e-02
 -8.25172849e-03 -7.46741369e-02  1.00899367e-02  7.99430236e-02
 -9.28372890e-02  8.96256566e-02  1.91846713e-02  2.66403928e-02
  4.72743856e-03  3.61062773e-02 -5.08348318e-03  1.54876122e-02
  3.56873088e-02  4.23433594e-02  1.23499274e-01 -6.44972548e-02
  2.75416393e-02 -6.83552632e-03  3.10033746e-02  2.78276224e-02
 -1.94686223e-02 -4.66026068e-02  4.85697687e-02 -3.01123429e-02
  7.29867816e-02 -9.91303250e-02  6.79566413e-02 -3.16759795e-02
 -4.81636962e-03 -2.39489647e-03  7.42584020e-02 -2.04486065e-02
  1.11162756e-02  6.24632873e-02 -9.80767086e-02  5.59867918e-03
 -1.11574717e-01 -3.90053983e-03 -7.52991736e-02  3.00704576e-02
 -2.70893686e-02  3.47735696e-02  1.37771787e-02 -5.19065484e-02
  1.25897501e-03 -3.77876422e-05  9.75028984e-03 -4.36969884e-02
 -3.28691378e-02  1.02942102e-01  6.06461614e-03 -1.38226897e-02
 -1.27511974e-02  2.80890260e-02 -4.60816026e-02 -5.85265271e-02
  5.73262526e-03 -1.60066783e-02  6.34733448e-03 -3.38426940e-02
 -4.81448285e-02  2.90394966e-02  1.61577072e-02 -6.52191564e-02
 -9.12634283e-02 -1.78128220e-02  6.98786154e-02 -1.55083667e-02
  2.78623514e-02 -9.21810511e-03 -4.95162420e-02 -1.05049647e-02
  4.33343835e-02  1.53982304e-02  3.55055705e-02 -5.77990226e-02
  4.66064923e-02  5.06362468e-02  7.05360919e-02  4.09289729e-03
  1.42278289e-02 -2.59037246e-03 -9.36356857e-02  4.59817896e-34
  3.29696946e-02  8.11769888e-02  1.57052483e-02  4.56628241e-02
 -6.30028769e-02  1.10302903e-02  7.82767534e-02  7.46034235e-02
  2.44288240e-02  6.91442378e-03  2.76373606e-02  2.33215764e-02
  7.24702701e-02 -5.91399968e-02  1.42533556e-02 -6.43063933e-02
  7.30082858e-03  5.11547551e-02 -1.88643318e-02  2.29682028e-02
  3.18247639e-02  4.83511649e-02  1.57378819e-02  3.27565372e-02
  2.65916507e-03 -9.19692293e-02 -1.50969271e-02 -1.74550656e-02
  1.19121349e-03 -6.59675673e-02 -5.54837426e-03  1.83518585e-02
 -7.92835355e-02  1.93232577e-02 -1.06354859e-02  7.91565701e-02
  1.25518744e-03 -8.13306272e-02 -6.95982249e-03 -5.33024520e-02
 -7.46255741e-02 -8.16762894e-02  5.62608568e-03 -4.80832532e-02
  3.13495994e-02 -6.59802184e-02 -2.22226586e-02 -3.17702107e-02
  9.06477682e-03  5.82267344e-03 -8.06859583e-02  3.10960561e-02
  2.76990095e-03 -6.58807084e-02 -1.85880046e-02 -4.08060402e-02
  1.11489169e-01 -6.05156347e-02  1.12564303e-02  1.13739148e-02
 -7.47829154e-02  8.48910306e-03 -5.31288199e-02 -3.47221084e-02
  8.27283040e-02 -4.88171680e-03 -6.80076778e-02  9.05049220e-02
  5.20014018e-02  1.45581113e-02 -3.11984755e-02  1.59448963e-02
  4.58173752e-02  4.29902263e-02 -1.01334102e-01 -5.49155474e-03
 -4.55293879e-02  1.83172394e-02 -3.80777791e-02  4.69996668e-02
 -5.69244102e-02  1.52158085e-02  3.66323092e-03 -5.65018281e-02
  4.34208401e-02  1.66488558e-01  2.57089008e-02 -4.27019261e-02
 -4.77873236e-02  1.39425388e-02 -6.31910861e-02 -4.41304669e-02
  4.15224545e-02 -6.82414696e-02  3.16647254e-02 -2.08951363e-08
 -1.08969249e-01 -3.97140943e-02  2.12438218e-02  4.53981645e-02
  8.13407451e-02 -3.61867473e-02 -7.28969276e-02  2.62781549e-02
 -5.21919318e-02 -8.85484591e-02 -4.81589399e-02 -3.05930880e-04
  9.55227315e-02  5.30801266e-02  5.33307120e-02 -4.70799655e-02
  4.10664193e-02 -1.08517790e-02  7.76530989e-03 -4.88134883e-02
  2.83335876e-02  5.45311905e-02 -3.57231162e-02 -1.96024636e-03
 -6.33015577e-03  2.88038552e-02 -1.21592153e-02  3.12069170e-02
 -4.15767990e-02  2.28490904e-02 -4.31673117e-02 -3.34141925e-02
 -9.43125263e-02  3.78452218e-03  1.58041921e-02  7.05980957e-02
  3.25762518e-02 -1.62439998e-02  1.06935509e-01  5.41944951e-02
 -2.85879318e-02 -5.17076626e-03  7.58000016e-02  8.75663832e-02
  4.76344489e-03  7.58069530e-02  4.31187302e-02 -7.10034836e-03
  5.49802557e-03 -3.32950279e-02  2.75111049e-02  4.07680811e-04
 -1.56515241e-02  3.02519836e-02  5.10310382e-03  3.65737714e-02
 -5.10417745e-02  1.13476373e-01 -5.30579686e-02  6.57362938e-02
  5.44799899e-04  4.91306707e-02 -1.83098331e-01 -5.31755900e-03]",language_digital,Improved foreign language and digital competences,0.46626949310302734,"[{""outcome_key"": ""language_digital"", ""outcome_label"": ""Improved foreign language and digital competences"", ""score"": 0.46626949310302734}, {""outcome_key"": ""self_empowerment"", ""outcome_label"": ""Increased self-empowerment and self-esteem"", ""score"": 0.45946231484413147}, {""outcome_key"": ""project_topic"", ""outcome_label"": ""Project topic: Career development and professional skills"", ""score"": 0.41855287551879883}, {""outcome_key"": ""intercultural_awareness"", ""outcome_label"": ""Enhanced intercultural awareness"", ""score"": 0.41406428813934326}, {""outcome_key"": ""positive_interactions"", ""outcome_label"": ""Enhanced positive interactions with people from different backgrounds"", ""score"": 0.38141489028930664}, {""outcome_key"": ""learning_performance"", ""outcome_label"": ""Improved learning performance"", ""score"": 0.3807981014251709}]"
Career_Youth_Exchange,20,What did you learn during the project?,"I became more open and communicative. I developed vulnerability. I realized the relevance of digital footprint and how it can affect the way people are perceived. I became more confident in public speaking, specially after being so exposed amongst a small audience. I improved my empathy and kindness as well as my self-confidence.",I improved my empathy and kindness as well as my self-confidence.,positive,0.802,True,"[-2.79037766e-02  6.08376488e-02  1.09152645e-01  3.07546128e-02
 -9.06890631e-03 -5.13355508e-02  2.51438897e-02  5.72661310e-03
 -5.82030788e-02 -3.27794142e-02  4.08989452e-02  7.67476931e-02
  3.60122025e-02 -9.43497103e-03  6.05342686e-02  3.72658782e-02
  7.40495101e-02  3.41080986e-02 -1.09127469e-01 -3.92063186e-02
 -7.91902244e-02  2.74479333e-02  2.20917575e-02 -3.89779848e-03
 -6.29442632e-02  1.97430793e-02 -2.48753820e-02  3.79233137e-02
  2.27353219e-02 -3.04004475e-02 -2.99467668e-02 -7.70490691e-02
  1.08189277e-01 -3.88725996e-02 -2.33422704e-02  5.27159609e-02
  3.67357098e-02  1.78346839e-02  1.53617505e-02 -8.26689079e-02
 -5.66769727e-02 -3.66370790e-02  6.14891574e-02  1.30740479e-02
 -3.40711325e-03 -5.69254532e-02  5.31900376e-02 -2.18521506e-02
 -3.45083401e-02 -7.22507089e-02 -5.56940399e-02  2.54890528e-02
 -1.03293017e-01 -2.84133721e-02  1.67129599e-02  6.18210621e-02
 -2.62359586e-02  4.63771001e-02  3.62142711e-03  2.00274438e-02
  7.91195594e-03 -3.11026201e-02  4.48155776e-02  4.29383852e-02
  2.63481848e-02  1.59159675e-02 -3.59503143e-02 -3.32861836e-03
 -4.29099537e-02  1.32066971e-02 -3.25814937e-04  7.84981356e-04
  4.15327400e-02 -7.45382831e-02  1.42346490e-02  4.07491345e-03
  2.14082873e-04 -1.01793602e-01 -7.38270581e-03  4.42125276e-02
 -2.79955156e-02  4.14433628e-02 -1.98875573e-02  1.13474630e-01
 -1.86057184e-02 -9.91418138e-02  6.32949173e-02 -1.74951613e-01
 -5.05209044e-02  4.97916415e-02  2.84486711e-02  1.92070892e-03
 -1.06687456e-01 -2.57481332e-03 -8.18367526e-02 -3.68533991e-02
 -8.41083303e-02 -3.06183118e-02  6.28988564e-05  9.92596671e-02
  3.38241830e-02  3.93223725e-02 -7.50538036e-02 -2.48904657e-02
  4.44325022e-02  2.06764247e-02 -3.94254103e-02 -6.86914334e-03
 -5.72727546e-02  4.15085182e-02 -3.55924144e-02  3.52219902e-02
 -6.43890873e-02  8.78437422e-03  1.17060907e-01  3.44763547e-02
 -4.38016690e-02  2.73173861e-02  6.15215153e-02 -3.82760353e-02
  1.21801503e-01  4.21054149e-03  8.75151083e-02  2.47197449e-02
 -7.33156055e-02 -1.67886075e-02  2.69732866e-02 -3.93408535e-33
 -2.33582705e-02  2.81714741e-02  6.87644407e-02  5.55303171e-02
 -4.61518444e-04  2.56913733e-02 -4.87635024e-02  1.54058738e-02
 -8.89433268e-03 -2.94237006e-02  2.46869978e-02  8.11941624e-02
  6.88732788e-02  1.13044269e-02 -8.68120790e-02  5.57456017e-02
 -1.49486348e-01 -1.45519502e-04  2.04616971e-03  8.92934427e-02
  4.62283082e-02 -2.20257323e-02 -1.04348939e-02 -3.03019844e-02
  2.57630385e-02 -3.95735130e-02  7.98176453e-02 -1.38740540e-02
  1.30805168e-02 -2.27804892e-02  3.25146094e-02  8.26745704e-02
  5.77710010e-03 -4.33372054e-03 -1.17336574e-03 -3.37678869e-03
  1.72548350e-02 -1.21945672e-01  2.00526640e-02 -6.45889319e-04
  5.24824336e-02  4.06358540e-02  1.06518626e-01 -4.17626984e-02
  3.79353091e-02  4.07234095e-02 -2.90816128e-02  1.39566418e-02
 -6.49438500e-02 -5.62336929e-02 -8.70326310e-02 -2.44426396e-04
  3.80761996e-02  5.52864047e-04 -6.31097630e-02 -5.16363196e-02
  1.28138270e-02  1.15493730e-01 -4.11057612e-04 -4.37216461e-02
 -5.68798510e-04 -8.09630230e-02 -4.25135437e-03 -9.81120765e-02
  3.37772109e-02 -9.67835635e-03  5.48094176e-02 -4.05461863e-02
  5.66313565e-02 -1.81503240e-02 -3.28714848e-02  4.45132889e-02
 -4.19946946e-02 -3.99172166e-03 -2.33840067e-02 -4.16881256e-02
 -4.62166928e-02 -5.44991083e-02  4.05801125e-02 -6.61566481e-02
  4.07324098e-02  4.87862192e-02 -5.75882494e-02  2.38944674e-04
  1.13445409e-01 -2.04584450e-02  1.62328146e-02 -7.34304488e-02
  2.67687868e-02  3.40851047e-03  6.54505491e-02 -1.61125921e-02
  5.63703384e-03 -2.99382838e-03 -1.40943795e-01  1.73814454e-33
  4.93117012e-02  3.87597047e-02  5.41065484e-02  8.73942971e-02
 -5.07986583e-02 -3.18234153e-02 -2.10968722e-02  6.45240024e-02
  2.18066499e-02  7.62552097e-02  4.03687879e-02  5.34810349e-02
  1.02172934e-01 -2.55945586e-02 -3.50069404e-02  8.12549610e-03
 -1.11014182e-02 -5.99545464e-02 -5.20267673e-02 -6.25562519e-02
 -1.06632682e-02  1.62784562e-01  4.62276042e-02  3.20651233e-02
  1.58641078e-02  7.61263585e-03 -1.90639298e-03 -1.89131789e-03
  1.92240905e-02 -3.95499282e-02  1.01560406e-01  1.20074051e-02
 -9.53444839e-02  2.76753623e-02  9.74734500e-03  5.36967888e-02
 -2.64011528e-02 -7.07945079e-02 -3.44210304e-02 -3.90341617e-02
 -2.18093097e-02 -7.19487376e-04  1.06195426e-02  3.31117474e-02
  2.04685796e-02  4.18123702e-04 -1.25160711e-02 -6.78173602e-02
 -3.68539430e-02  2.53390777e-03 -7.10831434e-02 -6.48736432e-02
 -5.09753227e-02 -6.22960739e-03  2.60923877e-02  1.03910593e-02
  1.42991647e-01 -8.55143443e-02  1.04381889e-01 -2.72473469e-02
 -1.17100649e-01  4.46247086e-02 -3.60148624e-02  2.19892189e-02
  1.36029627e-02 -2.34475974e-02 -8.03149026e-03  3.45134437e-02
 -1.82704031e-02 -5.48990630e-02 -2.66697165e-03  2.84486227e-02
 -1.30375996e-02 -5.98184690e-02 -3.01360283e-02 -8.09425674e-03
 -1.72848590e-02 -2.40750518e-03 -9.19073597e-02  5.27002756e-03
 -1.21845365e-01 -3.44872288e-02  4.88560311e-02 -5.17080426e-02
 -1.14557063e-02  5.07252244e-03  2.92448625e-02 -1.63728779e-03
  1.51678734e-02 -1.86958967e-03 -1.85461417e-02  3.29654180e-02
 -1.96674354e-02 -1.17382389e-02 -1.82526596e-02 -2.10769340e-08
  1.38275595e-02  5.69696398e-03  6.53274078e-03  1.24019250e-01
  9.42070037e-03  5.28507167e-03 -5.54794148e-02  9.61693823e-02
 -8.98852199e-02  5.16070798e-02 -5.07492758e-02  1.38535937e-02
  3.62216815e-04  1.54761104e-02  9.86650363e-02 -2.46614087e-02
  7.61441216e-02  2.59463694e-02  8.40075966e-03 -3.54341492e-02
  4.19895463e-02  3.36774997e-02 -6.16472699e-02 -1.32050402e-02
 -1.39536448e-02 -1.13952700e-02 -8.86415131e-03 -5.11932448e-02
 -8.89306813e-02  1.50691662e-02  1.81521215e-02 -2.64772773e-02
  1.37888389e-02 -2.94427462e-02 -2.59364489e-02  5.50027564e-02
 -3.16207409e-02 -6.70746043e-02  7.31043518e-02 -7.97723234e-03
  1.96468625e-02  5.46024852e-02  5.79283386e-03  3.06762271e-02
  4.10219841e-02  1.12139098e-02  6.88401517e-03 -5.13138957e-02
  7.61007657e-04 -2.19841320e-02  6.65186718e-02  3.18540819e-02
 -1.82062294e-02  1.55595494e-02  1.82335638e-02  3.77079025e-02
  2.02722661e-02  3.40602137e-02  1.48547413e-02  3.85743044e-02
  4.39812504e-02  3.17850485e-02 -1.14615805e-01 -8.79741013e-02]",positive_interactions,Enhanced positive interactions with people from different backgrounds,0.6145467758178711,"[{""outcome_key"": ""positive_interactions"", ""outcome_label"": ""Enhanced positive interactions with people from different backgrounds"", ""score"": 0.6145467758178711}, {""outcome_key"": ""self_empowerment"", ""outcome_label"": ""Increased self-empowerment and self-esteem"", ""score"": 0.5653397440910339}, {""outcome_key"": ""language_digital"", ""outcome_label"": ""Improved foreign language and digital competences"", ""score"": 0.45013317465782166}, {""outcome_key"": ""learning_performance"", ""outcome_label"": ""Improved learning performance"", ""score"": 0.4463259279727936}, {""outcome_key"": ""intercultural_awareness"", ""outcome_label"": ""Enhanced intercultural awareness"", ""score"": 0.43329381942749023}, {""outcome_key"": ""employability"", ""outcome_label"": ""Enhanced employability and improved career prospects"", ""score"": 0.4033590853214264}, {""outcome_key"": ""initiative_entrepreneurship"", ""outcome_label"": ""Increased sense of initiative and entrepreneurship"", ""score"": 0.3886186182498932}, {""outcome_key"": ""active_participation"", ""outcome_label"": ""More active participation in society"", ""score"": 0.381727397441864}]"
Career_Youth_Exchange,21,What did you learn during the project?,Definitely emotional intelligence and social competence,Definitely emotional intelligence and social competence,positive,0.7506,True,"[ 4.26714830e-02 -2.55696885e-02 -2.79127471e-02  7.81155601e-02
 -1.03893094e-02 -2.29309741e-02  2.19420381e-02 -7.22666681e-02
 -5.72166294e-02  4.02943045e-02  4.48843017e-02 -1.24724032e-02
 -5.54813854e-02 -6.99607935e-03  2.61271317e-02  2.72515975e-02
  2.78398991e-02 -4.98449877e-02  9.77672543e-03 -2.51950081e-02
 -5.35717681e-02  2.53973491e-02  8.71716905e-03 -5.79531118e-02
 -6.64069084e-03  5.95580786e-02  4.54987772e-03 -1.25825582e-02
  1.33346245e-02  2.31962632e-02  4.00620550e-02 -3.27761993e-02
  6.00510351e-02 -1.41265308e-02 -6.06236421e-03  5.39035946e-02
  6.62589371e-02  5.93460314e-02  2.08921432e-02 -4.95349020e-02
 -6.45439401e-02 -8.84979218e-02  3.91705800e-03 -6.08809553e-02
  1.27864927e-02 -6.48100451e-02  2.43844967e-02 -2.04094239e-02
 -1.42946616e-01 -1.72362607e-02 -7.86823407e-02  4.70109330e-03
 -7.00453147e-02  1.35569191e-02  5.31596057e-02  3.55034992e-02
 -3.56897563e-02  2.68951301e-02 -7.09181011e-04  7.91659430e-02
 -1.77262500e-02 -4.12595682e-02  2.31781472e-02 -7.51827843e-03
  5.48243560e-02  5.00250496e-02 -7.28485584e-02 -2.45198980e-02
  1.41980723e-02 -5.23351058e-02  6.35123700e-02 -1.98475365e-02
 -2.94207968e-02  2.03760136e-02  7.12204874e-02 -3.52645479e-02
 -4.48478851e-03 -1.33326396e-01  1.57960188e-02  2.31028218e-02
 -1.08055994e-02  5.11478856e-02 -5.75183704e-02  1.06497938e-02
  7.00310152e-03 -9.68832970e-02 -5.22251911e-02 -1.09041348e-01
 -9.20052156e-02  1.11081406e-01  6.76295906e-02 -3.85319702e-02
  1.14952708e-02 -1.62385497e-02  3.75207290e-02  1.20935868e-03
 -4.15984169e-02 -2.58880425e-02 -4.73036468e-02 -1.46396281e-02
 -3.77388671e-02  7.37396628e-02 -5.62598780e-02  1.01350471e-01
  7.71658774e-03  1.02079858e-03  6.93560168e-02 -4.52412255e-02
 -1.47545505e-02 -1.84586272e-02 -1.47741392e-01  6.27019163e-03
  1.39999425e-03  1.10378405e-02  1.41399980e-01  4.65334579e-02
 -8.88594761e-02  8.93819183e-02  9.07194763e-02 -4.77864733e-03
 -1.19318219e-03  5.23462184e-02  5.74733131e-02  9.52522643e-03
  5.66837341e-02 -5.43508008e-02 -9.36038569e-02  8.75774975e-34
 -1.40280351e-02  4.83693928e-02 -1.48170190e-02  1.03800528e-01
 -2.54155323e-02  2.95316745e-02  8.84446800e-02 -2.10502825e-04
  3.91403632e-03  6.78330380e-03 -2.98592616e-02  5.29433489e-02
 -3.45382057e-02  8.25460106e-02  1.15198595e-02  8.44845921e-02
 -9.62717608e-02  4.20833901e-02 -7.24085942e-02  8.07225555e-02
  3.05108372e-02  4.42099646e-02 -3.08296271e-02 -2.14320570e-02
 -4.57816646e-02 -2.75768377e-02  9.34511200e-02 -1.13457078e-02
  8.10295064e-03  1.47582348e-02 -3.61568071e-02  3.22242416e-02
 -4.07724939e-02 -9.41855833e-04  2.21606344e-03  3.38329673e-02
 -2.80139111e-02 -5.75803816e-02  7.05089048e-02 -2.34179758e-02
  3.00968178e-02  3.46837714e-02  7.61070289e-03  7.58623257e-02
  1.12351764e-03  3.85022797e-02  3.73040363e-02 -2.90331747e-02
 -3.03444453e-02  1.00694895e-01 -3.29865254e-02  4.20972817e-02
  7.75788277e-02 -8.44058543e-02  4.37191948e-02 -4.65700403e-03
  4.95202690e-02  8.09087157e-02 -9.75664034e-02 -1.98116284e-02
  4.63344082e-02 -6.53043296e-03 -4.80734073e-02 -7.90214986e-02
  5.20706289e-02 -3.88281327e-03 -2.45432612e-02 -3.51506993e-02
  1.12461792e-02 -3.52928303e-02  1.59914349e-03  2.54946556e-02
  6.84419945e-02 -1.19114118e-02 -2.79563367e-02 -4.88161556e-02
  2.62866579e-02 -7.99726695e-02  8.45615938e-03 -6.80402294e-02
  2.17879694e-02  2.25679367e-03 -2.44258735e-02 -5.76872677e-02
  2.05893368e-02 -2.46533304e-02  1.40161708e-03 -4.54168245e-02
  7.85847753e-02  7.90444613e-02  2.73305736e-02 -3.89084183e-02
  1.42999785e-02  1.33446250e-02 -9.55681726e-02 -6.24864695e-34
 -2.76952254e-04 -3.11172735e-02 -3.70539315e-02  7.58193433e-02
  6.12561405e-02  8.61803442e-02  8.73695686e-02 -1.97934564e-02
  4.18188907e-02  8.96416679e-02  4.42603901e-02 -3.38765644e-02
  1.75041948e-02 -1.33151617e-02  3.90957259e-02 -5.26882559e-02
 -2.97960378e-02 -6.33098632e-02  3.85500267e-02  2.77765281e-02
  2.85772569e-02  1.03878662e-01 -2.74114078e-03  4.24543917e-02
 -2.55833287e-02  1.23534314e-02 -3.80419232e-02 -6.73006624e-02
 -5.16175814e-02  3.31792682e-02  4.39750701e-02  4.56681699e-02
 -1.96848121e-02  2.28904691e-02 -2.98773162e-02 -2.30739242e-03
 -2.66287196e-02 -7.11508468e-02 -1.74737386e-02  7.16873556e-02
  5.22044264e-02  5.62106483e-02 -2.73670498e-02  6.64411634e-02
  2.24116351e-02  2.99188923e-02  5.97571656e-02  2.08522100e-02
  1.53823737e-02 -1.06922071e-02 -3.19168605e-02 -4.61716838e-02
 -4.79079857e-02  6.77929725e-03  5.37388660e-02 -2.25597806e-03
  6.55197948e-02 -6.15172982e-02 -3.75993364e-02 -4.23647836e-03
  2.09654775e-02  4.90288697e-02  2.54632272e-02  2.29679178e-02
 -6.11898750e-02 -2.57462393e-02 -3.58098112e-02  7.81331435e-02
 -4.60455231e-02 -3.49633545e-02  4.87489924e-02  9.28336289e-03
  8.32239613e-02 -8.44465196e-02 -7.88517669e-02 -3.64816608e-03
 -6.27449229e-02  3.86637822e-02 -2.28764769e-02 -6.21528178e-02
 -8.03618133e-02 -3.37791741e-02 -4.39196564e-02 -2.10301224e-02
 -6.85496107e-02  7.77517706e-02 -1.87257249e-02 -7.41411150e-02
  7.64196459e-03 -1.20304719e-01 -5.38096875e-02  4.21769619e-02
 -7.11834058e-02 -3.02735567e-02 -4.21649963e-02 -1.38332421e-08
  1.70028619e-02  2.18211189e-02  2.92531699e-02 -1.91509053e-02
  1.18284607e-02  9.40102562e-02 -2.17121672e-02 -2.90833954e-02
 -4.70471680e-02  7.80787840e-02  1.08808652e-02  5.50694466e-02
 -3.77223752e-02  4.75720875e-03  1.08006103e-02 -6.30325004e-02
  6.52249828e-02  1.75738800e-02  5.42016923e-02  5.63552193e-02
  1.15651101e-01  5.27532771e-03 -8.07296485e-02  9.00686486e-04
 -5.10582775e-02 -5.73447235e-02 -4.75340635e-02 -1.97698008e-02
 -6.93923682e-02  6.51792735e-02  4.24179137e-02 -5.10650575e-02
  3.67247798e-02 -1.26963496e-01  7.28624091e-02 -9.98679316e-04
 -2.72421073e-02 -1.09885268e-01 -6.30063296e-05  1.27161443e-02
  3.52837332e-02  6.65712804e-02  3.98231708e-02  2.53295973e-02
  7.63864666e-02 -1.53717585e-02 -3.12789232e-02  1.00920685e-02
  1.75749958e-02  4.66290899e-02  1.72333084e-02 -1.55845862e-02
 -7.11545423e-02 -2.32702419e-02  9.68141779e-02  3.04050799e-02
  8.84018373e-03  5.19330464e-02 -7.21846372e-02  2.29350477e-03
  1.17970228e-01  9.34674293e-02  5.56733366e-03 -5.99383079e-02]",self_empowerment,Increased self-empowerment and self-esteem,0.44586458802223206,"[{""outcome_key"": ""self_empowerment"", ""outcome_label"": ""Increased self-empowerment and self-esteem"", ""score"": 0.44586458802223206}, {""outcome_key"": ""employability"", ""outcome_label"": ""Enhanced employability and improved career prospects"", ""score"": 0.406117707490921}, {""outcome_key"": ""language_digital"", ""outcome_label"": ""Improved foreign language and digital competences"", ""score"": 0.3852722644805908}]"
Career_Youth_Exchange,22,What did you learn during the project?,Communication skills,Communication skills,neutral,0.0,True,"[ 2.17843372e-02 -3.77100036e-02  3.01448461e-02  1.18396636e-02
 -9.19535607e-02 -4.46983799e-02  1.17596418e-01 -3.47895287e-02
  2.81654466e-02 -5.92255592e-02  1.01431888e-02 -1.28035084e-03
 -7.80232400e-02  3.13910954e-02  6.27347976e-02 -1.93801597e-02
  2.33551860e-02  3.89399864e-02 -5.97355366e-02 -1.06885761e-01
  2.01384444e-02  7.37496838e-02  4.74446379e-02 -5.69927786e-03
 -1.93459634e-02  3.34384362e-03 -2.78353766e-02 -6.94465265e-03
  5.89272119e-02 -1.21037336e-02  5.70768937e-02 -1.25675481e-02
  4.59006205e-02  6.14186749e-02 -8.78477618e-02  1.19179815e-01
  8.36925730e-02  2.31070295e-02  3.25488821e-02 -2.42799930e-02
 -9.00963247e-02 -1.17903696e-02  5.59469610e-02 -8.43665376e-02
  1.41367232e-02 -7.86902085e-02  4.75658774e-02  7.31890053e-02
 -9.83284190e-02 -2.59572663e-03 -3.04094944e-02  1.68281402e-02
  2.65391506e-02  4.39878181e-02  8.02287161e-02 -4.31619175e-02
 -8.27432871e-02  1.28518254e-01  3.00698075e-02  7.72955222e-03
  3.49858701e-02 -5.15019596e-02 -4.08260636e-02  2.85857711e-02
 -5.51558062e-02  5.96805513e-02 -3.51069793e-02  5.24965152e-02
 -3.59353013e-02  2.03119894e-03 -2.33867932e-02 -2.95550916e-02
 -2.86685321e-02  3.13396789e-02  6.01505116e-02 -1.80981793e-02
  3.85366045e-02 -6.31731600e-02  1.38013838e-02  1.01088136e-01
 -1.71397440e-02 -3.64215858e-02 -3.07995714e-02  3.96059938e-02
 -3.03722844e-02 -5.76027669e-02 -4.27180566e-02 -8.08863621e-03
 -4.93984707e-02  1.09019354e-02  4.36374284e-02 -2.51447987e-02
 -7.51143768e-02 -1.11400280e-02 -9.05500650e-02 -5.90576902e-02
  4.10484150e-03 -2.35520434e-02 -6.75317943e-02  1.00585364e-01
  1.60667803e-02 -1.10574253e-02  6.66929234e-04  1.63204484e-02
 -5.39252050e-02  5.94429485e-03  1.63580347e-02  2.06208806e-02
 -7.14686736e-02  3.39689329e-02 -9.35297832e-02  2.48678401e-02
 -1.09323129e-01  6.71310201e-02  8.72313604e-02  4.64714039e-03
 -5.47226742e-02  5.27460575e-02  4.14154269e-02  4.10005040e-02
  4.39733341e-02  2.14111041e-02  6.30351901e-03  2.00839229e-02
  1.95980128e-02 -7.26716965e-02 -3.86474207e-02 -2.73274812e-33
  5.23683801e-02  6.22549057e-02  1.87486801e-02  1.57858565e-01
  2.86898017e-02  7.95520768e-02  5.87599613e-02  2.50917096e-02
  4.32898588e-02  3.38978972e-03 -1.03615010e-02  2.24076435e-02
  6.78462861e-03  5.26675209e-03  7.58895874e-02  3.01158596e-02
 -1.19921975e-01  4.34217565e-02 -3.18176858e-03  8.18136055e-03
  3.22989412e-02  3.37338937e-03  1.90346073e-02  2.98946761e-02
  6.53792778e-03 -2.31206622e-02  5.07136174e-02 -9.20511037e-02
  2.52395310e-02 -1.26497420e-02 -1.20281421e-01  2.94641554e-02
 -1.73496138e-02 -2.58447584e-02  3.36131640e-02  5.95240183e-02
  1.69392843e-02 -9.30387825e-02  1.15037017e-01  1.73961055e-02
  3.34158875e-02 -1.60972290e-02 -4.79768217e-02  3.34922522e-02
  2.17128471e-02  6.54225573e-02  3.29162143e-02 -7.96628445e-02
 -7.10757375e-02  6.26913160e-02 -6.08430840e-02  1.49258487e-02
 -3.50783952e-02 -5.56219108e-02  6.78951517e-02  2.17992496e-02
 -7.97284520e-05  4.00861166e-02 -4.15603556e-02  3.73698981e-03
  6.71730712e-02  8.76475498e-02 -8.95332620e-02 -1.53571728e-03
  1.88651886e-02  2.65106163e-03 -5.53137325e-02  3.31118442e-02
  1.26665905e-01 -8.40629265e-02 -1.67794898e-03 -2.54335743e-03
  4.57557198e-03  4.70607989e-02 -3.20477523e-02 -4.86154780e-02
 -3.48224565e-02 -7.81365111e-02  3.19465809e-02  8.19966197e-02
  2.34891362e-02 -1.57846007e-02 -2.67765950e-02 -2.50256676e-02
  1.09004397e-02 -6.59708157e-02 -4.24180962e-02 -2.39364486e-02
  2.55956724e-02  6.26678243e-02  5.34883118e-04 -3.03661376e-02
  4.14057970e-02  3.08130961e-02 -4.39322032e-02  2.44766687e-33
 -2.16999929e-02  3.32104340e-02 -3.71377319e-02  7.27952197e-02
 -2.84873191e-02  8.13177451e-02  9.53792110e-02  1.48292203e-02
  1.31148361e-02  3.01968493e-02 -1.19338855e-02  2.26264796e-03
 -4.36664261e-02  8.94276798e-03  1.57136354e-03 -3.89560163e-02
  3.73151600e-02  1.69017129e-02  2.79518943e-02 -4.18924205e-02
  5.59443757e-02  2.56969575e-02 -5.02896048e-02  4.17342857e-02
 -1.23220524e-02 -3.42678316e-02 -3.19106430e-02 -1.05774842e-01
 -4.45413217e-02 -1.27781145e-02  5.11442795e-02  2.12287884e-02
  5.56407757e-02  4.91701923e-02 -5.88039421e-02  2.67300811e-02
 -2.21879110e-02  9.13292356e-03 -1.96499527e-02  6.73076808e-02
  5.82588688e-02  8.88889423e-04 -1.91430114e-02  2.04571448e-02
  2.04664301e-02 -7.95873534e-03 -1.23377070e-02 -2.73253513e-03
 -4.77820914e-03  3.40955034e-02  4.23993319e-02 -3.77521068e-02
 -1.90383289e-02 -5.64820394e-02 -5.26830927e-02  1.10409572e-04
  3.99454981e-02 -8.21738318e-02  1.84236336e-02 -9.11047682e-03
  2.85731219e-02  1.30511764e-02  1.47478404e-02 -4.27817833e-03
  2.27117222e-02 -1.58591419e-02 -4.46243361e-02  1.96494460e-02
  7.40946308e-02  2.23170388e-02  9.67368633e-02 -2.97342278e-02
  3.25938463e-02 -7.25511387e-02 -5.15798852e-02  1.88467931e-02
 -1.37638822e-01 -7.87313934e-03 -6.87445849e-02 -1.74393225e-02
 -7.76196793e-02  3.18724923e-02 -1.87056400e-02 -1.22734057e-02
  1.04440656e-02  1.22620776e-01  3.45672853e-02 -7.40497336e-02
 -1.46561107e-02 -1.03058152e-01 -4.84487750e-02  6.54940456e-02
  1.23234186e-02 -3.13129537e-02 -7.85176530e-02 -1.08149099e-08
 -2.75603738e-02 -6.05780669e-02  1.98153313e-02 -7.11500645e-02
 -1.29605625e-02  4.18044962e-02 -4.91732033e-03 -2.18652524e-02
  1.11463629e-02  5.24271019e-02  8.41761287e-03  6.23340346e-03
  4.08436358e-02 -1.21941948e-02  8.62585008e-02 -4.66906466e-02
  4.71324772e-02 -3.92511934e-02  2.36718189e-02  7.81446975e-03
  1.39585897e-01 -6.26807883e-02 -1.07760981e-01  6.60379678e-02
  2.14631874e-02 -7.26575553e-02 -1.29501866e-02  9.50190350e-02
 -5.97135723e-02  8.79015252e-02 -5.19754589e-02 -6.32443056e-02
  7.06876740e-02 -3.83205563e-02  2.76280176e-02 -2.84403749e-02
  5.20760454e-02 -8.11428726e-02  1.00551639e-02  5.87466694e-02
 -1.32265920e-02  4.67590280e-02  5.24240397e-02  1.35776261e-02
  7.25642368e-02  7.18281716e-02 -3.66542265e-02  7.21504679e-03
 -3.94126028e-02 -3.38793397e-02  1.11032063e-02  4.49225940e-02
 -2.06677541e-02  2.29784269e-02  6.28165901e-04  1.66105777e-02
 -4.55833739e-04  2.86359582e-02 -7.29493275e-02  5.49940169e-02
  3.00891940e-02  1.39443859e-01 -1.07145675e-01  1.16076469e-02]",language_digital,Improved foreign language and digital competences,0.5193551778793335,"[{""outcome_key"": ""language_digital"", ""outcome_label"": ""Improved foreign language and digital competences"", ""score"": 0.5193551778793335}, {""outcome_key"": ""project_topic"", ""outcome_label"": ""Project topic: Career development and professional skills"", ""score"": 0.4580601751804352}, {""outcome_key"": ""positive_interactions"", ""outcome_label"": ""Enhanced positive interactions with people from different backgrounds"", ""score"": 0.4318005442619324}, {""outcome_key"": ""employability"", ""outcome_label"": ""Enhanced employability and improved career prospects"", ""score"": 0.4048338830471039}]"
Career_Youth_Exchange,23,What did you learn during the project?,"Yes, how to react on spot and give counter arguments to topics which I’m not well versed on","Yes, how to react on spot and give counter arguments to topics which I’m not well versed on",negative,-0.2057,True,"[ 9.05073993e-03 -2.42797565e-02 -2.64512450e-02 -4.82349377e-03
  2.04836167e-02  7.44624957e-02  7.42632225e-02  2.17084959e-02
  3.45944129e-02 -5.36784343e-02 -8.82172137e-02  6.28202630e-04
  6.19968399e-03  5.91191761e-02  8.50297436e-02  4.88338359e-02
  3.38414572e-02 -6.52977359e-03 -7.70218729e-04  1.42572597e-02
 -5.72820827e-02  3.25281844e-02  3.24283144e-03 -1.78689752e-02
 -1.23178959e-01 -2.41324641e-02  5.89571707e-02  5.59264049e-03
  7.44209113e-03 -2.93195713e-02 -1.13333389e-02  9.64768454e-02
 -7.94019103e-02  2.71697398e-02 -2.31470354e-02  3.41776647e-02
 -3.80071141e-02  6.90720305e-02  4.17814329e-02  1.04103144e-02
  1.38584785e-02 -2.02257540e-02  1.49687352e-02 -1.31881624e-01
  6.49636015e-02 -3.60210128e-02  1.27803227e-02  6.92329705e-02
 -5.62885627e-02 -7.48246387e-02 -5.07126078e-02 -6.11446388e-02
 -5.30184917e-02 -2.99508832e-02  4.25106697e-02  3.51833515e-02
  4.67680059e-02  4.06441391e-02  3.15607078e-02 -3.56252939e-02
 -1.03297634e-02 -3.74457403e-03 -6.50135055e-02  7.16715753e-02
  9.05933306e-02  6.09487556e-02 -6.21934198e-02  8.32661539e-02
 -1.45314913e-02  1.45430043e-01 -1.51563017e-03  1.04601189e-01
  8.94231722e-02  1.46032209e-02 -1.17259184e-02  1.66892800e-02
 -8.93651396e-02 -8.79126228e-03  4.11229469e-02  8.81727785e-03
 -5.87320501e-05 -4.74410802e-02 -5.19069582e-02 -5.41677810e-02
 -1.42444791e-02 -1.12070441e-01 -8.16736370e-03  7.77869523e-02
 -1.95067078e-02 -2.72321310e-02  4.05478850e-02  1.28804604e-02
  1.08335711e-01  2.23041344e-02  5.90727255e-02  3.50241549e-02
 -3.09377462e-02  2.09823484e-03 -2.71368679e-02  1.50160976e-02
  5.32201901e-02  4.15505059e-02 -9.46566537e-02 -5.14096916e-02
  1.98331382e-03 -5.17307431e-04 -6.59561977e-02 -9.57568549e-03
 -5.17218299e-02 -4.28509228e-02 -2.76238285e-03 -3.98992188e-02
 -1.24490103e-02  1.48549480e-02 -1.15193781e-02 -4.72339503e-02
  1.60418883e-01 -1.84650104e-02  1.09153818e-02 -9.34731215e-02
  3.32832942e-03  1.16204200e-02 -4.13378663e-02  4.82873097e-02
  3.44556011e-02 -1.64587535e-02  7.54692545e-03 -9.90408908e-34
  2.17340086e-02 -2.56955363e-02 -5.35068549e-02  5.18198311e-02
 -3.02626453e-02  3.18693817e-02 -3.02934609e-02 -2.29724664e-02
  6.47732839e-02 -7.73294922e-03  7.51133412e-02  3.50659043e-02
  8.29601586e-02 -2.84383409e-02  6.61114901e-02 -2.22238265e-02
 -5.58375008e-02  1.96316130e-02 -8.77189934e-02 -3.87753919e-02
  1.41688967e-02 -2.81457976e-02 -8.89449790e-02 -4.28156145e-02
 -6.93090865e-03  2.51936596e-02  3.58276889e-02 -3.55873294e-02
 -2.34696772e-02 -2.40420327e-02 -6.85139978e-03 -1.11125913e-02
 -4.99190725e-02  2.92360391e-02  1.82921812e-02  2.94544213e-02
 -1.05563328e-02  3.49767096e-02  1.00048222e-02 -6.37955368e-02
 -1.51371919e-02  2.57899985e-02 -7.34369084e-02  8.42804555e-03
  6.59496784e-02  4.77575622e-02  7.14956298e-02 -7.80677125e-02
 -4.57754545e-02 -1.14967313e-03  6.00138446e-03  4.81441617e-02
  1.69333108e-02 -1.99119728e-02  4.74500051e-03 -1.93279628e-02
 -8.61786529e-02 -1.17065609e-02  2.12963372e-02  5.38342297e-02
  2.03456469e-02  4.68069352e-02 -8.75687823e-02 -4.13472727e-02
 -1.39390677e-01  5.03090844e-02 -3.39607112e-02  4.08885293e-02
  3.24989557e-02 -1.20599419e-02  3.42848971e-02  2.50423662e-02
  7.94923678e-03  7.80735817e-03 -3.61733176e-02  1.10513931e-02
 -1.02274269e-01  1.07837720e-02 -2.55753975e-02 -5.79364076e-02
  8.81378502e-02 -7.82075003e-02  4.38761478e-03 -5.96091384e-03
 -4.92839376e-03 -7.16444477e-02  3.51355225e-02 -4.52647684e-03
  2.09476538e-02 -1.77009143e-02 -1.92740634e-02  2.19769366e-02
  1.37886712e-02 -6.85134018e-03  1.69246066e-02 -1.10882509e-33
 -6.65301308e-02 -4.14520241e-02 -2.50276141e-02  8.32979903e-02
 -2.48830300e-02  5.94253354e-02 -5.59834391e-02 -6.01899140e-02
  5.10593839e-02  3.00517362e-02 -2.44595762e-02  7.75756910e-02
 -1.21511891e-02  1.09496769e-02 -2.35820152e-02 -6.86345920e-02
 -5.76575138e-02 -7.15088006e-03 -3.87082882e-02 -2.68428512e-02
 -4.61161919e-02  6.84232591e-03 -6.89707398e-02 -3.86839584e-02
 -2.61245258e-02  5.46104126e-02  9.02725682e-02 -8.55517983e-02
  6.83838651e-02  8.45039263e-03 -7.71259097e-03 -8.63301940e-03
 -6.37242049e-02 -5.13828658e-02 -4.43622097e-03  3.77327353e-02
  2.87608784e-02 -3.93003523e-02 -1.51439849e-02  2.68033035e-02
  6.36813119e-02 -6.70221448e-02 -9.15914401e-02 -3.75695378e-02
 -5.75272143e-02 -6.72347024e-02  3.67333777e-02  8.10828358e-02
  6.85716420e-03 -1.83483362e-02 -7.10026547e-02 -3.37338150e-02
  7.10628405e-02 -3.46049666e-02 -1.95516720e-02  4.64008329e-03
  6.85284808e-02 -5.78741878e-02  1.24073280e-02  1.57927256e-02
  4.00753394e-02 -2.55445428e-02  1.72612704e-02 -7.93557018e-02
  7.37075657e-02 -8.88984129e-02 -1.08626194e-01  4.55481606e-03
  1.85735480e-04  4.49900664e-02 -3.58259454e-02  3.01657375e-02
 -6.82889745e-02 -3.14120166e-02  9.24717858e-02  1.55832758e-02
  3.47068459e-02 -4.00766991e-02 -3.79804038e-02 -4.96969484e-02
  1.14540264e-01 -4.47517028e-03  3.29234377e-02 -1.65079944e-02
  9.72768816e-04  1.01209134e-01 -9.93520468e-02  1.79441795e-02
 -2.85563637e-02  5.30151604e-03 -6.34289458e-02  1.27852652e-02
  1.16151916e-02 -1.87101364e-02 -5.72919101e-02 -3.05104315e-08
 -2.90036052e-02 -6.02514949e-03  1.34115174e-01  5.24050817e-02
 -1.17958523e-01  3.62123139e-02 -5.11605367e-02 -3.65120918e-03
  1.58638284e-02  5.98657951e-02  1.47552770e-02 -3.98453586e-02
 -6.34617433e-02  2.85409857e-02  4.75894324e-02  7.45314360e-02
  2.27999594e-02 -4.41889055e-02 -4.61505130e-02 -8.55642930e-03
  9.45700482e-02  4.29097340e-02 -1.58424545e-02  5.74117005e-02
  4.39459942e-02  3.40233482e-02  8.27983990e-02  1.13736413e-01
 -2.43013389e-02 -4.92755808e-02 -2.20302064e-02 -4.03152630e-02
 -9.22888145e-02 -1.81429293e-02  1.11380972e-01  6.53313985e-03
  1.09790983e-02  5.02136238e-02  3.22312526e-02  1.04909251e-03
 -1.14246830e-01  4.74708271e-04  2.49282643e-02  8.33214372e-02
  2.98212981e-03  2.43861247e-02 -3.99576910e-02 -1.46963475e-02
 -8.38592649e-02 -1.24733485e-02 -6.84249029e-02 -6.15508407e-02
  4.79371957e-02  2.90532894e-02  7.51158521e-02  6.83313385e-02
 -1.86547637e-02  1.72377750e-03 -3.33115123e-02  5.64103089e-02
  6.82033971e-02  9.18426737e-02 -5.19950911e-02  9.53449756e-02]",other,Other,0.25398391485214233,[]
