project_id,response_id,question,text,sentence,sentiment,sentiment_score,is_learning,embedding,cluster
Nature_Training_Course,2,Overall which training course moments/aspects/processes did you like the most? Why? ,"The practical bit of it was my favourite where we had to create something, it helped me showcase my skills in away that I had to think and transform my thoughts into an art piece","The practical bit of it was my favourite where we had to create something, it helped me showcase my skills in away that I had to think and transform my thoughts into an art piece",positive,0.2732,False,"[-2.27281041e-02  1.13813363e-01  5.35726454e-03 -4.77230810e-02
  6.53424338e-02  3.68869193e-02  6.88670129e-02  2.20469031e-02
  2.18175072e-02 -1.53751196e-02 -5.73914684e-02  6.62202090e-02
  1.83036048e-02  1.09626597e-03  7.62405843e-02  2.45009968e-03
  1.83061697e-02 -8.15595221e-03 -1.87718570e-02 -1.13925468e-02
 -2.84828637e-02  4.22850773e-02  1.65526918e-03 -3.57402600e-02
  2.68915598e-03  7.62642771e-02  8.98518506e-03  4.52266587e-03
  7.27765486e-02 -7.39202648e-02 -7.94555340e-03  5.93750924e-02
  2.30591674e-03 -3.37947085e-02  1.59042906e-02  8.45993683e-02
  2.96000373e-02  1.95574332e-02  1.75607968e-02 -1.26719698e-01
 -3.31060290e-02  2.12984122e-02  4.47091274e-02  4.36271634e-03
  2.88941674e-02 -5.28444871e-02  2.08012648e-02 -5.57170361e-02
  3.04831099e-02  1.36315813e-02 -2.35225074e-02 -4.98099215e-02
 -1.02129087e-01 -1.02123298e-01 -1.52082602e-02  1.97081771e-02
  6.11316413e-02 -2.68135499e-03 -3.67696024e-02 -3.29621285e-02
 -4.28596623e-02  1.02930516e-02  3.36857960e-02 -2.47697681e-02
 -4.50419122e-03 -9.63226482e-02 -4.87489365e-02  1.33040603e-02
 -4.14687814e-03 -6.97506592e-03 -3.70896086e-02  2.90309358e-02
  2.45341137e-02 -4.21535224e-02  2.61898935e-02  1.35302916e-03
 -2.78425999e-02 -1.16097949e-01 -4.93336059e-02 -8.53506848e-03
  3.74713317e-02  6.70468733e-02 -3.61387618e-02  4.53795567e-02
 -4.52553444e-02 -4.51578340e-03  3.12486049e-02  1.75780263e-02
  2.54369713e-02 -5.48930131e-02  4.71938513e-02 -7.10993409e-02
 -6.11420013e-02  5.20270597e-03  6.46420941e-02 -3.99085954e-02
 -6.15219623e-02 -3.85694928e-03  6.33833185e-03  6.45658597e-02
  4.35959883e-02  1.95511207e-02 -3.36120948e-02 -2.00242586e-02
 -1.13488156e-02 -5.06363586e-02 -1.39271207e-02 -2.72835866e-02
 -1.69403758e-02  4.08073049e-03 -1.08324951e-02 -1.83106400e-03
 -3.67457815e-03  1.09399538e-02  3.97362513e-03  5.44588687e-03
 -1.14008645e-02 -4.79555577e-02  1.14076864e-02 -5.17006125e-03
  5.21367118e-02  7.39470124e-02 -1.91441644e-02  4.77597602e-02
 -4.81072441e-02 -8.22419822e-02  4.13715392e-02 -4.86385142e-33
  2.49494556e-02  4.66353558e-02  3.09037063e-02  9.50518996e-02
  1.55588001e-01 -1.69763882e-02 -9.94184241e-03  3.50134857e-02
 -6.41266257e-02 -1.67303216e-02  9.41026211e-02  5.07468469e-02
  6.75137043e-02  8.20255950e-02 -7.87026808e-03 -2.30673905e-02
 -6.64204434e-02 -4.91948891e-03  3.71267572e-02 -2.08150037e-02
 -4.53338325e-02  1.54119330e-02  2.23011803e-02 -3.72211114e-02
 -4.23382372e-02  7.05549642e-02 -3.91968712e-03 -5.28969243e-02
  5.79074840e-04  1.15352953e-02 -1.55460639e-02  7.84341469e-02
 -5.69447316e-02 -6.07481077e-02 -3.53752710e-02  8.80227704e-03
 -3.36167067e-02 -1.52747735e-01  6.48577660e-02  9.83631611e-02
  2.69118883e-02  1.20431129e-02  2.24921778e-02  4.12324630e-02
  2.54924856e-02  6.47580251e-02  3.82870547e-02  1.01491570e-01
 -1.98513139e-02  1.66816943e-04 -2.66795810e-02  4.62749042e-02
  4.97631021e-02 -6.03717789e-02 -7.94261508e-03 -3.28145698e-02
 -9.13191994e-04 -2.15940084e-02  4.62136604e-02 -7.20938370e-02
 -2.62519196e-02  2.32922789e-02  6.55957609e-02  1.40850479e-02
 -4.20913845e-02  3.48494947e-02 -3.44587304e-02  3.47071269e-04
  9.57977213e-03 -1.42908255e-02 -1.62064314e-01  1.83768934e-04
 -7.44544491e-02 -9.41585079e-02 -2.95282546e-02 -3.13342102e-02
 -1.54014844e-02 -8.26030597e-02 -5.28492220e-02 -1.22701460e-02
  2.44072024e-02 -1.17817242e-02 -8.39980990e-02 -4.97158542e-02
  9.12126675e-02 -1.05345082e-02  1.06085621e-01 -1.15246631e-01
 -9.02063623e-02 -1.54579002e-02 -1.54702319e-02 -4.67994623e-02
 -4.27174894e-03 -5.05956970e-02 -6.56868666e-02  1.33571359e-33
 -2.78029423e-02 -5.18661588e-02 -7.40006659e-03  2.58837324e-02
  5.65610826e-02 -8.16998705e-02 -6.19037636e-02 -2.27587633e-02
 -6.75499812e-02  1.26298591e-01  1.99874062e-02  9.17325262e-03
 -1.16425604e-02 -2.79665384e-02 -8.56989995e-02 -5.33000082e-02
 -5.62300906e-02 -1.57511793e-02 -2.99591012e-02 -2.35469802e-03
  3.64224836e-02  7.82532617e-02  4.83736489e-03 -6.55368567e-02
 -2.08322871e-02  7.78027177e-02 -3.56676020e-02 -2.45107561e-02
  1.22290682e-02 -1.87926870e-02 -5.74962096e-03 -1.58085804e-02
 -5.66454865e-02 -6.79922104e-02  1.07218255e-03  6.38982356e-02
 -1.82540956e-04 -6.50176927e-02  1.50123332e-02 -5.98653127e-03
 -4.73172106e-02 -3.63738649e-02  2.27777027e-02  1.25968993e-01
 -3.80553566e-02 -1.72718000e-02 -4.99772690e-02  3.87776904e-02
 -2.59113658e-05  3.98653485e-02 -1.69009436e-02  4.17509265e-02
 -2.46208720e-02 -1.42063633e-01  8.37759767e-03 -1.22105086e-03
  2.53864601e-02 -5.97543530e-02  4.00660746e-02  6.17896132e-02
 -6.58766702e-02  3.19522736e-03 -6.89053759e-02 -7.54870195e-03
  4.93442826e-02 -4.50244099e-02  2.46720593e-02  5.12450263e-02
 -1.29577503e-01  1.21212080e-02 -6.40673116e-02  8.40819106e-02
 -4.27715713e-03  1.04649708e-01  2.28179768e-02  1.01205502e-02
  1.06497198e-01  1.24779632e-02 -1.38803450e-02  1.27940637e-03
 -1.07659139e-02 -5.38140610e-02 -1.00009507e-02 -3.58228758e-02
  9.73413065e-02  1.77062419e-03 -7.92586133e-02 -1.27081955e-02
  5.90001652e-03 -8.29514116e-03  1.08296173e-02  7.88871571e-02
 -3.05048618e-02 -1.14435982e-02  5.98932169e-02 -3.05905523e-08
 -5.93700036e-02  2.30674408e-02  3.38158291e-03  1.25631196e-02
  1.46321766e-02 -3.93042639e-02  3.34511623e-02  1.50356386e-02
 -9.87791866e-02  6.20783977e-02 -1.44908018e-02 -5.89473285e-02
 -7.99457449e-03  1.05903432e-01  1.08457975e-01 -3.26749720e-02
  1.26066029e-01 -4.60163318e-02 -2.13218443e-02 -5.41085377e-02
  5.59804589e-02  3.80691625e-02 -2.93242913e-02 -6.38431236e-02
 -8.36308151e-02  3.25373299e-02  1.18371500e-02 -6.21457025e-03
 -2.06102077e-02  2.49343216e-02  3.65396626e-02  5.24889193e-02
 -2.68163416e-03  7.50677958e-02 -7.01386333e-02  9.30541568e-03
 -1.88191812e-02 -3.97586264e-03 -6.62204111e-03 -7.27440938e-02
  1.23185888e-02  1.17753781e-02  1.54732484e-02  4.96483333e-02
 -3.37023363e-02  3.70096788e-02  9.07622837e-03  9.43537056e-03
 -5.31347394e-02  6.53041601e-02 -1.00984639e-02  1.41348839e-02
  5.32302223e-02  5.80750294e-02  9.95155275e-02  3.74003313e-02
 -1.75379645e-02  3.38191353e-02 -1.00144185e-01  3.67062539e-02
  7.15922862e-02  1.25639364e-01 -1.65420189e-01  1.65407900e-02]",1
Nature_Training_Course,3,Overall which training course moments/aspects/processes did you like the most? Why? ,"Arrival night dinner - delicious meals Day 1 - training Day 2 - training and leading a mediation session. Day 2 - visit to the nature park and all photos taken 😊. Singing together ; I am very glad , every little cell, in my body , is happy and well 🎶 🎵 🥰🥳 Overall, connecting with fellow participants in a friendly, intellectual and convivial manner.",Arrival night dinner - delicious meals Day 1 - training Day 2 - training and leading a mediation session.,positive,0.5719,False,"[ 1.72133557e-02  4.70554568e-02  2.56220363e-02  1.02816932e-01
 -9.05673802e-02  2.60847760e-03 -2.72595440e-03 -1.25300243e-01
 -2.28403639e-02 -1.14194803e-01 -1.28164561e-03 -2.12413538e-02
 -5.68871722e-02  2.06895452e-02  7.10942820e-02 -5.20050563e-02
  1.77177638e-01 -7.80191049e-02  4.87591550e-02 -5.62253669e-02
 -6.88262209e-02 -1.63199808e-02  4.96852435e-02  4.71251942e-02
 -1.63902342e-02  2.28664968e-02  4.72767949e-02  1.18532928e-03
  4.49010469e-02 -1.11260518e-01  1.13049746e-02  3.35640982e-02
 -4.07217816e-02  5.06477356e-02 -1.53474999e-03  5.98945096e-02
  1.09393969e-01 -3.21875103e-02 -1.04902843e-02  3.00280750e-04
  3.31311524e-02  1.76676326e-02  4.27051000e-02 -4.15919274e-02
 -3.41473483e-02 -3.04757990e-02 -6.45594066e-03  4.10840325e-02
 -2.31650099e-02  2.67382758e-03 -6.61262572e-02 -4.34451140e-02
 -2.52594650e-02  7.47811282e-03  5.63988946e-02  5.94534613e-02
 -9.80123132e-03 -2.86233705e-03 -2.42949277e-02  8.57265443e-02
 -7.98970014e-02  5.51359840e-02 -2.19271109e-02 -4.09077033e-02
 -1.30616119e-02 -6.41307607e-02 -5.94480112e-02  5.64241223e-02
  1.80797409e-02 -1.10195577e-02 -2.13820115e-02  4.21375828e-03
  4.00105044e-02  1.02851326e-02 -3.35384607e-02  1.50942588e-02
  7.70268356e-03 -4.24492583e-02  7.76629057e-03 -3.30165811e-02
 -7.22177513e-03  4.08174358e-02  2.75935214e-02  1.93049107e-02
 -7.36332089e-02  2.42774766e-02 -2.66787075e-02  4.46660556e-02
  2.15169359e-02  3.16302180e-02  6.66098157e-03 -5.39662577e-02
 -6.06286563e-02 -5.13867941e-03 -5.59190400e-02  6.01805607e-03
 -9.77908596e-02 -5.53379096e-02  8.78248084e-03  8.35800469e-02
  2.11504512e-02  6.09272756e-02 -1.02910390e-02  1.94167960e-02
 -6.47940487e-02 -3.13915573e-02 -5.57178557e-02 -2.38728635e-02
  1.68230776e-02 -4.69362214e-02  2.08704080e-02  6.83098882e-02
 -3.49255390e-02 -2.13214345e-02 -2.25967262e-02  9.95942205e-02
  4.49376106e-02  2.13829405e-03  2.61214022e-02  5.43275708e-03
 -1.22248642e-02  3.84146646e-02  1.95786003e-02 -3.66064310e-02
 -6.96869865e-02 -8.21585655e-02  2.00009998e-02 -4.96465769e-34
 -1.02341557e-02 -3.20790000e-02  1.33395037e-02  7.66532198e-02
  1.28113478e-01  7.16168387e-03  2.51860246e-02 -6.17291629e-02
  3.03517561e-02 -4.38176803e-02 -1.12381997e-02 -6.87194318e-02
  5.56667484e-02 -4.05606218e-02  4.23076972e-02 -3.38392369e-02
 -5.34616821e-02  1.43049642e-01  2.83197835e-02  2.07085852e-02
 -6.01940695e-03 -3.83800939e-02 -1.83762871e-02  4.46646288e-02
  3.96949872e-02 -1.10086072e-02  3.69680347e-03  3.54804397e-02
  2.16652825e-02 -1.58287100e-02 -1.82944555e-02  1.17370707e-03
 -5.07454341e-03  1.89423151e-02  3.45454970e-03  3.68959247e-03
 -4.59886156e-03 -4.82394956e-02 -9.18227807e-03 -1.72967054e-02
 -3.30910902e-04  3.94237302e-02 -6.56432752e-03  1.30772814e-02
 -3.51089016e-02 -1.55041367e-02 -7.08505698e-03 -2.39094663e-02
  3.53870057e-02  3.34807970e-02 -3.71597521e-02 -3.85745801e-02
  1.38573170e-01 -1.22428276e-01 -8.06238130e-02  3.04580405e-02
 -3.38169467e-03 -4.19938331e-03  5.48770539e-02 -5.25643490e-02
  7.65033215e-02 -5.99757433e-02 -4.02926430e-02  2.42538913e-03
 -1.97416041e-02 -4.41292636e-02 -5.15791029e-02 -1.00728124e-01
  7.20433220e-02 -5.66404164e-02 -1.04282247e-02 -5.61723066e-03
  1.18600480e-01 -4.74373661e-02  7.12831020e-02 -5.43310419e-02
  4.14251536e-02 -6.21328652e-02  7.41314292e-02 -3.17862891e-02
  7.62474835e-02  6.01995774e-02  3.52800544e-03  1.09294362e-01
  1.38837388e-02  4.28109020e-02 -3.78000550e-02 -6.18662611e-02
  4.81434539e-02  9.37941149e-02 -1.13122463e-01 -1.94398332e-02
  5.95214441e-02  1.20409830e-02  1.52519932e-02  2.81408021e-34
  1.42207071e-01 -2.27289298e-03 -8.27908441e-02 -4.66599595e-04
  6.25586957e-02 -5.13286740e-02 -2.34492403e-02  8.27193260e-03
 -2.37298347e-02  3.05758454e-02  1.11482227e-02  7.62980292e-03
 -4.54494953e-02 -4.05905582e-02 -7.90090337e-02 -2.15294864e-02
  1.14594355e-01  6.15958683e-02  4.17533852e-02 -4.49141313e-04
  3.56775597e-02  2.83370409e-02  1.18439924e-02 -5.34447432e-02
  3.62263285e-02  2.61082891e-02  1.09161317e-01  8.61031562e-02
 -7.63149932e-02 -8.90507642e-03  1.06686242e-02 -3.31930481e-02
  4.97240797e-02 -2.41465401e-02 -1.13660144e-02  1.16593912e-01
  9.20213386e-03 -2.17486843e-02 -5.47603741e-02  6.81026578e-02
  1.37022249e-02 -1.01497099e-02 -1.51983062e-02  1.20738924e-01
 -1.36417858e-02  1.50924064e-02  2.73296498e-02 -2.42585894e-02
 -3.53444852e-02 -1.25562008e-02  8.05541567e-05 -6.21530451e-02
 -6.15372658e-02 -3.04581951e-02  3.75957265e-02 -2.76938155e-02
  1.10310204e-01 -7.37280175e-02 -4.75539751e-02 -1.78285334e-02
 -5.65960966e-02  4.93425541e-02 -2.78257392e-02  3.49160023e-02
  3.35391760e-02 -5.90041019e-02 -6.99842945e-02  1.75907221e-02
 -5.41759655e-03  6.42063171e-02 -1.16424985e-01 -7.51702674e-03
  7.52684698e-02  7.20259398e-02 -3.28337476e-02  4.25719703e-03
  1.08902613e-02 -4.44826856e-02 -4.19667996e-02 -3.68591808e-02
 -1.06252640e-01 -1.23243086e-01  7.98919238e-04  2.43550092e-02
  2.43725404e-02  3.69733609e-02  7.79865831e-02  4.37057801e-02
 -5.19872829e-03  8.81823599e-02 -1.85552463e-02 -2.27282457e-02
  4.04374376e-02  3.16195190e-02  2.02630349e-02 -2.26242189e-08
  2.72021741e-02 -7.93662593e-02 -8.58865082e-02  2.37341784e-02
  2.30917111e-02 -1.22911364e-01 -1.22330151e-03 -4.64101993e-02
  2.07999218e-02  2.93520913e-02 -2.40774695e-02  1.06111038e-02
  5.35835661e-02 -2.29992103e-02 -7.48032471e-03  5.18115833e-02
  9.78540406e-02  1.51363648e-02 -9.75538790e-02 -2.74586659e-02
  3.42291296e-02 -5.31349517e-02  1.87369157e-02 -4.04285267e-02
  6.97188303e-02  9.51014273e-03 -3.02451961e-02  1.18929140e-01
  2.53110528e-02  2.91775726e-02  2.54491549e-02  3.56280021e-02
  7.82174896e-03 -3.12290713e-02  3.92232612e-02 -7.27698058e-02
 -6.41830787e-02 -3.43404748e-02  1.34614585e-02 -4.96693775e-02
 -9.03734714e-02  9.47286841e-03  1.32149234e-02 -9.98708652e-04
  2.53286455e-02  6.27068356e-02 -5.17399423e-02  3.38557623e-02
 -3.68241407e-02  2.24572383e-02 -3.33642662e-02  1.18480045e-02
  3.40911150e-02 -1.23546598e-02  1.86346881e-02  5.98322451e-02
  3.91804725e-02 -1.39553333e-02  7.29213953e-02  9.69437696e-03
  2.12173704e-02  7.48010054e-02 -6.83145225e-02 -5.88715672e-02]",2
Nature_Training_Course,3,Overall which training course moments/aspects/processes did you like the most? Why? ,"Arrival night dinner - delicious meals Day 1 - training Day 2 - training and leading a mediation session. Day 2 - visit to the nature park and all photos taken 😊. Singing together ; I am very glad , every little cell, in my body , is happy and well 🎶 🎵 🥰🥳 Overall, connecting with fellow participants in a friendly, intellectual and convivial manner.","Singing together ; I am very glad , every little cell, in my body , is happy and well 🎶 🎵 🥰🥳 Overall, connecting with fellow participants in a friendly, intellectual and convivial manner.",positive,0.9501,False,"[-2.57259328e-02  2.19852664e-02  1.61293317e-02 -3.32312658e-02
 -5.04086986e-02  7.08047953e-03  9.38727260e-02 -5.89908995e-02
  2.14854144e-02 -1.28173374e-03  8.88965428e-02 -5.05072400e-02
  4.57416140e-02 -3.66557278e-02  4.23771217e-02  3.48626338e-02
 -2.55479943e-02  2.40568053e-02 -8.54193121e-02  2.70832120e-03
 -8.29027891e-02 -1.48315048e-02  2.28389259e-02  6.45852536e-02
  6.84367353e-03  4.85053621e-02 -2.89875437e-02 -3.55377719e-02
  5.84933236e-02 -3.12858187e-02 -6.54519722e-02  7.09047019e-02
  9.30501055e-03  5.74346483e-02 -2.93583702e-02  9.13750380e-02
  3.37557159e-02 -6.43969998e-02  1.39208622e-02 -4.43369299e-02
  2.64022201e-02 -3.81170772e-02  7.29525834e-02  1.17568776e-03
 -2.69039366e-02  3.21869459e-03 -5.87491840e-02 -1.92916654e-02
 -3.07727661e-02  2.30050404e-02 -4.18467596e-02 -2.41951854e-03
  9.32511408e-03  7.07074404e-02 -1.02716032e-02  6.64851069e-02
  1.98858567e-02 -3.44600230e-02 -2.76008341e-02  5.20507470e-02
 -3.81288417e-02  2.04382986e-02  6.91149831e-02  2.89334394e-02
 -1.57932099e-02 -1.53621092e-01 -4.29636352e-02  5.83466403e-02
 -3.11534498e-02  7.57366866e-02  1.71582382e-02  2.65562851e-02
  2.35505290e-02 -2.83808541e-02 -3.81050669e-02 -1.29773077e-02
  3.68911028e-02 -1.29082873e-01 -2.92472430e-02  4.21457700e-02
 -1.64624583e-02  2.88566463e-02 -1.05061545e-03 -6.38344064e-02
 -6.20752275e-02 -6.42978698e-02 -5.21877930e-02 -1.61390975e-02
 -9.62570980e-02 -5.61584085e-02 -5.17362654e-02  9.51788425e-02
 -4.53228578e-02 -1.32679511e-02 -9.00369734e-02 -2.82423496e-02
  5.72714917e-02 -5.60632050e-02 -1.70232747e-02  1.84654295e-02
  1.58987772e-02  6.98004141e-02  5.29603660e-02  3.77212614e-02
 -1.07918503e-02 -6.11321591e-02 -4.15170677e-02  5.23219369e-02
  1.68017186e-02 -5.53867035e-02  1.39613422e-02 -1.04953274e-01
  8.53832997e-03  2.57601403e-02  2.41884720e-02  1.15473317e-02
 -6.25374615e-02 -2.94408016e-02  3.39087136e-02  6.11167308e-03
  2.41437531e-03  2.96094716e-02 -2.27996856e-02 -4.48492318e-02
 -2.20654043e-03 -7.25976154e-02  1.20108016e-02 -8.43626122e-34
 -1.42025237e-03  4.16758806e-02  7.50263631e-02  4.02657986e-02
  2.31023114e-02  3.81791289e-03 -8.35757554e-02 -5.13817780e-02
 -9.67423245e-02  3.64373252e-03 -4.64858301e-03  7.75603577e-02
 -7.89964013e-03  9.07646567e-02 -4.24890146e-02 -8.27446580e-02
 -1.22320898e-01 -3.54036726e-02 -2.18220167e-02  9.78776217e-02
 -3.04084141e-02  3.37674245e-02 -4.01199535e-02  1.43201668e-02
  2.71517467e-02 -5.89085445e-02  5.23733869e-02 -5.48205823e-02
 -3.66524309e-02  3.66437784e-03 -6.42276229e-03  5.93974479e-02
 -1.84029918e-02 -5.99872582e-02 -2.44294833e-02 -1.77912749e-02
 -3.48539576e-02 -3.13014984e-02 -1.58307885e-04  3.71432155e-02
  1.52420085e-02 -4.22949046e-02 -5.65652736e-02 -8.03427100e-02
 -2.22216062e-02  8.23696107e-02 -6.60948902e-02  4.26680855e-02
  1.63707957e-02 -1.01192147e-01 -7.10593835e-02 -5.56226708e-02
 -2.12240452e-03 -2.33793352e-02  4.38823253e-02 -1.44363698e-02
 -6.47708494e-03 -9.21411160e-03 -2.65935119e-02 -7.78376358e-03
  1.95042845e-02 -4.95240502e-02 -2.39147972e-02 -7.41492137e-02
  8.56964791e-04  5.01748584e-02 -1.06231468e-02 -1.37273259e-02
  1.14700258e-01 -8.92347246e-02 -5.74819148e-02 -1.10956207e-02
  4.36446816e-03 -1.82817429e-02 -5.04932068e-02 -1.85479950e-02
  4.22359221e-02 -6.50971830e-02  5.08890748e-02  4.00986299e-02
  4.56613265e-02 -1.25749251e-02 -9.21695083e-02  8.59743915e-03
  4.99456003e-02 -2.63272114e-02 -4.13809605e-02 -8.49309564e-02
 -7.53662139e-02  1.12230502e-01 -6.05053268e-02  7.99935777e-03
  8.81445482e-02 -7.60354940e-03 -8.72484371e-02 -1.87253752e-33
  1.12029783e-01  6.39604330e-02  5.14676459e-02  6.76409006e-02
  5.93420267e-02 -4.35457081e-02  4.42084037e-02  3.16631020e-04
  2.12311675e-03  1.40277073e-01 -1.48263192e-02  7.57466909e-03
  4.32324689e-03 -4.16007116e-02 -6.97857141e-02 -1.30122434e-02
  8.83566365e-02  1.06455885e-01  4.41483185e-02  6.76743314e-02
 -5.07515483e-03 -2.00835075e-02  1.64432321e-02  7.49718398e-02
 -5.02838381e-02  3.47478464e-02  7.80943432e-04 -2.11946536e-02
  5.19764088e-02 -2.58351248e-02  3.21907811e-02 -4.96477745e-02
 -4.58822548e-02 -3.79549675e-02  1.82026662e-02  9.22441948e-03
  1.07037527e-02 -7.84530565e-02 -1.66978389e-02 -3.69366780e-02
 -1.39988288e-02 -1.76468734e-02  2.16729268e-02  9.55024734e-02
  7.31533095e-02  1.31793106e-02 -8.66036117e-03  1.96693949e-02
 -1.60486475e-01 -1.06861936e-02 -5.30516580e-02 -7.96751976e-02
 -2.84924824e-03 -5.53140342e-02  2.70146299e-02 -2.47085597e-02
  1.16847895e-01 -1.40880067e-02 -1.02071743e-02 -5.64043559e-02
 -3.14069204e-02  4.00923006e-02  1.48271043e-02  4.85830680e-02
  6.29147096e-03  3.11451610e-02  5.15813269e-02  4.01928574e-02
 -3.26131918e-02  5.53398952e-02 -5.03117032e-02  5.18675074e-02
 -8.22442211e-03  5.00563681e-02 -6.94254115e-02 -2.21954640e-02
 -6.92613646e-02 -1.08389378e-01  1.72515716e-02 -7.80492509e-03
 -4.94293682e-02  7.58123025e-03 -2.72777043e-02 -5.81846051e-02
  7.59898359e-03  1.43575659e-02  3.52201276e-02  8.37706998e-02
 -2.95040812e-02  5.04576601e-02 -2.25733351e-02  8.69803205e-02
 -3.04333512e-02 -4.51592840e-02  3.48815061e-02 -3.44695827e-08
 -3.45682073e-03 -3.25759389e-02 -1.34107340e-02 -1.32113785e-01
  2.37709749e-02 -3.19548622e-02  7.00215846e-02 -1.85194034e-02
  6.54789880e-02  4.78526428e-02  8.57383683e-02  7.85719883e-03
 -5.52605018e-02  7.53120929e-02  5.60006015e-02  1.86817721e-02
 -2.73268912e-02  3.15689594e-02  1.05760535e-02 -4.90730517e-02
  3.26888002e-02  4.16384041e-02 -5.05242907e-02  2.29739118e-03
 -2.37179864e-02  1.97516251e-02 -3.88746783e-02  6.74072728e-02
 -1.35143951e-01 -6.84888139e-02  4.90783677e-02  4.82648015e-02
 -7.11938888e-02  2.52860989e-02 -6.93178969e-03  5.77323139e-04
  4.89735976e-02 -3.46408561e-02  2.99106631e-02 -2.69438457e-02
  8.76091421e-03  6.92630559e-02 -2.46603414e-03 -7.15804007e-03
  6.92797266e-03 -2.65440922e-02  1.17099755e-01  7.35885929e-04
 -1.70555450e-02  1.57189798e-02 -2.29441915e-02 -1.66318342e-02
 -3.15079316e-02  2.05597724e-03 -6.66818256e-03  9.81690809e-02
 -6.14634119e-02  7.81920254e-02  1.17318146e-01  9.61981062e-03
  1.04465641e-01  6.29209727e-02 -3.63280927e-03 -3.59720886e-02]",3
Nature_Training_Course,5,Overall which training course moments/aspects/processes did you like the most? Why? ,I liked the little art project the most. We were really able to work as a team and get creative.,I liked the little art project the most.,positive,0.6,False,"[-3.54915522e-02  8.41824263e-02  1.77013949e-02 -4.72639166e-02
  4.70149629e-02 -1.12979778e-03 -2.39612907e-02 -1.41921211e-02
 -2.35620011e-02  1.98350791e-02 -6.67458996e-02  7.59980828e-02
  2.15980262e-02  6.07891195e-02 -3.89798023e-02  4.18804735e-02
  4.02536951e-02 -9.15474538e-03  4.37358990e-02 -3.70338149e-02
 -7.10304603e-02  2.52015293e-02  6.88251182e-02 -3.16367485e-02
 -5.67457499e-03  5.44303469e-02 -6.74717082e-03 -7.93059729e-03
  5.04831672e-02 -4.23228890e-02 -7.76565298e-02  8.92524198e-02
  1.86302457e-02 -3.96869257e-02 -4.88068908e-03  7.56108016e-02
  5.67530282e-02  3.19675393e-02 -3.18283662e-02  4.09646844e-03
 -8.79012570e-02  1.51416892e-02  4.55939285e-02 -2.48247664e-03
  6.62797410e-03 -1.08119100e-01 -1.43672675e-02 -1.06095560e-01
  6.17669299e-02  1.64851476e-03  5.21222539e-02 -5.30922785e-02
 -1.09135933e-01 -8.61161426e-02 -1.80695821e-02 -6.45050406e-02
 -4.72324947e-03 -3.35618593e-02  2.16158647e-02 -6.85153008e-02
 -1.42190037e-02 -1.19185364e-02  2.42707562e-02  4.36254516e-02
  4.04664502e-02 -1.07700573e-02 -2.85273381e-02  1.38553986e-02
 -6.96510682e-03 -4.42992188e-02 -1.91816352e-02  1.44594787e-02
  1.33203287e-02  6.18867688e-02  3.69311459e-02 -8.38231202e-03
 -4.30832580e-02 -1.55672999e-02 -2.58796345e-02 -4.40341644e-02
  3.09351385e-02 -1.91154033e-02 -5.22658937e-02  5.16110547e-02
 -4.46755812e-02  5.37260110e-03 -1.87062752e-02  7.34664826e-03
  1.16190994e-02 -1.29177356e-02  6.44408911e-02  1.24480985e-02
 -3.70691568e-02  4.30338047e-02  3.75657007e-02 -7.84227848e-02
  6.09991280e-03 -5.49907237e-02 -2.84507163e-02  5.95713891e-02
 -9.58846323e-03 -2.09452938e-02  5.12298569e-02 -8.10110644e-02
  6.66478425e-02 -6.77077323e-02  3.55241895e-02 -3.82022299e-02
 -3.87093499e-02  3.39462422e-02  3.52770253e-03  9.00953356e-03
  1.53817507e-02  1.10618938e-02  4.93800454e-02 -2.16055978e-02
  5.24804257e-02 -1.79510191e-02  1.28995562e-02  3.22100110e-02
  5.61111718e-02  4.47973758e-02 -3.51297930e-02  2.40875478e-03
 -7.44932517e-02 -3.61959115e-02 -3.74807864e-02 -6.09664561e-33
  4.98494431e-02  7.08185583e-02  5.49819171e-02  6.36579618e-02
  1.45311177e-01 -4.50271592e-02  6.01697415e-02  6.32984638e-02
 -9.82813984e-02 -6.15564473e-02  5.24873547e-02  1.61505421e-03
 -2.16650292e-02  8.56213421e-02  3.94590870e-02 -3.86665501e-02
 -3.69719453e-02 -4.83476231e-03 -5.39996894e-03  3.60179432e-02
 -8.88827816e-02  6.96959645e-02  4.07379344e-02  1.05021885e-02
  3.47056240e-02  1.24146111e-01  2.09904481e-02 -3.61526981e-02
 -4.50364081e-04  4.68247123e-02 -2.18627732e-02  6.91169873e-02
 -2.09718924e-02 -2.66737975e-02 -3.43044586e-02 -2.48953849e-02
  1.99668985e-02 -8.88465568e-02  1.84535682e-02  6.19389638e-02
 -8.76724720e-03  6.95239985e-03  3.04602701e-02  3.88128497e-02
  4.89264131e-02  6.09203652e-02  4.76420224e-02  8.29797387e-02
  4.72467169e-02  3.47799882e-02 -2.12465506e-02  4.33954559e-02
 -5.88929513e-03  1.96050480e-02  2.23260969e-02 -6.83649722e-03
 -4.04224508e-02 -6.12554178e-02 -2.56029051e-02 -7.69079626e-02
  3.54394913e-02  9.86277461e-02  2.87943101e-03  3.17952856e-02
  5.12570292e-02  1.29252195e-01 -3.46757285e-02  2.14151163e-02
 -1.92051325e-02 -1.08824288e-02 -1.31932855e-01 -1.56668331e-02
 -4.94110957e-03 -1.67358562e-01 -2.34248443e-03  1.22255096e-02
  2.42717266e-02 -8.67284685e-02 -1.27600536e-01 -6.92326799e-02
 -6.81731058e-03 -2.68217828e-02  1.34906983e-02 -6.38772398e-02
 -1.16501749e-02 -3.08660120e-02  5.25485910e-02 -1.40647301e-02
 -3.19792144e-02 -1.36985509e-02 -3.60264778e-02 -3.34575884e-02
  2.22013239e-02  3.55040072e-03 -5.37186675e-02  5.48669041e-33
  2.18720481e-04 -5.46131916e-02 -2.37023197e-02  2.07151636e-03
  1.25887860e-02 -7.15631107e-03 -7.54312128e-02  1.89497992e-02
  3.72719988e-02  1.42873555e-01  4.90657538e-02 -1.01066353e-02
 -4.35200855e-02 -2.64857225e-02  3.80917266e-03 -4.26532626e-02
  4.20443900e-02 -4.19472717e-02 -2.05567107e-03  1.73858497e-02
  2.35795993e-02  1.13944076e-01 -4.17198129e-02 -8.56429562e-02
  6.48202328e-03  7.61234984e-02 -4.25565355e-02 -6.43143877e-02
  2.12158822e-02 -2.04459969e-02  3.90965641e-02 -9.22641605e-02
 -3.31054516e-02 -2.98873615e-02 -3.39747034e-02  3.93132307e-02
 -1.60173401e-02 -8.15031826e-02 -5.79118077e-03 -3.99924554e-02
  2.16076430e-02 -5.61443903e-02  1.31855607e-02  6.73193857e-02
 -2.54517924e-02 -3.77311930e-02 -9.90936067e-03  4.15669344e-02
 -8.58683232e-03 -9.21144523e-03 -7.05144778e-02 -2.88874353e-03
 -9.15974565e-03 -1.02464020e-01  2.83499956e-02  2.32608058e-02
  8.25534463e-02  7.17826886e-03  2.07496900e-02  5.67015707e-02
 -1.35667741e-01 -2.75650937e-02 -7.26670995e-02 -4.30895649e-02
 -4.77569271e-03  4.93787043e-03 -3.81854852e-03 -1.21167134e-02
 -8.19862485e-02 -1.97622646e-02 -5.24068587e-02  8.15512240e-02
  1.95258372e-02  6.85846061e-02 -7.79978745e-03  2.49484717e-03
  2.63321567e-02  6.25524595e-02  3.46795097e-02 -2.61819530e-02
  2.85288959e-04 -4.26644944e-02 -3.72896716e-02  6.81260484e-04
  8.09535533e-02  8.50635469e-02 -7.71091282e-02 -6.87252656e-02
 -1.02181165e-02  1.03256539e-01  2.30121873e-02  7.69004375e-02
  8.47329944e-02  1.62480343e-02  3.14912722e-02 -1.67863270e-08
  3.67904454e-02  5.97530827e-02  4.36356068e-02 -9.00617689e-02
  2.60599498e-02 -4.53603250e-04 -3.82714048e-02  5.88236302e-02
 -7.07545057e-02  1.01067774e-01  3.83217372e-02  2.48736888e-03
 -1.56996157e-02  9.36087742e-02  1.66273192e-02 -4.86068577e-02
  1.52622893e-01 -6.89954385e-02  1.54960225e-03 -1.84970479e-02
  4.88172332e-03  2.70742327e-02 -1.44978166e-02 -7.13698640e-02
 -7.98698962e-02 -4.87432256e-02 -1.58586272e-03 -3.85205671e-02
 -8.01497512e-03 -1.07032992e-02 -2.01931931e-02  9.07296315e-02
 -6.73711225e-02  8.25562924e-02 -2.27503367e-02  6.41714549e-04
 -1.85341723e-02  4.29997873e-03 -1.99494604e-02 -4.46195640e-02
  4.18242179e-02  4.47561145e-02  4.52390313e-02 -2.43342482e-03
  4.48560789e-02  7.96285048e-02  5.54639548e-02 -1.19711928e-01
  1.45862382e-02  4.47214358e-02 -6.49845079e-02 -1.44541508e-03
  1.46070383e-02  4.54829670e-02  1.18079603e-01  2.16829628e-02
 -1.68172382e-02 -7.91327376e-03 -4.87285256e-02  7.84774795e-02
  3.90062444e-02  1.25323594e-01 -7.41114542e-02  5.72564341e-02]",1
Nature_Training_Course,5,Overall which training course moments/aspects/processes did you like the most? Why? ,I liked the little art project the most. We were really able to work as a team and get creative.,We were really able to work as a team and get creative.,positive,0.4404,False,"[-3.13949510e-02  4.42810990e-02 -1.49320578e-03 -2.97049899e-02
  5.87989576e-02  7.00423261e-03  3.26490169e-03 -1.29787391e-02
  3.62791941e-02 -2.04708222e-02 -5.66794984e-02  7.62228370e-02
  4.32771929e-02 -1.69560388e-02  6.63720593e-02 -4.78245392e-02
 -1.34073300e-02 -7.12385625e-02 -1.32015375e-02 -6.83421791e-02
 -1.86540149e-02  1.29570463e-03  2.62307320e-02 -9.29137040e-03
  9.60064214e-03  3.66794467e-02  3.77407670e-03  2.66604815e-02
  5.98089658e-02 -3.76192965e-02 -4.21982631e-02 -1.34439198e-02
  5.36098443e-02 -4.95063066e-02  8.52533057e-02  6.89379498e-02
  4.66433913e-02  2.39114482e-02  5.82114831e-02 -6.93866387e-02
 -3.39243189e-02 -2.40367241e-02  9.70823318e-03  3.85972075e-02
 -8.51621106e-02  7.60023622e-03  3.36806726e-04 -5.79627827e-02
 -2.88879592e-02  8.44321176e-02 -1.01972669e-02  2.36743223e-02
 -7.76698859e-03 -1.26244485e-01  6.96533546e-02  7.55336434e-02
 -3.31235072e-03 -2.53933575e-02  2.48879567e-02 -3.93534936e-02
 -5.90582825e-02 -2.29727030e-02 -4.85153589e-03  2.34338213e-02
 -4.07160372e-02 -1.17844038e-01 -4.13956121e-02  9.32994038e-02
 -1.12788267e-02 -1.03385366e-01  2.05443092e-02 -3.17276455e-02
  1.54424338e-02 -3.81605676e-03  8.55390504e-02  1.04274511e-01
  2.67881770e-02 -5.58300503e-02  4.28685136e-02 -5.67132141e-03
  1.97906457e-02 -4.36407253e-02 -4.57895324e-02  6.29630536e-02
 -2.84627602e-02 -2.83533987e-02 -7.57036172e-03  3.20669338e-02
  5.91985658e-02 -1.46202715e-02  3.55430841e-02 -3.57549526e-02
  2.95233447e-02  7.82356877e-03  2.71909055e-03 -5.88492490e-02
  9.02751926e-03  1.93041991e-02  3.30816507e-02  9.86604914e-02
 -1.58706252e-02  3.68627347e-02  2.43403739e-03 -8.81004035e-02
 -3.11895297e-03 -5.58830705e-03  7.94428959e-02  1.57727743e-03
  3.71923149e-02  3.23079433e-03 -2.18596403e-02  2.83573363e-02
 -8.08744133e-02  8.65055546e-02  3.52001041e-02 -9.23346654e-02
 -9.62074846e-02 -1.65210199e-02 -2.58641150e-02 -6.89013600e-02
  1.32587090e-01  8.81522447e-02 -4.80566621e-02  6.75325245e-02
 -2.38076132e-02  4.37692963e-02  8.65852013e-02 -5.02779395e-33
  9.38234106e-02  5.43501303e-02  4.61142063e-02  1.25131682e-01
  8.22041482e-02  1.33189689e-02  1.90727990e-02 -2.78043654e-02
 -8.91556442e-02 -2.82736383e-02  5.12549616e-02  3.55799608e-02
  7.71225244e-02 -2.90825199e-02  5.91591708e-02  1.56650494e-03
 -1.16517328e-01 -3.62210833e-02 -5.42467926e-03 -5.88730397e-03
 -6.29569590e-02 -5.03128804e-02  4.33886573e-02 -2.32891329e-02
 -3.97638902e-02  7.28221163e-02 -7.98846409e-02 -2.21701227e-02
  3.40096503e-02 -2.01846045e-02 -7.89763685e-03  6.69165775e-02
 -6.00312464e-02  5.35591245e-02 -7.43254200e-02 -5.08559495e-03
 -2.43686847e-02 -1.33271411e-01  2.42865309e-02  9.14574787e-02
  3.45623679e-03 -3.03734955e-03 -2.38319747e-02 -6.61901291e-03
  5.79849295e-02  6.45291880e-02 -2.83233020e-02  2.81396713e-02
 -4.91281375e-02 -1.48850735e-02 -2.44329534e-02  1.71118621e-02
  4.36190255e-02 -4.17671837e-02 -1.45728560e-03  4.09657918e-02
  5.15978783e-02 -3.25410487e-03 -2.84644222e-04 -1.85671523e-02
 -8.22060183e-03  6.10623024e-02  2.50806492e-02 -1.21226171e-02
 -2.89379917e-02  6.19670451e-02  2.12334991e-02  3.23400758e-02
  5.90516329e-02 -5.25240153e-02 -3.05051338e-02  3.88053851e-03
 -4.21567485e-02 -3.85252982e-02 -2.61520054e-02  2.64556408e-02
  1.63555387e-02 -1.85175110e-02  1.07067265e-02 -2.04079859e-02
 -5.53142570e-04 -3.85098904e-02 -6.04824834e-02 -4.64977324e-02
  9.80816334e-02  9.57051665e-03  7.32725933e-02 -2.65421513e-02
 -1.26464009e-01  7.02430531e-02  3.01746279e-02  3.05576110e-03
  1.07766772e-02 -2.85887644e-02 -2.56475527e-02  3.20146254e-33
 -4.65244949e-02  5.17252907e-02 -9.44241602e-03  4.00419571e-02
  9.58859846e-02 -5.01114503e-02 -6.42645825e-03 -1.85942315e-02
 -1.94240138e-02  9.66856405e-02  8.83075222e-02 -9.87384282e-03
 -3.98563482e-02 -2.05793511e-02 -6.19352460e-02 -5.13706021e-02
  5.63421436e-02 -2.20573805e-02  1.54086631e-02  3.24885361e-02
  4.33349609e-02  7.96616822e-02 -3.14235017e-02  5.67963496e-02
 -1.35486331e-02  7.40190744e-02 -6.10538311e-02 -4.23552208e-02
 -5.84229380e-02 -1.42225092e-02  3.61878015e-02 -1.81174162e-03
 -6.53801411e-02  1.21710673e-02  3.53424847e-02  9.41432174e-03
 -4.91477586e-02 -7.60487001e-03  7.93427322e-03 -2.05470156e-02
 -3.08716819e-02 -6.78318888e-02 -5.77756651e-02  8.97580162e-02
 -1.61582907e-03  1.64990406e-02  2.26406734e-02 -5.56693338e-02
 -6.49356097e-02  4.28366102e-02 -9.44876857e-03  2.39770785e-02
 -1.21723935e-01 -1.22974560e-01 -1.04836542e-02 -1.72010176e-02
  7.57633671e-02 -9.38108787e-02  7.25492463e-02 -6.78510126e-03
 -9.79332924e-02  9.85290576e-03 -2.87877955e-02  1.94689874e-02
  4.45780009e-02  1.29256118e-02 -4.17936891e-02  3.36391665e-02
 -1.43869668e-01  1.26782097e-02 -4.91296872e-02  9.56008062e-02
 -5.28655667e-03  9.61591974e-02 -6.24274276e-02 -1.29039772e-03
 -1.09437399e-01 -1.10927364e-02 -1.12244822e-02 -5.92986634e-03
 -4.29993644e-02  2.60768295e-03 -1.48421638e-02  9.61150799e-04
  2.37826855e-04  1.31745681e-01 -1.85074154e-02  9.22467653e-03
  2.65683830e-02 -2.47717891e-02 -3.11364536e-04 -5.36680408e-02
  6.34039789e-02  3.19413766e-02  4.12172228e-02 -2.16110649e-08
 -1.33159962e-02  6.44741505e-02 -3.41933481e-02 -2.92058457e-02
 -1.43215470e-02 -1.12041282e-02  8.53686407e-03  1.06603615e-02
  8.70437026e-02  4.69252169e-02 -4.75881472e-02 -4.40852977e-02
  3.12127322e-02  8.49778205e-02  1.10643238e-01  5.63307060e-03
  1.51766054e-02  5.07964678e-02 -3.23302858e-02  3.16981152e-02
  1.48295900e-02  9.54911336e-02 -1.10942654e-01 -1.29498588e-02
 -4.66929600e-02  2.76969001e-03 -9.67770964e-02  4.80429223e-03
 -4.00359929e-02  1.84156056e-02 -1.37570342e-02  1.10157451e-03
 -6.38056099e-02  1.50332786e-02  1.16685331e-02 -8.33587199e-02
 -8.75446107e-03 -9.74000692e-02 -7.68178748e-03 -2.34765559e-02
 -3.76198143e-02  9.31673348e-02  2.35796403e-02  5.54660894e-02
 -3.60600762e-02  2.43496858e-02 -4.36481163e-02  4.65636067e-02
 -8.90447423e-02  6.36634603e-03  6.12479588e-03  2.65871007e-02
 -2.68792119e-02  3.99505794e-02  6.53169230e-02 -5.00161164e-02
 -7.36855567e-02  7.26360420e-04 -8.80733207e-02 -3.79097722e-02
  3.03911194e-02  8.75379741e-02 -6.49335682e-02 -5.10854763e-04]",1
Nature_Training_Course,6,Overall which training course moments/aspects/processes did you like the most? Why? ,"Creating from scratch, papers, magazines","Creating from scratch, papers, magazines",positive,0.296,False,"[-5.27926087e-02 -6.81450590e-02 -4.12557125e-02  5.07256836e-02
  1.07521808e-03 -4.52643186e-02 -5.76726347e-02  1.46448938e-02
 -7.10875914e-02  9.71915498e-02 -2.67546065e-02  2.81350985e-02
  2.22412739e-02  3.18593904e-02 -1.28698191e-02 -4.44658212e-02
 -1.64712556e-02 -3.28995893e-03  5.54233696e-03 -2.16645226e-02
 -2.39827298e-02  9.56882257e-03  9.73751862e-03 -4.47810404e-02
  1.02046251e-01  2.34597214e-02  1.04195932e-02 -9.48121175e-02
  7.46301189e-02 -7.54299834e-02  1.04452614e-02  2.93558836e-02
 -3.73445684e-03 -2.96607390e-02  7.65809715e-02  1.13672107e-01
  5.08640520e-02  4.31812294e-02  4.75397110e-02 -3.82088423e-02
 -1.87040009e-02 -4.64701094e-02 -4.75837849e-02  2.37446036e-02
  1.04608327e-01 -5.33068851e-02  2.24569086e-02  1.12257078e-02
  1.57642700e-02  3.87446471e-02 -7.50742331e-02 -6.66964278e-02
 -8.21599513e-02 -6.26768544e-02  4.20344397e-02 -1.61035475e-03
 -3.41405720e-02  1.01081766e-02 -4.44274396e-02 -1.04233526e-01
 -9.85062402e-03  2.87931673e-02 -7.47206807e-02 -4.89107613e-03
  5.84744774e-02  3.05994581e-02 -3.45229767e-02  1.36537507e-01
  1.82621181e-02 -1.11142090e-02 -7.16363592e-03  1.69477370e-02
 -2.10558981e-04  1.18572600e-01  6.14434630e-02 -2.27889773e-02
  2.09828001e-02 -6.84382692e-02 -1.79928839e-02  2.71258485e-02
  3.24402079e-02 -1.46729602e-02 -5.31143025e-02  6.28710464e-02
 -1.09762736e-01 -1.72248874e-02  3.65300663e-02  5.85570149e-02
  3.40122096e-02 -2.59074997e-02 -1.28149856e-02  3.69195757e-03
 -1.68568380e-02 -2.87142061e-02 -2.26540267e-02  2.48065609e-02
  1.11278016e-04 -3.56073231e-02  3.90830524e-02  2.38841809e-02
 -3.72154415e-02 -2.13262271e-02  9.01578367e-02  9.62576456e-03
  4.92307590e-03 -6.81876540e-02 -3.08975987e-02 -4.89221625e-02
 -2.04902403e-02  8.83281827e-02 -6.33618236e-02  2.67024599e-02
 -9.29667056e-02 -2.24479008e-02  7.67190978e-02  9.08550713e-03
  2.08391389e-03 -5.06369993e-02  3.94130908e-02  3.28131653e-02
  5.04452549e-02  5.81275076e-02 -3.59306671e-02 -5.31962775e-02
 -1.15804806e-01  2.00732946e-02 -1.91291552e-02 -2.87519177e-33
  1.11367390e-01  1.17018990e-01  1.50604239e-02  2.08827674e-01
  4.61694337e-02  1.35614527e-02  5.25860228e-02  4.57284003e-02
  8.30370560e-03  6.30380260e-03  6.37473911e-02  8.09255317e-02
 -3.81029248e-02  9.20941085e-02  8.72003436e-02 -2.10836940e-02
 -2.29688007e-02  3.61743907e-04  2.69344412e-02 -2.87159812e-02
 -9.04419944e-02 -8.67524594e-02  3.35434601e-02  2.89547560e-03
  5.65811060e-02  5.80253601e-02  1.66376531e-02 -1.02416262e-01
 -6.84935972e-02 -2.71873698e-02 -9.21260857e-04  1.67338978e-02
 -6.76994445e-03  1.28275752e-02 -6.21089563e-02  6.35305718e-02
 -5.08198254e-02 -3.68480533e-02  1.12633757e-01  2.35484093e-02
 -2.07669605e-02 -1.72286890e-02  6.54196143e-02 -2.15106122e-02
  4.22415324e-02  9.23746526e-02 -6.35759672e-04  2.11861376e-02
  4.00967188e-02  5.04657738e-02 -1.03070289e-02  1.01256566e-02
  2.57831416e-03  2.39857268e-02  8.95524584e-03 -1.08375242e-02
 -1.37804225e-02 -5.73330671e-02  4.15273570e-02 -4.49555032e-02
  3.08274888e-02  1.32537618e-01 -2.91489754e-02  1.29629284e-01
 -2.06163619e-03  7.14808106e-02  1.08995214e-02  4.63171564e-02
  4.92605157e-02 -3.02191321e-02 -3.82408127e-02 -3.46472636e-02
 -1.05950408e-01 -1.30191654e-01 -2.99425013e-02  6.21989705e-02
 -1.77349262e-02 -8.32272768e-02 -5.03403731e-02 -1.06784729e-02
  2.44509298e-02  2.21473947e-02 -7.58792162e-02 -5.77537529e-02
  1.75821371e-02  9.05677117e-03  1.86747685e-02  1.55416597e-02
  1.75260045e-02 -9.97958332e-03 -2.51398813e-02 -1.10089667e-02
  1.31095890e-02 -2.85527017e-02 -6.77243769e-02  5.39555167e-34
 -1.48934387e-02 -1.11401357e-01 -2.77052093e-02  7.67210200e-02
  1.94466878e-02  2.64341682e-02 -9.44808051e-02 -2.79556643e-02
 -3.02814320e-02  4.98578735e-02 -5.74948415e-02 -6.88954666e-02
  4.75322045e-02  5.59750162e-02 -4.99217920e-02 -7.90312290e-02
 -4.13630456e-02 -3.45887360e-03 -2.19875425e-02  3.50985676e-02
 -1.85343681e-03  6.29540458e-02 -6.64099753e-02  3.98027264e-02
  1.17206052e-02 -3.14963646e-02 -4.03881148e-02 -2.77709197e-02
 -3.54046226e-02  6.02192665e-03 -1.88774467e-02 -4.68386523e-02
  5.08470051e-02  6.44895211e-02 -4.47202064e-02  3.22488649e-03
  1.74395982e-02  3.34280333e-03  5.03934510e-02 -4.20288295e-02
  1.69100873e-02 -2.43154187e-02 -1.25106899e-02  1.86645947e-02
 -8.70067775e-02 -8.23779479e-02 -4.01145332e-02 -3.54152313e-03
  1.26257511e-02 -2.44959444e-02  3.47127914e-02 -3.02028633e-03
  2.37423051e-02 -1.40139922e-01 -3.26497145e-02  5.15446952e-03
  6.80412911e-03 -3.54522504e-02  2.98431851e-02  6.58293441e-02
 -5.75717464e-02  1.47104263e-02 -2.08342094e-02  2.55172029e-02
 -4.24476452e-02 -1.53160155e-01  2.14474555e-02  3.46474834e-02
 -1.11696951e-01 -1.58345897e-03  3.98240872e-02  8.50630999e-02
  5.20022362e-02 -4.15597856e-02 -5.56471758e-02  1.67256184e-02
  3.76398601e-02  3.82943824e-02  1.79475558e-03 -1.59015581e-02
  3.38293016e-02  4.47037369e-02 -1.65844969e-02  3.32152732e-02
  4.28263517e-03  3.76375169e-02 -5.04993536e-02 -3.66957001e-02
 -5.28729567e-03 -4.27550264e-02 -4.53754142e-02  3.22562419e-02
  1.97935775e-02  1.16263971e-01 -3.98150347e-02 -1.60778590e-08
 -3.18433554e-03  2.06547836e-03 -1.58056971e-02  3.70605923e-02
 -5.63971698e-02  5.67254387e-02  2.22247206e-02  9.15483944e-03
  7.89861474e-03 -6.60343841e-03 -4.88951057e-02 -2.83377673e-02
 -1.31131941e-02  8.60068277e-02  2.82864645e-02 -3.68767902e-02
  3.81119065e-02 -1.27428444e-02 -1.82890873e-02 -2.38801949e-02
  7.21850917e-02  3.54767703e-02  2.07169130e-02  3.83682176e-02
  3.80851924e-02  1.51933720e-02  3.61806750e-02 -9.21121389e-02
  7.33927777e-03  3.69632319e-02 -3.45064625e-02  6.21070713e-03
  3.77552374e-03  4.13771719e-02 -1.71642397e-02 -9.65562761e-02
  8.63682032e-02  2.87230760e-02 -5.98506257e-02 -5.98756932e-02
 -1.03644850e-02  2.45984714e-03 -1.18570747e-02 -4.59370241e-02
 -5.86691722e-02 -1.63871385e-02 -5.24590313e-02 -3.41079757e-02
  1.70796905e-02  1.27148367e-02 -3.07300836e-02  7.14139687e-03
  1.36240393e-01 -1.09738804e-01  3.84830274e-02  4.39078473e-02
  1.86206998e-05  4.51575741e-02  7.33358860e-02  6.18756562e-02
  1.84271447e-02 -1.19683128e-02  4.13145348e-02  3.87870297e-02]",1
Nature_Training_Course,8,Overall which training course moments/aspects/processes did you like the most? Why? ,"I liked the theoretical part of the project, we learned about something new, all the information was well structured and well presented in order to master it","I liked the theoretical part of the project, we learned about something new, all the information was well structured and well presented in order to master it",positive,0.6,True,"[-6.93866685e-02  5.45063466e-02  1.41550098e-02 -3.37951481e-02
  5.10291047e-02 -2.26115789e-02 -5.48710264e-02  2.36227941e-02
 -1.80906970e-02  2.89355628e-02 -4.49528471e-02  8.95930678e-02
  2.45461357e-03  9.48268455e-03  8.72800034e-03  1.25604626e-02
  5.44571579e-02 -7.13870749e-02  1.79991685e-02 -4.91245948e-02
 -2.35807132e-02 -2.80846823e-02  8.61995667e-02 -7.27957347e-03
 -3.42144407e-02  1.02866888e-01  3.45944352e-02  1.78347528e-02
  5.21965548e-02 -4.83862795e-02 -2.57715322e-02  8.76725987e-02
  3.32998410e-02 -1.26378126e-02  8.63829907e-03  7.55483359e-02
  1.61370859e-02 -8.61776934e-04 -2.06612367e-02 -5.21466061e-02
 -5.93228340e-02 -5.28669509e-04  8.85418728e-02  2.19657701e-02
  3.89115959e-02 -5.38910814e-02  5.73163852e-02 -7.86519498e-02
  2.87639414e-04 -1.33708464e-02 -4.37891744e-02 -9.30251181e-02
 -1.41328434e-02 -7.94412196e-02 -4.66820896e-02  4.05833311e-02
 -1.49574294e-03 -4.40308526e-02 -2.81012673e-02 -7.90939853e-02
  6.62906049e-03  1.04007497e-02 -6.66682050e-02  1.33670196e-02
  1.34129733e-01 -6.24628998e-02 -6.94264695e-02  5.90330176e-02
  5.53010479e-02 -1.14874756e-02  1.89693253e-02  5.05119488e-02
 -5.01199951e-03 -4.46780734e-02  1.42846899e-02 -4.04662676e-02
 -2.94897147e-02  6.79409306e-04  2.83841286e-02  5.95089514e-03
  6.39411733e-02  1.65188219e-02 -2.09667441e-02  6.70730993e-02
 -3.56337288e-03 -3.89824808e-02 -1.25045124e-02  1.75257437e-02
 -6.85015693e-02 -3.88495177e-02  8.30830708e-02 -3.08665261e-02
 -8.81351531e-03  5.19798249e-02  1.81036815e-02  3.23727354e-02
 -4.89090420e-02 -2.17276141e-02  7.68549368e-02  6.26266152e-02
 -3.32902558e-02  5.83073646e-02 -2.72630043e-02 -6.12864904e-02
 -5.07445671e-02 -1.14232227e-02 -1.99202262e-03 -6.14053663e-03
  9.42769833e-03  2.17718873e-02 -8.21279921e-03 -1.17450731e-03
  7.10397144e-04  1.48828691e-02  2.64251567e-02  8.95059295e-03
 -8.69648065e-03  1.54782068e-02 -4.78731692e-02  1.91123299e-02
  4.13423106e-02  1.54936574e-02 -2.50039087e-03  8.45246464e-02
 -9.12400633e-02 -4.78771562e-03 -2.68837158e-02 -3.84571058e-33
  3.16280797e-02  4.75806035e-02  3.61472629e-02  1.45518124e-01
  8.55088755e-02  3.23408954e-02  1.82941966e-02  5.04913367e-02
 -7.27763623e-02 -3.32845263e-02  1.42586663e-01  9.33456607e-03
  2.85710078e-02  6.92883283e-02 -3.03992257e-03 -9.20858532e-02
 -9.56035405e-02  7.81582966e-02 -4.79289480e-02  1.02122203e-02
 -1.56498831e-02  2.86348574e-02  1.97961610e-02 -5.53018786e-02
  8.07179362e-02  7.27012232e-02  4.73256074e-02  3.21647003e-02
 -7.32235750e-03  3.11867855e-02 -2.77418084e-02  3.11584324e-02
 -1.04170077e-01 -3.62186041e-03 -1.72900117e-03  1.87527165e-02
  3.20548266e-02 -1.15400985e-01 -3.44732287e-03 -2.33034091e-03
 -2.68245558e-03  1.86102055e-02  2.28768960e-02 -1.29542788e-02
  1.27061037e-02  2.09768806e-02  3.27355005e-02 -1.46851297e-02
  8.68765078e-03  1.09034050e-02 -5.69195226e-02 -2.84538306e-02
 -2.80803870e-02 -3.56766209e-02  2.02357415e-02  4.61567342e-02
 -2.05022376e-02 -1.73570570e-02  2.54033040e-03 -2.75438861e-03
 -3.26567306e-03  2.82928888e-02 -4.57294285e-02 -2.03988571e-02
 -2.08255220e-02  9.82446969e-02 -4.38933596e-02 -2.85445414e-02
  1.01772189e-01 -6.14956096e-02 -1.36883214e-01  1.40947290e-02
 -2.46158894e-02 -2.42945887e-02 -2.47721002e-02  1.00676098e-03
 -6.47805184e-02  2.81842779e-02 -7.91365188e-03 -9.50679090e-03
  4.54052463e-02 -5.40350750e-02 -2.11060382e-02 -3.35821807e-02
 -2.21598409e-02  2.37918776e-02  4.45996933e-02  2.09164247e-02
 -3.12772766e-02  6.43115342e-02  2.68325415e-02 -1.79778151e-02
  2.01024953e-02  5.22103161e-02  1.61645059e-02  2.15830516e-33
 -6.51966631e-02 -9.72562563e-03 -5.25048934e-02 -2.23439070e-03
  4.68095988e-02 -1.60469674e-02 -1.46343380e-01 -5.81573229e-03
  6.01340970e-03  6.41252622e-02  9.49563384e-02 -6.25456218e-03
 -8.82147178e-02  1.32586500e-02 -4.96323146e-02  2.14831345e-02
  1.14908190e-02 -9.92417932e-02  5.71479760e-02  1.64984930e-02
 -7.56500987e-03  1.03095368e-01 -4.54025716e-02 -1.85676664e-02
  4.47482169e-02  4.19860110e-02 -9.15708486e-03 -1.54439267e-02
  1.60252415e-02 -3.05186156e-02  1.85162260e-03 -6.09121583e-02
 -1.21912852e-01 -5.50648533e-02 -3.43011469e-02  1.05034083e-01
  3.16504613e-02 -3.27582136e-02  2.43219119e-02 -2.56740465e-03
  3.02300118e-02 -1.10210320e-02 -6.84600249e-02 -4.76144701e-02
 -2.15851143e-02 -8.46834257e-02  1.86091922e-02  1.90751813e-02
 -5.28145349e-03  1.65444519e-02 -3.76113504e-02  1.64710674e-02
 -3.56069244e-02 -1.53529167e-01  9.95854568e-03  1.85423382e-02
  9.11504775e-02  6.83959294e-03  8.40031132e-02  1.27663072e-02
 -6.23739772e-02  9.74501891e-04 -1.16898138e-02 -5.13437688e-02
  4.34186455e-04 -3.36619690e-02 -1.94828864e-02  5.91712371e-02
 -3.77494395e-02 -2.18432713e-02 -1.00521848e-01  6.34327754e-02
 -1.31692635e-02  1.19787030e-01  7.63052255e-02 -6.41744733e-02
 -5.97238250e-04 -1.00084320e-02 -4.19989191e-02  8.50523636e-03
 -2.39923652e-02 -1.35097551e-04 -7.37167522e-03 -3.17106433e-02
  1.28129154e-01  7.49754384e-02 -2.28767172e-02 -4.80879433e-02
 -6.48816407e-04 -2.26172786e-02 -6.10030629e-02 -1.96497496e-02
 -4.09821840e-03  7.43806362e-03  1.27512235e-02 -2.91127620e-08
 -5.40887006e-03  4.86747362e-02  1.05894143e-02  7.02959718e-03
  9.05026030e-03 -2.53757816e-02 -6.79125860e-02  2.51845196e-02
 -9.67582688e-02  7.94798601e-03 -1.91378396e-03  4.44143452e-02
 -1.02045357e-01  1.35655433e-01  2.41477191e-02 -3.96771207e-02
  1.30958498e-01  2.48964727e-02 -1.71737056e-02 -6.21490600e-03
  1.02773815e-01  1.18163355e-01  3.16162896e-03 -1.73281599e-02
 -2.18809396e-02  4.70725773e-03  1.15396334e-02 -1.50767947e-02
 -5.04017696e-02  1.28381990e-03 -2.58619543e-02  2.04509385e-02
 -7.74048865e-02  5.87130971e-02  3.22685507e-03  1.37288747e-02
  7.74137909e-03 -3.38581689e-02  5.47304675e-02 -5.14844544e-02
 -2.19571944e-02  5.22691943e-02 -2.15032627e-03  6.13859147e-02
  4.00206447e-03  7.34742209e-02 -7.34959692e-02 -1.05449647e-01
 -4.48599197e-02  1.59397293e-02 -1.19889630e-02  2.41906848e-02
 -3.38715725e-02  6.51257187e-02  1.32544041e-01  5.36564291e-02
  4.07675980e-03 -6.46521673e-02 -1.03934802e-01  4.30924352e-03
  8.11679214e-02  9.32798460e-02 -1.60265207e-01  9.06478986e-02]",1
Nature_Training_Course,9,Overall which training course moments/aspects/processes did you like the most? Why? ,"I loved walking around with everyone and speaking to each member of the team in different places, it was very bonding.","I loved walking around with everyone and speaking to each member of the team in different places, it was very bonding.",positive,0.5994,False,"[-5.19252429e-03  2.86880620e-02 -5.36991097e-03 -5.26157208e-02
  5.35487682e-02 -1.39267007e-02  4.68586534e-02  9.97152831e-03
  4.75268699e-02 -6.44946918e-02  7.55507033e-04  3.52939703e-02
 -3.35656398e-04  7.98765793e-02  9.45351347e-02 -3.45916748e-02
  4.58546635e-03  3.23449203e-04  9.57798120e-03 -6.58882633e-02
 -3.16501670e-02 -6.77034026e-03 -5.45739941e-03  5.80727085e-02
 -3.41928340e-02 -7.34771276e-03  3.14844623e-02  7.89652672e-03
  3.71570736e-02 -2.08441336e-02 -2.08537951e-02  5.90300262e-02
  2.50977557e-02  7.09842741e-02 -5.35679571e-02  1.03584446e-01
  5.90571687e-02 -2.52496246e-02 -1.35827437e-02 -5.95906144e-03
 -2.30794996e-02  5.54480776e-02  8.53573233e-02 -2.11501438e-02
  2.28432175e-02 -7.66080543e-02  3.76119204e-02 -2.97947843e-02
  8.10241699e-03  6.75933436e-02  7.84890801e-02 -5.17769456e-02
  5.53192012e-02 -5.63756190e-03  5.44627160e-02  4.92578149e-02
 -2.95394026e-02  1.16119739e-02 -2.17538960e-02 -2.33487841e-02
  2.48969495e-02 -7.07698315e-02  6.25697430e-03  1.53382439e-02
 -5.82222529e-02 -4.29982394e-02 -2.32194215e-02  7.39219487e-02
  2.23609414e-02 -6.39178604e-02 -6.46621510e-02 -2.26376764e-02
  5.15691899e-02 -5.18068075e-02 -8.94715358e-03  1.03506580e-01
 -4.58582155e-02 -7.38116652e-02 -1.58275533e-02 -2.89896652e-02
  1.83067471e-02 -3.37194800e-02  1.93424746e-02  1.86377969e-02
  1.47825209e-02 -5.17553203e-02 -3.37926508e-03 -4.46455255e-02
 -1.45858899e-02 -1.06432347e-03 -4.67376411e-02  1.04177915e-01
 -2.45271530e-02 -4.96791564e-02 -5.78047149e-02 -3.02692931e-02
 -5.68355620e-02  2.58185007e-02  1.53168682e-02  8.78547877e-02
  2.75481900e-04  3.58246416e-02 -3.14657576e-02  7.04584643e-03
 -2.46163215e-02  9.68428142e-03 -3.08795776e-02 -3.06172688e-02
 -1.62928295e-03  5.50419912e-02 -5.61440811e-02  3.96219678e-02
 -4.03969698e-02  1.02452002e-02 -5.50235882e-02 -4.30300124e-02
 -1.45977065e-02  2.18563639e-02 -9.04989522e-03  7.40630329e-02
  6.96659833e-02  2.70845126e-02  2.19550394e-02  8.67705718e-02
  3.38180810e-02  8.44137743e-03  9.92204994e-02 -2.98016471e-33
  1.03382245e-02 -3.67059768e-03  9.26598068e-03  8.59028473e-02
  2.95935590e-02  1.89583581e-02 -2.55084131e-02 -5.92539981e-02
 -8.48626196e-02 -4.45736907e-02  3.69542255e-03  4.92380448e-02
  1.08069226e-01 -6.99499920e-02 -2.90959626e-02 -4.25647385e-03
 -1.44189164e-01  2.50527710e-02  3.61581929e-02  2.84963008e-02
  5.98237012e-03  5.31355515e-02 -1.56565811e-02  5.05849309e-02
  3.16021703e-02  6.00958392e-02  2.30085431e-03 -8.58849436e-02
  1.01457767e-01  5.01703192e-03  3.00342869e-02  3.79150733e-02
 -5.18469214e-02  1.15051074e-02  2.55129971e-02  4.58379872e-02
  1.64944381e-02 -7.31357262e-02 -2.28675120e-02  4.32348512e-02
  5.74432649e-02 -5.61046489e-02  8.84878263e-03 -9.71863270e-02
  4.57994640e-03  4.24969569e-02 -5.69539927e-02  2.02511642e-02
 -6.38937876e-02 -6.49517030e-02 -9.56265479e-02 -4.82232422e-02
 -6.06128655e-04  3.28646265e-02  4.90188450e-02 -2.30095461e-02
  3.58122326e-02 -3.65578424e-04  2.30984464e-02 -2.96444874e-02
 -3.51870805e-02  4.68693972e-02  1.90104116e-02 -5.51344566e-02
  8.05788673e-03 -4.56710067e-03 -4.74972371e-03  1.05085904e-02
  9.55401361e-02 -9.45607424e-02 -1.71510968e-02  3.18476488e-03
 -2.82585192e-02 -1.20169977e-02 -3.52847725e-02 -4.77629900e-02
 -4.15385850e-02 -1.25243049e-02 -1.87612288e-02 -7.00067729e-03
 -2.80312952e-02 -3.11158076e-02 -3.81805375e-02 -1.83388274e-02
  5.37133478e-02  9.58983880e-03 -1.46406853e-06 -1.09030671e-01
 -1.40228018e-01  3.91561575e-02  2.74931248e-02  1.11512523e-02
  7.52511322e-02 -1.74302654e-03 -2.76099071e-02  1.15318044e-33
  6.92546070e-02  2.57388297e-02  6.31436110e-02 -2.76280325e-02
  5.45172505e-02 -5.36172614e-02 -1.66900121e-02  1.20328572e-02
  3.88352424e-02  1.01333566e-01  1.51204579e-02  1.01643158e-02
 -2.18130043e-03  2.64321845e-02 -4.79256101e-02  1.02192946e-02
  5.83401471e-02 -1.08786803e-02  5.50298616e-02  1.45511115e-02
  4.56228815e-02  1.11263907e-02  2.26422977e-02  3.34725492e-02
 -2.31996700e-02 -9.18806624e-03  7.45746912e-03 -4.32312600e-02
 -2.64389552e-02 -2.07447261e-02  5.25444597e-02  4.53961752e-02
 -2.16588452e-02 -4.71067317e-02  1.77868009e-02  9.00969058e-02
 -7.37144649e-02  1.89341623e-02 -2.77577955e-02 -1.04739785e-01
  1.01513136e-02 -6.49053976e-02 -8.16529840e-02  3.31143141e-02
  4.54043821e-02 -7.21524470e-03 -2.39205454e-02 -5.79063296e-02
 -1.45934254e-01 -1.25436159e-02 -8.23397338e-02 -2.34208722e-03
 -8.42434615e-02 -8.18474293e-02  1.93753466e-02  4.78982404e-02
  9.32373479e-02 -3.33591960e-02  9.49387811e-03 -1.25417382e-01
 -6.95297793e-02  4.48544184e-03 -7.73487762e-02  3.95246707e-02
  5.81723414e-02  5.60434943e-04 -1.02577768e-02 -2.39384286e-02
 -1.00334853e-01  4.60720770e-02 -1.05285704e-01  6.43988997e-02
 -4.94377390e-02  1.16268627e-01  1.06969429e-02 -2.64662560e-02
 -2.26359628e-02 -8.37594047e-02 -7.73821212e-03  5.11011407e-02
 -6.17077202e-02  6.16679788e-02 -3.36756296e-02  3.52753252e-02
  2.87840385e-02  9.86518860e-02 -2.76502687e-02  7.30660036e-02
 -3.79617922e-02  5.04104011e-02  6.21765479e-02 -1.39449481e-02
  5.18493690e-02 -9.35910419e-02  7.25401044e-02 -2.77234218e-08
 -7.72053078e-02  1.13891527e-01 -4.86372635e-02 -2.60554776e-02
  4.46456373e-02 -6.77496046e-02  2.92518456e-02  2.44222265e-02
  2.11895537e-02  1.12300523e-01 -4.75626774e-02  4.22693603e-02
 -1.39691969e-02  6.68031499e-02  1.08339094e-01  1.41813811e-02
  3.00965738e-02 -3.85668799e-02 -2.37628575e-02  5.14716357e-02
  8.97737313e-03  2.20270902e-02 -6.95680529e-02  1.04294345e-02
  8.42531584e-03 -7.11498270e-03 -4.28390875e-02 -6.01143241e-02
  1.12529742e-02 -5.88592961e-02 -2.73668393e-02 -4.06343676e-02
 -7.96720237e-02  5.35057113e-02  1.44176837e-02  5.97087201e-03
 -6.96890708e-03 -7.30019957e-02  9.69164222e-02  2.33854521e-02
 -3.08475993e-03  2.22999007e-02 -3.12295444e-02 -1.27764244e-03
  3.86017933e-02  1.02164701e-01  3.32866460e-02 -1.04991972e-01
 -9.83779356e-02 -4.77495380e-02 -5.35695367e-02  3.06666382e-02
 -4.56300452e-02  3.78779359e-02  6.97769672e-02  3.33152786e-02
 -9.17374641e-02  3.06197815e-03  4.32936661e-02 -2.81588244e-03
 -6.27986295e-03  9.15840343e-02 -1.80869117e-01 -3.52349281e-02]",1
Nature_Training_Course,11,Overall which training course moments/aspects/processes did you like the most? Why? ,The most I liked when we were collaborating on creating projects that possibly can be efficient in reducing contamination in particular areas.,The most I liked when we were collaborating on creating projects that possibly can be efficient in reducing contamination in particular areas.,positive,0.6,False,"[-3.80181335e-02  3.74975763e-02  3.54135334e-02 -2.90857330e-02
  1.12731375e-01 -5.81744313e-02  1.78462192e-02  2.55733002e-02
 -3.60607356e-02 -5.20948926e-03 -1.50444722e-02  7.64657557e-02
  4.41389624e-03  1.18546419e-01 -2.70502362e-02 -1.92472488e-02
  3.59580293e-02 -2.55876873e-02  3.88300535e-03 -4.99084517e-02
 -1.00643978e-01  7.57883163e-03  2.64345296e-02 -1.08721489e-02
 -7.21161021e-03  9.08531919e-02 -5.83987450e-03 -4.52011377e-02
  1.97244193e-02 -3.01929247e-02 -2.76547130e-02  7.21131861e-02
  1.48365218e-02 -6.76516294e-02  3.85072231e-02  6.35695085e-02
  7.93538708e-03  1.75937265e-02  1.76597089e-02 -3.91045399e-02
 -1.16408572e-01 -3.06435656e-02  5.81816491e-03 -2.08530785e-03
 -6.60886094e-02 -1.12147875e-01  5.64059801e-02 -1.14379287e-01
 -1.54085550e-02 -3.94703634e-02  7.99977500e-03 -5.43345995e-02
 -4.17949930e-02 -8.57496709e-02 -1.01250522e-02 -7.90693834e-02
 -4.67553101e-02 -2.72049047e-02 -5.75707369e-02 -3.42573673e-02
 -3.72831933e-02 -4.60010814e-03 -3.31089050e-02  9.01315268e-03
  1.09771349e-01 -2.09119660e-03 -5.60778892e-03  1.24010734e-01
 -1.12541532e-02 -2.48998404e-02 -2.84026004e-02  2.62358282e-02
 -5.30969799e-02 -9.45310481e-03  1.42508689e-02  5.71403094e-02
 -4.09280462e-03  9.62802302e-03  3.75802256e-02 -5.62372357e-02
  4.71192114e-02  1.46949356e-02 -4.55612764e-02  3.06246504e-02
 -1.45467343e-02  8.67005810e-03 -4.00026143e-02  2.67313253e-02
  4.05343585e-02 -6.56464994e-02  1.49510149e-03  5.90569153e-02
  7.04095811e-02 -3.50962952e-02 -5.11938035e-02  3.32182972e-03
 -3.05657014e-02  8.35983455e-03  5.40596060e-02  4.49747480e-02
 -4.92736176e-02 -1.45006645e-02 -4.06285748e-02 -9.33552384e-02
  2.51005571e-02 -4.01480384e-02  4.13175113e-02 -2.19190381e-02
  3.93116027e-02  1.49111338e-02 -7.33372495e-02  1.13947662e-02
 -4.18084934e-02 -1.27958087e-02  1.97382718e-02 -1.19721526e-02
  3.16398777e-02 -2.05487572e-02  1.99939357e-03  3.95679250e-02
  5.83129423e-03 -2.37903837e-02 -6.19094744e-02  3.91384307e-03
  2.82114595e-02  7.38481339e-03 -1.50414333e-02 -2.83463887e-33
  1.54909091e-02  3.61285135e-02  1.81599632e-02  5.14774211e-02
  1.03591219e-01 -3.99447866e-02  2.38576648e-03  3.85135375e-02
 -2.18305439e-02  6.98757241e-04  2.53238734e-02  5.56089059e-02
 -3.45499031e-02  2.76512261e-02  1.05444476e-01 -1.08685598e-01
 -6.74489886e-02  3.76024172e-02 -5.54569848e-02 -4.56371754e-02
 -2.19065752e-02 -2.06070449e-02  2.41043679e-02  6.95588514e-02
  1.33654207e-01 -3.02929841e-02  4.75892499e-02 -4.07582615e-03
  3.83895151e-02  2.80829482e-02  8.44106376e-02  8.41652006e-02
 -5.67036308e-02  5.11122048e-02 -4.64602038e-02  6.95867464e-02
 -1.01212479e-01 -6.22724257e-02  1.48003381e-02  3.49469781e-02
 -2.36428473e-02  1.83903947e-02  8.46289471e-02 -6.74577616e-03
  1.10056676e-01  1.14484336e-02 -2.33646687e-02  5.83765209e-02
  2.47499626e-02 -7.92153627e-02 -1.88124496e-02  6.61550015e-02
  2.77532302e-02  4.29829629e-03  2.50936449e-02  2.70713568e-02
  5.87661266e-02 -6.79928809e-02  3.58863967e-03  5.84760457e-02
 -8.48923028e-02  1.10354200e-01 -7.91747421e-02 -4.09217179e-02
  2.18364950e-02  5.58238663e-02  7.76288062e-02  2.89622955e-02
 -7.29646301e-03 -2.66798097e-03 -1.20571621e-01 -7.25263078e-03
 -6.17208816e-02 -3.81278060e-02 -9.54141989e-02 -3.34247276e-02
 -6.83595464e-02  2.16019228e-02  8.31898581e-03 -5.20478040e-02
 -3.36655900e-02 -2.63870750e-02 -1.87691953e-02 -2.99033746e-02
 -3.35039222e-03  2.73601525e-02  4.12478559e-02  3.35163698e-02
 -2.13342309e-02  8.19634572e-02  1.38226710e-02  2.15636115e-04
  6.29935041e-02 -7.53422081e-03 -3.78486142e-02  7.18161753e-34
  4.93657514e-02 -7.88667202e-02 -7.06796674e-03  4.51483503e-02
  4.18137275e-02 -3.39397900e-02  5.49297454e-03 -8.82626697e-02
  2.29358599e-02  5.57151921e-02 -2.22490393e-02  5.00151925e-02
  3.51450257e-02 -2.83386395e-03 -7.52365738e-02  2.26083174e-02
  1.50357354e-02 -8.83676484e-02  6.92258682e-03 -3.41689065e-02
 -1.24346092e-02  9.96077880e-02  3.26057412e-02 -1.31484494e-02
 -2.54232436e-02  4.25715791e-03 -8.27675015e-02 -6.49579614e-02
 -3.00347968e-03 -5.39427511e-02 -1.05573818e-01  4.47431765e-02
 -4.13883589e-02 -8.75160620e-02 -4.25696187e-02  1.35756424e-02
  3.27487960e-02 -6.56173304e-02 -4.77429032e-02 -4.10335623e-02
  5.43899722e-02 -3.23129855e-02 -7.36131445e-02  6.58436492e-02
 -4.27021943e-02  5.12472205e-02 -7.74620324e-02 -2.75738873e-02
 -1.98964979e-02 -1.68851129e-05 -1.97673831e-02  5.87024279e-02
 -1.11563094e-01 -1.10722773e-01  2.95866448e-02  4.05224897e-02
  1.51209280e-01 -2.21144743e-02  3.47221619e-03  8.20299014e-02
 -1.20712528e-02  2.41933726e-02 -3.12187970e-02  8.46581999e-03
 -2.76036952e-02  2.10522823e-02  7.06413090e-02  1.08554773e-01
 -4.41291966e-02 -2.20100842e-02 -8.51351116e-03  1.27018699e-02
 -2.06055995e-02  1.02216015e-02 -8.14080983e-02 -5.22241630e-02
 -2.08991551e-04 -4.11181375e-02 -6.98428228e-02  2.77188066e-02
  3.97808813e-02  2.20550261e-02 -4.17991951e-02  7.09771216e-02
  6.69905543e-02  2.29923204e-02 -5.06776050e-02 -9.40529406e-02
  2.31783371e-02  8.52255151e-03 -5.85218780e-02 -8.50117281e-02
 -7.62484968e-03  4.92385812e-02  4.51738015e-02 -2.58855568e-08
  3.08508798e-02  5.24704009e-02  8.21675546e-03  4.62457398e-03
  5.04038967e-02 -4.38597016e-02 -7.19125494e-02  1.60850316e-01
  1.70003138e-02  4.67752218e-02 -3.46171558e-02  2.57163551e-02
 -6.63964525e-02  1.14098191e-01  3.04141566e-02 -4.94740233e-02
 -9.69338696e-03 -1.24145644e-02 -8.09234828e-02 -4.81771976e-02
  4.59148809e-02  8.89402330e-02 -3.44494916e-02  2.44357879e-03
  1.77113712e-03  1.45921344e-02  1.55846523e-02  1.29002612e-02
  3.86301354e-02 -2.30633020e-02 -3.31063202e-04  9.70196258e-03
 -9.24368352e-02  3.72217819e-02  3.24754789e-02  5.53637696e-03
 -1.82168391e-02 -3.97398584e-02  2.98236609e-02 -6.73620775e-02
 -5.97613379e-02  7.74621367e-02 -3.75239067e-02  6.30308613e-02
  1.30013814e-02  2.74601430e-02 -6.10569753e-02  4.15790873e-03
 -1.97535306e-02 -6.88047474e-03  1.76944584e-02 -2.79631745e-02
  2.19585635e-02  6.94667175e-02  1.22940779e-01  6.45343512e-02
 -1.11675134e-03 -6.68217689e-02  1.99725572e-02  4.10055881e-03
  1.18737154e-01  4.45840694e-02 -4.97340374e-02  2.20704675e-02]",1
Nature_Training_Course,12,Overall which training course moments/aspects/processes did you like the most? Why? ,I like all,I like all,positive,0.3612,False,"[-7.86979944e-02 -5.46405502e-02 -2.61856942e-03 -9.83479917e-02
 -1.11888526e-02 -2.01157965e-02  6.02234527e-02 -1.82750281e-02
  2.82428823e-02  1.02268837e-01  3.77182774e-02 -5.11949547e-02
 -1.75817758e-02  3.27150151e-02 -3.03770304e-02  4.61311499e-03
  5.53486422e-02  4.49978001e-03 -3.44049670e-02  2.15862114e-02
 -1.52683809e-01  2.92138159e-02  5.53839132e-02 -2.67038979e-02
 -1.00967124e-01  2.72599570e-02  4.12625447e-02 -6.46302011e-03
  6.43966487e-03 -9.39716548e-02 -1.35742083e-01  9.36550647e-02
  2.69085187e-02  4.43867361e-03  1.12780230e-02 -1.84335411e-02
  1.00611122e-02  2.24702153e-02  4.56935205e-02  7.42345378e-02
  3.70472437e-03  2.89762300e-03  6.91292807e-02  4.79878448e-02
 -2.39099432e-02  4.30501252e-02  3.08765844e-02 -9.54485536e-02
  3.92560214e-02  6.47410601e-02  7.44990334e-02  1.64494608e-02
  8.77457764e-03  2.61805467e-02  1.68754216e-02 -1.13729909e-02
 -1.41225547e-01  4.22791839e-02  4.80287559e-02 -6.62462562e-02
  4.49546240e-02  6.35733530e-02 -1.47821195e-02 -5.98245417e-04
  6.25140220e-02 -5.11659533e-02 -4.43572439e-02  2.53759194e-02
 -3.06001101e-02  5.83781712e-02  3.90253738e-02  8.38635266e-02
 -3.68338116e-02  1.90766733e-02  1.69195142e-02  2.69115670e-03
  1.56351682e-02  3.19390707e-02 -7.53137842e-03  3.60630564e-02
 -4.86502470e-03 -3.90358083e-02 -5.57168275e-02 -6.82244152e-02
 -3.79992872e-02 -3.76192853e-02 -1.98239554e-02  3.62542421e-02
 -5.02998680e-02  2.97451168e-02 -6.13547489e-02 -3.24587408e-03
 -6.84560183e-03 -1.60620660e-02 -2.40115616e-02  9.33069885e-02
  4.48580235e-02 -1.06161952e-01 -5.37014380e-02  6.99013174e-02
  9.10801366e-02  4.72237868e-03 -2.97989175e-02  2.97146644e-02
 -6.54172571e-03  4.93155560e-03 -9.35978591e-02 -1.01018220e-01
 -3.27552259e-02 -2.02901494e-02 -6.12578616e-02 -3.22212675e-03
 -1.75754877e-03 -6.06056564e-02  2.07677688e-02  2.74453890e-02
 -1.73497517e-02  5.21464497e-02  8.07139874e-02 -3.53797115e-02
 -5.69337886e-03  3.87927815e-02  2.85898782e-02  2.97100581e-02
 -1.05245367e-01 -3.22974101e-02  1.91551410e-02 -1.94866658e-33
  2.88532372e-03  1.49933901e-02 -2.85933074e-02 -1.25803947e-02
  1.00168802e-01  6.87819421e-02  3.57149318e-02 -1.82968900e-02
 -3.18525955e-02 -1.40509363e-02  1.64159760e-02  1.25856295e-01
 -9.70912203e-02  1.14265107e-01  8.12011808e-02  1.25227985e-03
  6.61991686e-02  4.09154259e-02 -4.26808298e-02 -4.13553603e-02
 -1.92477647e-02  2.01036017e-02 -3.56727242e-02  4.80437502e-02
  1.29147023e-02 -1.29178748e-01  5.74424155e-02 -5.26746921e-02
 -3.07177585e-02  4.72898744e-02 -2.02509817e-02  1.63019425e-03
 -1.34397931e-02  1.91870239e-02 -1.45779774e-02 -4.82753739e-02
 -2.97153387e-02  2.83830916e-04 -6.94555268e-02  6.68757781e-03
 -2.20485069e-02 -1.95036754e-02 -7.94469491e-02  8.80969912e-02
  1.87107176e-02  8.86943638e-02 -4.26422581e-02 -4.61402303e-03
  4.23132479e-02  4.51379679e-02 -1.30977007e-02 -1.82544552e-02
 -1.65384244e-02  6.61332980e-02 -4.02304679e-02 -2.83159837e-02
 -1.06501132e-02  4.02337015e-02  5.02068736e-02 -7.22768437e-03
  2.46898718e-02  2.02798061e-02  1.95966987e-03 -1.32873535e-01
 -3.15727070e-02  7.57693946e-02 -4.94730882e-02 -4.11315775e-03
 -6.39677122e-02 -2.99537554e-03 -8.78814012e-02  7.79605657e-02
  5.91967218e-02  6.41749576e-02 -3.03013232e-02 -2.49064676e-02
  2.63626799e-02  2.48089824e-02 -5.15677268e-03 -8.80381614e-02
  4.46581095e-02  2.96023861e-03 -1.46221472e-02  2.91567910e-02
  1.20040499e-01 -9.80549306e-03  1.06444564e-02 -6.55783415e-02
  2.50751693e-02 -3.28171551e-02 -9.00057778e-02 -2.03152802e-02
  1.59286380e-01  7.31939636e-03 -1.39531136e-01  1.90421122e-33
  1.48292882e-02 -2.44316272e-02 -3.43971676e-03  6.58921674e-02
 -6.28897473e-02 -1.18092094e-02 -6.22179806e-02  2.65409285e-03
  2.02493500e-02  2.04797834e-02  5.67434058e-02 -5.01367413e-02
 -7.04177245e-02 -5.13167679e-02  2.25811899e-02  1.80963427e-02
  8.37176889e-02 -5.19231074e-02 -1.50790587e-02  4.48650159e-02
  4.41500396e-02  5.40193208e-02 -8.87218341e-02  2.83266045e-02
  3.41223739e-02  2.39058863e-02 -3.59941535e-02  5.24796881e-02
  2.30638031e-02  5.28808162e-02  6.62895143e-02 -6.74334867e-03
 -5.21587965e-04  8.86272523e-04 -1.38166314e-03  1.24811018e-02
 -4.67795208e-02  6.00021556e-02 -3.24881636e-02  2.97700614e-02
  2.57747285e-02 -4.81434613e-02 -9.13819484e-03  3.54489982e-02
  2.70843226e-02 -1.19044026e-02 -2.15020515e-02  2.47726627e-02
  2.66847201e-02  6.45470992e-02  1.38919381e-03 -2.05548815e-02
 -2.82977317e-02  6.45322055e-02  5.88858910e-02  3.05393860e-02
  6.60793558e-02  3.80461290e-02 -3.44259888e-02 -1.66491680e-02
 -9.15573388e-02  3.83998714e-02 -3.15235816e-02  1.88886151e-02
  1.46109937e-02 -4.46596630e-02  1.80255324e-02 -7.16734380e-02
 -7.07808509e-02 -4.58897203e-02 -8.28378052e-02 -1.00244932e-01
 -1.27182215e-01 -5.64404065e-03 -4.72168485e-03 -1.06434859e-02
 -7.15070032e-03  2.42852010e-02 -3.05571184e-02  1.17807453e-02
 -4.26622070e-02 -4.48203646e-02 -3.30543146e-03  8.21018219e-02
  3.76663432e-02 -1.17534753e-02 -1.93550438e-02  6.50062785e-03
  2.33015344e-02  8.11826345e-03  6.90897331e-02  3.87374498e-02
  4.01069894e-02 -4.09826078e-02  1.10186577e-01 -1.72584258e-08
 -1.50641901e-02  2.35748570e-02  7.43528157e-02 -3.10449302e-02
  5.62664345e-02 -6.10540714e-03 -1.26246765e-01  1.16733322e-02
  2.90947547e-03 -2.04727091e-02  1.22501418e-01  6.48842454e-02
 -8.29224009e-03  5.69136739e-02  6.84817582e-02 -5.90346120e-02
 -2.79041566e-02 -2.11356836e-03  1.02575924e-02  5.07479273e-02
 -2.96189841e-02  2.53696311e-02  2.40188185e-02  5.80607867e-03
 -1.57629848e-02 -2.03644112e-02 -1.84689593e-02  1.62720289e-02
  2.37323027e-02  6.85940310e-02 -1.15096467e-02  5.22031523e-02
 -1.64313167e-02  7.72073446e-03 -6.06738962e-03  1.47678964e-02
 -1.80632360e-02 -4.10256125e-02  5.46812033e-03 -2.89311074e-02
 -9.61403735e-03 -6.59609735e-02  3.08620874e-02 -8.69788602e-02
 -9.37014297e-02 -3.06468923e-02  2.70547532e-02 -6.87146261e-02
 -7.83876237e-03  2.14438303e-03  1.69345513e-02 -3.21308933e-02
 -1.55345351e-05  6.53689653e-02  1.16507746e-01 -4.87347040e-03
 -3.09841279e-02  3.92304212e-02  7.52045661e-02 -1.34965861e-02
  1.07461229e-01  9.06580761e-02  9.63918120e-02  4.33627479e-02]",3
Nature_Training_Course,16,What were the negative aspects? Please explain.,"Maybe one little thing that the hostel was a bit far away from the venue, but for the two days it was fine for me :)","Maybe one little thing that the hostel was a bit far away from the venue, but for the two days it was fine for me :)",positive,0.7351,False,"[ 7.77719617e-02  2.59649772e-02  1.54894665e-02  7.50719896e-03
  8.24785382e-02 -1.87410787e-02 -6.27261549e-02 -7.28027299e-02
 -3.62141766e-02 -2.49555856e-02  3.12935039e-02  1.72983613e-02
 -7.50489533e-03  4.75604869e-02  4.99477461e-02 -6.25828952e-02
  7.07238615e-02 -1.23680577e-01 -3.43891978e-02  3.05594839e-02
 -2.42249500e-02 -2.85906140e-02  8.97212513e-03  3.71104665e-02
 -5.52732032e-03 -4.68519563e-03  7.13878358e-03 -3.41741182e-03
  1.13992179e-02 -4.49766926e-02 -5.96335791e-02  4.46122773e-02
 -1.14428680e-02 -6.41838685e-02  7.39180744e-02  6.36687949e-02
  3.63946334e-02 -1.06316485e-01  1.18684045e-04 -4.59915511e-02
  1.09586157e-02  1.08591698e-01  1.09693840e-01  3.76562737e-02
 -9.36525222e-03 -6.48939013e-02  6.08154014e-02 -4.75901403e-02
  3.04545593e-02 -2.17299070e-02  4.63418290e-02  6.50336687e-03
  1.94783357e-03 -6.91880584e-02 -8.23435709e-02  2.93568131e-02
  2.03874838e-02  1.78823117e-02 -5.77091193e-03 -2.04375219e-02
 -1.20825032e-02  3.45659396e-03 -4.23767418e-02  1.91867091e-02
  3.02568637e-02 -6.78290054e-02 -7.09817633e-02 -4.40152325e-02
  1.32734582e-01  3.36074717e-02 -7.68775567e-02 -1.87672395e-02
  3.04121803e-02 -6.56080917e-02  1.74558870e-02  1.53678365e-03
 -7.76419267e-02 -4.18744385e-02  1.74476486e-02 -1.91857256e-02
  8.69739428e-02 -2.81949174e-02  2.56069899e-02  4.16925475e-02
  6.56959368e-03 -3.73077281e-02  6.48022145e-02 -1.41976513e-02
 -3.50036994e-02 -2.30743065e-02  1.11818910e-01 -3.63029167e-03
 -5.66968508e-03  8.06547925e-02  3.85352820e-02 -5.42632975e-02
 -1.15916789e-01  7.81229213e-02  3.76460515e-02  3.22112441e-02
 -5.53157646e-03  1.11970194e-01 -2.28564460e-02  3.66999134e-02
 -1.89810414e-02 -4.86249961e-02  2.31964141e-02  2.77310628e-02
 -7.61289448e-02 -7.64530757e-03 -4.74256575e-02  4.94092070e-02
  1.40541241e-01  6.52439445e-02 -3.22491825e-02  7.49400631e-02
  8.05004910e-02  4.42173630e-02  4.39252891e-03  6.28020540e-02
  3.16109620e-02  4.58821505e-02  4.25362624e-02 -7.72333529e-04
 -1.08923033e-01  1.14032514e-02  6.81142658e-02 -2.46529010e-33
 -4.50364165e-02 -1.67960245e-02 -1.02814257e-01 -2.78235879e-03
  1.08382493e-01 -4.78569195e-02 -1.32870480e-01  1.77519061e-02
 -4.30676192e-02  1.03576034e-01  8.31587389e-02 -1.09706514e-01
  7.41728581e-03 -4.51629125e-02 -3.77329960e-02  4.16967981e-02
  1.27184903e-02  2.99575478e-02 -1.08692478e-02  3.11890282e-02
 -5.52002117e-02 -5.34756482e-02 -6.01230655e-03  3.26497220e-02
  1.93450637e-02  1.05046950e-01 -6.54557312e-04  2.25337408e-02
  5.68015911e-02 -9.21851024e-04 -7.74229914e-02 -3.81023576e-03
 -8.10083933e-03 -3.70915271e-02  9.07585323e-02  3.19424197e-02
  2.05543675e-02 -6.56197369e-02 -1.91343501e-02  1.59230754e-02
 -3.06218415e-02 -6.30113936e-04 -3.94120114e-03  3.17863002e-03
 -2.82915365e-02  3.20106037e-02 -2.69731432e-02  3.79609987e-02
  4.55123838e-03  2.10292656e-02 -1.00131847e-01  1.86532140e-02
 -4.76294523e-03 -2.24583782e-03 -3.78970727e-02 -8.38558283e-03
  5.87969981e-02 -2.46869009e-02  5.46890870e-02 -2.12652944e-02
  4.56667505e-02  3.57986912e-02  4.25726204e-04 -1.10929906e-01
  1.33478027e-02 -7.36703947e-02 -5.45146242e-02 -9.27005243e-03
  3.47950161e-02 -7.02064186e-02 -1.77743863e-02  3.71392779e-02
  5.86019382e-02  2.59101624e-04 -4.17198427e-02  1.23238761e-03
 -1.02944598e-01 -3.32293287e-02  2.95819305e-02 -4.76996861e-02
  6.24157302e-02  1.40637811e-02  8.65855720e-03  8.53288174e-03
 -9.58514735e-02 -1.19041605e-02  4.24869433e-02 -7.48192221e-02
 -6.11783192e-02  4.07035500e-02  2.99917907e-03  4.12179790e-02
 -7.46040279e-03 -7.33573437e-02  5.13222963e-02  8.56296035e-35
  9.38166007e-02 -9.47465822e-02 -4.61238623e-02 -1.55471666e-02
 -3.64277512e-03  3.05018434e-03 -1.14965355e-02  7.83011466e-02
  5.32938279e-02  6.74479380e-02 -1.82188284e-02 -1.82756297e-02
  1.71726663e-02 -7.21381977e-02  2.24679876e-02  2.54968125e-02
  8.49573314e-02 -3.44852991e-02  7.38447905e-02  6.96943179e-02
 -1.25634409e-02  1.58154182e-02 -1.83727778e-02 -6.01173230e-02
 -4.00827155e-02  9.62899253e-02 -4.88425083e-02 -5.67753129e-02
 -7.50550553e-02 -2.42673010e-02 -2.77497806e-02  2.57028406e-03
 -1.02588162e-01 -3.52404118e-02  4.86882366e-02  9.74687561e-02
  8.32495373e-03  6.70936843e-03 -5.10269776e-02 -9.48307663e-03
 -2.46516857e-02  5.96725324e-04 -4.57090177e-02  2.84323096e-02
  9.78423953e-02  1.00765266e-02  6.12236559e-03 -1.50117287e-02
 -1.95474606e-02 -1.61959622e-02  4.32717614e-03  2.65311543e-02
 -3.00024450e-02 -5.48776984e-02  2.95728985e-02 -3.92868184e-03
  1.10728629e-02 -4.81324755e-02  8.47732648e-02  5.69701046e-02
 -2.99896859e-02 -2.81271711e-02 -6.04836456e-02  1.12178707e-02
  2.11342005e-03  2.49886718e-02 -4.99085933e-02  8.89272522e-03
  4.16622087e-02  5.05379327e-02 -5.20219691e-02  3.59659828e-03
 -2.90396810e-02  5.76631874e-02 -3.65473283e-03 -2.59118117e-02
  2.20424831e-02  3.41860019e-02  4.81505506e-03  2.82367058e-02
  1.44122839e-02  8.30318406e-03 -4.21340615e-02 -8.37770253e-02
  1.03865013e-01  1.01782596e-02  1.84537861e-02 -2.26825476e-02
 -3.31303217e-02  5.01761623e-02  4.79366034e-02  3.13962325e-02
 -4.11802623e-03 -1.03239613e-02  7.24973455e-02 -2.69694898e-08
 -2.75264941e-02  2.98673380e-02 -4.07181270e-02  2.45390669e-03
 -1.63431875e-02 -1.52790338e-01  3.34408619e-02  3.11867148e-02
 -2.53164377e-02  8.61203149e-02 -3.63577120e-02 -1.92014198e-03
 -3.89516987e-02  4.59724069e-02 -7.67562240e-02  5.24441861e-02
 -6.22079894e-02  9.95640084e-03 -3.13137881e-02  7.04245083e-03
  1.83789581e-02  5.23829684e-02 -5.83090894e-02 -6.06892891e-02
  7.47217564e-05  1.14128422e-02  3.82843800e-02  2.36459374e-02
  1.36040635e-02 -6.25066385e-02  2.20637377e-02 -2.25872844e-02
 -7.34848157e-02 -2.62212828e-02 -6.33826405e-02  5.19003812e-03
  4.42930199e-02 -5.30002564e-02  5.12261018e-02  1.78505238e-02
 -8.64404812e-02 -1.74810097e-01 -2.36375201e-02  7.33398572e-02
  6.84701055e-02  1.38884708e-02  6.26217425e-02  1.00132702e-02
 -1.91936232e-02 -3.93189900e-02 -8.34768079e-03  1.31412437e-02
 -7.70166516e-02  2.53386535e-02  1.09193288e-01 -3.65535915e-02
  9.99464188e-03  3.18635628e-02  1.89575716e-03  2.07447894e-02
 -3.34393494e-02 -8.77219159e-03 -1.62462294e-01  6.85347011e-03]",0
Nature_Training_Course,17,What were the negative aspects? Please explain.,Too short :),Too short :),positive,0.4588,False,"[-4.66616452e-02  5.26777096e-02  5.60443550e-02 -4.74483334e-02
 -2.96378769e-02  2.29376797e-02 -4.37952392e-02  2.78767180e-02
  2.69035692e-03 -1.70840081e-02  4.93730381e-02 -2.63564643e-02
 -1.36535885e-02  1.34535749e-02 -4.17971238e-02 -1.29342685e-02
 -7.54902512e-02  2.61436217e-02 -6.53865039e-02  3.64223053e-03
 -8.52669775e-03  2.79045757e-02 -6.37461292e-03 -1.11734970e-02
 -5.81102744e-02 -5.45958169e-02 -5.28816022e-02  1.04132658e-02
  4.79435129e-03 -1.65894330e-02 -3.70879914e-03  1.08861186e-01
  5.13274595e-02  4.31027263e-02  6.94134831e-02 -1.08293556e-02
  1.63769927e-02  8.27446673e-03  6.98337331e-03 -4.54330556e-02
  1.58743821e-02 -3.15414444e-02  9.47819725e-02  1.07318275e-01
 -1.94977727e-02 -1.68184992e-02 -3.33084688e-02 -5.86979650e-02
 -7.55537525e-02  7.48819783e-02 -6.96582496e-02 -7.63933174e-03
 -2.61792652e-02  2.76389588e-02 -4.12185192e-02 -9.42238420e-02
 -1.65315494e-02 -5.27612641e-02  6.55976981e-02  3.45336869e-02
  2.41609365e-02 -1.51235629e-02 -1.67153284e-01  4.67377305e-02
  6.05937690e-02 -5.14388233e-02 -2.88043637e-02 -8.01538583e-03
 -1.19883694e-01  4.99269553e-02 -7.58184716e-02  3.56168859e-02
 -1.23016089e-01  8.18117931e-02 -5.23360707e-02 -2.70299334e-02
 -2.23454852e-02 -8.91347509e-03 -2.95234732e-02 -8.38068798e-02
 -3.56729552e-02  2.52375863e-02 -1.49317943e-02 -3.15946504e-03
 -7.10630268e-02  4.32427749e-02 -1.15651370e-03 -6.47277460e-02
 -4.59734462e-02 -5.69367185e-02 -1.60451862e-03 -4.61044572e-02
  1.96789559e-02  9.46494099e-03 -2.83446163e-02 -3.99087630e-02
  5.60853705e-02 -3.22846100e-02 -9.20182392e-02  7.30644986e-02
  1.52432062e-02  3.26231942e-02 -3.80991139e-02  5.62386625e-02
 -4.13799062e-02  4.82859127e-02 -2.82698292e-02  4.53898162e-02
 -2.25574375e-04 -5.22927642e-02 -4.25564572e-02  9.43813846e-03
  8.33224580e-02  6.00109994e-02  1.45596231e-03  5.43745160e-02
  1.48201995e-02  3.17569301e-02  6.28969073e-02  9.63281188e-03
  6.74818680e-02  2.10380591e-02 -2.14865692e-02 -1.45064835e-02
 -8.12097490e-02  3.14252935e-02  4.24175784e-02 -2.23183031e-33
 -9.19183120e-02  1.15552559e-01 -1.30891409e-02 -1.97956488e-02
  8.76337290e-02  8.19347277e-02  2.43210886e-02  3.06395139e-03
 -8.29263106e-02  3.69517654e-02 -3.42718102e-02  1.92654971e-02
 -4.91656400e-02  5.82440458e-02 -3.37492954e-03 -1.72740556e-02
 -5.56465462e-02  6.39087930e-02 -1.52309779e-02  6.93889558e-02
  8.42950214e-03 -5.74450158e-02 -4.51722108e-02  6.36905581e-02
  5.06220246e-03  3.57073778e-03 -4.03378159e-02 -6.34024888e-02
 -1.92033648e-02  2.62288451e-02 -1.40527664e-02 -5.73204225e-03
 -2.93350732e-03  1.27213243e-02 -3.05765886e-02 -7.64988810e-02
 -2.45098621e-02 -8.42831582e-02 -2.11146791e-02 -4.08539502e-03
 -1.01240641e-02 -5.02220131e-02  5.77993644e-03  1.00237317e-01
  1.07299397e-02 -3.00669763e-02  6.89594075e-02  7.08622951e-03
  3.26889008e-02 -1.91283058e-02 -6.85888305e-02 -4.16925689e-03
  1.96535308e-02  1.26790199e-02  1.34945652e-02 -1.18191624e-02
  5.13714813e-02 -3.85896415e-02 -5.86086102e-02  1.15849869e-02
 -2.68030055e-02  7.57233649e-02 -2.63390448e-02 -4.40913774e-02
  4.49019186e-02  5.44406883e-02 -5.00345323e-03  6.39256015e-02
  4.38182056e-02 -6.43170923e-02 -5.20922169e-02 -3.52496514e-03
  5.41150048e-02  1.99452490e-02 -3.02095879e-02 -6.64761588e-02
 -3.41068655e-02  3.14289480e-02 -3.08895968e-02 -3.91890332e-02
 -2.58887894e-02 -2.78333928e-02  6.88486360e-03  5.86009957e-02
 -3.67144756e-02 -5.78389689e-02 -3.70891728e-02 -1.25717923e-01
 -2.30456386e-02 -2.00725589e-02 -6.86562657e-02 -7.07042776e-03
  7.97359273e-02 -4.94090021e-02 -6.33822754e-02  6.76108121e-34
  3.44874803e-03 -2.76450589e-02 -7.55653381e-02 -3.62333655e-02
  7.70906061e-02 -1.28448545e-03  4.11788598e-02  2.05121219e-01
 -4.33802158e-02  1.04299933e-01 -8.21599329e-04 -4.75889444e-02
 -8.18339270e-03 -2.52764230e-03  1.03891969e-01 -6.05103262e-02
  5.84536381e-02 -4.89760116e-02 -9.88794863e-03  1.18460823e-02
  3.53556802e-03  4.13643606e-02 -8.05585980e-02  5.51112369e-02
 -3.78321460e-03  4.51036543e-02  1.89687833e-02  7.18935579e-03
 -1.98820848e-02 -3.64356786e-02 -4.28252481e-02 -3.24517712e-02
 -6.11402504e-02  4.05123606e-02  2.00601853e-02  1.26265017e-02
  1.97190102e-02 -3.21050212e-02  4.08202857e-02  1.30645558e-01
  2.41195929e-04 -2.17395090e-02  9.59656388e-02  9.82192457e-02
  2.81112939e-02 -6.80232197e-02  1.83787365e-02  6.50243014e-02
  6.03723414e-02  6.26951382e-02 -5.24304956e-02  2.80315150e-02
  2.40053013e-02  2.76802219e-02  2.77131721e-02 -7.34018534e-02
  4.19285633e-02  1.72602106e-02  1.15874492e-01 -4.54461463e-02
 -3.24137099e-02 -1.36219859e-02 -6.75765350e-02 -4.75780107e-03
  2.02055834e-02  4.58005928e-02  2.03884542e-02  6.30820915e-02
 -4.26333584e-02  7.01453956e-03  1.90266818e-02  3.49575244e-02
 -4.37853709e-02  1.99193414e-02 -1.66885909e-02 -8.09563398e-02
  1.63325407e-02  2.94201495e-03  9.32213441e-02  2.39540059e-02
 -1.91792343e-02 -3.39601263e-02  3.56031628e-03 -6.60187677e-02
 -1.20596439e-02 -4.50570462e-03  1.10245578e-01  9.89795774e-02
  6.04762742e-03  2.35982072e-02 -6.91752881e-02  7.07103238e-02
  6.99697509e-02  3.54943424e-02  2.16776170e-02 -1.67399783e-08
  5.61994426e-02  6.83807805e-02  2.67241690e-02  5.32215349e-02
  6.70130104e-02  3.08452211e-02  2.10035387e-02 -6.51048645e-02
 -2.44528763e-02  4.01640460e-02  1.47937555e-02  1.27554554e-02
  1.43074915e-02  9.53281447e-02 -4.72595505e-02 -4.02122401e-02
 -4.93532307e-02  1.32421121e-01  7.95142725e-03 -5.31039760e-03
 -5.62234223e-02  6.55145049e-02 -5.47971167e-02  4.31940220e-02
 -5.08678518e-02 -5.08711040e-02 -6.05894765e-03  8.95543545e-02
 -4.62624095e-02  1.39462026e-02  4.53129038e-02  8.43772441e-02
 -4.37079631e-02 -3.94010320e-02 -2.55288705e-02 -6.30552545e-02
 -1.21276695e-02  5.43309525e-02  4.20542508e-02  5.44423684e-02
 -2.45584492e-02 -1.42517716e-01  2.64013577e-02  4.72723646e-03
  2.94815004e-02  3.28048766e-02  6.46257624e-02 -8.96801008e-04
  4.45306376e-02 -1.93421040e-02 -2.84308363e-02 -3.62113342e-02
  8.97998959e-02 -2.08323896e-02  4.86957654e-02  4.25706916e-02
  1.67443063e-02  1.08009614e-02  4.47319448e-03  3.82001214e-02
  8.29567015e-02  2.76524685e-02 -1.30691335e-01  4.27188314e-02]",3
Nature_Training_Course,18,What were the negative aspects? Please explain.,No negative,No negative,positive,0.6,False,"[ 1.37131773e-02 -9.41772386e-03 -1.46345422e-02  1.72999464e-02
 -1.02796406e-03 -3.07367798e-02  8.10412318e-02  4.27365191e-02
  3.44753228e-02 -2.39912309e-02  6.45787790e-02 -2.37332452e-02
 -5.45621477e-03  7.40230903e-02  2.79735047e-02  2.11770199e-02
  7.47008771e-02 -9.36635509e-02 -7.34536424e-02 -2.38637719e-02
 -1.05592526e-01 -5.69823086e-02 -5.10931090e-02 -4.78790514e-02
  4.52722088e-02 -5.31684645e-02  7.52491830e-03  4.60421219e-02
  2.34535616e-02 -5.82322963e-02 -6.49604797e-02  1.13439504e-02
  9.95678380e-02 -2.17887145e-02  5.32908784e-03 -3.94206494e-02
 -5.15077002e-02  7.73423016e-02 -7.02846330e-03 -1.79333128e-02
 -1.13523742e-02 -6.45284802e-02 -1.69706251e-02 -6.48500957e-03
  1.24899261e-02 -6.16780818e-02 -9.26717520e-02 -3.66564505e-02
  2.08430327e-02 -8.27100407e-03  1.06839821e-01  4.07999419e-02
 -1.56873986e-02 -1.24441572e-02  2.50075478e-02  6.47501498e-02
 -8.55991468e-02 -5.06960182e-03 -8.47902708e-03  1.09722987e-02
  9.26927850e-02 -7.60072172e-02 -6.28751740e-02 -9.07639340e-02
  7.05969706e-02 -2.28924230e-02 -4.82704453e-02 -1.02568410e-01
  1.15034655e-02  6.39572442e-02  4.45793495e-02  5.90699119e-03
  7.00214878e-03  2.24830676e-02  2.45831348e-03  5.97135015e-02
 -6.56221956e-02  1.07072005e-02  9.17006060e-02 -3.79078351e-02
  3.32415104e-02  1.43292770e-02 -1.33497296e-02 -2.16344856e-02
  3.76100019e-02 -3.91498813e-03  2.04100739e-02  1.65880900e-02
 -2.40631718e-02  6.95387796e-02  4.92348857e-02  1.85086727e-02
  1.06635958e-01 -9.52015165e-03 -3.36611308e-02  2.08195858e-02
 -3.43922898e-02  2.93892156e-02 -4.91618402e-02  1.53103366e-01
 -6.48114160e-02  9.67312083e-02  5.31047874e-04  2.51243636e-02
  1.45479534e-02 -1.55010670e-02 -6.90772384e-02  1.71014331e-02
 -2.40529701e-02  9.33580007e-03 -7.01546967e-02  4.44439016e-02
 -8.66685994e-03 -2.12858319e-02 -2.22924016e-02  2.51074210e-02
 -2.93591768e-02  1.20639235e-01  2.14151461e-02 -8.03093836e-02
  1.25506334e-02  6.08601682e-02 -2.04618070e-02  8.69966000e-02
 -3.24353874e-02 -5.74164242e-02 -8.05676635e-03 -9.89930996e-34
 -1.74200609e-02  3.90304392e-03  6.78391159e-02 -2.88356785e-02
  2.53309105e-02  1.12410011e-02 -4.27751504e-02 -1.61669701e-02
 -4.09173965e-02 -7.45137455e-03  2.71914452e-02  2.63518132e-02
 -2.22830568e-03 -8.79444182e-03  8.53209347e-02  3.51212099e-02
  8.87364801e-03 -2.28413716e-02 -4.99127507e-02  5.43640740e-02
  8.38494673e-03  1.48219131e-02 -1.95598230e-02 -5.13883419e-02
 -5.94645962e-02 -4.47243266e-02 -3.23672071e-02 -9.99841765e-02
 -1.12816185e-01  1.10362954e-02 -1.17661141e-01 -2.39441879e-02
  9.17639956e-03  2.47216355e-02  2.31950879e-02  3.63546014e-02
  3.71625461e-02  3.76845768e-04  7.09630456e-03 -6.90947920e-02
 -7.82814026e-02  2.05986947e-02 -8.57555494e-02 -7.65028670e-02
 -5.41795650e-03 -1.39545240e-02  6.16459288e-02 -9.14644524e-02
 -1.51692126e-02  2.91309692e-02  4.48610149e-02  1.86296105e-02
 -1.14894427e-01  7.71557353e-03  4.80189687e-03 -3.68537419e-02
  5.69402389e-02  8.15706849e-02  5.88930584e-02  4.28208113e-02
  1.66599844e-02  1.49318008e-02 -3.04561835e-02 -8.57698470e-02
 -1.90465711e-02  4.13643457e-02 -1.51145719e-02  9.23903659e-03
  5.70287220e-02  1.91766359e-02 -4.28440236e-02  1.32543612e-02
  4.63543795e-02 -8.62308592e-03  7.46373385e-02 -1.20503195e-02
 -9.33978520e-03  2.19158223e-03  1.01044565e-01 -5.68352416e-02
 -8.15444440e-03 -1.67572517e-02  4.86577861e-02 -1.99451726e-02
 -1.65135879e-02  3.24145481e-02 -8.28336738e-03 -5.62346950e-02
 -2.70906202e-02  2.01093010e-03 -6.56032786e-02  3.53885815e-02
  9.21444409e-03 -2.79636448e-03 -8.26239809e-02  4.71714128e-34
 -1.19454555e-01 -1.38203222e-02 -8.78135189e-02  9.63773206e-03
  3.52480784e-02  3.03316973e-02  8.02239105e-02  8.39202031e-02
  1.47720091e-02  4.90744933e-02  5.11971302e-02  3.18792425e-02
 -4.14896850e-03  2.81628910e-02  3.28094028e-02  1.21481791e-02
  2.01296937e-02 -6.37772307e-02 -1.91969592e-02 -3.79219018e-02
 -2.30651498e-02  9.77377817e-02 -4.78552356e-02  1.42155178e-02
 -4.71398309e-02  4.32463996e-02 -2.67167687e-02  7.24502802e-02
 -1.26591362e-02 -4.84843627e-02  8.62083286e-02  8.38693678e-02
 -9.11571042e-05 -5.26488796e-02 -1.82423349e-02  8.55862573e-02
  4.67461087e-02  6.43233582e-02 -1.32243214e-02  3.55481617e-02
 -6.70274813e-03 -2.71211416e-02  4.10408573e-03  9.05437544e-02
 -1.96685027e-02 -5.00534996e-02 -1.65078212e-02 -2.50084735e-02
  8.31747949e-02  2.32310314e-02 -1.19578652e-01  5.31317592e-02
 -4.78159897e-02  5.48094697e-02 -4.25561853e-02 -1.35830669e-02
  1.82160288e-02 -4.93836366e-02  8.79922807e-02  9.63888504e-03
 -3.25565413e-02  4.02877759e-03 -4.61753607e-02 -5.74793257e-02
  2.72507109e-02  4.69718464e-02  5.65491021e-02  4.13095541e-02
  1.27807594e-04 -9.44553390e-02  6.03760257e-02  8.74514505e-02
 -4.82212082e-02  2.06011962e-02  1.68689154e-02  4.54010721e-03
 -2.72540767e-02  7.96465352e-02 -5.16082197e-02 -8.02865848e-02
 -1.62501261e-01 -4.79473360e-02 -5.52852824e-02  1.16250676e-03
  5.03438786e-02 -3.96247916e-02 -1.02867167e-02  9.10438597e-02
 -3.69446375e-03  3.24609540e-02 -8.60805362e-02  5.93592646e-03
  1.00007076e-02 -3.77295017e-02  1.03985190e-01 -1.96584260e-08
  1.18886624e-02  5.33381291e-02  2.34397706e-02  8.75937641e-02
 -3.61445430e-03 -3.62334624e-02 -2.96591083e-03 -7.62069076e-02
  4.68344521e-03  9.49602053e-02  1.04031757e-01  2.11754385e-02
 -1.06093157e-02 -4.75677252e-02 -6.42759055e-02  7.57257044e-02
  3.91468331e-02  3.82183529e-02  3.44105065e-03 -1.10531133e-02
  5.78092150e-02  3.78629267e-02  3.32792513e-02  7.67183155e-02
 -2.37816833e-02  4.03568754e-03  4.75785285e-02  5.08507900e-02
  2.08029896e-02 -1.46870492e-02 -7.67824147e-03  5.61298244e-02
 -3.64129432e-02  2.91842520e-02 -2.46382244e-02 -9.40754935e-02
 -8.80117938e-02  4.43456545e-02  3.60641889e-02 -9.77905467e-02
 -1.90621223e-02 -1.91633087e-02 -1.30837932e-02 -2.24721897e-02
 -8.49815384e-02 -2.96812560e-02  3.62228719e-03 -3.23340259e-02
  8.62559211e-03  1.47446254e-02  7.18781427e-02  2.84214672e-02
  4.94711064e-02  1.88577529e-02  4.54499461e-02  3.29296030e-02
 -1.26506214e-03  1.46514596e-02 -2.44956575e-02  1.37290554e-02
  1.08521305e-01 -1.74915150e-01  2.44141240e-02  1.05897682e-02]",0
Nature_Training_Course,20,What were the negative aspects? Please explain.,I did not notice any negative aspects,I did not notice any negative aspects,positive,0.4585,False,"[ 5.05682714e-02  4.41297591e-02  5.44618517e-02  1.73532721e-02
  6.66697472e-02 -5.84214181e-02 -1.78740360e-02  2.63627861e-02
  5.81311155e-03 -7.24645332e-02  8.84410739e-02 -1.60293572e-03
  9.91400052e-03 -2.85772514e-03 -2.61246674e-02 -8.91300142e-02
  1.12240694e-01 -8.24615508e-02 -5.81253730e-02  4.28304039e-02
 -9.50590596e-02 -1.70292407e-02  2.29388978e-02  2.81137018e-03
 -2.11651903e-02 -1.36784511e-02  1.21199526e-02  2.23427135e-02
  2.44206581e-02 -7.11515471e-02 -6.97194412e-02  1.00863971e-01
  1.89052499e-03  9.56162810e-03  2.13185661e-02  2.97254603e-02
  6.80789128e-02  9.21937674e-02 -3.05129848e-02 -6.24340288e-02
  7.30453408e-04  1.16281733e-02 -5.47380857e-02  4.72873962e-03
  1.76273901e-02 -1.03987023e-01 -1.96342375e-02 -9.95640755e-02
  4.61365050e-03 -3.85369989e-03  4.16556299e-02 -3.56385000e-02
 -2.76752766e-02 -4.84692790e-02 -3.83977629e-02  2.07781717e-02
 -1.32317748e-02  2.18563317e-03 -3.20803560e-02  7.34468643e-03
  1.06321752e-01 -2.16831602e-02 -3.79581675e-02 -8.20848718e-02
  7.54396543e-02 -4.14081961e-02 -6.01871088e-02 -7.82858431e-02
  4.43716906e-03  9.20031443e-02 -1.59313083e-02 -3.09782624e-02
  3.62799540e-02 -3.86441126e-02 -6.31624386e-02  3.34129669e-02
  1.47327511e-02  6.94892183e-02  1.05992220e-02 -2.78572757e-02
  6.08798079e-02  1.35112274e-02 -4.26537991e-02  6.65677190e-02
 -1.85025409e-02 -2.06478722e-02  8.22416041e-05 -1.49669498e-02
 -9.34797674e-02  4.81907651e-02  2.29691970e-03 -3.60598834e-03
  3.86830121e-02 -3.93962339e-02  5.29016666e-02 -1.48217557e-02
 -6.56189919e-02  6.23639226e-02 -5.50723709e-02  1.12233363e-01
 -2.47032847e-03  5.42594083e-02 -3.17455642e-03  4.30352474e-03
  1.75858103e-02  1.86127122e-03 -3.02058235e-02 -1.41695812e-02
 -1.52986664e-02  3.57190892e-03 -4.38585654e-02  3.29714306e-02
  6.36366531e-02 -5.93117438e-02 -2.83876397e-02 -3.38241993e-03
  7.59829879e-02  7.57074654e-02  8.44999403e-03 -1.37801915e-02
  4.21813037e-03 -2.71376092e-02 -2.88522802e-02  4.70327698e-02
 -5.67003004e-02 -1.80113912e-02  8.48229602e-03 -1.10205286e-33
 -1.68367513e-02 -4.62338738e-02 -9.99572966e-03 -1.97995491e-02
  4.83049713e-02  4.94008604e-03  7.08502252e-03 -2.99078710e-02
  1.47215351e-02  4.72088084e-02  9.86600444e-02  3.40513736e-02
  7.74329575e-03 -1.46954050e-02  5.76389395e-02  1.42172463e-02
 -6.60586134e-02  2.86941882e-02  2.66771950e-02  7.55172893e-02
  2.08982918e-02  3.21546569e-02 -3.30078788e-02 -2.75997706e-02
  2.44974333e-04  1.72911375e-03  1.23526445e-02 -4.79247272e-02
 -1.24517240e-01 -1.06005231e-03 -1.00816891e-01  5.62328510e-02
  2.32691672e-02 -6.09487928e-02  3.70476507e-02  5.46014868e-02
 -2.90806312e-02 -7.36315995e-02 -4.32826653e-02 -2.42895819e-02
 -8.08575675e-02  1.60829071e-02 -9.65782255e-02 -6.51986524e-02
  3.88753461e-03  5.29757887e-02  1.50408283e-01 -3.49249728e-02
 -6.57804981e-02  4.08630781e-02  2.46195868e-02  4.08560373e-02
  6.05982691e-02  5.35983220e-03 -4.07472486e-03  4.33717147e-02
 -1.14324279e-02  3.16310748e-02 -1.95036475e-02  3.60471942e-02
 -3.23195532e-02 -4.60202135e-02 -2.55982447e-02 -1.60888821e-01
 -1.00628264e-01  7.29220361e-02 -6.60107732e-02  2.81850565e-02
 -2.87513006e-02 -1.18931374e-02 -8.67738426e-02  3.35916281e-02
  6.60900250e-02  1.23452721e-02  1.47361506e-03  2.61878688e-02
 -7.37787113e-02  1.32246152e-03  8.33218992e-02 -6.11438341e-02
  6.83053732e-02 -4.74034064e-02  4.64235321e-02 -6.40046000e-02
  6.27667317e-03 -4.52270098e-02  1.11282811e-01  1.26583111e-02
  1.88339669e-02 -2.77562980e-02 -1.62930775e-03  1.67037006e-02
 -2.60374453e-02  2.58298684e-02 -1.47935273e-02 -2.71529552e-34
 -9.60621387e-02 -6.28372058e-02 -8.68442133e-02 -9.10580158e-02
 -5.61082475e-02  1.83192696e-02  4.31747809e-02  9.52431336e-02
  8.02849680e-02 -9.71667061e-04  1.11531369e-01  1.28507456e-02
 -1.15770973e-01  3.44058238e-02  1.51891932e-02 -1.30535923e-02
  9.85795911e-03  7.04824924e-04  7.10895658e-02  1.90910809e-02
  3.98019403e-02  1.13972723e-01 -6.60754666e-02  2.68730242e-02
 -8.76894919e-04  5.35537563e-02 -1.15410360e-02 -1.86123680e-02
 -4.68391925e-02 -6.53632432e-02  6.87901676e-02  1.20222457e-01
 -6.74345493e-02 -1.10081639e-02  2.31651161e-02 -2.24207845e-02
 -3.96173187e-02  2.49447748e-02  4.47285660e-02 -6.49851784e-02
  3.18624526e-02 -9.29560803e-04  4.18028794e-02  1.20109841e-02
 -3.10062841e-02 -2.47902498e-02 -1.15293870e-02  8.69892072e-03
  3.98442969e-02  4.25342135e-02 -1.21214636e-01 -4.97943722e-03
 -1.46935694e-02 -1.12304455e-02 -9.21967847e-04  4.48090257e-03
  6.93929568e-02 -2.70922165e-02  9.56387520e-02  7.98924938e-02
 -3.92344333e-02  4.48036119e-02 -4.10081036e-02 -1.52352095e-01
  2.78773922e-02  2.75619309e-02  1.88833065e-02  6.85229665e-03
  7.45195821e-02 -8.25463086e-02 -5.35448864e-02  7.94153102e-03
 -1.05383828e-01 -9.44738388e-02  1.74592659e-02  2.04216619e-03
 -2.06708703e-02  7.51146674e-02 -2.98281442e-02 -8.04159716e-02
  2.17510462e-02  1.56333123e-03 -4.08525467e-02 -1.25991078e-02
  2.50265338e-02  5.93738928e-02 -1.12641841e-01 -6.25708774e-02
  2.62204036e-02  3.54705639e-02 -4.46552485e-02  2.67187543e-02
 -2.94063147e-02  7.86397979e-02  1.17428735e-01 -1.95045082e-08
 -1.03184367e-02  4.18871827e-02  3.84379737e-02 -5.74514735e-03
 -3.72662209e-03 -1.51389390e-02 -2.34026145e-02  6.02490082e-02
 -2.91204788e-02  8.03041831e-02 -2.26755589e-02 -1.07738627e-02
 -1.09545529e-01 -2.46968847e-02  5.19827679e-02  3.59838717e-02
  4.16956954e-02  2.57739965e-02 -1.30651919e-02  5.11496468e-03
  2.38590129e-02  5.29656447e-02 -5.98085485e-02 -4.78846133e-02
 -2.42444351e-02 -1.28956269e-02  4.08128276e-02  7.01909047e-03
 -2.34263483e-02 -2.84028631e-02  5.16667292e-02  7.09439293e-02
 -3.73150483e-02 -1.91348735e-02  1.20639503e-02  3.61503363e-02
  2.86358595e-02  4.35950905e-02  3.12665403e-02 -7.56530687e-02
 -2.10435521e-02  4.13501859e-02  5.36933765e-02  6.98620304e-02
 -1.09538259e-02  2.37793382e-03  2.35855067e-03  7.36062648e-03
 -4.39700224e-02  3.53022069e-02  8.23649317e-02  7.51403794e-02
  3.30201052e-02  9.27445665e-02  2.33581178e-02  6.49638325e-02
 -9.17961169e-03 -8.45226925e-03  2.69897357e-02  2.83604153e-02
  8.99011493e-02 -5.50115630e-02 -1.02337291e-02 -4.15461026e-02]",0
Nature_Training_Course,23,What were the negative aspects? Please explain.,"Everything was really good, satisfied.","Everything was really good, satisfied.",positive,0.7408,False,"[-6.31881133e-02  4.92304079e-02  6.72925040e-02 -2.48038135e-02
 -9.05599892e-02 -3.57068479e-02 -1.48693826e-02 -1.19358236e-02
 -9.26172361e-02 -5.36035793e-03  4.57681268e-02  5.76575771e-02
  1.74500775e-02 -4.86641563e-02  2.80248765e-02 -1.00285839e-02
  8.94590840e-02 -8.29261988e-02 -5.17216064e-02 -5.89180365e-02
 -5.78199439e-02  1.19681591e-02  4.27148044e-02 -1.81550961e-02
 -3.76280695e-02  1.13292433e-01 -5.43888658e-02 -3.35199162e-02
  4.23723795e-02 -6.90258220e-02 -3.36348712e-02  3.38898785e-02
  6.08454868e-02 -7.30013009e-03  4.59522335e-03  3.50544974e-02
 -1.31558790e-03 -1.19852163e-01 -5.83953224e-03 -4.44576927e-02
  2.32851487e-02 -1.29946051e-02  2.80271452e-02  3.92942429e-02
  1.49717031e-03  5.56017645e-03  1.02769285e-01 -4.18362059e-02
  7.23797455e-02  2.07749568e-02  4.64737080e-02 -5.21836057e-02
 -3.23495530e-02 -6.90614879e-02  4.19697613e-02  9.70465168e-02
 -3.04432083e-02 -4.73132804e-02  9.32552200e-03 -9.87942219e-02
  1.43852113e-02  3.60891707e-02 -2.05752850e-02  7.24059269e-02
  9.87369940e-02 -7.94255510e-02 -8.31706002e-02 -3.66550162e-02
  1.30854326e-03  1.17732398e-01 -3.68025117e-02 -6.43985171e-04
  6.57207966e-02 -4.70460616e-02 -4.99516279e-02  2.94070058e-02
  1.30185597e-02 -4.83929776e-02  2.02315822e-02  2.62384247e-02
  3.48896673e-03 -4.24551405e-02 -5.63315451e-02 -1.83990318e-02
 -9.80010908e-03 -8.70750919e-02 -3.94338137e-03 -3.86182740e-02
 -4.40725870e-02 -1.24007398e-02  2.68231276e-02  4.68320101e-02
 -4.30181324e-02 -6.66723913e-03 -4.26407121e-02 -4.31023724e-02
 -1.26775876e-02 -4.47328091e-02  3.30434069e-02  7.34584033e-02
  1.24091264e-02  7.94666409e-02  3.27738114e-02 -4.60379906e-02
 -6.04286082e-02  9.98738036e-03  2.24452699e-03  1.16874881e-01
 -2.75183190e-02  1.42546650e-02 -6.10616170e-02  8.65630922e-04
  3.85134257e-02  3.20162475e-02  3.34609002e-02  4.31192778e-02
 -2.37089191e-02  1.22341849e-02 -1.93166621e-02 -2.42718849e-02
  4.27454971e-02  3.62400152e-02  4.28253971e-02  4.18471545e-02
 -7.45150968e-02 -4.50609028e-02  1.35180667e-01 -4.35234057e-33
 -1.54231526e-02  3.51689868e-02  3.47410440e-02  7.78805688e-02
  9.87988245e-03  6.40880838e-02 -2.13854201e-02  6.47727819e-03
 -4.44766171e-02  2.91582420e-02 -2.33127214e-02  1.28570184e-01
 -4.46305275e-02 -1.89659651e-03 -4.53435257e-02 -2.34594681e-05
 -6.51232526e-02  3.42286825e-02  4.49404772e-03  1.19502448e-01
 -4.55256738e-02  1.05236769e-02 -3.82883148e-03 -1.70678962e-02
  2.10109148e-02  1.98934060e-02  1.23540116e-02  2.74156258e-02
 -4.58612330e-02 -1.42983561e-02 -3.61940190e-02  3.79673503e-02
  3.60628567e-03 -7.34635070e-03 -7.75886560e-03  1.94304194e-02
 -5.26666641e-02 -4.92002368e-02 -9.05511994e-03  1.59064215e-02
 -1.31860236e-03  2.72747800e-02  3.73329036e-03  2.73427013e-02
 -6.25721365e-02  3.81049775e-02 -5.18686324e-02  7.20937029e-02
  1.71796530e-02 -3.28622237e-02 -7.98548535e-02 -2.19596457e-02
  4.30108681e-02  3.26266279e-03 -8.05729255e-02  3.25958580e-02
 -3.85483466e-02  7.58251846e-02  1.77476089e-03 -5.27126295e-03
  4.98535763e-03 -5.57961538e-02 -7.68112857e-03 -1.70849413e-01
 -8.83168876e-02 -3.38601344e-03  3.46356109e-02 -2.08638068e-02
 -1.78057291e-02  1.82428248e-02 -9.05496553e-02  1.94251873e-02
  2.50416491e-02 -2.20241994e-02  1.87577605e-02  3.32565382e-02
 -1.11566544e-01 -5.32007664e-02 -2.69899666e-02  6.74417168e-02
  4.08657081e-02 -1.66346738e-03  2.13276618e-03 -5.33869341e-02
  6.72020838e-02  3.93087277e-03  3.95672247e-02 -7.91483968e-02
 -2.00979020e-02  6.75688237e-02  1.04698713e-03  2.24762745e-02
  1.03904471e-01 -3.04970685e-02 -2.04602685e-02  2.53876621e-33
  8.48698616e-02  6.55760244e-02 -4.18352559e-02  1.01754144e-01
 -7.07621798e-02  2.68686265e-02 -1.05854362e-01  1.88629739e-02
 -2.41928473e-02  1.16721854e-01  1.04708388e-01  2.75975671e-02
  3.36960517e-02 -3.51733863e-02 -1.01543218e-01  8.14207718e-02
  3.84968445e-02 -2.24185511e-02  8.33621249e-02  4.38416936e-02
  7.22795352e-02  1.15827188e-01 -5.56897558e-03 -3.39181498e-02
 -4.42382209e-02  6.09322824e-02 -2.08052453e-02 -3.39263193e-02
 -1.85192246e-02  3.15977596e-02  9.55092981e-02 -2.41572298e-02
 -8.51876363e-02  1.55058568e-02  4.39050272e-02  2.22385582e-02
  5.14690578e-02  6.58243522e-02 -1.20818689e-02  1.04985675e-02
 -1.99337024e-02 -3.85564789e-02 -7.28716105e-02  1.42349362e-01
  3.06360852e-02 -5.02373986e-02  1.69750117e-02 -6.63531497e-02
 -2.99901292e-02  4.03219312e-02  7.84634054e-03  9.36520752e-03
 -9.78197344e-03 -4.18632589e-02  3.71476002e-02 -8.29144847e-03
  9.45104472e-03 -7.93328732e-02  3.55868302e-02 -5.10248654e-02
 -1.55509815e-01 -1.60590969e-02  1.53322855e-03 -1.09284811e-01
  8.09729993e-02 -1.47571880e-02  2.86829881e-02 -8.75506848e-02
 -4.48385952e-03 -4.41331118e-02 -1.09879114e-01 -4.43125963e-02
 -4.14745510e-02  6.40979782e-02  1.05083905e-01 -5.32278186e-03
 -4.59413463e-03 -7.89709091e-02  5.51718054e-03  2.21645255e-02
 -4.42922935e-02  1.65740829e-02  8.45389813e-03 -2.69829035e-02
  1.27611458e-02  5.69702424e-02 -1.09234462e-02 -1.04794197e-01
 -2.05946099e-02  4.81875986e-02  1.11431312e-02  2.06235424e-02
 -5.61222667e-03  3.96342017e-02  5.30118831e-02 -1.74212431e-08
 -2.05649319e-03  1.83783472e-02 -1.25649199e-01 -5.57954423e-03
 -1.86395701e-02 -3.31286192e-02  4.54098992e-02  1.88137852e-02
 -2.43729968e-02  6.59495294e-02 -1.79715306e-02  2.17830222e-02
 -3.50146852e-02  5.94034381e-02  8.70357454e-02  2.25856807e-02
  4.74976823e-02  9.75527242e-02 -4.38336618e-02  2.26237588e-02
  3.01016271e-02  4.26356718e-02 -4.21907417e-02 -3.23130190e-02
  6.10733405e-03  3.53146866e-02 -2.42860019e-02 -4.53697145e-02
 -3.74825336e-02  2.10197363e-02  5.77208996e-02 -5.75979874e-02
 -2.58449372e-02 -2.53815483e-02 -3.98661494e-02  3.57021466e-02
 -2.77291983e-02 -1.70865003e-02  1.01796687e-01 -5.27500063e-02
 -1.92789119e-02  3.90096568e-02 -2.64305547e-02  2.85153911e-02
  3.54650095e-02 -2.78601702e-02  4.72698547e-02  1.19610690e-03
 -5.13513684e-02 -7.19511649e-03  5.29985875e-02  1.90449841e-02
 -5.18231653e-02  1.70568116e-02  5.08763529e-02 -8.67545381e-02
  4.12107632e-03 -1.79065596e-02  5.04529919e-04  6.56624064e-02
  2.68918257e-02  1.05470112e-02 -3.33969109e-02  2.17161961e-02]",3
Nature_Training_Course,24,What were the negative aspects? Please explain.,No negative aspects,No negative aspects,positive,0.6,False,"[ 4.19513732e-02  9.45398137e-02  3.19261067e-02 -1.01318154e-02
  2.76520383e-02  9.33399773e-04  2.93453317e-03  1.29910363e-02
 -5.85033745e-03 -6.13675267e-03  7.47790709e-02 -2.79001407e-02
 -2.16491576e-02  1.72190163e-02 -3.28855403e-03 -1.12243548e-01
  1.28785312e-01 -7.00245872e-02 -6.72068223e-02  6.86630458e-02
 -8.66924599e-02 -5.16236573e-02 -2.01624855e-02 -1.42332269e-02
 -4.71651517e-02 -6.72806706e-03  1.55179761e-02 -1.47458268e-02
  3.04844789e-03 -9.69607234e-02 -3.64202149e-02  1.17321134e-01
 -1.20413126e-02  1.62621662e-02 -7.09142187e-04  2.86244545e-02
  2.40974352e-02  8.97420347e-02 -1.87996067e-02 -4.50989082e-02
 -2.36883536e-02  4.68984758e-03 -5.73905297e-02  1.86152011e-02
  6.97912462e-03 -7.54615292e-02 -3.94349918e-03 -7.50230253e-02
  2.51737498e-02 -7.84043688e-03  4.66320710e-03 -1.75624397e-02
 -3.05402614e-02 -7.44995382e-03  7.77430832e-03  1.78547502e-02
 -2.61658467e-02  1.62922814e-02 -3.36396247e-02  2.24707611e-02
  1.11655779e-01 -1.72419846e-02 -6.49112985e-02 -8.94596800e-02
  1.36053175e-01 -2.11415142e-02 -6.23508953e-02 -2.25082040e-02
 -3.39402109e-02  1.21641599e-01 -1.89807937e-02 -3.15155126e-02
 -4.67423769e-03 -6.33859634e-02 -4.22665812e-02  2.91141793e-02
  6.95444597e-03  2.56845802e-02  1.87477078e-02 -4.51257639e-03
  6.17327876e-02  6.55663153e-03 -2.96880882e-02  4.40552980e-02
 -1.66289397e-02 -1.23897670e-02  1.65177349e-04 -4.03460711e-02
 -7.47587308e-02  3.71192098e-02 -8.13135207e-02 -2.87743695e-02
  5.98466210e-02 -5.66278398e-02  4.75624837e-02  2.31426321e-02
 -6.55187592e-02 -8.00581463e-03 -5.51426932e-02  1.36051267e-01
 -4.25187498e-03  9.67378765e-02  2.15413701e-02 -2.45173629e-02
  2.20571104e-02 -1.75331254e-02 -2.74651088e-02 -1.98376961e-02
 -1.26459310e-02 -1.68913212e-02 -2.36612335e-02  3.29025425e-02
  5.37748970e-02 -9.26572680e-02  3.98456817e-03 -4.96319383e-02
  6.40801191e-02  6.31655231e-02 -1.39209174e-03 -3.88377979e-02
  4.34377417e-02 -1.94100961e-02 -4.25315090e-02  6.53493851e-02
 -7.47048110e-02 -3.01377345e-02  3.63142230e-03 -2.02999940e-33
 -2.55586375e-02 -1.28551200e-02  1.07466162e-03  6.06806902e-03
  5.45198321e-02 -9.39875282e-03 -1.03576770e-02 -4.32324074e-02
  3.88955027e-02  4.78644967e-02  7.82634467e-02  4.91566956e-02
 -6.77629188e-03 -3.17858681e-02  1.21350102e-01  4.91971662e-03
 -9.04765576e-02  1.27417343e-02  9.80728120e-03  5.52764833e-02
  1.14851305e-02  1.25126122e-02 -3.92370932e-02 -1.63090732e-02
  2.03903001e-02 -4.05915454e-02  3.19057442e-02 -8.04682598e-02
 -1.34977162e-01 -5.56251546e-03 -1.30040675e-01  4.41639982e-02
  4.06152988e-03 -1.99588258e-02  5.65270297e-02 -2.80185207e-03
 -9.41398144e-02 -5.95313273e-02 -1.80400331e-02 -4.82549258e-02
 -1.31146938e-01  1.62573047e-02 -9.59884450e-02 -6.66819438e-02
  6.34927675e-02  7.63693005e-02  1.29208356e-01 -6.57530362e-03
 -1.13465495e-01  1.96495559e-02  2.02380903e-02  3.84038202e-02
  9.22406837e-03 -5.64387068e-02 -5.18025714e-04  2.06892174e-02
  7.23499991e-03  4.78843153e-02 -7.84692168e-03  1.35309540e-03
  2.99174283e-02 -4.40410003e-02 -6.58196881e-02 -1.99910417e-01
 -7.46627748e-02 -2.81620538e-03 -4.12044935e-02 -1.28531801e-02
  2.01210286e-02 -3.89462449e-02 -7.15864971e-02  4.64118272e-02
  6.22287989e-02 -6.11749059e-03 -1.84389185e-02  3.94281186e-02
 -3.29265706e-02 -1.25450483e-02  5.71142808e-02 -3.74798849e-02
  2.87712160e-02 -1.27207488e-02  4.21075672e-02 -3.99715602e-02
  1.41335241e-02  1.81977625e-03  8.61639455e-02 -2.26041432e-02
  3.32450122e-02 -4.32457700e-02 -5.53731658e-02  1.67705361e-02
 -2.32972167e-02  1.39327312e-03 -7.60152907e-05  9.60644748e-34
 -8.11002478e-02 -5.89002483e-02 -9.30738077e-02 -2.38317885e-02
 -4.34521288e-02  3.77618670e-02  3.14823389e-02  8.04871768e-02
  8.97646546e-02  2.98924781e-02  6.70673326e-02  2.54746098e-02
 -4.34785895e-02  2.09060367e-02  2.29196586e-02 -1.13524813e-02
 -1.84723418e-02  1.20409383e-02  3.82247679e-02  3.40487882e-02
  4.65180203e-02  8.97269398e-02 -9.89138111e-02  1.27543993e-02
  2.86044972e-03  6.81392178e-02 -3.38244028e-02 -5.88242337e-03
 -5.19062765e-02 -5.03261834e-02  6.98986128e-02  9.54779834e-02
 -3.67714539e-02 -2.79676747e-02 -2.76778173e-02  2.24020686e-02
 -4.25398499e-02  5.29486798e-02  3.55498232e-02 -4.49390672e-02
  4.92299423e-02 -6.39816932e-03  7.59738460e-02  4.93470393e-02
 -1.85250640e-02 -2.23970339e-02 -1.61397737e-02  3.76935601e-02
  6.31290004e-02  3.28686424e-02 -7.73791224e-02 -1.28691243e-02
 -1.66489277e-02  1.31447027e-02  3.20810191e-02 -3.10413018e-02
  6.73486888e-02 -7.16918558e-02  8.35187659e-02  4.95156087e-02
 -4.01159637e-02  5.34763113e-02  6.60950132e-03 -8.14778879e-02
 -1.33013539e-02  2.78318115e-02  5.66333812e-03  1.47514744e-02
  1.84086021e-02 -7.88263008e-02  1.88227836e-02  2.95741335e-02
 -1.12148859e-01 -5.39941341e-02  4.09733178e-03  2.24957578e-02
 -1.68173891e-02  4.30072434e-02 -2.25359295e-02 -4.09258902e-02
 -5.76665364e-02 -2.14892700e-02 -2.33960189e-02 -3.89777757e-02
  3.87417041e-02  6.43843785e-02 -7.63129219e-02 -3.03274184e-03
  5.55404983e-02 -1.26968492e-02 -3.13227363e-02  4.21538465e-02
 -2.11554430e-02  1.06139988e-01  9.70130488e-02 -1.31414319e-08
 -7.01739546e-03 -7.45269610e-03  9.23054665e-03 -1.00558223e-02
 -4.14726883e-02  5.71458077e-04 -2.31252741e-02  2.48044543e-02
  2.04955135e-02  1.49248838e-01  1.41921826e-02  3.59070860e-02
 -1.02014169e-01  4.19180654e-02 -2.01913249e-03  9.38496664e-02
  3.56980674e-02  2.86557972e-02 -3.52063552e-02  2.94674840e-03
  1.57300569e-02  4.67907079e-02 -4.63274941e-02 -3.90135050e-02
  7.69951660e-03  1.80027895e-02  1.00376986e-01  3.22263613e-02
  1.47908283e-02  1.31425336e-02  3.02340146e-02  6.26631305e-02
 -4.35669944e-02  2.41894480e-02 -1.59992091e-02  5.93103981e-03
  2.12900396e-02  6.08075000e-02  9.32896417e-03 -9.35349166e-02
 -1.76576450e-02  6.74509555e-02  2.81006172e-02  3.87811139e-02
 -4.79092523e-02 -8.42432026e-03  8.27671587e-03  7.99936987e-03
 -4.39349823e-02  7.94049725e-02  4.07185331e-02  7.97008798e-02
  3.83111015e-02  9.15209725e-02  3.39667387e-02  6.30651861e-02
  7.79950432e-03  7.80704198e-03  1.79606974e-02  4.84165922e-02
  1.41880453e-01 -4.82256971e-02  5.15898736e-03  7.57906120e-03]",0
Nature_Training_Course,26,What did you learn at this training course? ,How I can live sustainably with the focus on the environment because most times we tend to do things and forget that they have an impact on the environment so the project was a great eye opener,How I can live sustainably with the focus on the environment because most times we tend to do things and forget that they have an impact on the environment so the project was a great eye opener,positive,0.4939,True,"[ 2.11586207e-02  4.27852236e-02  6.35175183e-02  1.78719182e-02
  1.35620385e-01 -1.58625729e-02  2.42938790e-02  1.15526831e-02
 -7.63378367e-02 -1.98219507e-03 -2.71538086e-02 -5.48279211e-02
  1.82495993e-02 -3.34655959e-03 -6.18703552e-02  5.70312403e-02
 -6.24517351e-02 -2.81479843e-02 -4.63441983e-02  3.87751907e-02
 -1.81832686e-02  5.17752096e-02  3.14446725e-02 -1.88693069e-02
 -1.40948489e-01  7.62529597e-02  4.25244868e-03  2.66442765e-02
  2.06442829e-02 -1.23274699e-02  4.65226471e-02  8.58089402e-02
  1.73312780e-02 -3.96051072e-02  1.45276040e-02  1.54042065e-01
  2.56256498e-02 -2.56304871e-02 -1.61922444e-02 -2.81307511e-02
 -6.44427240e-02 -2.02744640e-02  1.65267475e-02 -8.89898762e-02
 -4.32481356e-02 -1.38351008e-01  2.65543368e-02 -1.04145303e-01
  5.12194112e-02 -8.49543959e-02 -5.83763123e-02 -5.61474860e-02
 -5.37083037e-02 -1.37312427e-01 -1.65258776e-02 -1.84925124e-02
 -9.38992191e-04  1.97031116e-03 -1.09913545e-02 -1.00002512e-01
  1.02712050e-01  1.17738731e-03 -3.90268639e-02  1.48664722e-02
  8.46839026e-02  6.06717579e-02 -2.42401119e-02  6.44432828e-02
 -8.98533408e-03 -1.18231559e-02 -2.86447145e-02 -7.33379368e-03
 -3.06736808e-02 -1.00661203e-01 -2.60340124e-02  4.40064333e-02
 -2.13981792e-02 -4.27153148e-02  1.50824204e-01  5.22689037e-02
  1.03107885e-01 -4.71223891e-02 -6.42381310e-02  4.73004021e-02
 -1.85383186e-02  2.85699870e-02  1.82322655e-02  3.28884348e-02
  2.23411229e-02  2.08597425e-02  4.09898441e-03 -9.13936421e-02
  5.54450788e-02  5.04982769e-02  9.02113132e-03  5.73747745e-03
  1.72769811e-04 -4.81874272e-02  2.27272604e-02  3.53027061e-02
 -4.85560019e-03 -4.11121584e-02 -2.17718650e-02 -7.72149339e-02
 -4.16363329e-02 -2.80859917e-02 -1.59639735e-02  8.25827848e-03
  5.21024875e-02  2.22730767e-02 -7.46639073e-02 -1.45341447e-02
 -1.20863253e-02  9.93236005e-02  3.42317708e-02  1.73749439e-02
  3.21705602e-02 -7.89354220e-02  5.95115609e-02 -5.11537865e-02
  8.62041786e-02 -1.85927916e-02  1.32912137e-02 -2.31405254e-02
  2.88660172e-03 -2.13878397e-02  9.58036631e-02 -1.63911869e-33
  4.21447717e-02  2.67150234e-02  5.51475547e-02  2.08956450e-02
  6.21314012e-02 -2.30636746e-02 -7.26956408e-03  4.06122729e-02
 -4.28961925e-02 -3.02624833e-02  9.83685404e-02  1.96378324e-02
  1.65444836e-02  4.06515896e-02  7.36558763e-03 -1.02091603e-01
 -6.90088496e-02  1.17816054e-03 -4.02362794e-02  1.95971671e-02
 -4.06762064e-02 -8.80353674e-02 -3.77016095e-03 -4.68358882e-02
  1.09838404e-01 -3.11892927e-02  6.90769255e-02  1.03240432e-02
 -3.55661917e-03  2.68016942e-02  1.81511175e-02  6.04730174e-02
 -1.16823196e-01 -3.16246487e-02 -1.69611219e-02 -4.70344489e-03
 -5.74430414e-02  9.03079938e-03 -1.33461934e-02 -1.64738316e-02
 -5.51595464e-02  7.97477290e-02  5.50237298e-02  4.52372013e-03
  1.20198384e-01  5.42685203e-02  9.65997577e-02  3.64999287e-02
 -3.46726850e-02  2.96802223e-02 -6.17680214e-02  1.48629649e-02
 -2.72570960e-02 -6.54997304e-02 -1.63031323e-03 -5.66898286e-02
  4.12898101e-02 -2.50760987e-02 -4.90450859e-03 -5.27764298e-02
  2.83472519e-03 -1.20104710e-02 -2.23459192e-02  4.68475409e-02
  7.49463215e-02  5.34132197e-02 -3.99192758e-02  4.61841375e-02
 -1.98854250e-03  8.44865572e-03 -4.40741889e-02 -6.13015592e-02
  2.26480071e-03 -1.81191303e-02 -3.25311832e-02 -2.86880340e-02
 -5.02828024e-02 -4.02757451e-02 -4.26695161e-02  6.53762519e-02
 -2.80020596e-03  3.41280214e-02 -5.57977669e-02 -2.18756609e-02
  5.14577962e-02  1.57002695e-02 -6.14988850e-04  1.30735757e-02
 -5.18409684e-02  1.38569800e-02  6.55036941e-02 -1.31807281e-02
  1.65121760e-02 -6.62247017e-02 -2.01842636e-02 -2.70550127e-34
  1.00211482e-02 -5.35280025e-03  2.47080773e-02 -3.73147801e-02
  5.64379059e-02 -2.66816895e-02 -1.18505649e-01 -4.65204343e-02
  2.30324715e-02  6.33896962e-02 -4.75729853e-02  9.75838527e-02
  7.35548213e-02  3.22230197e-02 -7.56293908e-02 -4.66373712e-02
 -6.54020533e-02 -2.33075097e-02 -5.94651550e-02 -1.92498993e-02
  3.14089375e-05  1.93978287e-02 -6.88893546e-04  1.98349897e-02
 -3.93196493e-02  7.56526142e-02  1.36166746e-02  3.47522367e-03
  7.17130005e-02 -6.73859864e-02 -3.34894843e-02  2.50950493e-02
 -5.32642081e-02 -1.14350915e-02 -2.91499775e-02  5.77655658e-02
 -1.67566407e-02 -1.20510899e-01 -5.66807538e-02 -2.15275194e-02
  6.76940605e-02 -3.35925370e-02 -3.68389934e-02 -9.10950899e-02
  1.77355912e-02  1.27567118e-02  6.75314479e-03 -2.31760982e-02
 -3.32956240e-02 -2.38512550e-02  7.67398700e-02  4.93695103e-02
 -4.88819964e-02 -4.90371622e-02  6.53226078e-02 -4.10666130e-02
  9.04326737e-02  8.46366305e-03  2.59919055e-02 -2.11400390e-02
 -7.94734899e-03  1.07650794e-02  2.12779380e-02  4.90580983e-02
 -2.02653315e-02 -1.29432511e-02 -1.80080868e-02  3.91775258e-02
 -8.72417465e-02 -1.72578190e-02 -5.48881181e-02  2.76990794e-02
 -4.36546989e-02  1.99015252e-02 -2.04372443e-02 -4.92684282e-02
 -4.32074927e-02  1.60679910e-02 -3.00453417e-02 -5.46555175e-03
  3.76052670e-02 -2.65892446e-02  7.43622333e-03 -4.36277166e-02
  6.79363459e-02  3.60538773e-02 -8.10440779e-02 -7.80960545e-02
  3.61325033e-02  8.72056782e-02 -1.01103842e-01  4.34076339e-02
 -8.29726309e-02  2.54923720e-02  2.46494859e-02 -3.59731622e-08
  6.83951974e-02  3.42112668e-02  4.15652022e-02  2.26884242e-02
 -3.52773815e-02 -1.53088011e-02  4.44247723e-02  2.38513704e-02
  1.95610896e-02  6.75293803e-02 -7.30462894e-02  6.85197720e-03
  5.61674125e-02  1.62440732e-01  3.43530998e-02 -2.99860183e-02
  7.23921582e-02 -7.04722898e-03 -6.30791560e-02  2.05486137e-02
  5.70784062e-02  5.58057753e-03 -5.77181764e-03  4.64298390e-02
 -3.76061746e-03 -4.75903787e-02 -2.28799749e-02  1.11100981e-02
 -2.08449201e-03  2.41607334e-02  5.64475320e-02  6.01632297e-02
 -8.84121954e-02 -3.82450074e-02 -8.67536217e-02 -1.80431381e-02
  4.59620655e-02 -2.12992113e-02 -1.02853542e-02  3.95221189e-02
 -8.70926902e-02  5.87971555e-03 -2.63659190e-02  8.71958882e-02
 -2.07692590e-02  1.58368107e-02 -6.81090504e-02 -3.38252001e-02
 -5.07216565e-02  5.02696000e-02  5.98793209e-04 -7.40697235e-02
  4.43461835e-02  2.96188369e-02  6.09181672e-02  1.67330876e-02
  4.42122258e-02  5.77261299e-02 -4.20032702e-02  6.70630410e-02
  5.27372733e-02  3.57393362e-02 -1.03216976e-01  5.23098111e-02]",1
Nature_Training_Course,27,What did you learn at this training course? ,"I expanded my knowledge base around the 5W 1H approach to sustainable eco-friendly project development. As well as, explored from a different perspective the application of Design Thinking in coordinating trainings for young learners. I am particularly delighted that they - the trainers - welcomed my initiative to lead and guide a 20 minute meditation session for all participants. It was my first time doing such. I have now discovered a new skill which I shall work to develop for the common good of all as I journey through life . Thanks to the open-minded approach to learning and teaching that the trainers very generously offered. I am inspired to sustain my awakened passion as a Trainer 😍.","As well as, explored from a different perspective the application of Design Thinking in coordinating trainings for young learners.",positive,0.2732,True,"[-1.24912066e-02  8.24824348e-02 -4.82497215e-02 -4.81040068e-02
 -1.79293919e-02 -2.21143477e-02  4.07645851e-02  4.75038700e-02
  4.15871292e-02  1.81290191e-02 -1.41581018e-02  8.99729282e-02
 -6.18285360e-03 -2.20502801e-02  1.08653598e-03 -2.74029914e-02
 -5.59625104e-02  1.97744556e-02  5.47291972e-02 -7.85667636e-03
 -8.49599310e-04  1.71914743e-03 -6.52200251e-04  6.09898241e-04
 -5.82508370e-02  1.03219584e-01 -3.17749418e-02 -4.26041074e-02
  9.64527875e-02  1.10150883e-02  4.22266722e-02  1.03306584e-02
 -6.18828693e-03 -1.37771247e-02  2.11791378e-02  3.45085822e-02
  7.62203038e-02  4.75380905e-02  1.62408799e-02 -6.36217371e-02
 -1.48921773e-01 -1.82571374e-02 -5.92668355e-02 -6.22808710e-02
  1.29345777e-02 -7.07497746e-02 -3.74403633e-02 -4.68995981e-03
 -7.09722787e-02 -1.85999908e-02 -1.21688947e-01 -7.64647946e-02
 -7.30358288e-02 -1.17153019e-01  2.43914761e-02  6.54034913e-02
  1.41857387e-02  3.99549752e-02  3.13515924e-02 -1.47448974e-02
 -9.02375672e-03  1.32608577e-03 -8.54250789e-02  1.56820863e-02
 -6.11629859e-02 -2.47193165e-02  2.95159947e-02  1.11217156e-01
  8.44648760e-03 -5.39926216e-02  6.05547614e-02  8.40475690e-03
  8.24995562e-02 -5.75763993e-02  1.00291863e-01  4.73088063e-02
 -1.62422881e-02 -3.34564224e-02  8.88827257e-03 -4.56937551e-02
 -1.65810958e-02  1.10149302e-01 -4.13460210e-02  1.96420811e-02
  5.59575595e-02 -1.78012326e-02 -6.16935641e-02  3.25089209e-02
 -9.37020686e-03  1.71413599e-03  2.29915027e-02 -3.92988184e-03
 -7.83217996e-02  1.89419743e-02  1.57680351e-03  9.85318497e-02
 -3.74850631e-02  2.07193419e-02  1.76622663e-02  5.82556240e-03
 -2.73342934e-02  4.30087298e-02  2.29717493e-02  6.80101337e-03
 -9.24969390e-02 -2.43711807e-02  5.02143055e-02 -3.95645807e-03
  6.06980659e-02  1.55247876e-03 -2.90626567e-02 -9.66109056e-03
 -9.03444085e-03  3.68409753e-02  5.89199923e-03  5.63821234e-02
 -2.72803903e-02  4.78246808e-02  6.44818842e-02  4.18577977e-02
  5.15269907e-03  1.79208685e-02  3.22246104e-02 -5.31801879e-02
 -2.86445580e-02 -1.47017583e-01 -1.05504291e-02 -3.82404365e-33
  3.49369533e-02  3.16053219e-02  8.12913552e-02  7.53524601e-02
  1.09653436e-01 -1.18129797e-01  7.11405054e-02 -6.79389155e-03
 -1.99875701e-02  1.14147402e-01  2.92894784e-02 -2.92221829e-02
  6.07713312e-02  6.05046153e-02  5.51356301e-02 -3.11162174e-02
 -9.71373469e-02 -4.09819484e-02 -7.20033273e-02  1.17271356e-02
 -8.99092481e-03 -6.74259663e-02  6.58952072e-02 -4.76058498e-02
 -1.44481389e-02  4.06420641e-02  4.83042467e-03  7.54675567e-02
  1.62731428e-02  2.49592643e-02 -1.74213666e-02  9.42333937e-02
 -7.53558427e-02  9.67832357e-02 -8.21418688e-02 -2.91389157e-03
  1.23014435e-01 -4.40904349e-02  5.20249307e-02 -2.38686404e-03
 -2.71805935e-03  2.64464188e-02  1.24635343e-02  5.01993150e-02
  7.74144381e-02  8.71435255e-02  1.33463562e-01  1.86954550e-02
 -7.82574788e-02  3.19486596e-02 -9.56741720e-02 -5.97067215e-02
  2.95244604e-02 -6.78043813e-02 -1.87422782e-02 -3.70247569e-03
  1.01188747e-02  1.84700731e-02  9.94752813e-03 -6.06809482e-02
 -1.00628994e-02  2.82994937e-02 -4.40929756e-02  1.26755785e-03
 -1.31521849e-02  1.49396360e-02  6.37881458e-02 -1.16172554e-02
  6.49582222e-02 -1.01130903e-01 -8.40300843e-02  3.15124691e-02
 -5.33728674e-02 -5.88331297e-02 -6.04934804e-02 -6.39768094e-02
 -2.18783971e-02  2.60594096e-02  8.09286535e-03  4.24232446e-02
  1.16433628e-01  2.88636107e-02  3.33158523e-02  2.13380419e-02
  4.45831008e-03  3.53818899e-03  5.64008839e-02 -3.63706350e-02
  6.81251334e-03  4.54959907e-02 -8.95494223e-02 -4.18658927e-02
  2.97139958e-02 -2.87625473e-02 -6.71209255e-03  1.33664967e-33
  1.72672421e-02 -2.71075265e-03 -7.20940381e-02 -1.86092667e-02
  8.29112455e-02 -6.55138642e-02  3.65742780e-02 -8.01014975e-02
  1.39464941e-02 -1.89614967e-02  1.65011156e-02 -6.23672977e-02
 -1.45505955e-02  8.53966624e-02 -1.49987722e-02 -4.01806571e-02
 -4.86218296e-02 -5.69141377e-03  4.00965707e-03 -1.66644361e-02
  6.18629269e-02  2.41575632e-02 -8.74466226e-02 -3.84361483e-02
  3.72832734e-03 -3.06499656e-03 -4.62612957e-02  1.82017237e-02
 -3.43868062e-02  1.22907674e-02  5.82722984e-02 -1.31476104e-01
  5.10564558e-02  3.42934579e-02 -4.45422530e-03  1.95212215e-02
 -3.79621387e-02 -7.78352469e-03  4.84468751e-02  5.64591847e-02
 -3.07561420e-02 -2.85567362e-02  2.56948508e-02  4.27531488e-02
  3.72388354e-03 -5.35895862e-03  5.79804070e-02 -3.75049002e-02
 -4.23131697e-02 -8.50935280e-03  5.58404252e-02  2.93628294e-02
 -6.98745921e-02 -1.71051800e-01  1.16152707e-02 -6.95324084e-03
  7.64108449e-02 -5.06395139e-02  4.46574353e-02  3.56749408e-02
  1.01259016e-01 -4.80084792e-02 -1.89025991e-03 -2.90061496e-02
  8.73978902e-03 -4.66178879e-02 -7.04601035e-02  1.60425212e-02
 -1.90097315e-03  1.78118069e-02 -4.65128012e-02 -1.29494052e-02
 -2.46967711e-02 -7.39738764e-03 -3.28912139e-02 -3.43673825e-02
  5.43085439e-03 -2.39515100e-02 -1.07305326e-01  9.13627911e-03
 -1.92108825e-02 -7.57688731e-02 -3.49750221e-02  6.90058107e-03
 -2.57392693e-02  2.76077427e-02 -4.52017598e-02  2.65831854e-02
 -1.35511979e-02 -8.12841207e-02 -6.29988983e-02  4.13510762e-02
  6.27709776e-02  6.04206026e-02 -5.56649007e-02 -2.49232048e-08
  2.81248074e-02 -2.32809037e-02  5.30930012e-02  3.52885053e-02
  2.09620618e-03  7.71149024e-02 -2.26053391e-02  1.04078203e-02
 -3.44645567e-02  7.09920153e-02  1.78696141e-02 -2.65473630e-02
  2.04388499e-02 -2.20770948e-02  6.16840124e-02 -4.68582362e-02
  5.24478443e-02 -3.50447409e-02 -4.96361256e-02 -7.01312870e-02
  9.06280801e-02  6.33880720e-02 -5.77044263e-02 -9.79259610e-04
 -4.40915003e-02 -5.00967540e-02  1.03713656e-02 -9.07040946e-03
 -4.33367081e-02 -1.30523853e-02 -3.79686579e-02  5.35545759e-02
  4.95880097e-02 -1.92940794e-02 -8.96634534e-03 -4.59808894e-02
  1.31909763e-02  5.11974394e-02  7.20136613e-02 -3.86576131e-02
 -4.29643951e-02  2.63028387e-02  4.43648621e-02  1.06998021e-02
 -4.80084047e-02  2.62024365e-02 -2.89451629e-02 -7.05134030e-03
 -1.76950619e-02  1.01836480e-01 -3.09167784e-02  5.62655628e-02
 -2.44590212e-02 -7.07011223e-02  9.56828296e-02  5.25007546e-02
  3.26660671e-03 -5.44960704e-03 -7.75927752e-02  6.56230748e-02
 -4.79981825e-02  9.14377272e-02 -4.60482314e-02  3.42430472e-02]",2
Nature_Training_Course,27,What did you learn at this training course? ,"I expanded my knowledge base around the 5W 1H approach to sustainable eco-friendly project development. As well as, explored from a different perspective the application of Design Thinking in coordinating trainings for young learners. I am particularly delighted that they - the trainers - welcomed my initiative to lead and guide a 20 minute meditation session for all participants. It was my first time doing such. I have now discovered a new skill which I shall work to develop for the common good of all as I journey through life . Thanks to the open-minded approach to learning and teaching that the trainers very generously offered. I am inspired to sustain my awakened passion as a Trainer 😍.",I am particularly delighted that they - the trainers - welcomed my initiative to lead and guide a 20 minute meditation session for all participants.,positive,0.7178,True,"[-2.01651550e-04  3.86091806e-02  5.58946393e-02 -7.72498641e-03
 -1.01264641e-02  5.93169779e-02 -1.06105674e-02 -1.00825816e-01
 -2.93421978e-03 -3.59978117e-02  4.61777090e-04  4.32466269e-02
 -2.51122136e-02  3.07400599e-02 -3.74700059e-03  1.72514822e-02
 -4.86415019e-03 -5.57510853e-02 -1.55103644e-02 -8.43050238e-03
 -7.32062757e-02  1.53774191e-02  1.61258858e-02  1.09348170e-01
 -8.60778168e-02 -7.14356359e-03 -5.30143231e-02 -9.35345814e-02
  5.88161647e-02  1.77453421e-02 -3.99473906e-02  1.08307218e-02
  4.34170663e-02  1.99117120e-02 -7.13904500e-02  8.17949101e-02
  3.56826894e-02 -2.29675230e-02 -5.71666136e-02 -3.74277793e-02
  2.24269181e-02 -2.32213885e-02  1.05668306e-02  4.74269614e-02
  3.06417644e-02  1.27895258e-03  2.67769266e-02 -7.29843006e-02
 -1.11158853e-02 -1.28672458e-03 -5.03557436e-02 -1.27621219e-01
  4.02477272e-02 -4.94296923e-02 -4.10721786e-02  2.17092456e-03
 -1.84154660e-02 -1.20255928e-02  3.72286933e-03 -4.70861979e-03
 -3.06181218e-02 -2.88432911e-02 -8.97513554e-02  1.62168930e-03
 -6.91443980e-02  1.04824668e-02 -5.61366715e-02  8.62765238e-02
  5.33529520e-02 -4.00215238e-02 -3.32749672e-02 -6.30247369e-02
  1.10739321e-01  1.57843903e-02 -3.34103368e-02  8.11568275e-03
 -6.20342083e-02 -3.63216586e-02  3.47837014e-03 -7.32021630e-02
  6.04512691e-02 -4.21898700e-02  3.79555160e-03  2.10078480e-03
  3.00391074e-02  1.44716706e-02  3.72040085e-03  3.06934696e-02
  1.16914394e-03 -6.41068816e-03  1.96954980e-02  3.16050649e-02
 -1.27213299e-01 -1.38054779e-02 -8.08209851e-02  3.86294723e-02
 -2.46563032e-02  8.68134294e-03 -1.59097556e-02  4.55823950e-02
  3.54901813e-02  9.93136317e-02 -5.37345521e-02 -2.18065921e-02
 -9.00391191e-02 -3.72844003e-02 -2.41024029e-02 -6.27539083e-02
  3.12965550e-02  4.04423177e-02  5.50010242e-03  5.02757244e-02
 -9.81565914e-04  1.08354893e-02  3.89102772e-02  1.04297481e-01
 -9.15291458e-02  9.36418101e-02  2.15616040e-02  3.00868396e-02
  3.60724404e-02 -1.98517796e-02  6.99097067e-02 -4.75017615e-02
  1.04701575e-02 -6.47882605e-03 -6.13931678e-02 -2.89861772e-33
 -6.60686288e-03  1.02310427e-01  6.64284006e-02  9.85360369e-02
 -3.36315832e-03 -1.26718227e-02 -6.79197162e-02 -3.79952565e-02
 -3.69292386e-02 -2.35517081e-02 -7.76761118e-03  2.57690921e-02
  7.42772520e-02  1.63170472e-02 -1.16389252e-01 -9.46214423e-02
 -7.70059675e-02  3.04627083e-02 -5.00451960e-02 -4.38873842e-02
  2.95759402e-02  6.48041144e-02 -7.82959163e-02  6.39236420e-02
  8.62344401e-04  1.14106052e-02  6.47929171e-03  1.70423482e-02
  9.45114568e-02  5.00429533e-02 -2.24297121e-02 -1.24070160e-02
 -1.26856849e-01 -4.97487262e-02 -3.15432660e-02  2.29391567e-02
  5.14993146e-02 -3.54509689e-02  7.47309923e-02 -1.37961851e-02
  2.11176872e-02  1.47396810e-02  6.75538778e-02 -9.13077593e-03
 -7.39746466e-02  4.16807681e-02  1.46945054e-02 -2.48275567e-02
  5.94910905e-02 -3.76415928e-03 -1.33860558e-01 -7.49953603e-03
 -2.04538889e-02 -2.41476744e-02  2.26901434e-02 -4.94661145e-02
  6.60219556e-03  7.35943094e-02 -5.87066635e-02 -4.31222469e-02
  2.63127889e-02  4.21270728e-02 -5.56697994e-02 -1.38932904e-02
 -3.24410684e-02  2.60521490e-02 -3.01863663e-02 -4.62499037e-02
  6.63054362e-02  1.96970403e-02 -7.94775337e-02  6.91761449e-02
 -1.29040927e-02 -5.54594733e-02  7.68707087e-03 -9.57882702e-02
 -1.17788743e-02  1.56362318e-02  1.63063984e-02  4.38046083e-02
  2.89191753e-02  1.64483134e-02 -4.18511778e-02  7.12621883e-02
  5.78298569e-02 -6.04021400e-02 -1.94681194e-02 -3.75217348e-02
 -8.98903981e-02  8.64869170e-03  1.82773247e-02  3.39313745e-02
  1.09488308e-01  4.24624495e-02 -9.53970179e-02  7.20085156e-34
  7.58558214e-02  2.18295045e-02  3.08498517e-02  3.20800990e-02
  6.55141249e-02 -5.68415690e-03 -2.99475305e-02  7.99827352e-02
 -3.67882755e-03  6.12853989e-02  4.81049493e-02  4.95470166e-02
 -1.86822303e-02  3.38347405e-02 -1.31796032e-01 -4.40479331e-02
  4.28836048e-02 -8.10991100e-04  4.51072119e-03 -7.49537200e-02
  7.29676634e-02  1.00592345e-01 -1.66651011e-02 -5.95398657e-02
 -3.87582579e-03  4.55736369e-02  1.10827804e-01  6.06951714e-02
  2.68436428e-02 -2.72965170e-02  4.34595272e-02 -2.70631760e-02
 -9.65816677e-02 -2.10645944e-02 -4.06107539e-03  8.59091729e-02
 -4.60024327e-02  2.03236360e-02 -8.92878249e-02  1.90154761e-02
  4.09297124e-02  9.13537852e-03 -4.19765059e-03  3.95513400e-02
 -2.01425422e-02  3.56540061e-03  4.41367226e-03 -1.84081565e-03
 -1.44266590e-01 -3.27035636e-02 -1.53966621e-02 -4.74328771e-02
 -4.75389250e-02 -1.03477314e-01  3.57752703e-02  4.78474284e-03
  5.17391935e-02 -6.07749224e-02  7.62142055e-03 -6.66856766e-02
 -7.73643032e-02  6.11625873e-02 -1.57526415e-02  2.86708437e-02
  4.44359034e-02  1.84037928e-02  3.76670323e-02  1.00680992e-01
 -1.82732735e-02  2.97631845e-02  2.12007631e-02  3.67981233e-02
 -5.61664589e-02  3.32788005e-02 -2.12261751e-02  9.87538509e-03
  6.89541921e-02 -6.71053082e-02  4.02345881e-03 -4.86035272e-02
 -1.36460745e-04 -1.08184256e-02  1.37308696e-02 -1.83164384e-02
  1.03643537e-01  1.19891532e-01 -1.26048746e-02  3.39777768e-02
 -4.31233179e-03  8.31770301e-02  2.09664628e-02  8.63247644e-03
  5.24655879e-02 -3.84176262e-02  4.39967625e-02 -2.64745541e-08
 -3.87805998e-02 -1.62300188e-03 -3.94635424e-02  2.98712067e-02
  1.43146543e-02 -7.67570585e-02 -5.72600886e-02  2.31959019e-02
 -1.05717234e-01  7.55620003e-02  6.69246167e-02 -5.13957106e-02
  1.00737568e-02  5.55078425e-02  8.71641710e-02 -5.26321940e-02
  4.16980609e-02  1.00848474e-01 -6.31993487e-02 -4.89451438e-02
  4.22461405e-02  5.01913168e-02  6.10752925e-02 -8.53665620e-02
  1.86070856e-02 -4.27561551e-02 -4.42174226e-02  2.25410722e-02
 -2.20599696e-02 -4.18601371e-02  6.03297167e-03  7.12444074e-03
 -5.86229153e-02  5.57027459e-02 -1.94198694e-02  2.58041713e-02
 -7.89834484e-02 -3.72937210e-02  4.27116491e-02  9.82113928e-03
 -7.32246190e-02 -3.94382589e-02 -1.93140544e-02  7.92959929e-02
 -2.15296485e-02 -4.38595302e-02  3.17484885e-02 -2.10337900e-02
  1.81952287e-02  7.42375327e-04  1.23986043e-02 -7.53340218e-03
  8.20318311e-02  2.51443572e-02 -8.04209989e-03  1.06541574e-01
 -1.04854172e-02 -4.66498397e-02  2.01313407e-03  4.08728421e-02
  3.09874900e-02  7.71054626e-03 -1.15778469e-01  4.53325175e-02]",2
Nature_Training_Course,27,What did you learn at this training course? ,"I expanded my knowledge base around the 5W 1H approach to sustainable eco-friendly project development. As well as, explored from a different perspective the application of Design Thinking in coordinating trainings for young learners. I am particularly delighted that they - the trainers - welcomed my initiative to lead and guide a 20 minute meditation session for all participants. It was my first time doing such. I have now discovered a new skill which I shall work to develop for the common good of all as I journey through life . Thanks to the open-minded approach to learning and teaching that the trainers very generously offered. I am inspired to sustain my awakened passion as a Trainer 😍.",I have now discovered a new skill which I shall work to develop for the common good of all as I journey through life .,positive,0.4404,True,"[-3.88991907e-02 -3.19996625e-02 -7.11274147e-03  1.90257459e-04
 -3.33496481e-02 -2.10347679e-02  2.70693228e-02 -4.83382717e-02
 -4.71047722e-02 -4.82253917e-02  6.27366006e-02  3.40538099e-02
 -2.41456702e-02  6.57062232e-02  2.56150216e-02  3.55363674e-02
 -9.60775167e-02  6.40169606e-02 -1.89338792e-02 -6.16731904e-02
 -8.34836140e-02  3.96239534e-02  2.41916422e-02 -1.54984342e-02
 -7.11240098e-02  5.61849698e-02  2.82399058e-02 -3.80154550e-02
  7.64461383e-02 -7.10831136e-02 -1.05414568e-02  5.98451830e-02
  5.63650439e-03  4.39637229e-02 -6.69365153e-02  6.42264411e-02
 -1.61966290e-02 -2.27633840e-03  5.49072735e-02 -3.07769757e-02
  1.80758331e-02 -4.04229127e-02 -1.61383301e-02 -3.79145071e-02
  5.20620681e-02  1.27966749e-02  1.47229508e-02 -3.74199520e-03
  6.22685924e-02 -3.44245210e-02 -7.02101290e-02 -6.13703467e-02
 -4.32262942e-02 -3.98277789e-02  5.43599129e-02  3.29860598e-02
  6.80337520e-03  4.27601151e-02 -3.30628306e-02 -7.06498697e-02
  1.09618874e-02 -3.84383947e-02 -3.00392080e-02  5.33563457e-03
  2.36281455e-02 -1.34977577e-02 -7.32867569e-02  4.61324230e-02
 -6.50402680e-02  2.50947587e-02 -1.09669089e-01  1.53410481e-02
  2.23813076e-02  2.33510360e-02  5.82289398e-02 -1.85952559e-02
  3.80247235e-02 -7.93574899e-02 -1.11948270e-02  4.06480022e-02
  2.59600636e-02  9.49025229e-02 -3.58299017e-02  1.50781302e-02
 -3.47080342e-02 -6.32609129e-02 -2.72905435e-02  2.83758864e-02
  7.03687593e-02 -3.59099731e-02 -6.85874186e-03  3.21574137e-02
 -9.49405506e-02 -2.57151946e-02 -1.98648591e-03 -1.04047051e-02
 -2.65459772e-02 -1.14000204e-03 -4.38284501e-02  5.01387119e-02
 -1.37054659e-02 -4.54355888e-02 -5.76784723e-02 -1.19874232e-04
  1.52840083e-02  6.72134161e-02 -1.48605304e-02  7.24424347e-02
  3.02711688e-02 -6.34586215e-02 -1.75782815e-02  2.94806678e-02
 -2.51640305e-02  4.95523261e-03  3.52994651e-02  1.12044364e-01
 -9.96195301e-02  1.14661455e-02  2.88294931e-03  6.05192147e-02
  2.18470488e-02  1.02810808e-01 -2.11690483e-03  6.67682057e-03
 -3.32666226e-02 -4.50096428e-02  2.11203676e-02 -2.70701821e-33
  7.70067237e-03  3.95120643e-02  6.66212812e-02  8.14695656e-02
 -1.58778969e-02  1.50152324e-02 -5.29944487e-02  3.26078273e-02
 -1.32818995e-02 -2.36718114e-02  6.47340268e-02  5.52881770e-02
 -5.46494350e-02  2.64362115e-02 -3.62977609e-02  1.25120739e-02
 -9.00878832e-02 -9.11668036e-03  8.38447213e-02  4.69379462e-02
  1.51464287e-02 -2.57558301e-02  1.91114824e-02 -6.54498872e-04
 -1.83271822e-02 -2.02628672e-02  1.04467236e-01 -8.96219611e-02
  3.45862210e-02  2.57248152e-02  1.68251363e-03  6.40822574e-02
 -3.54200900e-02 -4.76417281e-02 -8.19651335e-02  8.77749622e-02
 -2.62707267e-02 -5.96215613e-02  5.53221554e-02  1.46558071e-02
 -2.32658684e-02 -2.08222959e-02  2.58452073e-02 -3.49091403e-02
  7.91912992e-03  2.95462422e-02  1.01684853e-02  1.63681488e-02
 -5.79814501e-02  5.41763268e-02 -1.04707740e-01 -4.17953916e-02
  3.29960324e-02 -7.48658180e-02  1.99559256e-02 -2.18410995e-02
 -4.53556478e-02  3.02866362e-02  7.55026611e-03  6.69156807e-03
 -1.98159330e-02  3.59714776e-02 -8.29204172e-02  9.31982547e-02
 -4.27803770e-02  4.10855599e-02  5.10683609e-03 -2.83860639e-02
  8.40928108e-02 -4.58061993e-02 -2.82093771e-02  2.09430922e-02
 -3.05831209e-02  5.13545871e-02 -3.72837856e-02 -8.63870904e-02
 -1.14145186e-02 -7.12896213e-02  1.59790535e-02 -1.95065401e-02
  5.58970608e-02  7.89222047e-02 -7.49782473e-02  6.75394945e-03
  1.50074825e-01  3.78914364e-02  3.60736041e-03 -1.35422245e-01
  2.14941129e-02  6.80119619e-02  2.24227346e-02 -7.84507953e-03
  4.65460941e-02  2.33348086e-02 -4.28824686e-02  3.12912165e-34
  2.06203144e-02  6.52486226e-03 -2.50075608e-02  1.56343475e-01
  7.88277201e-03 -4.82446365e-02 -7.49890506e-03 -1.20097715e-02
 -2.95708049e-02  1.10701904e-01  1.96863022e-02  3.57583165e-02
 -3.52465436e-02  3.22922468e-02 -7.65278703e-03 -1.48769980e-02
 -8.62540007e-02  4.42091785e-02 -3.03867105e-02 -1.48806162e-02
 -2.76780166e-02  7.20425993e-02 -7.78702796e-02  4.56354916e-02
  1.70482434e-02  3.70512833e-03 -6.84679486e-03  3.98681685e-02
 -5.04326485e-02 -1.00367824e-02 -1.66443810e-02 -1.79225318e-02
 -3.89575176e-02 -4.67997454e-02  1.49822887e-02 -8.28258414e-03
  8.28566477e-02 -1.15678683e-01  1.68974493e-02 -7.20361015e-03
 -3.36511768e-02 -1.01265609e-02  1.13043245e-02 -1.73218194e-02
 -1.21589992e-02 -5.77566288e-02 -7.79409148e-03 -8.08322104e-04
 -1.06176222e-02 -4.09749188e-02  6.72127008e-02 -6.79661259e-02
  6.74179615e-03 -1.27033055e-01  6.22336678e-02  6.82117268e-02
  1.06430463e-01 -9.74538699e-02  5.37678674e-02  1.93598904e-02
 -6.80387486e-03  4.27174829e-02 -3.06251347e-02  8.20760727e-02
  9.49942619e-02 -4.32336889e-02 -6.76510856e-03  1.03113301e-01
 -1.07949473e-01  9.71577037e-03 -1.90862399e-02  1.53848566e-02
 -5.15464023e-02 -5.65816090e-02 -3.84504981e-02 -6.86732009e-02
 -3.66447819e-03 -2.21247915e-02 -6.83079064e-02  6.53775632e-02
 -1.12728411e-02 -8.05117637e-02  5.52627705e-02 -1.21019771e-02
  3.19966115e-02  3.69464867e-02  8.27335007e-03  3.51753309e-02
 -2.54211202e-02 -4.19395007e-02 -9.36894342e-02  5.79545051e-02
 -7.04056025e-02 -9.42952558e-02  1.77994790e-03 -3.21254774e-08
 -5.63862547e-02 -5.71484603e-02 -2.91923829e-03  2.80645024e-02
  5.69217354e-02  2.36217566e-02 -2.81872079e-02  3.02307475e-02
 -9.32694748e-02 -5.74258231e-02  1.76565927e-02 -3.59825529e-02
  6.97560534e-02  8.65269005e-02  1.91854402e-01 -6.36568153e-03
  1.21384956e-01 -3.20349820e-02 -3.81113999e-02 -3.19116525e-02
  9.99252200e-02  4.02032509e-02  3.58926542e-02 -1.23812836e-02
 -5.90141937e-02 -6.62038699e-02 -1.73716228e-02 -1.46328276e-02
 -2.51991451e-02  3.13038863e-02  1.95414741e-02 -4.43894081e-02
 -1.28710428e-02  3.93251739e-02  1.28920963e-02  7.78946048e-03
  2.19668858e-02 -6.95837662e-02  2.98384689e-02  3.25292200e-02
 -5.34891710e-02  5.01148812e-02  5.78294434e-02  3.88078839e-02
 -1.36449248e-01 -7.82444701e-03  2.79205609e-02 -7.89094251e-03
 -6.70997202e-02 -3.74288000e-02  6.12491416e-03  2.83894595e-02
  8.80017430e-02  4.95112082e-03  7.56021068e-02  3.43470946e-02
  1.84598230e-02 -1.61037762e-02 -4.02544923e-02  4.39170673e-02
  1.13044195e-01  3.18640023e-02 -6.59977868e-02  3.61091010e-02]",2
Nature_Training_Course,27,What did you learn at this training course? ,"I expanded my knowledge base around the 5W 1H approach to sustainable eco-friendly project development. As well as, explored from a different perspective the application of Design Thinking in coordinating trainings for young learners. I am particularly delighted that they - the trainers - welcomed my initiative to lead and guide a 20 minute meditation session for all participants. It was my first time doing such. I have now discovered a new skill which I shall work to develop for the common good of all as I journey through life . Thanks to the open-minded approach to learning and teaching that the trainers very generously offered. I am inspired to sustain my awakened passion as a Trainer 😍.",Thanks to the open-minded approach to learning and teaching that the trainers very generously offered.,positive,0.7178,True,"[ 2.23273616e-02  7.54945306e-03  3.12976055e-02  1.71738043e-02
  2.57391464e-02  4.71919663e-02 -8.89335945e-03  3.29378918e-02
  2.98392656e-03  9.09510010e-04  4.94109988e-02  9.14706513e-02
 -6.32411242e-02 -1.24007110e-02 -3.54641140e-03  3.68082523e-02
 -4.00010198e-02 -1.96847692e-02 -5.14670573e-02 -4.45771106e-02
  5.57565887e-04  2.10775863e-02  7.26110861e-02  4.96483631e-02
 -1.31113455e-01 -1.63472611e-02  1.92788970e-02 -3.48090976e-02
  3.64647359e-02 -2.31203903e-03 -6.90462217e-02  2.23161019e-02
  3.98688987e-02  1.62065646e-03 -6.30973279e-02  3.26695479e-02
  1.81863662e-02  2.32391171e-02 -1.47630468e-01  1.22750951e-02
  5.28332172e-03 -1.95465069e-02 -7.08303880e-03  3.30904126e-02
  5.27276145e-03 -1.98129397e-02  2.12660376e-02 -9.66841429e-02
  8.86370800e-03 -6.15720116e-02 -8.32357407e-02 -1.31411806e-01
 -3.65246348e-02 -5.23738302e-02  1.72214285e-02  3.96033227e-02
 -5.59428595e-02 -1.85524467e-02 -4.91037183e-02 -1.70030836e-02
  1.29190292e-02 -3.08874529e-02 -1.19818650e-01  2.46373247e-02
 -1.58025678e-02 -5.51907793e-02 -3.50151397e-02  1.35736123e-01
 -2.44143624e-02 -7.14172348e-02 -1.05624236e-02  6.55275956e-02
  7.87609071e-02 -1.74814370e-04  7.55673423e-02  4.89697866e-02
 -3.03392727e-02 -1.38763469e-02  4.31848578e-02  5.98224159e-03
  3.17222849e-02 -1.83785185e-02  1.08945845e-02 -3.54504734e-02
  6.33313805e-02  2.15701796e-02  1.20475423e-02 -3.99227329e-02
  3.47219445e-02  6.12045228e-02  1.06873251e-02  1.02648446e-02
 -8.96149352e-02 -3.88368554e-02 -4.02187631e-02  2.15500835e-02
 -4.21284363e-02 -3.55411731e-02 -5.71585037e-02  8.51402134e-02
  5.66759240e-03  3.09562404e-02  2.61095096e-03  2.09069904e-02
 -7.28983134e-02 -2.81994008e-02 -4.57166927e-03 -1.29778590e-02
  6.85974881e-02  4.43753321e-04  1.71347577e-02 -2.96941753e-02
  2.56882273e-02  1.49523700e-02 -2.09623966e-02  1.19738847e-01
 -6.93256110e-02  4.90046926e-02  1.12604508e-02 -7.37756770e-03
 -1.22254277e-02 -9.21492465e-03  2.34378316e-02 -2.00957209e-02
 -2.19633263e-02 -5.29182069e-02 -4.13498692e-02 -4.88646536e-33
  2.38008369e-02  1.04097277e-01  6.69168234e-02  8.45791213e-03
 -1.92176998e-02 -2.23375037e-02 -3.41475829e-02 -2.68788058e-02
 -3.03523894e-02  2.29653586e-02  9.04740319e-02  1.29010692e-01
  5.86538613e-02  8.14283714e-02 -9.99551639e-03 -7.20736831e-02
 -1.54280379e-01  1.50033399e-01  2.52110930e-03  1.45080667e-02
  5.99230044e-02  1.66580658e-02  2.33544270e-03 -7.31675653e-03
 -1.27133979e-02 -6.15979731e-03  1.49793578e-02 -1.68495113e-03
  1.18316606e-01  1.85910556e-02  2.60641146e-02  6.58748671e-02
 -8.31279829e-02 -5.44831343e-02 -2.38663964e-02 -2.97717657e-02
  4.14792225e-02 -5.66437319e-02  6.01878949e-02 -4.15011831e-02
  5.03942072e-02  9.51606873e-03  5.37391603e-02 -2.70504616e-02
  2.21194495e-02  9.88756716e-02  8.35485086e-02 -7.06097335e-02
 -1.93514824e-02 -5.46163553e-03 -8.21867734e-02 -3.59736681e-02
  3.12516186e-03 -7.31422454e-02 -4.96157305e-03  1.53189069e-02
  1.80130899e-02  9.98371094e-02 -7.64755830e-02 -5.13934009e-02
 -7.48976716e-04  5.36961444e-02 -1.38349934e-02 -3.87729742e-02
 -1.09201655e-01 -1.41133415e-02 -4.46109958e-02 -3.39435190e-02
  5.06431758e-02  6.80811284e-03 -8.23064223e-02  2.64868308e-02
 -4.71950993e-02 -4.68732752e-02 -3.59638259e-02 -3.97077203e-02
 -1.02607580e-02  7.56653864e-03  9.49261263e-02 -2.65530031e-02
  8.01368728e-02  8.32900032e-03 -6.55835122e-03  2.82604247e-02
 -9.63563379e-03  3.08219101e-02 -1.41958613e-02 -1.41695235e-02
  6.30682483e-02  7.57534057e-02 -2.91008549e-03  1.32479034e-02
 -4.14252877e-02  3.31886671e-02  3.28306138e-04  3.37146547e-33
  2.68016681e-02  5.43402359e-02  2.99840216e-02  6.26551509e-02
  6.04422167e-02  3.40488032e-02 -3.47871371e-02  8.16825777e-02
  8.15896243e-02  2.86392234e-02  6.58388212e-02  3.86762992e-02
 -3.90740372e-02  7.78826931e-03 -5.49634956e-02 -1.30401284e-01
 -5.69747649e-02  4.18049730e-02 -3.47769782e-02 -4.37585451e-02
  1.57652684e-02  8.60869959e-02  3.20167094e-03 -7.76074976e-02
  7.87239373e-02  5.75341769e-02 -2.12445296e-03  5.60744405e-02
 -1.99856050e-02  1.89832132e-02  5.06766252e-02 -3.45136076e-02
 -3.92380692e-02 -2.90121529e-02 -4.82585542e-02  8.31784233e-02
  2.40020696e-02  1.06851086e-02  3.31621291e-03  9.41962451e-02
 -8.63605365e-03 -6.93267807e-02 -7.99959004e-02 -3.68491299e-02
  3.23477620e-03 -5.31881303e-02  3.36239003e-02  1.26903993e-03
 -5.41349920e-03 -4.08156700e-02 -4.69345450e-02 -4.00259234e-02
 -2.69967201e-03 -1.24676071e-01  4.24865298e-02 -3.10653485e-02
  9.77812260e-02 -5.72498515e-02 -4.81564406e-04 -3.93011793e-02
 -7.97575638e-02  2.61796042e-02 -1.91334598e-02  1.01384623e-02
  3.15105878e-02 -4.29477915e-02 -2.30464078e-02  7.69271776e-02
 -5.86428717e-02 -3.09997164e-02 -2.17229198e-03  8.69326070e-02
  2.88038794e-02 -2.40960578e-03 -3.93154798e-03  3.27896029e-02
  5.59416264e-02 -2.61865910e-02 -3.59687693e-02 -4.46359850e-02
 -2.41337828e-02 -1.14561245e-01  7.48366043e-02  4.95885350e-02
  1.17054485e-01  7.81981945e-02  6.68879524e-02  1.63698550e-02
 -3.03603499e-03  1.13164196e-02 -3.22709195e-02  6.02663867e-02
  6.40430674e-02  2.06918623e-02 -3.66389938e-02 -2.36633397e-08
 -4.00720537e-02 -7.53947496e-02  3.85304503e-02  9.32335332e-02
  1.08837243e-02  2.37826202e-02 -5.31439632e-02  2.72880364e-02
 -1.12548165e-01  5.82316108e-02 -6.43585669e-03  6.50695935e-02
 -2.56982706e-02  7.22146481e-02  7.43325427e-02  3.41149792e-02
 -2.98692118e-02  8.20858181e-02 -6.87763616e-02  3.13516371e-02
  6.19445033e-02  1.58407968e-02  5.96738420e-02 -3.91372852e-03
 -7.44268447e-02 -8.72367397e-02 -5.27141243e-02  4.02327180e-02
 -3.72040272e-02  1.68630271e-03  3.73366661e-02 -3.55297215e-02
  2.80301403e-02  3.07384692e-03  4.44651861e-03  8.58506858e-02
 -3.49816792e-02 -4.28540213e-03 -5.64122014e-03 -6.66993996e-03
 -1.17223211e-01 -1.75407827e-02  6.16544597e-02  1.54573731e-02
 -2.64650602e-02 -1.91230420e-02 -1.30323851e-02  1.98482405e-02
 -6.19644374e-02  4.84068468e-02  2.12677708e-03  8.52212950e-04
  1.39918309e-02 -2.43008882e-02  2.48777587e-02  1.66122168e-02
 -5.26557341e-02 -4.24748771e-02 -8.61300007e-02  6.49619251e-02
 -3.84374894e-02 -2.09593922e-02 -3.54244299e-02  7.46976808e-02]",2
Nature_Training_Course,27,What did you learn at this training course? ,"I expanded my knowledge base around the 5W 1H approach to sustainable eco-friendly project development. As well as, explored from a different perspective the application of Design Thinking in coordinating trainings for young learners. I am particularly delighted that they - the trainers - welcomed my initiative to lead and guide a 20 minute meditation session for all participants. It was my first time doing such. I have now discovered a new skill which I shall work to develop for the common good of all as I journey through life . Thanks to the open-minded approach to learning and teaching that the trainers very generously offered. I am inspired to sustain my awakened passion as a Trainer 😍.",I am inspired to sustain my awakened passion as a Trainer 😍.,positive,0.7351,True,"[-1.96860880e-02 -1.99956112e-02  4.59438600e-02  5.05714528e-02
  1.12837283e-02  2.70759426e-02  5.72409295e-02 -3.76025140e-02
  2.04641744e-02 -4.27894257e-02 -7.74012730e-02 -3.02203894e-02
  5.39528504e-02  5.78847080e-02 -5.74520743e-03  1.57419161e-03
  2.47908887e-02  2.30245180e-02 -1.66280009e-02 -3.55352424e-02
  1.69528816e-02  6.44960031e-02  4.98390459e-02  8.18355307e-02
 -7.09507689e-02  2.44210958e-02 -1.22518549e-02 -5.38398400e-02
  4.20438349e-02 -3.95802297e-02 -5.82078546e-02  2.38125306e-02
 -1.16650080e-02  9.62269120e-03 -6.01205602e-03  8.25671181e-02
  9.95978015e-04 -8.44581239e-03 -2.73107495e-02 -1.51382620e-03
  1.91449020e-02 -6.57333583e-02  5.20735458e-02  3.24204750e-02
  2.70669498e-02 -1.38558717e-02 -7.31669972e-03 -4.92495261e-02
 -3.86515670e-02 -1.90342590e-02 -6.68918118e-02 -8.13377798e-02
 -1.00615788e-02 -5.84407896e-02  1.27369771e-02  2.95632109e-02
  1.89092662e-02 -2.79420335e-02  2.10550800e-02  2.07622605e-03
  3.05579510e-02  1.05215535e-01 -2.71360832e-03  4.83704498e-03
 -2.28700358e-02 -7.18276994e-03 -2.43966542e-02  1.13513224e-01
  4.03942801e-02 -4.68274318e-02  8.05693399e-03 -4.20380151e-03
  1.48618314e-03 -1.47766918e-02 -2.15532202e-02  3.40921059e-02
  2.27229539e-02 -6.89905509e-02  5.84538653e-02  4.80621904e-02
  1.74984839e-02 -1.08251367e-02 -2.22247448e-02  1.50093166e-02
  7.80152809e-03  1.96577925e-02  2.45642439e-02 -1.45833949e-02
  4.20816541e-02  1.10987816e-02  4.56872396e-03  1.62044335e-02
 -5.10878786e-02  4.36878838e-02 -8.99983123e-02  4.79734838e-02
 -3.18167955e-02 -7.72753404e-03 -1.33187935e-01  1.69575922e-02
  8.83918721e-03  3.18022035e-02 -4.63868715e-02  6.38828203e-02
 -1.22751128e-02 -5.80919236e-02 -5.71994856e-02 -3.18920463e-02
  5.01401015e-02 -9.39885806e-03  3.88454460e-02 -4.56723534e-02
 -4.74650934e-02  3.91433835e-02  7.73181021e-02  1.00507796e-01
 -8.89332741e-02  3.83180045e-02 -5.72087988e-02  1.53354824e-01
  2.87818983e-02  1.67191699e-02  1.08953854e-02 -1.02950688e-02
 -1.84869126e-03 -1.30942479e-01 -2.89011076e-02 -5.54170465e-33
 -6.14955230e-03  4.82052267e-02  6.36591092e-02  1.20398693e-01
  3.20368856e-02 -1.00343451e-01  2.56411601e-02  1.64121054e-02
 -4.05218787e-02 -2.85831708e-02 -2.42259055e-02  1.16004556e-01
 -1.24496566e-02  9.99691039e-02 -3.28966714e-02 -8.10722634e-02
 -2.96514016e-02 -3.03296372e-02 -3.36157382e-02  2.16327291e-02
 -1.47266723e-02 -1.20905247e-02 -2.69983020e-02 -9.32534412e-03
 -2.75754333e-02  8.29793699e-03  3.71504080e-04 -1.42986206e-02
 -1.86069030e-02  6.19465634e-02  1.09551959e-02 -3.71735133e-02
 -7.18410313e-02 -7.88499266e-02 -3.48194242e-02 -5.84717952e-02
 -1.00972634e-02 -6.72852024e-02 -4.22783289e-03  1.44051500e-02
 -2.84460820e-02  3.12054176e-02  4.01438251e-02 -6.60012960e-02
 -4.11456591e-03  5.00443541e-02  1.09976217e-01 -1.17161404e-02
 -1.11663640e-02 -3.99768539e-02 -6.90908134e-02 -1.41400974e-02
  3.41437981e-02 -7.58098066e-02  6.52881935e-02 -4.63926680e-02
  4.58524376e-03  7.38248453e-02 -6.46569021e-03 -1.55329863e-02
 -3.82838175e-02 -4.58414070e-02  1.89963058e-02  7.07197785e-02
 -3.70110422e-02  5.81717230e-02  1.74069833e-02 -5.69588393e-02
  2.33499892e-02  4.45043948e-03 -5.26513867e-02  3.07586379e-02
 -2.74157058e-02 -6.14250638e-02  2.51018000e-03 -5.87300025e-02
 -1.79793164e-02 -1.73445349e-03 -6.03538342e-02 -9.00852401e-03
  3.39195654e-02  4.86093685e-02 -7.02460334e-02  5.49181662e-02
  1.08566761e-01  4.67258599e-03  1.55545147e-02 -4.65961061e-02
  5.88859571e-03  8.62632319e-02 -1.10369399e-02 -5.04694544e-02
  8.98544490e-02 -3.82024050e-02 -3.01021188e-02  4.45604452e-33
  8.94165412e-02 -3.86446267e-02  2.36764364e-02 -6.01313338e-02
  9.95151922e-02 -3.88766713e-02 -1.80639233e-02  1.23585835e-02
 -8.85612741e-02  6.70713484e-02  2.87350118e-02  2.65121218e-02
 -6.94562420e-02  6.01301901e-02 -6.19451255e-02 -8.20518211e-02
  7.81309232e-03  5.10267317e-02 -1.35252355e-02 -2.17246059e-02
  1.97180454e-02  3.29341069e-02 -1.02995403e-01 -8.60088095e-02
  2.72702444e-02  6.19039275e-02  2.51638964e-02  1.46209612e-01
  6.55484796e-02 -3.82939614e-02  3.55263166e-02 -2.52589565e-02
 -9.56923738e-02 -3.21952067e-02 -3.39767374e-02  8.34838599e-02
 -2.14853846e-02 -3.28546427e-02 -3.01326066e-02 -6.43505540e-04
  2.80399229e-02 -4.97803912e-02  4.78105433e-03  5.40792271e-02
 -2.51353830e-02 -8.58250335e-02  8.96516219e-02 -4.06996952e-03
  2.27467082e-02 -2.71000098e-02  6.70647621e-02 -1.06176630e-01
 -2.37327740e-02 -9.31883901e-02  2.30422243e-02  1.69815831e-02
  1.18235186e-01 -2.80106626e-02  5.42428903e-03 -9.90697742e-02
 -4.55044396e-02  3.65464725e-02  4.56730928e-03  9.59356353e-02
  2.83482205e-02 -4.80380543e-02 -1.82751231e-02  5.39424978e-02
 -1.40491307e-01 -4.39164527e-02  1.12245800e-02  6.30242452e-02
 -5.66197634e-02  6.16912507e-02 -7.27535635e-02 -4.76983897e-02
  1.13185756e-02 -2.34429520e-02  6.29107351e-04 -4.64288406e-02
 -1.03574432e-01 -4.87291589e-02  3.49220894e-02 -1.76244546e-02
  6.17601797e-02  4.59668823e-02  9.51795932e-03  9.01286975e-02
  2.50754412e-02 -4.62094955e-02  1.43455982e-04  6.53956831e-02
 -3.00042666e-02  2.05360167e-02  5.49934097e-02 -2.11793658e-08
 -4.36723381e-02  5.80623969e-02 -2.33567674e-02  5.79659082e-02
  2.63278633e-02 -1.25821261e-02 -1.40722666e-04 -1.03332058e-01
 -3.96580845e-02  4.40702448e-03  7.28394464e-02 -3.19269113e-02
  1.04067996e-01  6.82473704e-02  1.19718015e-01 -2.53427234e-02
  9.19973031e-02  6.45554960e-02 -2.41980180e-02 -3.92622612e-02
  7.31609091e-02  4.14804406e-02 -3.83633338e-02 -4.45460193e-02
 -6.23279847e-02 -2.00230666e-02 -1.68647338e-02  1.12643875e-02
 -4.42672521e-04  3.66313010e-02  7.31467083e-02 -1.21583259e-02
  2.76867710e-02  4.30249870e-02 -5.00406399e-02 -9.98624694e-03
  9.13495664e-03 -4.01257090e-02 -7.11075962e-02  3.73420715e-02
 -4.87739220e-02 -2.19273213e-02  3.03031243e-02  7.50317425e-02
 -3.48665081e-02  3.51189263e-02  8.80398974e-02 -9.44514126e-02
  1.18019003e-02  8.17355812e-02 -1.99284740e-02 -6.07469082e-02
  7.43427575e-02 -1.02745071e-02  3.73011939e-02  3.37838084e-02
 -8.19172990e-03  1.60745941e-02 -6.89030662e-02  2.52120346e-02
  1.01144508e-01 -2.80595683e-02 -1.02221400e-01 -1.38963927e-02]",2
Nature_Training_Course,29,What did you learn at this training course? ,"Lots of things, interesting theories and I got to deepen my social skills.","Lots of things, interesting theories and I got to deepen my social skills.",positive,0.4019,True,"[-3.34295928e-02 -3.15277721e-03  5.94960041e-02  7.23074526e-02
  4.03666869e-02 -3.40376608e-02  2.05466375e-02 -9.02256090e-03
 -9.28649399e-03  9.62671358e-03  2.90877558e-03  2.80807056e-02
 -4.80334908e-02 -1.29671598e-05  4.34479862e-02 -6.15722239e-02
  1.73459183e-02  1.66191102e-03 -1.39406547e-01 -5.84070645e-02
 -5.02657853e-02 -2.09386703e-02  6.29016152e-03 -1.82923116e-02
 -4.35701422e-02  8.78358036e-02  4.42003272e-03 -2.05697604e-02
  2.25945245e-02 -6.18442856e-02 -7.81337637e-03  3.88572365e-02
 -1.85129400e-02 -9.57624614e-03 -6.54387698e-02  8.72226655e-02
  8.04553330e-02  6.59230922e-04  1.06000744e-01 -2.52285064e-03
  1.10986000e-02 -8.26126784e-02  1.10065304e-01 -1.33307446e-02
  2.84329392e-02  2.99205091e-02  3.40941958e-02 -8.48200917e-03
 -9.38416086e-03 -5.19910306e-02 -1.14982743e-02  2.43077129e-02
 -4.52423804e-02  2.84229033e-02 -2.34269593e-02 -2.71143075e-02
 -2.32534651e-02  5.68404756e-02  2.35587340e-02 -4.21583913e-02
  6.83732890e-03 -7.69135430e-02 -4.42031287e-02  7.58787766e-02
  4.66467813e-02  1.89899188e-02 -5.72519973e-02  8.57814327e-02
 -9.97080188e-03  4.95021790e-03  1.20829418e-02  3.59377265e-02
  1.31255630e-02  6.86073601e-02  7.06363842e-02 -4.66673784e-02
  5.94872646e-02 -8.52451250e-02  4.89622680e-03  5.61974421e-02
  1.03303948e-02  4.67832461e-02 -2.53158808e-02  6.15887120e-02
  1.98351685e-02 -1.07950211e-01  1.93256121e-02 -5.20239659e-02
 -8.75320584e-02  7.51277804e-02  1.51287080e-04 -4.76278923e-02
 -4.32614200e-02  5.34580089e-03 -2.53159204e-03  5.48358187e-02
 -6.31597787e-02 -3.22675193e-03  4.30909015e-04  3.94224934e-02
 -2.76881140e-02  5.43546416e-02 -3.46959755e-02  5.20305634e-02
  3.13477404e-02 -1.55179240e-02 -2.77578849e-02  2.06588674e-02
  3.55039388e-02  2.04914790e-02 -8.57347846e-02  2.36324612e-02
 -1.78035032e-02  3.10045574e-02  2.45619640e-02  1.43495132e-03
  3.62763964e-02  3.15917060e-02 -2.85259746e-02 -7.19788671e-03
  5.91728203e-02  5.08844294e-02 -3.04967575e-02 -5.03434194e-03
 -5.32914661e-02  2.87518632e-02 -9.48070660e-02 -2.13289630e-33
  5.66348173e-02  1.57715753e-02  8.75381473e-03  1.65718272e-01
  3.35576907e-02  2.75265016e-02 -6.04074076e-02  4.28833924e-02
  2.10206932e-03  8.98495913e-02  4.94207740e-02  5.53418547e-02
 -3.52287740e-02  4.76237051e-02 -3.18421982e-02  3.40567939e-02
 -1.65238962e-01  1.20196706e-02  2.89453641e-02  3.26922089e-02
  5.18717244e-02 -1.95786022e-02  8.29382427e-03 -1.30494619e-02
  1.70336701e-02  1.87144931e-02  3.22505757e-02 -8.17280337e-02
  4.07557096e-03 -3.29508586e-03 -4.04977649e-02  8.15027207e-02
 -6.79130107e-02 -4.71335230e-03  2.32982896e-02  4.45790738e-02
  7.46301189e-02 -1.62042066e-01  6.24750108e-02 -1.35379070e-02
  1.73620619e-02  9.72187147e-03 -3.35054100e-02 -4.75100502e-02
  3.93500328e-02  3.54336984e-02  2.27052849e-02 -4.36230563e-02
 -9.76212248e-02  2.83100288e-02 -8.42333809e-02 -4.69012232e-03
 -6.96536433e-03 -4.01246212e-02 -5.51115088e-02  1.96917518e-03
  7.53614120e-04 -2.58994829e-02 -1.06452731e-02 -1.84664279e-02
  5.53373620e-02  5.27212918e-02 -6.15890548e-02 -4.59445901e-02
 -2.88772061e-02  3.03350519e-02 -3.66748236e-02 -5.26201390e-02
  8.59269872e-02 -5.90936616e-02 -1.59834605e-02  4.32928186e-03
 -4.60843891e-02 -1.19172428e-02 -4.02893946e-02  2.51015034e-02
 -4.30631563e-02 -6.36386797e-02 -2.51385849e-02 -3.25097069e-02
  4.34879586e-02 -1.50733395e-02  1.54498955e-02 -1.90522037e-02
 -1.06826937e-03 -5.85562922e-03  3.13693210e-02 -7.62991682e-02
  2.75259670e-02 -1.88947208e-02  1.46004101e-02 -7.34029636e-02
  4.31019589e-02 -6.40665069e-02 -4.60704453e-02  8.89509340e-34
 -1.45047409e-02 -4.73585539e-02 -3.70206870e-02  7.17116563e-05
  9.09000728e-03 -5.51814996e-02 -6.97305650e-02  3.11437976e-02
 -4.38039489e-02  4.20901068e-02  7.52968118e-02  2.50121951e-02
  2.98398156e-02 -1.11204460e-02  4.43500793e-03 -7.61697814e-02
  1.48415556e-02  2.08697803e-02  1.39923971e-02 -2.29053795e-02
 -1.60204452e-02  9.37875211e-02 -5.87622896e-02  1.65624376e-02
  4.21019271e-02  1.62084978e-02 -1.31943077e-02 -4.82578129e-02
  9.36219748e-03  2.69040968e-02 -9.68262181e-03  9.67860781e-03
 -2.49428693e-02 -4.05851528e-02 -1.00274552e-02  1.35698363e-01
 -4.31166887e-02 -8.35318863e-02  1.98288355e-02 -8.81625935e-02
 -1.79950371e-02 -3.66025046e-03  9.14001837e-03  9.09805484e-03
 -3.06391506e-03  1.63953602e-02 -1.01227928e-02  8.98105726e-02
 -4.00525108e-02  2.66015138e-02  1.83076803e-02 -3.71254459e-02
 -4.31175227e-04 -9.46956500e-02  2.93229590e-03  1.26303639e-02
  8.63249004e-02 -3.10417973e-02  1.06974855e-01  3.11383177e-02
 -7.04374313e-02  6.01006709e-02 -5.99272586e-02  4.30186912e-02
 -2.05398649e-02 -1.03958502e-01 -1.06884457e-01  3.70559357e-02
 -2.46892553e-02 -6.04571253e-02 -2.67317854e-02  2.29744278e-02
  2.19203457e-02  7.00672790e-02 -1.56310182e-02 -4.88454290e-02
 -4.46375832e-03  1.39706070e-02 -2.93149576e-02 -1.87446550e-03
 -6.46885037e-02 -8.28670710e-02  3.13178338e-02 -4.55185287e-02
  8.68285168e-03  1.04838818e-01 -4.52213064e-02  7.71585479e-02
  2.26304345e-02 -6.29632771e-02 -9.84753221e-02 -3.90354334e-03
  1.39887184e-02 -1.98207200e-02 -3.65608335e-02 -2.19643628e-08
  2.72538960e-02 -7.03612249e-03  3.30590308e-02  4.73235846e-02
 -3.81617099e-02  2.14681532e-02 -3.42491642e-02  1.28648341e-01
 -6.48633614e-02  2.54476536e-02 -3.50545086e-02  7.34419078e-02
  1.58677362e-02  6.82731420e-02  1.38013080e-01  7.78659806e-03
  9.78670195e-02 -1.72278155e-02 -1.22904684e-03 -1.25312917e-02
  1.05349973e-01 -1.96345355e-02 -3.63475271e-02 -1.44119924e-02
 -1.70066711e-02 -3.23266312e-02 -7.04034392e-05  7.73947984e-02
  3.78394164e-02  1.00305088e-01 -2.57332660e-02 -2.02703495e-02
 -9.95252654e-02  1.87274441e-03 -3.90724726e-02  7.19328672e-02
 -1.80140454e-02 -9.68820453e-02  9.92241725e-02 -6.32759854e-02
 -1.29697863e-02  3.34992148e-02  6.00400418e-02  8.57615769e-02
 -6.62887022e-02  6.32124096e-02 -1.91646926e-02 -1.29072284e-02
 -1.76893063e-02  7.00565651e-02  5.66191860e-02  6.53025135e-02
  2.40399297e-02  1.17294034e-02  3.16739380e-02  1.17234315e-03
 -2.34564748e-02  1.23232365e-01 -4.47620042e-02  2.34372746e-02
  1.40964508e-01  1.00613281e-01 -1.30070344e-01  2.54812697e-03]",2
Nature_Training_Course,32,What did you learn at this training course? ,"Design thinking seemed interesting to me, I had never heard of such a thing and it was new to me","Design thinking seemed interesting to me, I had never heard of such a thing and it was new to me",positive,0.4019,True,"[-5.33140115e-02  4.27103154e-02 -3.31638493e-02 -4.16850075e-02
 -9.32016410e-03 -7.02140108e-02  5.74247167e-03  3.34732085e-02
  4.48180549e-02  4.16648872e-02 -8.45201164e-02  1.31812051e-01
 -5.54200215e-03 -4.10553068e-02  1.61078982e-02 -2.70547811e-02
  3.34385633e-02 -5.56767806e-02 -4.57094051e-03  4.88670431e-02
 -2.73205396e-02 -6.19691424e-02 -1.12693841e-02 -5.48528358e-02
 -6.62131608e-02  3.76168415e-02 -5.19740675e-03 -5.13283396e-03
  4.15566973e-02 -3.16853751e-03  1.60374623e-02  1.12310939e-01
  5.84990857e-03 -2.93545034e-02 -2.95819845e-02 -6.96674408e-03
  8.27032141e-03  7.36522451e-02 -5.41116260e-02 -7.19759092e-02
 -1.25994265e-01 -4.03262787e-02  7.42989965e-03 -3.61313228e-03
  2.81040184e-02  2.05798019e-02 -2.09663268e-02 -2.74313223e-02
 -2.51733847e-02 -4.80737202e-02 -5.96377850e-02 -1.33770958e-01
  2.61030020e-03 -7.63467029e-02  1.57773755e-02  2.30399780e-02
 -1.39256986e-02  1.37676960e-02 -5.37187560e-03 -3.75331789e-02
  7.37211062e-03  2.79454216e-02 -2.18399838e-02  4.00194153e-02
  6.50170147e-02  2.10212800e-03 -2.92022265e-02  5.59401289e-02
  2.27290615e-02 -1.32099777e-01  7.67363533e-02 -2.63727643e-02
  3.53349149e-02  3.57777029e-02  1.11626342e-01  8.10752064e-03
 -7.06482027e-03 -3.02401520e-02 -2.95611545e-02  1.91204771e-02
 -3.64106474e-03  1.07900567e-01 -4.75010052e-02  4.00604382e-02
  3.57680768e-02 -2.00259350e-02 -2.10189018e-02 -1.91362742e-02
 -3.19781597e-03 -6.18203403e-03  3.42157087e-03 -1.33262733e-02
 -3.47668007e-02 -8.98805447e-03  7.66856922e-03  2.45898534e-02
 -4.64474745e-02  2.00610422e-03  3.63083393e-03 -1.11856898e-02
 -2.45029852e-02  3.90698723e-02  3.97247188e-02  1.05501886e-03
  5.99448709e-03 -5.25581166e-02  1.60373710e-02  4.64200787e-03
 -3.37347649e-02 -1.28501905e-02 -7.22468719e-02 -1.38057834e-02
 -7.16841966e-03  3.82257737e-02 -1.26407608e-01 -6.62857434e-03
  4.99283243e-03 -2.39013578e-03  9.25230682e-02  2.46034525e-02
  6.48210868e-02  1.03503540e-02 -3.90270241e-02 -9.73504856e-02
  2.33256146e-02 -4.85175960e-02 -4.67787310e-02 -4.34999803e-33
  2.53320523e-02  1.45267639e-02  2.29129028e-02  4.91697714e-02
  1.55445740e-01 -9.43725780e-02 -1.13167521e-02  4.88441773e-02
  1.22564740e-03  5.63973300e-02  1.08937420e-01 -2.29306202e-02
  6.46035969e-02  1.29618615e-01  3.07395291e-02 -1.12367623e-01
 -1.05994478e-01  2.81666555e-02 -4.73697595e-02 -2.31484640e-02
 -7.82800466e-02  1.66043900e-02  8.46609697e-02 -4.56896909e-02
  1.49546517e-02  1.09560780e-01 -7.73757929e-03  1.14890663e-02
  4.34226021e-02  1.45257218e-02 -7.33254626e-02  7.29612187e-02
 -6.58706576e-03 -1.72889065e-02 -1.00392967e-01  5.65716960e-02
  5.75533174e-02 -1.18659437e-01  7.31941760e-02 -3.07655055e-03
 -4.85136807e-02  1.71295106e-02  2.68264394e-02 -8.23677424e-03
 -3.59554701e-02  3.85516472e-02  4.67212461e-02  1.06065581e-02
 -1.07309572e-01  3.60116400e-02 -4.26526256e-02 -1.55483177e-02
  2.28728987e-02  2.59164348e-02  2.52118316e-02 -9.00268704e-02
  1.81240365e-02 -2.30948664e-02  4.04220931e-02  1.57129373e-02
 -6.36151955e-02  7.01876655e-02  9.17525683e-03 -2.43909657e-02
 -2.43482105e-02  6.19711354e-02  2.55894493e-02  9.81229451e-03
  7.50553086e-02 -3.98532413e-02 -2.09531747e-02  4.15947326e-02
 -5.54973669e-02 -3.32426243e-02 -3.42272781e-02 -1.46774156e-02
 -4.12994064e-02  1.66484900e-03  3.66677716e-03 -1.39797234e-03
  8.13833997e-02 -3.27030802e-03  1.98689625e-02 -6.11697091e-03
  2.71549132e-02  2.19420847e-02  9.08291489e-02 -5.16383871e-02
 -7.86078423e-02 -3.91356274e-02  1.79862361e-02 -4.39737849e-02
  3.69504676e-03 -5.78426421e-02  2.59795506e-02  1.30045105e-33
 -1.13654405e-01 -3.68062705e-02 -4.46937568e-02 -2.82465015e-03
  5.73636144e-02 -8.13887343e-02 -3.07920296e-02 -3.66425887e-02
  4.31161933e-03  5.25905564e-02  6.17219359e-02 -1.28467837e-02
 -2.29027309e-02  1.03331968e-01  4.26001400e-02 -6.21141419e-02
 -1.34490030e-02 -5.92687093e-02  2.95644114e-03 -1.38125271e-02
  8.64780545e-02  6.51097223e-02 -8.45374763e-02 -3.65463905e-02
  2.11037900e-02  4.40031327e-02 -4.93089817e-02 -3.32844891e-02
 -3.93282026e-02  9.70094465e-03 -6.16418645e-02 -5.88374101e-02
  5.23067778e-03  2.83415373e-02  5.03501035e-02  2.19911896e-02
 -2.90722344e-02  2.21355818e-02  1.47425691e-02 -5.96033894e-02
 -9.71070156e-02 -5.12954220e-02  7.07307160e-02  1.95441190e-02
 -6.51062652e-02 -4.55020443e-02 -2.01144814e-02  4.18109335e-02
  7.46432459e-03 -3.31633985e-02 -2.19016317e-02  5.81604987e-02
 -1.00533348e-02 -1.25465602e-01 -5.41845001e-02 -3.16037163e-02
 -8.58306233e-03  9.84225236e-03  9.04685631e-02  1.01330228e-01
  6.95858300e-02  4.81654005e-03 -8.23721103e-03 -8.32558125e-02
  2.79892925e-02  5.32744080e-03 -1.31083624e-02 -1.85680240e-02
 -1.15145538e-02  6.34025130e-03  3.84784378e-02  1.84606370e-02
 -4.51779924e-02  4.68071662e-02  4.82979976e-02 -5.24077490e-02
  7.18925893e-02 -2.32140273e-02 -8.68321955e-02  2.45557651e-02
 -3.92253473e-02 -6.82123378e-02  1.40440073e-02  2.28176173e-02
  3.88318747e-02 -1.76940002e-02 -1.60989746e-01  4.55428138e-02
 -2.67253853e-02  2.29445528e-02 -2.30900850e-02  9.03140604e-02
  1.81975644e-02  1.34420738e-01 -3.11187748e-02 -2.52851926e-08
  4.44332277e-03 -2.38466961e-03  6.71772510e-02  4.05921303e-02
 -4.70661297e-02 -2.10896768e-02  2.10029203e-02 -3.16066481e-02
 -9.43717659e-02 -2.96770670e-02  4.37857164e-03  3.05572078e-02
  1.59948375e-02  1.01651810e-01  7.72506222e-02 -9.16830450e-03
  7.54683018e-02 -2.58000959e-02 -7.11181313e-02 -3.98180410e-02
  3.87433991e-02  5.34668304e-02  5.48353232e-03 -1.06776087e-02
 -2.92730760e-02  5.53627498e-02 -5.03657684e-02 -1.85333472e-02
 -1.39044728e-02 -1.55215422e-02 -3.74046564e-02  9.41115171e-02
  7.51736760e-02  2.70665735e-02  2.14105099e-02 -1.94484629e-02
 -2.08715294e-02 -1.00452546e-03  1.52170919e-02 -7.69573301e-02
  4.99830209e-03 -1.02411501e-01 -2.49558799e-02  1.09410755e-01
 -1.85593218e-02  3.84679101e-02  1.10483775e-02 -3.09377834e-02
 -4.26809862e-02  7.97097757e-02  4.38196585e-02  5.91181964e-02
  2.21154303e-03 -5.63917868e-03  7.02224895e-02  4.00272310e-02
  3.46343927e-02  1.86952893e-02  8.30500107e-03 -2.51208851e-03
  7.17314556e-02  3.36452350e-02 -6.49036542e-02  1.24354340e-01]",1
Nature_Training_Course,33,What did you learn at this training course? ,I liked the part where I had different topics to talk to everyone about the environment for a while ! It was a clock assignment!,I liked the part where I had different topics to talk to everyone about the environment for a while !,positive,0.6,True,"[ 1.20911570e-02  5.25269099e-02  9.38989818e-02 -8.81031621e-03
  1.28951401e-01 -8.71664658e-02  1.84891559e-02 -2.83985250e-02
 -2.47383881e-02 -5.26549853e-02 -4.68518510e-02  3.00417859e-02
  4.59051738e-03  3.27301510e-02  3.52089107e-02 -9.82782524e-03
 -4.43257987e-02 -1.82175841e-02 -8.48933123e-03  1.88195985e-02
 -8.69524777e-02  1.38328671e-01  5.19063026e-02 -2.09710957e-03
 -6.97839335e-02  4.87707183e-02  1.24127846e-02  5.38845621e-02
 -1.23823574e-03 -8.39883648e-03 -1.73818059e-02  1.34758979e-01
  2.20878385e-02  9.85321403e-03 -7.30973342e-03  4.31358516e-02
  5.78286080e-03  1.22598815e-03 -5.57862818e-02 -1.84708787e-03
 -4.41575572e-02 -3.17758473e-04  3.80748361e-02 -2.34788191e-02
 -2.07028799e-02 -9.07185897e-02  2.00123060e-02 -1.12562880e-01
  1.00646399e-01 -1.48064755e-02  4.59360406e-02 -6.03423119e-02
 -4.44989353e-02 -2.95857005e-02 -4.14022356e-02  2.99745649e-02
 -1.14372848e-02  6.75337343e-03  5.56173362e-03 -4.00401093e-02
  2.88807023e-02 -4.31345664e-02 -4.81815003e-02  4.95041162e-02
  1.18815109e-01 -4.69733663e-02 -6.90383613e-02  6.54955655e-02
 -7.21346913e-03 -3.28588076e-02 -8.71744379e-02  6.61984161e-02
  5.04009984e-02 -6.60947189e-02 -4.96328622e-02  1.25478096e-02
 -1.16020003e-02 -2.76012849e-02  4.03515473e-02  1.06262779e-02
  6.52739108e-02 -2.92319693e-02 -9.57303569e-02 -2.18644179e-02
 -2.94946367e-04 -9.41785052e-02  7.13813258e-03 -6.74491674e-02
 -3.76836807e-02 -3.45881432e-02  6.18613776e-05  1.50262928e-02
  6.76802918e-02  2.87474152e-02 -1.33940596e-02  1.84838753e-02
 -3.45389880e-02 -4.02746983e-02  7.90431425e-02  5.76130748e-02
 -1.38606746e-02 -8.93709995e-03  1.56372767e-02 -4.67778370e-02
 -2.07663793e-03 -5.15229478e-02 -2.03818306e-02  1.69709269e-02
 -1.09213796e-02  4.03391570e-02 -3.09933405e-02 -1.38844852e-03
  4.86271344e-02  3.13653238e-02  6.20604269e-02 -1.35762123e-02
  1.49808750e-01 -1.94742307e-02  2.93965768e-02  5.63208014e-02
  7.57253394e-02 -2.25733463e-02 -1.80982314e-02  6.68694675e-02
  4.48404886e-02 -3.02296579e-02  4.74214964e-02 -4.68677789e-33
  3.22873816e-02 -1.83059759e-02  1.23719610e-02  7.73557350e-02
  9.34382752e-02  5.44914827e-02 -4.58696447e-02  6.84284940e-02
 -3.58100198e-02 -1.05555383e-02  3.58341187e-02  4.33743093e-03
 -4.51460890e-02  3.52550521e-02  3.48035060e-02 -3.95240188e-02
 -1.05477169e-01  3.74158137e-02 -2.06062812e-02  1.51342079e-02
 -5.25763519e-02  4.68523614e-02 -4.44518402e-02  4.38949168e-02
  9.30856243e-02  7.35894497e-03  1.36136293e-01 -5.91104329e-02
  3.91260460e-02  1.44278882e-02  2.76715234e-02  4.87857945e-02
 -5.31625114e-02  4.11290340e-02  6.68125898e-02 -5.29934233e-03
  1.54494890e-03 -2.66003106e-02 -2.66096368e-02 -3.81851592e-03
 -1.96268745e-02 -3.69213498e-03  1.26402274e-01 -3.54619510e-02
  2.43368354e-02  1.70741994e-02  3.49553376e-02  6.40298575e-02
  2.01959945e-02  1.12198051e-02 -1.13144189e-01 -7.37191085e-03
  3.05998363e-02  1.39478147e-02  2.84143351e-02 -4.66634855e-02
 -2.88202334e-02 -4.34135757e-02 -4.07678410e-02 -3.65446396e-02
 -3.60304564e-02  1.15298569e-01  2.74791643e-02 -1.55672550e-01
  2.64118891e-02  3.07017006e-02 -2.89534684e-02  4.04152907e-02
 -7.69752637e-03 -2.34778076e-02 -9.77428555e-02 -4.40071523e-02
 -5.58051653e-02 -7.90426973e-03 -5.74112311e-02  1.87171977e-02
 -7.66222998e-02  1.85812321e-02 -1.12396926e-01 -2.62716413e-02
  6.36086166e-02 -2.12098509e-02 -5.60609102e-02 -4.92368527e-02
  2.64917705e-02 -3.47571680e-03  1.03810921e-01 -6.96915090e-02
  1.60579979e-02 -4.55002487e-02  3.36966030e-02  7.77295977e-03
  6.24628402e-02  4.31427080e-03  4.50262940e-03  2.17945120e-33
  2.36296910e-03 -3.99833992e-02 -3.16957273e-02 -6.52877912e-02
  3.06575596e-02 -3.38090174e-02 -1.05163962e-01  5.88998832e-02
  3.37189771e-02  6.15501776e-02 -1.02319662e-02  5.64280860e-02
 -1.06798885e-02  2.67535709e-02 -1.08983396e-02  9.81959142e-03
 -9.18874145e-03 -2.84470227e-02  1.73602514e-02  2.11280566e-02
 -3.75633053e-02  4.60180044e-02 -7.48396292e-02  1.26486933e-02
 -2.74037104e-02  2.09174603e-02  3.99122536e-02  1.67600792e-02
  1.66356247e-02 -6.86996756e-03 -1.12232879e-01  2.89987046e-02
 -6.97271302e-02 -8.63461383e-03 -5.00186495e-02  5.43433689e-02
 -4.53391252e-03 -1.22518964e-01 -2.05085501e-02 -6.62316531e-02
  3.58917154e-02 -1.01786405e-01  1.17990999e-02 -2.14853175e-02
 -4.62819263e-02 -3.69667523e-02  3.42289768e-02 -1.09906560e-02
 -7.89176673e-02  6.56400435e-03 -5.70391268e-02  1.52832223e-03
 -3.56592983e-02 -6.33867308e-02  2.85599884e-02  8.10844358e-04
  1.30727440e-01  2.47439221e-02  4.59380336e-02 -4.36449843e-03
 -5.99514842e-02  6.06605299e-02 -3.49789090e-03 -9.11097750e-02
  1.16558252e-02 -9.05416682e-02  4.79980931e-03 -4.68869619e-02
 -4.20120992e-02 -2.97506992e-02 -6.94418624e-02  1.22784758e-02
 -6.78237155e-02  1.01015372e-02  5.16956486e-02 -2.85693277e-02
  6.83150515e-02 -6.70950711e-02 -8.28430057e-02  3.56358923e-02
  3.44353057e-02  2.77624913e-02 -5.26451506e-02  1.02073699e-02
  8.22032019e-02  6.05782270e-02 -8.11160728e-02 -5.89356292e-03
 -6.99506281e-03  7.53458515e-02 -5.94475865e-03  9.79026686e-03
 -7.06879869e-02  2.91232392e-02  9.07966495e-03 -2.54919588e-08
  3.30990106e-02  4.73735444e-02  4.00713570e-02  3.85283097e-03
  2.56196652e-02 -3.25592868e-02 -4.66829501e-02  5.29559664e-02
 -4.46681902e-02  8.42222571e-02 -2.52827257e-02  6.27579689e-02
 -2.67658178e-02  9.74708945e-02  2.23185010e-02  1.43567873e-02
  5.12712933e-02 -3.68233137e-02 -3.69507447e-02  1.88556127e-02
  4.22960334e-02  6.01924732e-02 -4.03298996e-02  4.59935963e-02
 -5.28857391e-03 -7.03072990e-04 -1.28002511e-02 -1.25427740e-02
  1.73321031e-02 -3.16489786e-02  1.20347722e-04  1.66079160e-02
 -1.21847138e-01  5.14977127e-02 -8.14397782e-02  8.77788174e-04
 -3.78962699e-03 -5.29024890e-03  2.15126593e-02 -2.53917798e-02
 -1.58050898e-02 -2.82595083e-02  3.68806906e-02  3.95854563e-02
  1.49951559e-02  5.30474894e-02 -1.43694552e-02 -5.37214614e-02
  7.32408895e-04 -1.99354775e-02 -5.99056482e-02 -6.57513961e-02
  1.51644154e-02  4.08823192e-02  1.11757793e-01  6.70132227e-04
 -3.09509821e-02 -2.97463350e-02 -3.09977494e-03  5.47243878e-02
  5.66832274e-02  1.39119610e-01 -1.64516553e-01  6.15484416e-02]",1
Nature_Training_Course,35,What did you learn at this training course? ,I have learned new interesting practices from other participants in terms of contribution for co2 reduction.,I have learned new interesting practices from other participants in terms of contribution for co2 reduction.,positive,0.4019,True,"[-1.59064326e-02  7.22773895e-02  2.90764868e-03  5.27846031e-02
  6.74026683e-02  8.53232201e-03 -3.09260190e-02  6.34408072e-02
 -4.36818711e-02  2.70248000e-02 -1.39859561e-02  2.89054289e-02
 -6.55575842e-02  4.70208563e-02  3.69547866e-02 -3.42450710e-03
  1.33886021e-02  5.07518016e-02 -1.58351585e-02 -7.51053393e-02
 -6.94404868e-03 -7.62228742e-02  6.33788109e-02  4.82664108e-02
 -8.70318245e-03  1.21323075e-02  1.90668609e-02 -2.00926587e-02
  5.05070202e-02  6.49129041e-03 -1.66134108e-02  4.35552150e-02
 -3.45474705e-02 -6.49919137e-02 -8.42592269e-02  3.08480654e-02
  5.98309226e-02 -2.79827397e-02 -2.84484331e-03  3.87004986e-02
 -3.11712977e-02 -1.12484186e-03  8.86407122e-02 -4.78141010e-02
  3.02951895e-02  4.76503232e-03  5.22976331e-02 -2.71593053e-02
 -5.59254996e-02 -8.76733512e-02 -1.71266950e-03 -2.28958819e-02
 -8.55738744e-02 -6.49465919e-02  2.14795563e-02 -1.47911897e-02
 -3.64773162e-02 -2.29913348e-04  6.13825629e-04 -4.55817506e-02
  6.76061660e-02 -5.21895550e-02 -6.62464276e-02  3.79468985e-02
  1.67562831e-02  7.53960060e-03 -4.32350393e-03  4.95079570e-02
 -9.68977623e-03 -1.73209310e-02 -4.13720123e-02  3.39679830e-02
  1.64116882e-02 -2.53407918e-02  2.44455095e-02  3.19158323e-02
 -3.44512202e-02 -4.46342900e-02  5.01502790e-02  6.04909770e-02
  5.12228124e-02  7.35665187e-02  5.05581014e-02 -1.59575846e-02
 -1.24524040e-02  2.70662331e-05 -1.58408750e-02 -1.41711794e-02
 -4.51957621e-02 -1.62608642e-02 -1.79548766e-02  1.76490508e-02
  3.24603282e-02  3.77401337e-02 -7.45030195e-02  1.77340508e-02
  2.42143404e-02  5.86791299e-02  2.14843173e-02 -2.11560726e-02
  3.05029564e-02  6.37268052e-02 -8.06384087e-02 -1.06220916e-01
 -5.98553941e-02  2.76543247e-03  1.92410238e-02  4.12850082e-02
  1.27264082e-01  6.60272539e-02 -8.21038708e-02  8.89552608e-02
 -5.77182136e-02  2.44868007e-02  2.23214012e-02  1.28838047e-01
  1.01840161e-01 -2.26220507e-02  4.24489565e-03  6.38527274e-02
  7.04075471e-02  8.59509408e-03  1.47461686e-02 -1.12108365e-02
  2.14164387e-02  2.66580284e-02 -3.04169282e-02 -7.95629402e-34
  1.36181246e-02  3.25751752e-02  6.43760934e-02  1.25994653e-01
  2.15683859e-02 -2.70556863e-02 -1.32604480e-01 -2.56207474e-02
  5.21845147e-02 -4.58283313e-02  6.23028912e-02  6.48458749e-02
  5.38473353e-02  6.45480454e-02 -5.40119223e-02 -1.13676824e-01
 -1.19335413e-01  3.49895209e-02  2.67765783e-02 -6.87751733e-03
 -4.19586664e-04 -2.06733029e-02  4.36253361e-02  1.06622882e-01
  6.27125129e-02  1.83423553e-02  4.43231277e-02 -1.38756949e-02
 -2.64526717e-03 -1.41337642e-03  6.97897375e-02 -1.57530829e-02
 -9.89818871e-02 -8.70459434e-03 -1.68438721e-02  2.54803058e-02
 -7.55624706e-03 -3.01724002e-02 -2.23800559e-02 -7.13694515e-03
 -2.11126311e-03  4.55967821e-02  3.30111943e-02 -5.37865646e-02
  1.74331293e-02 -6.90331087e-02  1.54468708e-03  2.11062375e-02
 -1.63866859e-02  8.82195402e-03 -7.67298564e-02  6.90014362e-02
 -2.12790146e-02 -2.87297275e-02  1.97424702e-02  7.08974386e-03
 -1.66790118e-03 -8.51210952e-02 -2.63547637e-02 -2.62272283e-02
 -5.93999140e-02  8.57066512e-02 -4.47990410e-02  4.31655012e-02
 -7.06205592e-02  9.52789262e-02 -5.58549799e-02 -8.72884765e-02
  9.52821039e-03 -1.87714361e-02 -2.86933780e-02 -2.92232353e-03
 -1.99215785e-02 -1.71779580e-02 -1.02890865e-03 -7.54837841e-02
 -2.86838375e-02  6.49751339e-04  2.60210745e-02 -1.61612611e-02
  4.37973216e-02 -5.80175556e-02  5.80504537e-02 -7.38977864e-02
 -5.50280400e-02 -2.38282587e-02 -2.51407512e-02 -5.64523824e-02
  5.70758171e-02 -7.91626889e-03  3.67785506e-02 -7.52608329e-02
  3.46555822e-02 -1.43528320e-02 -1.96132828e-02 -7.75995433e-34
 -4.13986295e-02 -1.40256258e-02 -1.85377616e-02 -2.83540301e-02
  3.81819792e-02 -1.68851763e-02  2.29133293e-03 -1.37705192e-01
  5.63128665e-02  2.76012458e-02  5.75365536e-02  5.71484268e-02
  3.11865155e-02  5.92203811e-02  3.94322686e-02 -7.13892803e-02
 -7.79243410e-02 -1.97504126e-02  1.53433322e-03 -3.66242528e-02
 -2.98151025e-03  5.21601252e-02  2.78689899e-02 -5.41515276e-02
  4.75378036e-02  5.06015820e-03 -4.65742610e-02 -3.95592414e-02
  7.87120163e-02 -6.25775605e-02 -4.28255573e-02  1.27698686e-02
 -9.88381132e-02 -1.03312895e-01 -6.34032860e-02  2.25158576e-02
 -1.85894053e-02 -5.50446846e-03 -7.37268198e-03 -4.29634713e-02
  2.57350188e-02 -4.53001447e-02 -3.70245660e-03 -7.34373042e-03
 -1.07282139e-02 -6.19920110e-03  1.21440114e-02 -7.08842129e-02
  1.02728158e-02  5.86750358e-02  1.77777484e-02 -2.47553028e-02
 -1.33431092e-01 -8.03266317e-02  6.98191598e-02  2.13920176e-02
  1.07954517e-01 -3.80623825e-02  2.29083225e-02  2.53832638e-02
 -1.37716020e-02  5.91101088e-02 -4.09970693e-02  4.97786961e-02
  2.40125582e-02 -4.09638137e-02 -5.45005575e-02  9.62973386e-02
  3.68739441e-02  2.72517297e-02 -1.41444849e-02  9.01143551e-02
 -7.41968630e-04 -7.22522214e-02 -1.74909178e-02 -7.30618015e-02
 -3.44285667e-02 -2.19097547e-02 -1.02177136e-01  2.15396695e-02
 -6.70075342e-02 -3.41086052e-02  4.07779254e-02 -4.26310636e-02
  4.07126844e-02 -2.43940149e-02 -5.89613616e-02 -3.26509811e-02
 -6.98667690e-02  6.03981577e-02 -1.20847590e-01 -1.79129187e-02
 -1.80888493e-02 -5.12038777e-03  1.51452925e-02 -2.10070290e-08
 -3.69387604e-02  6.64897189e-02  7.90964663e-02  9.90025327e-02
 -2.76732761e-02  8.99574999e-03 -3.72241549e-02  1.00758016e-01
 -4.29445878e-02  2.87806671e-02  7.44492747e-03  9.12219733e-02
  1.63315043e-01  3.23200338e-02  8.39907676e-02 -6.78148195e-02
  7.02184215e-02  2.05345990e-04 -6.27045557e-02 -6.27218410e-02
  5.64896874e-02 -1.75517593e-02 -9.86482576e-03  3.71568743e-03
  1.65293533e-02 -1.91999022e-02  5.77443801e-02  1.03300884e-01
 -4.24131677e-02 -6.50526881e-02 -4.15086560e-02  4.22991328e-02
 -2.67243665e-03 -2.59181336e-02  5.18730991e-02 -1.23372311e-02
  6.25110120e-02  2.24708319e-02 -9.04047582e-03  6.90177456e-02
 -1.34450451e-01 -2.35048681e-03 -3.57418954e-02  1.15444377e-01
  2.07868032e-02  2.25555133e-02 -2.72176415e-02  2.27066018e-02
 -4.42924723e-03  1.24203423e-02  1.40257925e-02 -2.74697598e-02
 -1.09083848e-02  2.46248432e-02  8.94205123e-02  9.48027000e-02
 -1.55554730e-02  3.90137881e-02 -3.09057068e-02 -2.64561027e-02
  3.93599123e-02  5.37045710e-02 -1.12364069e-01  2.25622226e-02]",1
Nature_Training_Course,37,Do you have any recommendations & ideas how the next projects could be improved?,"I would recommend maybe more days for the project , like a week so that we can learn more from each others and the hosting organisation","I would recommend maybe more days for the project , like a week so that we can learn more from each others and the hosting organisation",positive,0.6124,False,"[-1.77305229e-02 -2.59592365e-02 -1.06064016e-02  2.49050315e-02
  4.17154208e-02 -5.03819324e-02 -1.62588269e-01 -7.63514563e-02
 -4.34670709e-02  2.53157821e-02 -4.30716686e-02  5.07351197e-02
 -1.41977072e-02  5.33382446e-02  3.27035524e-02 -1.39745362e-02
 -3.02562062e-02 -7.80940056e-02 -1.23789068e-02 -2.36583706e-02
 -1.85312389e-03 -1.00248642e-01  2.65784394e-02 -5.11324219e-02
 -4.05007564e-02  8.73376653e-02  1.59389880e-02  1.89681109e-02
  3.03095933e-02 -2.97882110e-02 -7.82441795e-02 -1.59479268e-02
  8.99888575e-03  2.42002797e-03  4.99409251e-02  1.25484079e-01
  3.57569344e-02 -7.32132420e-02 -3.32137011e-02 -1.38629330e-02
 -4.03336734e-02  1.09006669e-02  2.31723394e-02  4.68122661e-02
 -2.84287296e-02 -2.17306539e-02  1.88088175e-02 -4.18321937e-02
  3.55303772e-02  2.33382806e-02  2.35737897e-02 -7.85897598e-02
  2.49443538e-02 -6.36177585e-02 -5.70912398e-02  3.20310518e-02
 -3.65114920e-02 -2.77320743e-02 -2.56191771e-02 -4.09890823e-02
  2.23178999e-03 -1.49017274e-02 -6.52314276e-02  1.07557261e-02
  4.73779142e-02 -4.79184873e-02  3.89805473e-02  4.10439782e-02
  5.57840429e-02 -7.31234299e-03 -5.73881678e-02  1.39464187e-02
 -4.08237465e-02 -1.85749903e-02  3.98081541e-02  2.06327089e-03
  8.46381858e-03  1.07953418e-02  2.79878750e-02 -8.96123946e-02
  6.08543009e-02  7.44567961e-02 -1.46643715e-02  3.30345444e-02
 -5.12489229e-02 -3.60246338e-02  3.98528576e-02  1.32748425e-01
 -5.69269471e-02 -1.06694289e-02  7.92425051e-02  5.24618328e-02
  8.16398412e-02  2.77832020e-02 -4.87558879e-02  4.18664850e-02
 -4.14213315e-02  6.80139512e-02  1.78121850e-02  6.23103119e-02
 -1.07442187e-02 -2.66649630e-02 -1.31694451e-02 -8.63660946e-02
 -4.50187102e-02  3.69571410e-02 -5.50737558e-03  4.28771116e-02
 -3.37515771e-02 -2.46512555e-02 -6.14711978e-02  6.74414933e-02
  4.66534495e-02  3.26359272e-02  1.36436215e-02  2.69070864e-02
 -4.02105115e-02 -1.35729788e-03  1.43162925e-02 -1.13354130e-02
  4.69072461e-02  1.08457534e-02  7.66625553e-02 -3.52490656e-02
 -3.96954082e-02  4.19088639e-02  1.88147984e-02 -2.16980737e-33
 -1.20705757e-02  7.80793801e-02  6.76866621e-03  2.32653618e-02
  1.19503669e-01 -2.80707143e-02  4.82246876e-02  5.46140596e-02
 -6.23311326e-02 -5.67546301e-02  6.62645325e-02 -6.55063838e-02
  1.29241087e-02 -3.21401060e-02 -2.53489353e-02 -5.40980585e-02
  9.40412655e-02  3.96786518e-02 -1.05566932e-02 -4.76542376e-02
 -3.50225493e-02 -1.62203640e-01  8.05462804e-03  7.05565140e-02
  1.18624665e-01 -3.73997912e-02  7.07733035e-02  6.06631897e-02
  8.69750232e-02 -1.84970740e-02  7.97633752e-02 -2.16048993e-02
 -8.76106992e-02 -1.07072694e-02  6.20981641e-02  6.87182993e-02
  1.19884364e-01 -5.88225089e-02  1.09894453e-02 -1.18218679e-02
 -3.55824344e-02  1.87933538e-02 -1.08275702e-03 -1.69662274e-02
  9.49372724e-03 -3.46851675e-03  6.28331453e-02 -5.04781678e-02
  4.13196832e-02  1.60004627e-02 -8.64665397e-03 -1.07687954e-02
 -1.96183491e-02  3.49984281e-02  6.14237003e-02  1.16380170e-01
  5.20730093e-02 -8.02545547e-02  5.54326624e-02 -5.40389214e-03
  4.00415435e-02 -9.61963013e-02 -7.55612226e-03 -2.73222812e-02
 -2.36557815e-02  7.91183561e-02 -1.90209411e-02  3.46710011e-02
  5.65281771e-02 -5.44053055e-02  1.88221727e-02 -1.48426769e-02
  5.81465662e-03 -6.54372349e-02 -6.47531524e-02  4.37956080e-02
 -6.70724213e-02 -4.65427078e-02  8.95690452e-03  1.06279209e-01
  3.46460082e-02 -7.92604033e-03 -3.47900130e-02 -3.62913571e-02
 -6.94675744e-02 -2.35038362e-02  1.00020319e-01  4.33571041e-02
 -2.97391787e-02  5.56784794e-02 -1.41505366e-02  4.51126061e-02
 -1.96294039e-02 -1.26678804e-02  7.96282142e-02  5.37731544e-34
 -3.91440094e-02 -3.96499038e-03 -5.52761443e-02  3.62186469e-02
  9.55314338e-02 -1.94170866e-02 -8.02267417e-02  7.00799301e-02
  3.67176384e-02  5.75221330e-02 -2.16781292e-02 -5.03157340e-02
 -2.72931177e-02 -5.97233735e-02 -8.29660743e-02  6.56186836e-03
  5.05662747e-02 -1.26909077e-01  2.50195786e-02  5.73324375e-02
 -3.46993692e-02  6.33566827e-02 -4.92027514e-02 -3.33644040e-02
  2.73247045e-02  4.84491847e-02  4.03805226e-02 -7.38965720e-03
 -6.80164201e-03 -2.12577432e-02  1.08822482e-03 -1.44215688e-01
 -1.34944722e-01  1.30113326e-02 -1.72464438e-02  4.64932919e-02
 -1.31451646e-02 -1.48913320e-02  1.11667132e-02  6.23929128e-02
  6.07015826e-02  1.08909076e-02 -5.79333678e-02 -8.76450241e-02
 -2.50853058e-02 -2.39922218e-02 -5.79836480e-02 -3.81132998e-02
  2.65388866e-03 -5.18143130e-03 -1.28443018e-02  1.26186199e-03
  3.08283791e-03 -1.74882486e-01  6.51786402e-02 -1.14313662e-02
 -1.07123749e-02 -5.30411787e-02  2.71780025e-02  7.24518150e-02
 -1.97074525e-02 -1.37914028e-02 -5.31133171e-03  5.76564074e-02
 -5.49023375e-02 -1.58390962e-02  1.85001250e-02  6.49545118e-02
  3.19362059e-02  1.37243737e-02 -5.23174666e-02  5.64515404e-02
 -9.98465046e-02  3.06791272e-02 -8.67153481e-02 -3.45475823e-02
  5.06643355e-02  5.62640131e-02  4.49918285e-02 -6.15876261e-03
 -4.28205617e-02  5.39459698e-02 -2.34334990e-02 -2.24550180e-02
  6.33952841e-02  1.10877855e-02  5.10688014e-02 -1.32321995e-02
  3.28248814e-02  1.12738879e-02 -5.09961648e-03 -2.83721406e-02
  3.51657830e-02 -1.79642532e-03  6.40096515e-02 -2.78719945e-08
  6.49804994e-02  3.32496688e-02  2.53098495e-02 -4.58189324e-02
  1.02712726e-02 -5.68096973e-02 -1.49280799e-03 -3.14286426e-02
  4.25801612e-02  4.51379307e-02  4.30173837e-02 -4.54248972e-02
 -1.12197995e-02  8.41688216e-02 -3.10146064e-02 -1.56615581e-02
  1.23035777e-02 -2.44510658e-02 -9.66323912e-03 -4.19993922e-02
  1.37806209e-02  2.69640721e-02  3.28306593e-02 -6.72961324e-02
  3.33594834e-03 -1.20565947e-02  4.26486842e-02  1.51854083e-02
 -6.30487353e-02 -5.86362742e-02 -4.17633615e-02  4.83377576e-02
 -7.55057856e-02 -5.15854135e-02  5.54141477e-02 -5.20122200e-02
 -1.32105723e-01 -3.41676027e-02 -1.22875702e-02  9.24860034e-03
  1.94554008e-03  4.09698747e-02  1.17674395e-01  4.44618016e-02
  4.56281900e-02 -1.31946802e-02 -4.35547829e-02 -1.74982473e-02
 -1.57035477e-02 -3.99201848e-02 -4.56983224e-02  2.11064499e-02
  8.56720936e-03  3.32834609e-02  1.06612608e-01  5.04185855e-02
  2.13303342e-02  1.21221235e-02  4.53516506e-02  2.07049474e-02
 -5.92488758e-02  1.46175828e-02 -1.47442743e-01  2.55735815e-02]",1
Nature_Training_Course,38,Do you have any recommendations & ideas how the next projects could be improved?,Kindly sustain the practice of encouraging participants to bring onboard their own initiatives to co-create a memorable training experience as was the case in this training.,Kindly sustain the practice of encouraging participants to bring onboard their own initiatives to co-create a memorable training experience as was the case in this training.,positive,0.765,False,"[ 4.78201248e-02  2.98556201e-02 -2.11589187e-02  5.10815822e-04
 -6.39860984e-04  9.71438810e-02  1.44919408e-02  2.21337588e-03
 -1.04305774e-01 -6.75111189e-02  1.36553394e-02  2.96810847e-02
  4.69706915e-02  4.59286347e-02  2.22624559e-02 -2.81049553e-02
  1.66619215e-02 -1.70993395e-02 -2.63825301e-02 -3.77952331e-03
 -1.72286443e-02 -4.92985845e-02  2.21801884e-02  1.15146235e-01
 -1.29272521e-01  6.16702158e-03  2.95055974e-02 -1.64240710e-02
  1.07311681e-01 -1.22488029e-02  3.45332846e-02  1.10210618e-02
  1.50815733e-02  1.23004038e-02 -1.80496480e-02  1.28373384e-01
  2.42619589e-02 -3.67407091e-02  4.66411700e-03 -4.14860062e-02
 -7.27552623e-02 -2.80297399e-02  7.33960466e-03 -1.28914472e-02
  2.85815597e-02 -3.73176597e-02  2.24833265e-02 -3.96352895e-02
 -3.19693759e-02  3.97067741e-02 -4.04941216e-02 -1.13467395e-01
  3.38567421e-02 -9.38241258e-02 -1.94917638e-02  3.01072802e-02
  4.85104945e-04 -3.31432149e-02 -2.42648087e-02 -3.98838557e-02
  7.32974894e-03 -7.14306859e-03 -2.31886376e-02 -6.35723071e-03
 -7.61819258e-02 -3.21948379e-02 -1.87362414e-02  1.28435761e-01
  5.11634760e-02 -4.88340296e-02 -9.91520472e-03 -2.06646398e-02
  9.92719457e-03  8.29092413e-03 -4.66135796e-03  6.75339252e-02
 -8.55996087e-02  5.10497531e-03  5.23669943e-02 -5.59409559e-02
  2.65879389e-02  5.86914048e-02  4.38390523e-02 -1.80744771e-02
 -2.75965990e-03  1.02139106e-02  2.62775403e-02 -4.87339944e-02
  2.92025171e-02  3.63879092e-02 -5.40157631e-02  4.62773163e-03
 -2.34360863e-02 -6.82697371e-02 -2.02700943e-02 -1.11173224e-02
 -1.60794239e-02 -5.39099658e-03  2.45774928e-02  3.55000086e-02
  9.70595703e-03  2.74903979e-02 -4.29964513e-02  4.94664051e-02
 -5.91565371e-02 -5.33821853e-03 -3.38826701e-02 -7.41847456e-02
  9.09217447e-02  2.35461351e-02 -3.19380164e-02  2.83967834e-02
 -2.20050216e-02  1.28488187e-02  3.24634425e-02  1.44101784e-01
 -9.82340649e-02  3.63003947e-02  3.38079371e-02  1.77147239e-02
  4.90578189e-02 -2.24304143e-02  8.05815458e-02 -4.82968166e-02
  4.54257652e-02 -4.90792692e-02  2.58002952e-02 -3.54762616e-33
  1.37329111e-02  2.66323946e-02 -2.76406072e-02  8.36210549e-02
  4.06344123e-02 -4.71529104e-02 -2.33044028e-02 -1.18932677e-02
 -4.81355675e-02 -5.06787896e-02  4.15410176e-02  1.03166372e-01
  1.09853663e-01  3.34882513e-02 -1.86420791e-02 -4.67003323e-02
 -1.02394775e-01  2.98943231e-03  3.23073682e-03 -1.23258932e-02
  3.12332157e-02 -1.00745279e-02 -6.33933162e-03  2.41049528e-02
  3.72602046e-02 -2.21609622e-02  7.67650306e-02  7.98874050e-02
  4.87980992e-02  3.92425023e-02  2.71243658e-02 -3.16788368e-02
 -6.01101704e-02 -4.82725799e-02  5.66713661e-02  7.00835809e-02
  4.54272851e-02 -2.72965375e-02  2.33877469e-02  1.02172410e-02
 -5.96594531e-03 -2.69499831e-02  4.83473092e-02 -3.95109691e-02
  4.13282216e-02  6.70966059e-02  8.43252316e-02 -6.23231456e-02
 -4.01157551e-02 -1.65810455e-02 -7.86151141e-02  1.14660691e-02
  2.72765290e-02 -9.29473862e-02 -5.00485487e-03 -1.38644995e-02
 -2.64296904e-02  4.58138734e-02  4.44435850e-02 -1.25298172e-01
  6.55868417e-03 -2.16253102e-03 -3.01176775e-02  1.12251654e-01
 -2.21032500e-02 -3.53558064e-02  4.54343297e-02 -5.64941131e-02
  3.78882922e-02 -7.87436366e-02 -6.48111701e-02 -1.83460340e-02
 -1.04042895e-01 -7.87231401e-02 -5.70155382e-02 -1.07065424e-01
 -2.23136749e-02  3.91727826e-03  4.52139117e-02 -2.14103349e-02
 -5.25592789e-02 -6.24367744e-02 -2.14789268e-02  1.15769319e-02
  1.49382770e-01 -1.86162814e-02  9.97587922e-04 -6.30151033e-02
 -4.93135862e-03  1.01838440e-01 -5.11644781e-02  2.82518808e-02
  9.82921198e-03  1.57888513e-03  2.34791320e-02  1.13636573e-33
  9.07195881e-02  3.84299271e-02 -5.95388152e-02  2.04496980e-02
  6.58993125e-02  3.51877436e-02 -1.86359342e-02 -5.27464636e-02
 -2.24933773e-02  2.36229342e-03 -3.94258536e-02 -6.55522058e-03
  5.37615502e-03  1.32092414e-02 -1.14281386e-01 -1.88555829e-02
 -9.33000967e-02  1.25632077e-01  1.74102967e-03 -3.45344171e-02
  9.26092491e-02  3.22582833e-02  6.10814467e-02 -2.45093238e-02
  3.70999277e-02  5.19856475e-02  2.57753003e-02  5.02244085e-02
  4.67067771e-02 -4.88491692e-02 -2.88939271e-02 -4.69878539e-02
 -4.81257550e-02 -8.81550461e-03 -6.69947118e-02  8.22043493e-02
  3.91903333e-02  6.28883019e-03 -5.37180789e-02  5.10586835e-02
  3.96535955e-02 -3.53392176e-02 -1.00311518e-01  4.22374420e-02
  1.57321580e-02 -5.18870577e-02 -5.05275233e-03 -7.27921724e-02
 -5.58951050e-02 -2.27976609e-02 -9.79146734e-02 -4.86424081e-02
 -5.98593578e-02 -1.07665025e-01  1.45065850e-02  1.99335515e-02
  1.19433880e-01 -4.63959277e-02  5.97700709e-03 -4.47095037e-02
  5.02689667e-02  4.45539132e-02 -4.11393717e-02  5.00772446e-02
  5.98913692e-02 -6.48903847e-02 -3.17200124e-02  9.46977958e-02
 -9.41044316e-02  8.51868838e-02 -8.51355121e-02  6.07066154e-02
 -6.61125630e-02 -3.10696978e-02 -5.84789887e-02  2.08267514e-02
 -3.43527086e-02 -5.03026284e-02 -5.15554361e-02 -4.02892902e-02
 -3.93086462e-04 -2.96309274e-02  1.54330591e-02  7.59365829e-03
  3.86748351e-02  8.18634033e-02  3.22607160e-02  7.03599453e-02
 -4.02534492e-02 -3.70731740e-03 -2.17545368e-02  1.15666511e-02
  1.70882326e-03 -6.50307443e-03  2.09955107e-02 -2.80060704e-08
 -6.08317629e-02  4.78111506e-02  1.35828583e-02  5.36036082e-02
  8.79928023e-02 -5.29451482e-02 -6.81603253e-02 -2.57944642e-03
 -3.05039752e-02  1.60578080e-02 -5.04497178e-02 -2.98969429e-02
  9.88768693e-03  6.02752529e-02  4.48279269e-02  1.34596527e-02
 -4.42575999e-02  7.35394135e-02 -1.16603941e-01 -1.73186641e-02
  3.58977355e-02  2.89518945e-03  4.14100699e-02  2.14512125e-02
 -3.86315137e-02  2.45648827e-02 -2.63568442e-02  7.29468688e-02
 -2.29831859e-02  3.50885163e-03 -2.79092304e-02  6.31917492e-02
  2.84492411e-02 -3.50077525e-02 -2.10711081e-02  4.06691479e-03
  1.00504560e-02  1.65973455e-02  6.59491271e-02 -1.03616975e-01
 -1.21992663e-01  1.44702382e-02  4.89636436e-02  5.26672229e-02
  2.03034524e-02  7.73731619e-02 -1.10763814e-02  3.49588133e-02
 -3.89057733e-02  1.36640416e-02 -5.89313209e-02 -3.13218199e-02
  3.94997187e-02  9.47458744e-02  8.83674026e-02  8.75770897e-02
 -1.20772477e-02  1.08818905e-02 -1.26983998e-02  3.70463692e-02
 -3.59569751e-02  6.04532026e-02 -3.67783778e-03 -1.15271229e-02]",2
Nature_Training_Course,41,Do you have any recommendations & ideas how the next projects could be improved?,"Everything was at the highest level, except (if there is such an opportunity) to extend the day by several hours! Because great projects like this should last a little longer. Especially if the participants come from other countries, want to show them more of the city, interesting places, and of course spend more time on the project and discuss more similar topics to find out their opinions","Everything was at the highest level, except (if there is such an opportunity) to extend the day by several hours!",positive,0.5,False,"[-1.30298855e-02  5.82001880e-02  8.30167681e-02  1.70302857e-03
  9.39741265e-03 -7.35708997e-02 -1.09701715e-01  2.19836412e-03
 -1.35680243e-01 -3.16529274e-02 -2.76722340e-03  7.74570554e-02
  9.48929787e-03  7.63629526e-02  5.98927438e-02  2.16863416e-02
 -3.69786434e-02 -2.62780637e-02 -7.70639479e-02 -3.47517245e-02
  1.68554243e-02 -1.65166929e-02  5.79766221e-02  3.91849242e-02
  1.50497295e-02  6.95815459e-02 -3.31986956e-02  2.43233684e-02
  4.56554331e-02 -8.92332271e-02 -4.26340736e-02  1.69222690e-02
  8.44479799e-02 -4.77870402e-04  3.83712091e-02  6.62245452e-02
  6.62909895e-02 -4.99853492e-02  4.54999767e-02 -2.21181717e-02
  1.27585148e-02 -2.23782267e-02  1.45804761e-02  5.62597178e-02
 -3.26860808e-02 -3.19400919e-03  6.15180284e-02 -1.41908661e-01
 -4.85942475e-02  1.80083830e-02  5.24450429e-02  4.96590473e-02
 -4.02889326e-02 -3.25601622e-02 -1.91562772e-02  9.75224078e-02
 -1.65082198e-02 -5.65307252e-02  9.20823440e-02 -2.95159668e-02
 -1.35221168e-01  5.74889593e-02 -5.19937687e-02  2.72930674e-02
  2.82566287e-02 -7.30679929e-02 -9.34432074e-02  2.24722158e-02
 -6.94469968e-03  7.53118247e-02 -8.35882053e-02  7.38783507e-03
  1.38143329e-02 -2.44955253e-02  5.27792946e-02 -1.65148266e-02
  5.02501102e-03 -1.43479947e-02  1.52112134e-02  3.56560312e-02
  3.14556547e-02 -3.23280809e-03  2.13774834e-02  8.64235982e-02
  5.33502363e-03 -1.93026550e-02 -3.65021043e-02  5.18742763e-02
  3.10077332e-02  6.00491278e-03  5.96616827e-02 -8.85378346e-02
 -4.81780283e-02  5.50081246e-02 -3.81970629e-02 -5.86107112e-02
 -6.73789680e-02 -2.04335414e-02 -1.26544312e-02  5.59475161e-02
 -6.14005607e-03  1.09366793e-02 -9.77092162e-02 -6.46292418e-02
 -1.41070858e-02 -5.73348021e-03 -3.84353939e-03  7.10362010e-03
 -7.20964894e-02 -5.54058105e-02 -3.72508131e-02  1.13595370e-02
  1.49728954e-01 -3.58413756e-02  1.11304400e-02  6.40648156e-02
 -1.00607974e-02  4.15548049e-02 -3.87694575e-02  3.76691744e-02
  8.49650055e-02  2.11842321e-02  4.87747751e-02  3.19449268e-02
 -4.48418856e-02  1.02339953e-01  7.06217214e-02 -5.00444312e-33
  1.01162810e-02  3.64762219e-03  3.38404439e-02  6.23845905e-02
  3.64917554e-02  5.02328053e-02 -8.77886489e-02  2.77874488e-02
 -1.87977534e-02  2.51463149e-03  2.23003328e-03  8.33763555e-02
 -8.49989429e-02 -1.91047657e-02  2.14622058e-02 -1.80207808e-02
 -5.69055928e-03  1.31618157e-01  3.77342589e-02  1.83425508e-02
  5.12091592e-02 -8.27397481e-02 -2.15810891e-02  2.68458333e-02
  4.58814427e-02  1.87588576e-02  6.26321957e-02 -1.13025410e-02
  2.98744626e-02 -9.27807856e-03 -1.30650634e-02 -2.40652487e-02
 -1.70665644e-02  5.00079207e-02  4.31250036e-03  5.24224080e-02
  4.14720066e-02 -6.27928451e-02 -4.19740342e-02  1.31136524e-02
 -9.70905647e-03 -8.03251937e-03  5.00470996e-02 -3.67193036e-02
 -1.16183143e-02  5.81177734e-02  5.51729929e-03  1.95081159e-02
 -1.06331436e-02  7.90605247e-02 -9.39809904e-02  1.29635762e-02
  5.87407053e-02 -1.00404292e-01  2.27785995e-03  5.46375811e-02
 -4.24053557e-02 -2.70507168e-02 -2.86655501e-02  7.74655938e-02
  4.46034744e-02 -1.83539446e-02 -1.13023268e-02 -2.45664008e-02
 -3.75923589e-02  1.36500532e-02 -3.53874266e-03  7.29254726e-03
 -1.46311391e-02  8.15132260e-02  9.28477757e-03 -1.74360741e-02
  4.62748557e-02 -6.83123469e-02 -2.61337906e-02  2.37296354e-02
 -2.99705751e-02 -2.29359083e-02 -1.30245090e-02 -2.85566449e-02
  4.62278575e-02  1.78292207e-02  7.07735643e-02 -6.66486770e-02
  1.02141529e-01 -3.56265716e-02  1.07387342e-02 -2.22926978e-02
 -4.51170243e-02  1.46232862e-02 -1.23152599e-01 -5.69791980e-02
  1.07491829e-01 -6.06635213e-02  3.47834900e-02  3.78337228e-33
  7.41945729e-02 -5.19303791e-02 -7.96315223e-02  5.36243781e-04
  5.76853640e-02 -8.41912162e-03 -4.24867310e-02  5.39203398e-02
 -3.50443125e-02  9.79273915e-02  7.60670472e-03  8.86336342e-02
  3.29191573e-02 -5.28375581e-02 -9.35513526e-02 -6.10699616e-02
  3.95782478e-02 -2.05591358e-02  4.72376347e-02  3.99835818e-02
  6.34660129e-04  9.19091329e-02 -3.49415131e-02 -1.79813802e-02
  5.80004752e-02  1.11310355e-01 -4.30253074e-02  3.85996792e-03
  1.79568250e-02 -6.34897035e-03 -4.11441401e-02 -2.44488381e-03
 -5.33274226e-02  9.20068938e-03  3.65271233e-02  7.65154734e-02
 -1.14677772e-02 -5.02089597e-02  1.41291153e-02  1.72918588e-02
 -3.37400697e-02 -5.31727523e-02 -1.40380394e-02  6.51303260e-03
  1.35277659e-02  5.63749000e-02 -6.05452247e-02 -3.75213986e-03
 -4.64590192e-02 -6.90915063e-03 -1.39186993e-01 -2.95441952e-02
  2.51315832e-02  3.70614976e-02  1.46442279e-02  2.85098515e-02
  3.43729518e-02 -7.72616640e-02  3.53203993e-03 -1.83865763e-02
 -1.79057028e-02 -5.04478291e-02 -5.30029312e-02 -4.81044054e-02
 -6.54955674e-03 -4.34822030e-02  3.43090817e-02  2.27124221e-03
 -5.73479794e-02 -2.94536892e-02 -4.21404019e-02 -3.34386937e-02
 -3.76160443e-02  7.10798651e-02 -3.31279375e-02  1.10966023e-02
  1.93094034e-02 -1.55623192e-02 -1.28297694e-02 -5.59378676e-02
 -1.07317708e-01 -1.10152522e-02 -5.85642159e-02 -3.64748761e-02
 -3.03028580e-02  2.38502603e-02 -1.86168291e-02 -3.25209536e-02
  9.01695639e-02  7.72721693e-02  5.20794746e-03 -3.00627649e-02
  7.29350094e-03  7.93038011e-02  3.26796509e-02 -3.02549168e-08
 -2.70123929e-02  5.56502268e-02 -2.66098212e-02 -1.84235908e-02
  7.21749812e-02 -6.53154477e-02  7.88663626e-02  8.83896127e-02
  8.57759546e-03  9.72924829e-02  2.39021312e-02  2.14299117e-03
  3.22306119e-02  4.39772569e-02  9.00223851e-02 -1.08996527e-02
  2.56307833e-02  6.46272302e-03 -4.20212336e-02 -1.09467958e-03
  1.65400337e-02  6.61992133e-02 -3.89636196e-02 -1.16820224e-01
 -3.81351425e-03 -2.25371011e-02 -2.01758035e-02  4.31466140e-02
  3.89993414e-02 -1.97447501e-02  2.66868491e-02 -9.37148184e-02
 -1.09746791e-01 -1.12195662e-03 -7.35246167e-02  2.10820399e-02
 -4.16818410e-02  2.74191108e-02 -6.29370883e-02 -3.03065195e-03
 -2.60299202e-02 -2.65662111e-02  4.29361649e-02  7.45724365e-02
  2.36442648e-02  3.12413275e-02 -1.00995637e-01  3.79194133e-02
  1.82890929e-02 -3.49582285e-02 -1.30640799e-02  7.13977292e-02
  2.22216155e-02  1.26864845e-02  1.57961994e-02  7.20406175e-02
 -4.45576012e-03  6.73267245e-03 -7.93091953e-02  3.05974912e-02
  6.06934465e-02 -4.61802818e-02 -1.75582483e-01  3.53952497e-02]",1
Nature_Training_Course,41,Do you have any recommendations & ideas how the next projects could be improved?,"Everything was at the highest level, except (if there is such an opportunity) to extend the day by several hours! Because great projects like this should last a little longer. Especially if the participants come from other countries, want to show them more of the city, interesting places, and of course spend more time on the project and discuss more similar topics to find out their opinions",Because great projects like this should last a little longer.,positive,0.765,False,"[-5.46532907e-02  1.54587058e-02  1.00696854e-01 -1.85731482e-02
  1.23588473e-01 -2.95498595e-02 -7.95281157e-02  1.96159650e-02
  8.65580887e-02  7.53506785e-03 -5.88419661e-02  1.20492145e-01
 -1.99651606e-02  2.42837798e-02 -4.57670465e-02  1.39733832e-02
 -3.04640289e-02 -1.05954237e-01 -5.76266125e-02 -2.65356526e-02
  1.36164865e-02 -3.15487827e-03  2.83639524e-02 -1.11796437e-02
 -1.54497083e-02  9.98830199e-02 -8.99979845e-02 -4.36453819e-02
  4.98259775e-02 -1.53305577e-02 -2.20798142e-02  1.06690601e-01
  2.54154671e-02 -1.27665596e-02 -1.13857668e-02  8.45187083e-02
 -4.92924340e-02  3.44876163e-02 -2.69811638e-02 -7.27085322e-02
 -1.06984697e-01 -3.83662083e-03  6.10781685e-02  3.04520428e-02
 -2.05326620e-02 -6.11328371e-02 -8.72940011e-03 -1.40526399e-01
  6.59365058e-02 -2.73407679e-02 -7.94563368e-02 -7.34056979e-02
 -6.64186180e-02 -1.12483539e-01 -1.39867868e-02 -4.81882058e-02
 -4.75216210e-02  4.83948784e-03 -6.53550774e-02  1.85892377e-02
 -1.80060137e-02  1.39257247e-02 -7.61504844e-02 -4.07310389e-02
  7.07057789e-02 -6.48027137e-02  5.05555831e-02  7.72394240e-02
 -3.85017358e-02  6.21868223e-02 -2.54332460e-02 -1.10746613e-02
 -3.31864320e-02  5.29963896e-02  1.54503332e-02 -1.89381503e-02
  1.64681487e-02  1.37571264e-02  4.23302874e-02 -6.41890094e-02
  4.27359603e-02 -4.14096750e-02  3.73027399e-02  6.37910143e-02
  3.15082744e-02  5.98883592e-02  1.79750416e-02 -6.06855303e-02
 -6.47006482e-02 -6.00798801e-02  7.60764033e-02  1.16832582e-02
  3.83995585e-02  3.33115906e-02 -2.07344536e-02 -4.55840416e-02
 -3.81451659e-02 -5.34995971e-03  2.10661441e-03  9.64634344e-02
 -8.56981799e-02 -4.06687409e-02  4.01128940e-02 -4.76982892e-02
 -1.19601106e-02 -5.59563376e-02  4.72385995e-02  1.48465391e-02
  4.97962767e-03  3.73143479e-02 -2.20631100e-02 -9.89467092e-03
  1.34463646e-02 -1.01186475e-02  3.63905281e-02 -5.93613759e-02
 -5.38428351e-02  2.23017540e-02 -2.17638407e-02  4.15374376e-02
  5.97703606e-02  3.39806452e-02 -3.75394337e-02  2.50656512e-02
  4.95092664e-03 -1.10245845e-03  1.84346251e-02 -3.08398510e-33
  3.52350436e-02  6.83879992e-03  3.03748827e-02  2.32700333e-02
  4.18686084e-02 -5.26722111e-02  1.50049143e-02  5.89578971e-02
 -1.88037381e-02 -4.45378609e-02  2.75738500e-02 -1.07622901e-02
 -3.59854437e-02  7.96988681e-02  5.21950647e-02 -5.39631525e-04
  2.30161324e-02  4.59433421e-02 -6.01423495e-02 -5.63854277e-02
  1.94620900e-02 -1.55547515e-01  7.11563826e-02 -7.53917499e-03
  3.11733577e-02  4.44595441e-02  1.02941625e-01  5.45608476e-02
 -2.81855427e-02  1.12282047e-02  8.10603786e-04  2.74268501e-02
 -4.12399285e-02  4.64173179e-04  1.22983661e-03  3.84174585e-02
  2.11560447e-02 -1.08036175e-01  6.64668307e-02 -2.93933954e-02
  8.05182010e-03  1.58063695e-02 -4.16259244e-02  2.91163549e-02
  7.24289566e-02 -2.22399049e-02  6.79593682e-02  7.16869086e-02
 -2.95804515e-02  4.22071628e-02  4.69238795e-02  4.75687273e-02
 -5.84392622e-02  5.99154346e-02  5.71325384e-02  1.68887209e-02
  2.50364766e-02 -3.39743569e-02 -7.46998657e-03  9.72181559e-03
 -1.71556138e-02  2.23606471e-02 -4.01446819e-02  3.99541929e-02
 -5.20231389e-03  2.01341346e-01  1.28611177e-02  1.08218946e-01
  2.18896959e-02  1.63750462e-02 -3.72486608e-03 -4.37846221e-02
  2.10049911e-03 -9.74983647e-02  2.72245593e-02 -5.91738224e-02
 -4.12322693e-02 -3.04137114e-02  1.30295269e-02  4.13167430e-03
 -1.78453943e-03  7.09447404e-03 -5.81097715e-02 -7.15485513e-02
  7.82186091e-02 -6.37932718e-02  9.27426592e-02 -4.87773534e-04
 -1.89908426e-02  4.27715257e-02 -4.91549261e-03 -5.46261705e-02
  3.35222557e-02  2.14460399e-02 -2.32103025e-03  1.61422117e-33
  1.12864422e-02 -4.12774161e-02 -5.36824726e-02  4.60678115e-02
  6.70215413e-02 -3.12151853e-02 -1.35741785e-01 -6.89618140e-02
 -2.81634592e-02  1.01777717e-01  5.53819649e-02 -6.61216974e-02
 -3.16646658e-02 -2.93006711e-02  5.10542206e-02 -2.41905004e-02
  4.61902842e-02 -1.58943146e-01 -4.80902717e-02 -2.11792868e-02
  4.56137173e-02  1.62160516e-01 -7.69235045e-02 -2.46048681e-02
 -4.18584123e-02  1.93144698e-02 -1.08808376e-01 -3.85154523e-02
  3.41235660e-02  4.50460194e-03 -2.76798028e-02 -7.26796761e-02
 -1.45029292e-01 -5.86324409e-02 -7.03198835e-03  4.03103977e-02
 -1.57169774e-02 -2.47252006e-02 -2.01349072e-02  2.73238868e-02
  5.29864430e-02 -3.54116932e-02  5.36224060e-02 -6.40333071e-02
 -3.72723788e-02 -1.43883694e-02  3.59420013e-03  3.87568846e-02
  3.46839912e-02  8.00601207e-03  4.42157350e-02 -2.30735317e-02
  3.93335521e-02 -1.11942463e-01  1.88781507e-02 -4.87147048e-02
 -2.89900918e-02  2.86784605e-03  2.92124040e-02  3.46645154e-02
  1.33244386e-02 -2.52406448e-02  1.72602460e-02  3.76585033e-03
  4.18786556e-02 -1.22969439e-02 -8.42859037e-03  7.86562115e-02
 -1.91626716e-02 -4.07174490e-02  3.85405011e-02  3.47509272e-02
 -1.00160308e-01  9.43655744e-02 -1.46936297e-01  4.77873757e-02
  1.97414588e-02  3.87060791e-02  2.04155482e-02 -2.12076381e-02
 -4.85231429e-02 -4.84442106e-03  4.82059550e-03  4.36339236e-04
  1.35634774e-02  4.69184816e-02 -4.85591069e-02 -2.81847571e-03
  2.42549311e-02  8.83889273e-02  2.04022564e-02 -1.27009256e-02
  5.65161556e-02  5.56396320e-02  1.15788169e-02 -2.01534416e-08
  3.12984698e-02  7.21676946e-02 -5.73681518e-02 -4.06058803e-02
  3.58147137e-02 -1.12592988e-03 -2.25487035e-02  8.43372270e-02
  4.27387953e-02  1.97287947e-02  8.29460770e-02 -4.09278460e-02
 -2.05163639e-02  8.47625732e-02 -2.14036945e-02 -4.81155477e-02
 -5.35583962e-03 -4.67425138e-02 -3.60110006e-03 -2.64184829e-02
 -2.29625367e-02  2.53961459e-02 -2.57739630e-02 -1.67379584e-02
 -6.37092367e-02  4.45790738e-02  2.37603933e-02  4.19709198e-02
 -9.00156423e-03  1.46439159e-02 -2.30542310e-02  1.01717278e-01
 -3.19114067e-02  1.80811025e-02  5.62466606e-02 -7.51359807e-03
  4.03691083e-03  1.22904675e-02 -1.70976501e-02 -2.14370955e-02
 -4.71900851e-02 -5.57528716e-03  6.20876532e-03  3.14178020e-02
  4.80354056e-02 -4.97855805e-03 -2.69080792e-02 -2.61864793e-02
 -4.26680669e-02  9.67307538e-02 -2.65220124e-02 -4.00684029e-02
  3.01118810e-02  3.50965449e-04  8.29379931e-02  5.35714254e-02
  2.21351944e-02 -1.77019723e-02 -1.62535999e-02  3.32300626e-02
  5.45770908e-03  2.35612746e-02 -1.79912020e-02  5.01284637e-02]",1
Nature_Training_Course,41,Do you have any recommendations & ideas how the next projects could be improved?,"Everything was at the highest level, except (if there is such an opportunity) to extend the day by several hours! Because great projects like this should last a little longer. Especially if the participants come from other countries, want to show them more of the city, interesting places, and of course spend more time on the project and discuss more similar topics to find out their opinions","Especially if the participants come from other countries, want to show them more of the city, interesting places, and of course spend more time on the project and discuss more similar topics to find out their opinions",positive,0.4588,False,"[ 8.98167118e-02  9.19150002e-03  1.25146462e-02  2.26333784e-03
  5.95177971e-02  2.69061923e-02 -5.84172718e-02  3.78550254e-02
 -3.15165929e-02  1.26720862e-02 -4.59848419e-02 -5.91100380e-02
 -6.30265474e-02  8.32139999e-02  1.58298220e-02 -5.01951668e-03
  1.20170094e-01 -6.15338655e-03  1.12699158e-02 -7.33397901e-02
 -1.43830311e-02 -1.21913098e-01  7.05886334e-02  2.20834892e-02
 -1.55581329e-02 -2.32271738e-02  4.26234677e-02  1.85568016e-02
  3.08277216e-02  1.95102133e-02 -5.03066927e-03  1.12023138e-01
  2.73461603e-02 -1.57391711e-03 -4.24817465e-02  8.03259835e-02
 -2.39851866e-02  2.75694914e-02 -9.05088987e-03 -1.39560187e-02
 -2.47638654e-02  2.25443467e-02  7.70132095e-02 -5.20505793e-02
  5.21344431e-02 -7.71110058e-02  3.71735245e-02 -1.89767417e-03
  9.21714082e-02  4.02464867e-02 -1.41744800e-02 -4.54726741e-02
  1.50333182e-03 -1.19661517e-01 -3.37099992e-02 -8.61215442e-02
 -6.81087449e-02 -2.61275955e-02 -2.59738415e-02 -6.41589463e-02
  2.52033137e-02  1.35360453e-02 -6.08012192e-02  7.70271616e-03
  1.58461574e-02  7.66361225e-03 -7.62492558e-03  1.38297796e-01
  3.61883417e-02 -3.31628695e-02  1.75035633e-02  2.08993331e-02
  2.22705435e-02 -1.45518947e-02  1.55990040e-02 -3.97652797e-02
 -1.04531862e-01 -2.99066007e-02  2.26531713e-03  1.35959010e-03
  7.08983094e-02  4.40427521e-03 -4.35204338e-03 -2.15373817e-03
  4.03313451e-02 -6.87000826e-02  6.23624306e-03 -2.07713735e-03
 -7.98115581e-02  1.37151219e-03  6.74043735e-03  5.91196530e-02
 -6.53167954e-03  1.21882455e-02 -1.51776867e-02  2.83855107e-02
  7.61829177e-03  9.38532781e-03  7.92827606e-02  8.38139802e-02
 -4.80278730e-02 -2.05646921e-02  1.04444718e-03 -6.65511861e-02
 -7.55427927e-02  1.76545419e-02 -3.38450409e-02  1.98589452e-02
 -2.01758463e-02  7.30796680e-02 -7.29278475e-02  7.02127814e-02
 -5.23058288e-02  1.72970202e-02  2.49338746e-02  3.83461267e-02
  6.11368343e-02  3.14367041e-02 -3.64439189e-02 -2.36212332e-02
  1.63955614e-02 -6.14576675e-02  1.84975527e-02 -7.97990337e-03
  8.79130960e-02  2.86932047e-02 -3.71103324e-02  9.49749385e-34
 -9.76871350e-04  2.05494426e-02  1.10016568e-02  9.72525850e-02
 -2.84003653e-02  1.63233448e-02 -1.31180482e-02  4.41248389e-03
 -3.07353325e-02 -8.70542079e-02  6.00616112e-02 -5.23277223e-02
  1.09900191e-01 -4.13353741e-03  4.39985134e-02 -6.02764674e-02
 -2.47155651e-02  1.90873630e-02 -6.77111745e-02 -4.31192294e-03
  3.64568620e-03 -8.41280743e-02  4.28618640e-02  5.21685975e-03
  6.39598966e-02  1.28253261e-02  5.63874580e-02 -2.48116888e-02
  2.70486251e-02 -1.29062990e-02  7.59623945e-02  5.62282242e-02
 -4.90823314e-02 -3.65551040e-02  1.94169264e-02  1.04487374e-01
  1.58614032e-02 -3.98804359e-02  6.08652160e-02  1.39498366e-02
 -3.55274677e-02 -4.25086729e-02 -6.86839521e-02 -1.20956160e-03
  5.60872257e-02  1.08752713e-01  1.16598308e-02 -8.79812241e-02
 -4.06907424e-02  2.77454816e-02  2.59402581e-02 -1.17491679e-02
 -6.14129081e-02  1.66840982e-02  7.53400400e-02 -2.85123605e-02
 -1.71162970e-02 -9.95964706e-02  7.02889934e-02 -7.16465488e-02
 -3.29743996e-02  3.11350133e-02 -3.87647897e-02  3.68267857e-02
 -2.77443882e-02  8.25344846e-02  1.95033960e-02  2.19182055e-02
  5.78110628e-02 -3.73259522e-02 -2.45815627e-02 -3.01850401e-03
  4.44984995e-02 -2.33017225e-02 -1.15680747e-01  4.50728647e-02
 -1.21047117e-01  2.00210270e-02  5.48970662e-02  6.29068986e-02
  3.63295227e-02 -9.93600041e-02 -6.31071776e-02 -1.85842384e-02
  3.30815837e-02 -2.71462067e-03  6.64960369e-02  8.80915858e-03
 -1.02124037e-02  8.06716457e-03 -2.80970931e-02 -5.17713232e-03
 -3.16089317e-02  1.25228148e-02  1.45884296e-02 -1.42417560e-33
 -1.83992777e-02 -3.74718308e-02 -2.78447121e-02 -1.05987554e-02
  1.40340105e-02  1.73768755e-02 -5.04494756e-02 -7.40775317e-02
  5.28692305e-02  1.02970779e-01 -8.46651420e-02 -5.90168834e-02
  6.33992553e-02  2.72449777e-02 -1.42995687e-02 -3.49596925e-02
  2.28996091e-02  1.32408207e-02 -1.80779845e-02  5.14835455e-02
 -9.53081995e-03  5.52967228e-02 -7.62643889e-02 -5.31630851e-02
  4.99156490e-02  4.99992678e-03 -1.41718416e-02 -9.05216709e-02
  9.49340500e-03 -7.16294348e-02 -6.20668456e-02 -3.54046486e-02
 -6.87885508e-02 -6.16722852e-02 -4.93099168e-02  1.59174368e-01
  4.68393080e-02 -1.11891851e-01 -1.04497410e-02  1.29110351e-01
 -1.48577373e-02 -5.48082553e-02 -4.88937609e-02 -6.45738542e-02
 -9.81810465e-02  2.44624615e-02 -6.33579418e-02 -7.61405891e-03
 -3.48208100e-02 -6.11626022e-02  1.15545457e-02  1.69938598e-02
 -5.77772735e-03 -6.47571683e-02  5.63180260e-02 -1.41303064e-02
  2.32516490e-02 -1.76851992e-02  3.83503661e-02  2.41569504e-02
 -1.29990419e-02 -3.14842165e-02 -4.20976467e-02  1.47720361e-02
  2.15995014e-02 -9.74975824e-02 -1.35515798e-02  6.08193912e-02
  3.70871387e-02  2.90524196e-02 -2.50453055e-02  4.79809605e-02
 -2.30287798e-02  5.35311960e-02  4.39084060e-02  6.60749990e-03
  5.24082519e-02  9.36805606e-02  7.07982033e-02 -1.41074974e-03
  1.14890300e-02  3.88911217e-02  1.64816100e-02 -7.05652386e-02
  8.19744170e-02  7.63840303e-02 -6.32883385e-02 -1.31258424e-02
 -1.52364420e-02  1.63734308e-04 -5.48230596e-02 -3.36186141e-02
  4.30223569e-02 -9.81182419e-03  3.91673483e-02 -3.42833495e-08
 -1.04156854e-02 -1.92840509e-02  5.38222268e-02  5.64761460e-03
 -5.80119640e-02 -3.75665687e-02 -9.09112319e-02  9.95539948e-02
 -1.67551208e-02  4.96605970e-02  2.82694567e-02 -2.51334310e-02
 -4.29894738e-02  6.48546144e-02  4.56321277e-02 -6.56416565e-02
 -7.80289015e-03  1.96795873e-02  2.55220081e-03  2.77844407e-02
  6.50730208e-02  3.70675698e-02 -5.81992939e-02  7.45084661e-04
  4.92658317e-02  3.29287983e-02 -9.26592760e-03 -2.57819276e-02
 -4.73132022e-02 -2.58475617e-02 -7.87082762e-02  2.63902405e-03
 -7.95641541e-02  8.65896756e-04  8.87460634e-02 -3.09875086e-02
 -5.43732792e-02  9.59742721e-03  5.09034581e-02  6.63939491e-02
 -4.02002037e-02  2.66993488e-03  2.17191651e-02  8.71919543e-02
  6.25928491e-02  2.33063959e-02 -2.62200274e-02 -2.50061713e-02
 -8.49817395e-02  2.68911431e-03 -1.01301767e-01 -6.27226532e-02
  1.55155547e-02 -4.18778323e-02  2.79555172e-02  1.14813939e-01
 -2.12209262e-02  3.04886512e-02  3.76985818e-02  4.48899865e-02
  1.47320656e-02  8.27307254e-02 -1.70614541e-01  7.81415477e-02]",1
Nature_Training_Course,42,Do you have any recommendations & ideas how the next projects could be improved?,"yes, invite me to projects! hahaha. I will be glad if the next project is also connected with nature and to go somewhere to nature reserves, or if the next project is connected with science!","yes, invite me to projects!",positive,0.5562,False,"[-8.00519735e-02 -5.01009859e-02  2.39768382e-02  3.66816223e-02
  6.10917360e-02 -4.92923707e-02  7.35488310e-02 -1.37227252e-02
 -4.45349254e-02  6.49314895e-02 -8.63126591e-02 -2.90070549e-02
  1.90760549e-02  5.85656352e-02  2.78500952e-02  5.68311177e-02
 -9.47898030e-02  4.39500958e-02 -1.30756777e-02  6.58716187e-02
 -7.56723806e-02 -3.41411196e-02  1.15538994e-02  2.36024652e-02
  1.28936237e-02  4.40931413e-03  5.10027744e-02  2.04316247e-02
 -3.84630337e-02 -7.17715099e-02 -5.63452356e-02  7.36954063e-02
  4.62676361e-02  5.07179536e-02  1.15727335e-01  8.70105773e-02
  9.71072074e-03 -3.62889990e-02 -3.46674025e-02  9.78252292e-03
 -9.27703679e-02 -4.09853412e-03  2.30876580e-02 -4.89630476e-02
 -9.56332684e-03 -2.63101310e-02 -4.69288751e-02 -3.51234227e-02
 -1.96833704e-02 -1.12906180e-03 -1.49709368e-02 -3.67935076e-02
  4.07761149e-02  6.64101029e-03 -2.63119396e-03 -5.03145568e-02
  1.76850539e-02 -5.65768071e-02 -1.06877517e-02 -8.55932012e-03
  8.52591395e-02 -7.21357821e-04 -6.57463297e-02  7.24687055e-02
  2.52658240e-02  7.68883601e-02 -2.10670009e-02  8.75166431e-02
  3.82557772e-02 -4.51562088e-03  3.48042510e-02  5.25008626e-02
  1.50669068e-02 -6.80302903e-02  4.31584641e-02 -2.63805371e-02
  1.09596848e-02 -1.93132740e-02  1.11215468e-02  2.03451645e-02
  2.33070161e-02 -3.46459262e-02 -2.61350088e-02 -9.40202456e-03
 -2.65023555e-03 -1.73952356e-02  1.05303843e-02  1.03493467e-01
 -3.07596696e-04 -3.58049423e-02 -4.59579891e-03  9.21407156e-03
 -5.92041574e-02  3.26286294e-02 -2.70874798e-02 -9.76842493e-02
  6.68563619e-02 -6.66350797e-02 -5.68325818e-02  3.81388739e-02
 -1.59591921e-02 -2.15886291e-02  1.36870407e-02 -6.15933947e-02
 -4.26288061e-02  7.06721842e-02 -7.37375915e-02  5.34466170e-02
  3.24181728e-02 -1.05024746e-03 -1.03671126e-01  1.05307372e-04
  2.12448668e-02 -6.89285174e-02  1.07085422e-01 -4.84129265e-02
 -4.47132923e-02  4.56187176e-03  5.79847917e-02 -2.10534949e-02
  2.83048209e-02  3.03619122e-03  2.06633341e-02 -4.51726727e-02
 -1.90732367e-02 -3.31083201e-02 -2.02769637e-02 -5.86764205e-33
  3.66619751e-02 -8.71199556e-03 -1.85167436e-02  9.93114784e-02
  1.40212085e-02 -9.52147171e-02  6.67728949e-03  8.03883523e-02
 -9.88960788e-02 -7.01771602e-02  2.67743766e-02  7.31122345e-02
  6.71263114e-02  9.38035697e-02  8.83295573e-03 -4.29880358e-02
  7.86056072e-02 -1.63550321e-02 -4.39830823e-03 -7.85119534e-02
 -6.08858578e-02 -6.47119656e-02  4.17235047e-02  4.42637056e-02
  7.90751055e-02  4.24829610e-02  3.89148109e-02 -7.05476925e-02
  1.19688168e-01  2.95029785e-02  2.80239116e-02 -1.28500704e-02
 -1.04417495e-01  5.29605988e-03 -8.01698864e-02  1.07351849e-02
 -7.48924240e-02 -3.01447902e-02  3.47010456e-02  2.64409110e-02
 -3.73002626e-02  3.21564302e-02  2.08442973e-04 -3.32477763e-02
  1.46296676e-02 -4.12368253e-02  1.61566198e-01  7.77777098e-03
  6.84205666e-02  6.58987416e-03 -6.59486651e-02 -9.69762550e-05
 -7.76940212e-02 -3.74194197e-02  4.16638963e-02 -2.18746569e-02
  1.10559557e-02 -6.93915561e-02  3.57236639e-02 -3.54358442e-02
  1.81297492e-02  2.03245357e-02 -4.34995778e-02 -6.28595799e-02
 -4.84480709e-03  7.97607303e-02 -2.15676837e-02  2.65656151e-02
  1.61402404e-01 -2.41570249e-02 -3.97813506e-02 -1.39908576e-02
 -7.68268779e-02  7.97828194e-03 -1.45474337e-02  7.12409690e-02
 -1.67514738e-02  1.07548095e-03 -6.47139251e-02  7.11095408e-02
 -3.85807566e-02 -9.09845438e-03 -2.54173875e-02  3.46316933e-03
  1.58330686e-02  2.30109505e-02  4.58827801e-02 -1.67879742e-02
 -2.09621266e-02 -2.60703359e-02 -3.53540890e-02 -4.03209636e-03
  2.40444224e-02  2.44424287e-02 -6.55854717e-02  2.63808207e-33
 -1.42764878e-02 -5.08324094e-02 -5.36090434e-02 -7.02707767e-02
  1.18958540e-01  2.32208241e-02  1.46803958e-02 -5.34770899e-02
 -1.82811334e-03  1.24590233e-01 -2.48982906e-02 -3.01811192e-02
 -1.97334606e-02 -1.00306850e-02  5.31859975e-03 -2.58173309e-02
 -1.48603916e-02  7.89288618e-03 -4.13521603e-02 -7.45197088e-02
 -1.08869970e-01  6.37909099e-02 -3.80851724e-03 -1.32023841e-01
  4.69237240e-03  3.32797840e-02  5.28906807e-02  1.01474188e-02
  1.83271933e-02  2.16792384e-03  6.76798355e-03 -5.65680675e-02
 -5.87173663e-02 -5.17751910e-02 -2.67126504e-02  1.37126194e-02
  7.43826181e-02 -7.18523934e-02  3.55179757e-02  2.06985474e-02
 -1.91074703e-02 -3.38687152e-02  5.15199453e-02  8.51346776e-02
 -6.62729666e-02  3.06099188e-02 -1.75448209e-02  3.93366674e-03
 -1.63646508e-02 -7.14979693e-02  2.61615720e-02  8.29380676e-02
  7.83466995e-02 -6.00360632e-02  7.64245987e-02  1.05757294e-02
 -9.93828103e-03 -4.93376143e-03  5.07412590e-02 -2.24088505e-03
 -3.94922681e-02 -1.20533593e-02  3.53968665e-02  4.53189164e-02
  4.18769345e-02 -3.64063717e-02 -3.16030142e-04  3.61092426e-02
  3.88526469e-02 -5.32189757e-02  1.09250555e-02  4.09248620e-02
 -2.37220321e-02  9.95941684e-02 -2.90793329e-02 -1.01112857e-01
  8.59062821e-02 -9.96144488e-03  9.26878024e-03 -3.59817557e-02
 -8.68964475e-03  9.15727671e-03  8.41517076e-02 -6.27020150e-02
  2.52414159e-02 -3.63107733e-02  1.11824935e-02  1.83891747e-02
  7.41058402e-03  1.95243601e-02 -2.24406794e-02  5.28554171e-02
  8.80180225e-02  1.91019401e-02  5.34276031e-02 -1.74202501e-08
  4.06782776e-02  5.84699214e-02  5.57379685e-02  1.22911166e-02
 -6.40957355e-02 -4.91930842e-02 -1.51827097e-01  2.52451580e-02
 -1.63706543e-03  3.70396450e-02  2.29908526e-02  9.03930422e-03
 -1.66897923e-02  8.83196592e-02 -9.36499238e-03 -3.22348364e-02
  6.43430725e-02  1.09121567e-02 -3.94836664e-02 -8.56716111e-02
  9.57695544e-02  4.94096912e-02 -2.80216858e-02  5.25592230e-02
  1.47194238e-02 -5.29862791e-02  3.82424481e-02  1.90707447e-03
 -1.27433026e-02 -4.42447700e-02 -5.00646569e-02  1.16476260e-01
 -3.05689108e-02 -3.52000259e-02  7.23507851e-02 -1.23015657e-01
 -6.40775710e-02 -5.25621176e-02 -3.30785327e-02 -3.27490806e-03
 -9.42595955e-03 -6.58769682e-02  6.30567074e-02  1.68617442e-02
 -2.59687882e-02  7.14871958e-02 -7.02923804e-04 -9.48361158e-02
 -2.19530966e-02  3.37776123e-03 -9.19865146e-02  2.34220941e-02
  4.79959548e-02 -2.48782877e-02  2.28858814e-02  1.10033430e-01
  2.03587785e-02 -3.77469584e-02 -7.14110443e-03  3.81177887e-02
  5.18293008e-02 -6.54656300e-03 -7.15288967e-02 -4.85907160e-02]",1
Nature_Training_Course,42,Do you have any recommendations & ideas how the next projects could be improved?,"yes, invite me to projects! hahaha. I will be glad if the next project is also connected with nature and to go somewhere to nature reserves, or if the next project is connected with science!",hahaha.,positive,0.5574,False,"[ 8.91889632e-03  2.63242591e-02  4.51931804e-02  2.54585911e-02
 -7.86605291e-03 -8.27554390e-02  9.87616479e-02  3.35436836e-02
 -1.84470247e-02 -7.16755316e-02 -4.92298231e-02 -7.76796117e-02
  6.07629307e-02 -5.07543385e-02  4.35921103e-02 -4.24244069e-02
 -5.11726066e-02 -8.54621902e-02  1.95469167e-02  7.74257854e-02
 -3.18217129e-02  3.75526622e-02 -3.55490926e-03 -3.21837096e-03
  8.35732743e-03  7.34869391e-05 -2.51450893e-02  8.35480392e-02
 -6.11805953e-02  1.07420571e-02 -3.41951177e-02  2.97859125e-02
  9.62259322e-02  2.98702531e-02 -3.04896515e-02  8.74332152e-03
 -6.41288981e-02 -1.79407299e-02  1.53921312e-02 -4.76119220e-02
  1.92739852e-02 -6.50934428e-02 -1.66498479e-02 -2.50890180e-02
  7.84468837e-03 -2.59902887e-02 -4.68031876e-02 -1.88150145e-02
 -1.37638953e-02 -2.87451819e-02 -5.81226014e-02  1.83897149e-02
  1.03310561e-02 -1.60031319e-01  5.13627268e-02  9.48404148e-03
  9.83614475e-03  2.93649845e-02  3.74080166e-02 -2.14616372e-03
 -4.82936800e-02  8.16104817e-04 -2.50157993e-02  4.43785824e-02
 -4.24192287e-02 -4.98884507e-02  5.91041744e-02  4.75438945e-02
  4.97298129e-03  9.97679457e-02  1.02213033e-01 -3.43948156e-02
  3.94665487e-02  8.61362219e-02 -4.85555194e-02 -8.42201896e-03
  1.23487093e-01 -3.13297734e-02  5.70042655e-02  9.93154850e-03
  3.24087241e-03 -9.32328403e-02 -5.74271753e-02 -3.32310870e-02
  7.99165294e-03 -4.34736758e-02 -1.45882256e-02 -7.32954498e-03
 -1.04708122e-02  5.72550073e-02 -4.21997570e-02  2.11337749e-02
  8.31958205e-02 -7.53344372e-02  1.11053395e-03 -7.65235499e-02
 -4.63994071e-02  6.71916902e-02 -8.82826820e-02  1.40089333e-01
 -7.84493051e-03  4.64961072e-03  1.82925705e-02 -2.30758321e-02
 -5.12490086e-02  3.38453911e-02  4.40208428e-03  1.09889239e-01
  4.80031688e-03 -1.12941070e-02  2.22026035e-02 -3.79785635e-02
  4.11641188e-02  7.86294565e-02 -4.10904270e-03  2.95547415e-02
 -6.89385831e-02 -3.93123180e-02 -5.50393574e-02 -2.78432155e-03
 -2.11141985e-02  7.63202012e-02 -6.46965131e-02  6.32195771e-02
  1.93654634e-02 -1.15695015e-01  2.37498758e-03  2.29714941e-33
 -6.24372391e-03  6.12445585e-02  9.39201117e-02  3.99233922e-02
  8.75276253e-02  5.83706461e-02 -3.58903892e-02 -1.79810077e-02
 -2.33725682e-02  1.12838820e-02  5.79973450e-03 -1.05358651e-02
 -9.30126905e-02 -5.58796164e-05 -2.45564748e-02  2.57548355e-02
 -9.45048258e-02  2.86790282e-02 -1.65694337e-02 -4.23300974e-02
 -5.90273133e-03  2.18899865e-02  7.38589605e-03  3.11085191e-02
 -2.28322521e-02 -2.18395740e-02 -4.11645882e-02 -3.77847180e-02
  7.48026883e-03 -1.04053346e-02 -3.30202072e-03  5.17677702e-02
 -8.10783356e-02  3.16999964e-02  3.74942049e-02  1.09857442e-02
  5.25330491e-02 -1.14014104e-01 -5.85066564e-02  2.75498703e-02
 -4.74233925e-02  1.08942213e-02  5.61222099e-02  4.82097156e-02
  2.71387100e-02  9.27017033e-02 -5.26182391e-02 -7.95074254e-02
 -1.09199584e-01  1.95849463e-02 -1.32566523e-02  3.62911522e-02
 -1.83751434e-02 -2.42531728e-02 -1.00631453e-01 -5.44162141e-03
 -1.61025338e-02  5.62510267e-02  2.51771212e-02  7.02629983e-02
 -1.68378744e-02 -8.61896649e-02  8.44731403e-04  2.12150123e-02
 -5.59915937e-02 -7.65826777e-02  2.17805002e-02  3.03583425e-02
 -8.40279832e-03  3.93000012e-03 -4.83791482e-05  8.81596357e-02
 -9.12949517e-02 -1.20195951e-02  3.96950580e-02 -5.25727645e-02
 -2.19572168e-02 -4.85712662e-02  7.30777830e-02 -2.89510898e-02
  5.92594445e-02  1.88306384e-02  2.54245158e-02 -1.05520757e-02
  5.94373718e-02 -4.53531742e-02  5.79154007e-02 -5.59044778e-02
  2.24763136e-02  4.02257033e-02 -4.43959273e-02  4.21668030e-03
 -8.97875708e-03  4.43669446e-02 -6.72155619e-02 -6.52261391e-33
  7.22224452e-03 -3.19800898e-02  1.04362085e-01  6.32060841e-02
 -2.63975188e-02 -3.46685685e-02  3.08205485e-02  3.07313143e-03
 -4.37257774e-02  9.84949023e-02  6.23021796e-02 -3.17639634e-02
 -6.77667838e-03  5.89712383e-03  7.07830936e-02 -2.11793650e-02
  1.03791747e-02 -5.14271222e-02 -5.14026321e-02 -8.43646843e-03
 -9.00771022e-02  6.53760657e-02  1.26418453e-02  6.61150217e-02
 -2.48432662e-02  2.29244530e-02  6.29269630e-02  3.32984664e-02
 -8.17165896e-02  6.24548597e-03 -3.02203335e-02 -2.34852452e-02
 -3.78144942e-02  2.44533946e-03 -3.31362933e-02 -1.36580961e-02
 -7.05705434e-02 -3.54035832e-02 -4.96952944e-02 -4.06692103e-02
  6.29119724e-02  2.35193837e-02 -3.26160938e-02  1.06556483e-01
 -3.85552719e-02 -6.87135085e-02  1.24278395e-02  1.80003569e-02
 -2.48253811e-02  4.17718962e-02 -1.03712961e-01  3.30909900e-02
 -8.68404936e-03 -7.79044069e-03 -1.00563705e-01  7.62947351e-02
 -3.31030115e-02  6.33722451e-03  5.76156862e-02  2.06723232e-02
 -5.66435196e-02 -2.04872638e-02 -1.10165132e-02  5.10679111e-02
  3.14564891e-02  2.49082455e-04 -1.18632950e-01  1.34511609e-02
 -3.94864590e-04 -6.29356084e-03 -2.46854275e-02 -2.73645185e-02
  2.54678652e-02 -1.13016643e-01  3.39176655e-02  4.07402143e-02
  3.42659317e-02 -2.67591700e-02  3.10343094e-02  2.43921820e-02
 -5.22980914e-02 -7.28928484e-03  3.68725434e-02 -9.25655216e-02
  5.15054241e-02  5.71424849e-02  7.88169652e-02 -2.40923129e-02
 -2.86364881e-03  1.85585245e-02  2.08468959e-02  7.19234068e-03
  1.03370197e-01 -4.96220104e-02  2.29351074e-02 -2.37270292e-08
 -8.86806250e-02  7.32818898e-03 -4.36066985e-02 -3.44102085e-02
  6.82662576e-02  3.93516980e-02 -1.91940330e-02 -5.70079647e-02
  1.01822540e-02 -5.94326220e-02  5.62676564e-02 -5.41630536e-02
 -4.60902303e-02  1.13367736e-01 -1.49055170e-02  4.46127467e-02
  2.02906784e-02 -9.69455577e-03 -1.87067948e-02 -1.96663029e-02
 -1.57026183e-02  4.93296310e-02 -1.19515844e-01 -1.02102883e-01
 -3.61080430e-02  7.63563812e-02 -3.63351242e-03  3.78328972e-02
  7.74702132e-02  7.55415261e-02  1.57834604e-01  8.77407100e-03
 -8.56655277e-03 -1.71254613e-02 -3.16193551e-02 -1.72211099e-02
  8.83017201e-04 -2.62992713e-03 -5.47628384e-03  1.00990944e-01
 -8.80755112e-02 -3.35199386e-02 -2.81164311e-02  8.79858881e-02
 -3.80192436e-02 -6.40964434e-02  4.27968465e-02 -5.80261424e-02
 -6.76744655e-02 -2.40463354e-02 -4.45485152e-02 -5.49454950e-02
 -2.47716568e-02  4.42901105e-02  9.83089656e-02  3.67999859e-02
 -1.30948443e-02 -3.01604811e-02  6.88356236e-02 -4.05532606e-02
  2.98096295e-02  3.71514969e-02 -6.57387357e-03  6.04688339e-02]",2
Nature_Training_Course,42,Do you have any recommendations & ideas how the next projects could be improved?,"yes, invite me to projects! hahaha. I will be glad if the next project is also connected with nature and to go somewhere to nature reserves, or if the next project is connected with science!","I will be glad if the next project is also connected with nature and to go somewhere to nature reserves, or if the next project is connected with science!",positive,0.5093,False,"[-3.21530625e-02 -2.98796389e-02  5.71442060e-02  1.09666428e-02
  8.71081650e-02 -4.03285138e-02 -9.26986858e-02 -7.96086937e-02
 -2.59143170e-02  2.51218956e-02 -5.61752357e-03 -4.94226627e-02
 -6.65462613e-02  8.94325450e-02 -2.84945779e-02  6.02198616e-02
 -2.85042915e-02 -2.46928330e-03  3.19536850e-02  4.06195335e-02
  3.65785211e-02  7.46477470e-02  5.75727932e-02 -3.19750537e-03
 -9.17551368e-02  6.55042008e-02 -7.98032209e-02 -1.36755398e-02
 -2.65638009e-02 -1.61043238e-02 -4.66942862e-02  1.21464871e-01
 -2.14325190e-02 -9.07600205e-03 -5.64961089e-03  1.15483388e-01
  2.88872141e-02 -6.95706457e-02  9.26984102e-03 -1.81398708e-02
 -3.75498645e-02 -9.78344530e-02  3.85703370e-02  2.13135220e-02
 -1.99412182e-02 -2.51036324e-02 -2.19472498e-02 -1.33851618e-01
  8.75893328e-03 -2.36897301e-02  4.11116630e-02 -1.30792007e-01
 -2.85397395e-02 -4.61939797e-02 -5.30787222e-02 -1.35951824e-02
  2.41294056e-02 -8.61390755e-02 -1.45795234e-02 -3.98709252e-02
  1.25949651e-01 -5.27356460e-04 -9.79699865e-02  6.30838843e-03
  1.10669844e-01  1.42478114e-02 -9.37480927e-02  1.25677451e-01
  3.63038145e-02 -8.32984149e-02  8.20999146e-02  1.01829236e-02
 -7.30495784e-04 -8.05697367e-02  2.04137955e-02  7.61165991e-02
  2.62082461e-02  5.00923693e-02  6.87999800e-02 -1.09202437e-01
  3.92513499e-02 -5.15945582e-03 -2.73517501e-02 -1.58973206e-02
 -1.00074979e-02  3.68887037e-02  5.05120400e-03  5.07133314e-03
 -1.68199614e-02 -4.73132245e-02 -4.82419543e-02 -3.83626074e-02
  4.20836732e-02  4.56149206e-02 -9.71532315e-02  8.54223669e-02
 -4.46408801e-02 -4.00811397e-02 -1.32747432e-02 -3.60046886e-02
 -2.03224681e-02  2.88414191e-02 -4.11745086e-02 -4.67859618e-02
 -2.70751081e-02 -4.48299479e-03 -2.78625116e-02 -1.25479503e-02
  8.03359151e-02  2.01869197e-02  4.25459258e-03  3.07371989e-02
  6.05680346e-02  6.20712452e-02 -2.23998595e-02  7.80387893e-02
  5.11679938e-03  1.47932135e-02  2.42318008e-02  1.15207238e-02
 -2.57736649e-02 -2.73161475e-02  5.60765853e-03 -1.30797578e-02
  8.70029479e-02 -2.16432996e-02 -5.60174584e-02 -1.71834976e-33
  1.38091845e-02  6.52016560e-03  5.72544783e-02  6.58609942e-02
  6.75430074e-02 -1.34032657e-02 -2.71899737e-02 -9.08178743e-03
 -1.04366660e-01 -8.79168659e-02 -3.54202539e-02  5.76983988e-02
  1.71639975e-02  8.99676532e-02 -8.95502120e-02 -1.38587847e-01
  1.49664320e-02 -2.84165386e-02  4.59195748e-02 -2.31284425e-02
 -6.32638261e-02 -1.23982057e-02 -1.43718543e-02  4.28759046e-02
  1.38356611e-01  2.04540156e-02  5.47471382e-02 -5.42623624e-02
  4.47492721e-03  2.45933700e-02  1.19395088e-03  4.25781502e-04
 -6.37996271e-02 -1.11039951e-02 -3.98169365e-03 -9.61225480e-03
 -2.10028347e-02 -2.18752716e-02 -1.87439844e-02  3.41953300e-02
  6.59211800e-02  2.22666748e-02 -3.15333088e-03 -5.99728338e-03
  4.42011617e-02 -2.15581972e-02  1.30699068e-01  1.89367868e-02
  6.05007075e-02 -1.54496022e-02 -7.19296634e-02  1.64522622e-02
 -5.29432520e-02  2.95745605e-03  6.33421391e-02 -6.33117929e-03
  6.02638721e-03 -4.47414108e-02  8.04123282e-03 -2.92403083e-02
  2.29528528e-02  4.37246300e-02 -3.43669392e-02 -6.69609830e-02
  5.33987768e-02  1.11223735e-01  9.69258137e-03  2.23193169e-02
 -4.34856340e-02  3.30624580e-02 -8.57278556e-02 -1.74994413e-02
 -3.17255296e-02  4.57890658e-03 -4.62102480e-02  2.20264718e-02
 -5.05964383e-02 -1.33248167e-02  2.16625575e-02  9.21088010e-02
  4.83165262e-03 -2.62305476e-02 -3.95803489e-02 -3.11173629e-02
 -1.40672056e-02 -1.62631404e-02  2.90434174e-02 -3.44677567e-02
 -3.55771407e-02  2.79487148e-02  1.40827931e-02  2.33900151e-03
  4.04732190e-02  4.41697650e-02  3.37655134e-02 -9.23217651e-34
  7.06903543e-03 -3.84889022e-02  4.71854955e-03  7.10568065e-03
  5.92136979e-02 -6.30519390e-02 -3.27449217e-02 -8.69061053e-02
  3.01095396e-02  5.96419498e-02 -1.67712923e-02  8.66772756e-02
  3.33542153e-02 -3.79575230e-03 -7.31977522e-02 -6.80113444e-03
  2.27618963e-03  1.30269229e-02 -4.54552509e-02  1.95732377e-02
 -4.53840569e-02  6.26646131e-02 -4.17758189e-02 -3.57824229e-02
 -9.44890920e-03  4.41958010e-02  2.17702612e-02 -7.12958500e-02
 -2.65210792e-02 -4.40647490e-02 -3.75523008e-02 -3.15790921e-02
 -9.24421102e-02 -4.52956073e-02 -3.56376469e-02  4.80898879e-02
  7.99269676e-02 -1.53067991e-01 -4.79119569e-02 -1.84070356e-02
  9.24848542e-02  5.90245414e-04 -7.70867942e-03 -3.36746336e-03
 -1.56585686e-02 -1.10579235e-02  3.80455377e-03  1.08458273e-01
 -8.82211849e-02  3.09455376e-02  8.11374560e-02  2.35928744e-02
 -2.87744738e-02 -7.01616034e-02  7.14587197e-02 -3.27407313e-03
  3.80042680e-02 -5.00431983e-03 -2.38934569e-02 -1.24763912e-02
 -2.52217017e-02  1.76604930e-02  2.58233789e-02 -2.40791030e-03
 -1.21164033e-02 -1.41300485e-02  6.31726859e-03  1.18626200e-01
 -2.94584930e-02  4.79608998e-02  2.89332140e-02  3.46789435e-02
 -4.96245250e-02  1.76247098e-02  1.41037228e-02 -3.36894579e-02
  9.32367742e-02 -4.53765243e-02  2.42016595e-02  1.63933076e-02
 -7.18025398e-03  4.92156036e-02  2.98678447e-02 -2.07350515e-02
  1.08226947e-01  5.28255701e-02 -5.98288774e-02 -8.37956890e-02
  2.17227768e-02  3.02579049e-02 -1.35881498e-01 -1.84465125e-02
  1.50437392e-02  2.28560939e-02  3.61419879e-02 -2.62040949e-08
  8.06445330e-02  4.80947495e-02 -1.29672578e-02 -5.08533753e-02
  3.54117900e-02 -4.10886705e-02 -1.26313996e-02  2.07396429e-02
  1.50397541e-02  8.73647481e-02 -2.31194925e-02  6.26550689e-02
  4.87938477e-03  1.01625048e-01  3.51493098e-02 -6.39873669e-02
  8.76882598e-02 -5.60217276e-02 -5.26019856e-02 -5.69470646e-03
 -1.85444821e-02  5.19386232e-02 -2.69280318e-02  5.21409698e-02
 -1.73572153e-02 -2.63074003e-02 -5.78989508e-03 -4.02150638e-02
  1.20814014e-02 -1.98011547e-02  3.82129475e-02 -8.92586447e-03
 -8.20592418e-02  2.73048738e-03  2.57889349e-02 -1.74091861e-03
 -3.80888022e-02  4.04740199e-02  1.79770701e-02  8.12006555e-03
 -1.42713618e-02  7.93583971e-03 -2.92630401e-02  1.30056202e-01
 -5.30889332e-02 -1.77732669e-02  2.99045956e-03 -4.51096408e-02
 -2.61957466e-04  1.42413573e-02 -3.76083478e-02 -5.92390634e-02
 -2.25316063e-02 -3.51546984e-03  9.48700681e-02  7.94819817e-02
 -3.89035009e-02 -1.66521091e-02 -5.35198487e-02  1.03042811e-01
  4.07107398e-02 -1.08090438e-01 -6.53512254e-02  5.68879722e-03]",1
Nature_Training_Course,43,Do you have any recommendations & ideas how the next projects could be improved?,All is good,All is good,positive,0.5,False,"[-5.99417165e-02 -6.39693886e-02 -8.21871497e-03 -2.86390185e-02
  1.90539807e-02 -1.20305140e-02 -6.34048060e-02  1.75886899e-02
 -2.71270052e-02  4.06626761e-02  7.20251426e-02 -3.10194772e-02
 -5.24847955e-02  3.66453081e-02 -1.40327206e-02  3.01567353e-02
  2.13065557e-02 -2.87123434e-02 -8.69313031e-02  1.90660320e-02
 -6.03241101e-02 -1.11304233e-02 -2.21959092e-02 -1.16836363e-02
 -7.34234601e-02 -3.51589434e-02  2.11307146e-02  2.55870298e-02
  1.46881109e-02 -3.75868678e-02 -1.15040027e-01  3.45429182e-02
  8.78386497e-02  2.28473917e-02  6.26704395e-02 -2.41931751e-02
 -7.89261889e-03 -2.01555546e-02  6.07374422e-02 -3.61505225e-02
  2.51199361e-02 -4.22565565e-02 -2.97659300e-02  3.39043364e-02
  3.32678780e-02  1.08975410e-01  6.12324886e-02 -3.11494786e-02
  5.42591847e-02 -1.03765382e-02 -3.35845836e-02 -1.43276118e-02
 -7.81970620e-02  8.82603154e-02  1.27805144e-01  7.11909682e-02
 -1.99709609e-02  3.38564478e-02  6.69568181e-02 -9.21845287e-02
  5.01036718e-02 -8.32688808e-03 -4.73309420e-02  4.27593030e-02
  1.31451502e-01 -9.35491100e-02 -8.03220272e-02 -6.16221167e-02
 -6.34083077e-02 -9.37636849e-03  8.22073035e-03  1.44138411e-02
 -4.04901151e-03 -1.04619535e-02  1.57871917e-02 -1.81951318e-02
 -5.66181913e-02 -1.89048611e-02  3.72035019e-02  7.31785148e-02
  1.26284566e-02 -3.38463448e-02 -2.97776400e-03 -5.41868471e-02
 -2.01473478e-02  3.33348662e-02  3.20050977e-02  3.27129066e-02
 -5.32611981e-02  2.00559776e-02  3.52914445e-02  6.14341013e-02
  3.83371897e-02 -1.89160965e-02  1.76535361e-02 -1.17672477e-02
  4.72587273e-02 -4.53646518e-02 -1.12754457e-01  8.89723599e-02
  4.39190418e-02  2.83205844e-02  6.28008693e-02  1.53554101e-02
 -5.16103171e-02 -1.95664708e-02  1.74173713e-02  2.52138078e-02
 -5.42836934e-02 -2.07450818e-02 -1.50905484e-02  6.77421689e-02
  3.02663762e-02  9.06692892e-02  2.14808434e-02  8.84936973e-02
 -5.81739936e-04  7.15480745e-02  2.87905522e-02  8.57929606e-03
 -3.57277915e-02 -3.38637307e-02  4.13304567e-02  4.22073528e-02
 -1.36805028e-01 -6.32659197e-02  1.16832666e-02 -6.87321052e-34
  1.81712285e-02  2.02153437e-02  1.27981249e-02 -6.44607656e-03
 -6.90321578e-03 -4.26606089e-03 -1.44640347e-02 -2.87278220e-02
 -1.87717304e-02 -3.88370035e-03  8.57441220e-03  5.83832106e-03
 -1.52588626e-02  6.19403273e-03  3.54443565e-02  6.15036301e-02
  2.79865470e-02  1.10155709e-01  7.02528805e-02  8.18547830e-02
  1.34756893e-03 -3.58330086e-02 -5.79707436e-02  3.88504565e-02
 -2.04876773e-02  9.09108669e-03  4.80400175e-02 -7.70651326e-02
 -1.84286181e-02  2.66579669e-02 -7.77041540e-02  3.60456035e-02
 -1.89551990e-02  3.81781459e-02  1.91559866e-02  1.18174218e-02
 -5.56129329e-02 -2.47825440e-02 -8.86858255e-02 -7.72222877e-03
  1.42471297e-02  2.12232359e-02 -9.55318958e-02 -5.54530285e-02
 -3.94195840e-02 -4.13282998e-02  1.00283744e-02  2.04299837e-02
  2.14156369e-03  1.06471796e-02 -1.02018304e-01 -1.42935654e-02
 -4.03291313e-03 -5.15577868e-02 -3.85422781e-02  4.27706130e-02
 -3.87501232e-02  1.16494983e-01  3.33658210e-03  3.91029790e-02
  1.21071115e-01  6.74749017e-02 -8.89138784e-03 -1.52433574e-01
 -5.20449392e-02  2.68272292e-02 -2.99896412e-02 -1.24090454e-02
  2.39329040e-02 -2.40070205e-02 -1.14793917e-02  2.33479068e-02
  1.18241556e-01  1.15719467e-01  2.08696574e-02  9.66678336e-02
 -2.94268448e-02  4.85420413e-02  2.67094523e-02  7.68372342e-02
 -6.20454131e-03  4.84431013e-02 -4.58384193e-02  2.28979085e-02
 -3.29119124e-04  3.39854211e-02 -1.85718425e-02  1.49829863e-02
  2.27309000e-02  1.42283991e-01 -1.04777910e-01  1.82102621e-02
  1.01381265e-01 -1.90924332e-02 -1.46967456e-01  4.64715483e-34
  2.96642277e-02  5.35976402e-02 -1.62543934e-02  7.63161108e-02
 -5.52891344e-02  3.20189148e-02  4.28662822e-02  8.72238278e-02
  5.02403937e-02  3.46107371e-02 -3.46368849e-02  1.21342158e-02
 -6.69470280e-02 -9.67847854e-02  4.86117750e-02  1.66132133e-02
  6.62019327e-02 -2.56770826e-03 -4.62483279e-02 -3.83098843e-03
 -2.59344820e-02  1.19779184e-01 -6.34450763e-02 -1.80590432e-02
  6.76820404e-04  1.43676838e-02 -7.52232671e-02 -1.02352910e-02
 -4.70633665e-03  2.86835544e-02  6.78119734e-02  1.53694078e-02
 -1.24855094e-01  4.77953255e-02  2.22520903e-02  2.61518825e-02
  1.26979038e-01 -5.50795719e-03 -4.05751280e-02 -4.43419404e-02
 -2.58434918e-02 -6.19075820e-02 -9.35265236e-03  7.84515515e-02
  2.10728049e-02 -1.14900202e-01  5.70289567e-02  6.40690699e-03
 -1.19887907e-02  7.89227933e-02  2.73948442e-02 -5.95157444e-02
  2.53842026e-02  4.45737243e-02  1.68180726e-02 -3.61961871e-02
  3.52280326e-02 -7.57347187e-03 -1.16901314e-02 -7.29184151e-02
 -3.11669102e-03 -1.86175089e-02 -3.00689153e-02  9.21155047e-03
  3.05966847e-02 -5.47584938e-03  1.93880070e-02 -3.39081176e-02
 -3.57125401e-02 -4.54079732e-02 -2.57680565e-02 -1.70309301e-02
 -8.46407488e-02 -6.62451237e-02  6.81082383e-02  1.09039489e-02
  3.20508447e-03 -6.49583563e-02  2.24117041e-02  7.71584688e-03
 -5.56156337e-02 -9.10526700e-03 -6.03919663e-03 -5.74230142e-02
 -1.48325004e-02 -1.09913349e-01  9.48312581e-02  7.30055422e-02
 -2.94667836e-02  1.26603758e-02 -3.93025354e-02 -5.51471394e-03
  6.78699091e-02 -2.45491564e-02  7.75262490e-02 -1.60424936e-08
  1.01089761e-01  1.89388096e-02  2.59691402e-02 -7.29832449e-04
 -9.28042922e-03  4.86881286e-03  1.14571070e-03 -8.47760662e-02
 -1.03480555e-02  3.83210406e-02  8.33737757e-03  2.35782862e-02
 -7.37749636e-02 -4.15814072e-02  3.22455578e-02 -1.34417668e-01
 -1.29586994e-03  1.04352407e-01 -1.90899540e-02 -1.27847325e-02
 -2.21718010e-02  6.97004795e-02  5.44234104e-02  2.23291777e-02
  4.46027219e-02  5.75255603e-02 -3.68999653e-02  2.99195596e-03
 -2.38966700e-02 -2.47047432e-02  1.23946806e-02  8.37149099e-02
 -1.03679262e-02 -3.85634266e-02  5.61557971e-02 -4.97082388e-03
 -3.46851051e-02  3.02583259e-02  3.66956666e-02 -7.59414211e-02
  2.40157614e-03 -7.08230212e-02 -5.82333363e-04 -5.88586414e-03
 -8.78804177e-02 -3.86537611e-02  5.46854958e-02 -1.59997866e-02
 -6.74614906e-02 -2.31587216e-02  2.23746635e-02 -4.72944826e-02
 -1.11429486e-02  3.42251696e-02  3.42093781e-02 -3.02902027e-03
 -1.44100999e-02 -1.20213758e-02  1.18587306e-02 -5.65667041e-02
  6.87884912e-02 -2.59184111e-02  1.76289733e-02  3.37556079e-02]",3
