project_id,response_id,question,text,sentence,sentiment,sentiment_score,is_learning,embedding,cluster
Career_Youth_Exchange,1,What did you learn during the project?,I got very motivated and inspired from the all the activities and talks I had with the people on the project and I developed my talking in front of public skills.,I got very motivated and inspired from the all the activities and talks I had with the people on the project and I developed my talking in front of public skills.,positive,0.7755,True,"[ 4.79500927e-03  2.28885617e-02  2.33865604e-02  2.37870860e-04
  4.11817655e-02 -1.55385463e-02  5.55888750e-02  1.39286779e-02
 -3.56062055e-02 -2.26169880e-02 -7.27261528e-02  3.38404439e-02
 -7.89312832e-03 -1.82058793e-02  9.78723690e-02 -2.19857995e-03
  1.34718260e-02 -2.60068830e-02 -2.01836657e-02 -5.54488115e-02
 -3.66541767e-03  1.30449897e-02  6.54546246e-02  3.18425260e-02
 -1.33320345e-02  5.28527237e-02  5.49339550e-03 -2.08345540e-02
  9.76754501e-02 -1.81987807e-02  3.82554382e-02 -1.66956317e-02
  1.03439577e-01  2.02592574e-02  1.24422470e-02  1.21916927e-01
  1.61696933e-02 -1.31291235e-02  1.96612794e-02 -4.61559882e-03
 -6.86096549e-02 -3.71630751e-02  7.72457793e-02 -3.08945514e-02
  3.48181278e-02 -1.46972954e-01  3.83976214e-02  2.88724340e-02
  1.80659443e-03 -3.70439962e-02 -5.14054485e-03 -7.47115016e-02
 -3.29714715e-02 -9.47709531e-02 -3.69839631e-02  1.95863890e-03
  1.99819207e-02  7.71485269e-02  2.47945264e-02 -8.03312287e-02
 -9.90581606e-03 -5.85005917e-02 -9.60967392e-02  3.58246453e-02
 -3.88208311e-03  4.96167466e-02 -7.73438998e-03  3.34187783e-02
  6.77938461e-02 -4.19280156e-02  6.09815829e-02 -9.78775416e-03
  6.18334301e-02 -4.22784947e-02  2.67624129e-02 -3.59804220e-02
  7.69150164e-03 -5.48267886e-02  6.38477281e-02  3.95464487e-02
  3.74355279e-02 -9.31932032e-03 -2.21998971e-02  5.06925955e-02
  2.51343823e-03 -3.55099104e-02  1.31683396e-02  3.33238691e-02
  3.34923118e-02 -1.71186179e-02 -9.95635055e-03 -1.51336414e-03
 -1.04233168e-01  4.80630808e-02 -4.40712795e-02 -7.05835549e-03
 -3.53069976e-02  8.42442364e-03  6.12574890e-02  6.61593229e-02
 -6.03406653e-02  1.64144358e-03  7.32624670e-03 -1.23523036e-02
 -4.58508953e-02 -2.46993601e-02 -4.47949134e-02  4.65755910e-03
 -5.24078645e-02  5.71443439e-02 -8.60317498e-02  1.86500121e-02
 -1.98791808e-04  3.62245925e-02  1.04137957e-01  5.72916195e-02
 -4.12024371e-02 -1.72980912e-02 -5.66640869e-02  1.26286969e-02
  5.33415377e-02  6.07799254e-02  8.44231155e-03  4.14127484e-02
 -7.55571201e-02 -1.67394020e-02  4.44895476e-02 -3.18815374e-33
  5.48175760e-02  5.78054711e-02  7.72605464e-02  1.89452395e-01
 -1.44685032e-02 -9.54294391e-03  3.88879962e-02  3.30641195e-02
  4.73668479e-04  1.12594133e-02  1.02456152e-01 -6.45693438e-03
  1.70712601e-02  2.56001428e-02  9.37702321e-03 -5.47160693e-02
 -9.22252089e-02 -3.52651663e-02  3.20992991e-03  1.81337371e-02
  2.31697839e-02 -5.42112738e-02 -1.81177501e-02  1.45314066e-02
  9.35886726e-02  4.92694490e-02  8.39916915e-02 -1.09245554e-01
 -3.89901772e-02  3.25050056e-02  8.59386921e-02  4.76146899e-02
 -4.23970297e-02 -6.23755045e-02 -6.14458555e-03  1.75007153e-02
  6.81843003e-03 -8.87025818e-02  8.42714086e-02  7.12771416e-02
 -9.84914601e-04 -2.74422392e-02  8.75705406e-02 -5.16144708e-02
  5.40619902e-02  1.01449911e-03  4.89214156e-03 -2.54076514e-02
 -6.50243759e-02  5.50353862e-02 -9.81737450e-02  3.35759390e-03
 -2.49169506e-02 -3.22877727e-02  3.89741547e-02 -9.42950621e-02
  4.20915801e-03 -9.81814694e-03  1.03312563e-02  5.42593662e-05
  5.41505702e-02  6.97410479e-02 -8.06603804e-02  6.99581280e-02
 -4.49952409e-02  3.68752144e-02 -2.18611285e-02 -2.95385923e-02
  9.13310573e-02 -2.09190734e-02 -2.87009161e-02 -1.22308005e-02
 -3.92702334e-02 -4.19216529e-02  1.35822524e-03  2.45683938e-02
 -9.30699855e-02 -5.27270772e-02 -3.27373110e-02  8.90506208e-02
  2.83935796e-02 -1.14895208e-02 -5.32144345e-02 -2.31779646e-02
  2.03423463e-02  1.69181619e-02  6.77497825e-03 -6.09505102e-02
  7.84141850e-03  2.50394270e-02  7.34079555e-02 -1.02056870e-02
  1.31704649e-02  2.96956375e-02 -8.87425840e-02  1.96168407e-33
  1.93494521e-02  6.88119009e-02  5.71526447e-03 -6.07916042e-02
  5.36384732e-02  3.52216363e-02 -8.25715542e-04 -7.03481734e-02
  1.05631095e-03  1.22978009e-01 -5.49129210e-03 -3.79987322e-02
 -1.02557533e-03  2.71036662e-03  1.32572427e-02 -4.02970687e-02
 -1.52050909e-02  2.52248421e-02 -5.69611192e-02  2.86451145e-03
 -8.88266973e-03  7.37602636e-02 -7.02598765e-02 -5.21412119e-02
  2.59387214e-02 -6.34045526e-02 -1.35531574e-02 -1.76928416e-02
  3.05872113e-02 -5.24441823e-02  6.73817191e-03  4.58661374e-03
 -8.94260034e-02 -2.86543015e-02 -9.48774070e-02  7.34165460e-02
 -3.50950919e-02 -8.40001777e-02 -3.18335067e-03 -5.37699051e-02
 -4.03586067e-02 -2.15111338e-02 -7.47941248e-03 -2.20594415e-03
 -3.88874970e-02 -3.63968089e-02 -9.01278574e-03 -1.16938946e-03
 -6.87478259e-02  1.14538381e-02  8.85136705e-03  5.94798140e-02
 -3.91290523e-03 -7.62015432e-02  3.42392586e-02  1.06863873e-02
  5.33199273e-02 -9.39095691e-02  5.33849336e-02 -4.39473651e-02
 -6.81300312e-02  2.27009431e-02 -2.46938225e-03 -5.38943242e-03
  3.79192233e-02 -1.02006599e-01 -5.55791073e-02  5.78371435e-02
 -4.13660752e-03 -9.20618977e-03 -4.59781252e-02  5.44737354e-02
  1.63722746e-02  5.92662804e-02 -5.32041937e-02 -5.79566285e-02
 -6.20935597e-02  2.67553851e-02  2.38905847e-03 -1.43591845e-02
 -4.94690612e-02  2.51742434e-02 -1.05703408e-02 -3.79422382e-02
  6.96003512e-02  1.08153291e-01 -2.38539744e-02 -9.91412625e-03
 -1.99589152e-02 -1.64016653e-02 -3.94931175e-02  3.44433472e-04
  4.99738306e-02  4.19897921e-02  6.32279515e-02 -2.76998140e-08
 -1.80138052e-02  2.76359543e-02  2.85651768e-03  6.32334501e-02
 -2.25342903e-02 -5.39151952e-02 -9.01860222e-02  4.06884141e-02
 -1.96280722e-02 -4.04620320e-02 -5.28778788e-03  9.36531182e-03
  9.08823451e-04  1.03906810e-01  6.70239702e-02 -8.10266882e-02
  1.12982213e-01  4.38319854e-02  1.63946468e-02 -7.41054937e-02
  7.47471303e-02 -1.19481143e-02 -1.10286422e-01  1.69974547e-02
  1.25514735e-02 -2.76499931e-02  3.30469944e-03  1.91857677e-03
 -4.01917174e-02  4.62501422e-02 -4.42155860e-02  4.28815857e-02
 -1.03340082e-01 -1.73506048e-02 -4.29459512e-02  1.74966305e-02
  3.07951514e-02 -7.35270232e-02  4.87323813e-02  6.94900751e-02
  4.34462959e-03  4.62781638e-02  1.08203314e-01  8.16961154e-02
 -3.00684813e-02  1.00361638e-01 -5.12075275e-02 -6.40960112e-02
 -6.00776030e-03 -2.58464087e-02 -2.39772759e-02 -1.41441887e-02
  1.73648503e-02 -3.76708172e-02  5.18471971e-02  7.68685937e-02
 -3.69151752e-03  2.20078155e-02 -5.51403388e-02  5.80374673e-02
  2.13551638e-03  1.09411091e-01 -2.18553275e-01  7.67519989e-04]",2
Career_Youth_Exchange,3,What did you learn during the project?,"Yes, my biggest improvement would be public speaking, but besides i also developed my constructive thinking and team work. Plus some management skills.","Yes, my biggest improvement would be public speaking, but besides i also developed my constructive thinking and team work.",positive,0.431,True,"[ 4.59053554e-02  3.99479978e-02  3.41756158e-02 -8.48532841e-02
  8.58011562e-03 -3.14674266e-02 -2.17691883e-02 -2.56064944e-02
 -3.97087149e-02 -1.22227632e-02 -1.39616439e-02  1.29182085e-01
 -6.43788325e-03 -2.90604718e-02  1.40645579e-01  7.99657125e-03
  1.85446404e-02  8.77262801e-02 -2.15276498e-02 -4.56653051e-02
 -6.83200583e-02  9.64766070e-02  4.90898872e-03  4.14347015e-02
 -3.27034667e-02  2.20657047e-02 -6.43973425e-02  2.66148206e-02
  5.84296398e-02 -7.69868270e-02 -4.51378450e-02 -4.55713011e-02
  1.24347128e-01  2.61504506e-03  1.26055265e-02  6.32733181e-02
  5.11927679e-02  5.04516065e-02  2.99281790e-03 -3.17628980e-02
 -2.75161602e-02  1.77798439e-02  2.23667827e-02 -5.99409305e-02
  1.00358203e-02 -8.83147940e-02  9.86421928e-02  1.28591266e-02
 -8.51872638e-02 -4.28354889e-02 -2.43046042e-02 -2.73183975e-02
  1.04667591e-02 -3.00925691e-02  2.53445636e-02  3.37274522e-02
  5.82118868e-04  9.23244879e-02 -2.29777303e-02 -1.86504647e-02
 -2.42367126e-02 -3.40581015e-02 -3.47654074e-02  3.15764919e-02
  2.62016430e-02  4.25795056e-02  1.06446911e-02 -4.57871938e-03
  2.06361469e-02  2.05148458e-02 -2.60345347e-04  6.17354326e-02
  7.23448098e-02 -5.09233736e-02  6.93818852e-02  2.95552961e-03
 -2.39871535e-02 -5.67588722e-03  1.04894750e-01  3.73130888e-02
  7.28386715e-02  1.19721033e-02 -2.47167069e-02  5.54629508e-03
  7.60547444e-03 -8.42774436e-02  2.36830744e-03 -1.02261953e-01
 -3.54427025e-02 -2.48443130e-02 -5.87234320e-03 -8.30618571e-03
  2.68034078e-03 -6.18086546e-04 -5.88099547e-02 -5.35565382e-03
 -4.14804928e-02 -4.28093188e-02  4.09758370e-03  7.36540332e-02
 -1.15686208e-02  3.99762690e-02 -7.71925300e-02 -1.02727391e-01
  8.12210795e-03  2.22408511e-02  2.40007620e-02  5.97199723e-02
 -6.62408620e-02  7.74762407e-03 -3.56686041e-02  2.26857346e-02
 -2.55404226e-02  2.51871422e-02  8.69254544e-02  1.93165746e-02
 -9.04965308e-03  5.04114442e-02 -2.02912744e-02  1.70433125e-03
  7.27271140e-02  3.06936409e-02  4.07538824e-02  4.61210310e-02
 -2.50362959e-02  1.49389524e-02  4.25239778e-05 -2.02990297e-33
  4.59258631e-02  9.94842947e-02  2.95776371e-02  8.32489952e-02
  3.95831317e-02  4.66116564e-03 -3.90633121e-02 -1.64060981e-03
  5.76321110e-02 -7.77090564e-02  3.81039269e-02  2.66014580e-02
  6.38984442e-02  1.27607342e-02  5.47641329e-02 -1.67937949e-02
 -1.43904135e-01  4.24149446e-02 -5.18976860e-02 -1.63393617e-02
  1.71793569e-02 -6.88103819e-03  1.11505557e-02 -2.31562667e-02
  5.14909588e-02 -1.41854491e-02  6.97324723e-02 -1.05164550e-01
  1.63723379e-02 -1.65148173e-02  4.36128266e-02  2.54782662e-02
 -7.82676637e-02  3.66723649e-02 -1.63955241e-02 -2.66086962e-02
  4.21852134e-02 -9.91557986e-02  7.45831653e-02  9.86714568e-03
 -4.84246165e-02 -1.05237784e-02  4.37427647e-02 -1.06610982e-02
  2.20420584e-02  3.12011633e-02 -5.69493175e-02 -2.34444868e-02
 -5.29579297e-02 -8.95147678e-03 -3.25564928e-02  1.95682123e-02
  1.51075574e-03 -3.85451652e-02  3.05934325e-02 -7.46224374e-02
  5.31655326e-02  3.17376181e-02  4.83394265e-02 -2.17654812e-03
 -1.10158212e-02  2.94773672e-02 -3.67476642e-02  5.74983135e-02
 -1.70107540e-02  2.28698160e-02  1.25245703e-02 -3.12925056e-02
  1.53933302e-01 -1.22441649e-01 -1.45278219e-02 -5.26358522e-02
 -2.14093588e-02  3.10613513e-02  4.03912999e-02 -4.13736813e-02
 -8.35147873e-02 -6.92569232e-03  3.13466415e-03 -1.94506645e-02
  7.44386539e-02  1.60071552e-02 -1.99980792e-02 -5.42779341e-02
  1.42085776e-01  1.16992127e-02  3.64912748e-02  1.67347267e-02
  6.71167895e-02  4.71961163e-02 -3.80817219e-03  4.49719392e-02
 -1.15760714e-02  3.14159319e-02 -9.53629389e-02  1.18226538e-33
 -4.59336154e-02  5.91429844e-02  3.24773602e-02  4.70026508e-02
  7.89036043e-03  3.30329798e-02  3.48178521e-02 -5.55026866e-02
  3.59924734e-02  6.44362718e-02  5.78246824e-02 -1.99040733e-02
 -5.36517762e-02  2.13337224e-03 -3.93980779e-02 -6.65048882e-02
 -3.89468037e-02 -6.22171611e-02 -5.41886911e-02  3.28338817e-02
 -2.58287583e-02  8.80419761e-02  3.40613187e-03  7.92828500e-02
  1.07492758e-02 -4.51407619e-02 -6.19103163e-02  1.52822316e-03
  5.18342815e-02 -4.25824039e-02  4.37769815e-02 -9.61396564e-03
 -1.03284717e-01  1.36405481e-02  1.03398263e-02  1.39676267e-02
 -2.43948139e-02 -1.29724428e-01 -1.92400254e-02 -1.90192368e-02
 -3.59964408e-02 -5.26478477e-02 -1.33348573e-02  5.54219296e-04
  5.42376265e-02 -3.44668925e-02 -2.63325684e-02 -9.68759656e-02
 -7.37915114e-02  6.39629960e-02 -4.50236425e-02  2.08442435e-02
 -5.13433628e-02 -3.60140130e-02  8.50133225e-03  2.65869196e-03
  1.06973097e-01 -1.80501908e-01  4.15407605e-02 -1.44569976e-02
 -6.76869750e-02  5.05400747e-02  1.09444121e-02 -7.40533993e-02
  9.83748510e-02 -8.10408667e-02 -4.27703001e-02  9.52035189e-02
  2.09699944e-02 -1.02532767e-02 -5.44708222e-02 -9.35437437e-03
 -9.65065788e-03  3.63410003e-02 -5.08271605e-02  1.62620712e-02
 -5.49415126e-03  2.23210119e-02 -2.74599958e-02  2.11999845e-02
 -7.05876797e-02  3.29055334e-03  5.51522756e-03 -1.02478541e-01
  3.17704454e-02  7.22817779e-02  5.91236958e-03  4.39289957e-03
  3.61003168e-02 -1.27578275e-02 -4.36197743e-02 -1.90906357e-02
  3.30509022e-02 -5.92603125e-02  4.14246470e-02 -2.32987922e-08
 -3.99960354e-02  4.11227196e-02  1.97827201e-02  9.50414240e-02
 -2.04568822e-02 -6.83239177e-02 -6.32231534e-02  4.18313826e-03
  1.36806295e-04 -7.22100213e-02 -2.83382554e-02 -1.25057641e-02
  3.08350809e-02  4.72686924e-02  1.74774993e-02 -1.09048467e-02
  2.93083508e-02  3.95098664e-02 -2.74864454e-02 -9.51216072e-02
  4.46649604e-02  8.41137692e-02 -6.53138310e-02  6.06873780e-02
 -1.98731422e-02 -2.64401548e-02  1.93376672e-02 -1.66872684e-02
 -7.96953663e-02 -2.70759352e-02 -2.85677821e-03  4.07074858e-03
 -5.56076393e-02  7.41570666e-02  5.86736538e-02 -3.94111406e-03
 -4.28174883e-02  4.67944599e-04  3.47267799e-02  9.69281644e-02
 -3.23157795e-02  2.56144609e-02  6.12969510e-02  7.59964585e-02
 -1.81154367e-02 -8.81589367e-04 -3.78780589e-02 -3.51360328e-02
 -8.25885460e-02 -1.28574833e-01  4.06755693e-02  9.70299765e-02
 -1.36615746e-02 -1.59142930e-02  5.20323701e-02  8.34080800e-02
  2.88764779e-02  5.26952883e-03 -9.03482735e-02 -9.14279558e-03
  2.14487389e-02  5.38423844e-03 -1.51914433e-01 -2.29719933e-03]",2
Career_Youth_Exchange,6,What did you learn during the project?,"Yes, english speaking, caring for others, organizing skills","Yes, english speaking, caring for others, organizing skills",positive,0.7096,True,"[ 5.04453741e-02 -6.63558778e-04  5.09795360e-02  5.68834059e-02
 -4.84781936e-02 -3.31336632e-02  7.16136843e-02 -1.36917830e-01
 -6.71224520e-02  4.74021658e-02  7.10089458e-03  3.38063315e-02
 -4.97886911e-02  7.28557333e-02  8.86913091e-02  4.26501920e-03
 -9.93277952e-02  6.38811588e-02 -5.83803393e-02 -9.71983820e-02
 -1.33198842e-01  3.90474461e-02  2.57135998e-03 -2.84906989e-03
 -4.39576805e-02  3.84879224e-02 -2.21926952e-03 -2.92011369e-02
  6.30116761e-02 -3.68180610e-02  3.20495069e-02 -4.65666701e-04
  1.05878450e-01  7.83629790e-02  3.99993621e-02  1.50249183e-01
  1.25809565e-01 -1.20198121e-02  2.08889530e-03  9.36963770e-04
 -2.91852895e-02 -1.44452937e-02  5.28777353e-02 -9.45904776e-02
  1.90426074e-02 -1.71180461e-02  6.01661354e-02 -1.15434853e-02
 -7.18016475e-02 -9.50172842e-02  6.33629113e-02 -4.75344853e-03
  4.85162400e-02  2.01447159e-02  5.85104898e-02  6.48866817e-02
  1.10627888e-02  2.13826355e-02 -2.71992851e-03 -2.43644640e-02
 -2.93642059e-02  1.82174630e-02 -9.72752832e-03  6.69196695e-02
 -1.16784582e-02  1.75903365e-02 -8.64611268e-02  1.90192908e-02
 -7.06957001e-03  5.20420633e-03  1.12564536e-02 -1.92311389e-04
  4.62206565e-02  4.89662215e-02  8.17459822e-02 -6.44058734e-03
  2.75641866e-02 -4.77419980e-02  4.06056456e-02  2.10019983e-02
  4.81430218e-02  3.90373394e-02 -2.35350709e-03  4.21183668e-02
 -2.37635691e-02 -8.94256383e-02 -7.71946982e-02 -1.08521217e-02
  2.75066942e-02  2.94664758e-03  2.60591637e-02 -5.40366508e-02
 -4.09710370e-02  1.29719814e-02 -6.71862662e-02 -4.18411717e-02
  1.11316005e-02  1.15190046e-02 -8.53909105e-02  3.49709461e-03
 -1.88442301e-02  3.20925703e-03  5.28297313e-02  1.34529332e-02
 -7.86161348e-02  1.27402265e-02 -7.50880912e-02  6.74176291e-02
 -4.23449837e-02 -6.70260517e-03 -1.36447400e-01  4.64325137e-02
 -8.59316289e-02  2.41319332e-02  5.98341450e-02 -8.94733611e-03
 -1.17300339e-02 -1.71072909e-03  2.70559713e-02  3.42188552e-02
  3.75227854e-02  8.94217268e-02  1.48742376e-02 -2.49798559e-02
  2.50726286e-03 -2.17650644e-02  3.28995250e-02  1.14988290e-33
  5.22759110e-02  1.28302211e-03 -2.01867130e-02  6.76108971e-02
  1.89044643e-02  8.47791880e-02  2.69745607e-02  3.81411389e-02
  6.95188791e-02 -5.73111102e-02 -3.97158274e-03  7.05603883e-02
 -2.28766222e-02 -3.28581743e-02  9.91819333e-03  2.93554203e-03
 -1.01868741e-01  7.03723505e-02 -1.12274364e-01  2.17624139e-02
  4.62710951e-03  3.07845492e-02 -1.63898971e-02 -1.18445484e-02
 -1.03469221e-02  2.64231469e-02  8.85405168e-02 -8.57779980e-02
  1.32589266e-01 -1.55687155e-02 -4.66751494e-02  5.47928782e-03
 -8.23835954e-02 -4.04990129e-02 -2.34981477e-02  1.87638178e-02
  3.53722870e-02 -4.19199504e-02  4.52516153e-02  2.20037494e-02
 -1.09195570e-02 -7.81662390e-03  5.54328449e-02  1.95567422e-02
  3.08307391e-02  2.06953660e-02  6.85812682e-02 -4.39546816e-02
 -7.14697763e-02  5.45486026e-02 -7.98056200e-02 -4.04509902e-02
  2.29510274e-02 -8.86026397e-02  1.12273164e-01  9.00900457e-03
  8.63384753e-02  5.73516265e-02 -1.14789214e-02 -6.02540709e-02
  1.47635136e-02 -4.67774570e-02 -9.23006162e-02  1.64535176e-02
 -3.35634593e-03 -4.94187325e-02  4.98739854e-02  1.00577073e-02
  1.39253750e-01 -2.35743746e-02 -7.93857649e-02  3.54708470e-02
 -5.55352047e-02  2.84523070e-02 -9.33468714e-02  4.68091629e-02
 -1.40505191e-02 -7.46112391e-02  1.83990337e-02  1.61610800e-03
  7.33216777e-02  7.19203101e-03  5.58650345e-02  7.32627064e-02
  1.20019071e-01 -4.74822521e-03  2.73124967e-02 -3.27829272e-02
  6.90443739e-02  3.57759111e-02  1.23122518e-04 -8.46620128e-02
  2.28196476e-02  8.90808087e-03 -7.72608146e-02 -2.54461374e-33
 -8.88674930e-02 -5.52784428e-02 -3.16486694e-03  2.65120366e-03
  3.67629752e-02  1.72115620e-02  8.13764334e-02 -7.96615630e-02
  2.37448141e-02  5.72317950e-02 -1.74669530e-02 -2.52971277e-02
  3.29864472e-02  5.85600771e-02 -2.03364342e-02 -8.23243335e-02
  1.11851245e-02  1.92534160e-02  4.29982729e-02  1.18481705e-03
 -1.33435288e-02  9.14300047e-03  5.91531023e-03  3.73283252e-02
 -2.69728918e-02 -2.69936565e-02 -1.30109340e-01 -1.51107488e-02
 -1.19460244e-02  5.61948195e-02  4.85671349e-02  3.84262688e-02
 -3.40270102e-02  3.29579088e-05 -9.50106755e-02 -1.22123538e-02
 -1.42999471e-03 -6.87536958e-04 -3.38827297e-02  9.30738002e-02
  4.16415307e-04 -3.05670854e-02 -5.67221008e-02  3.69432569e-02
  1.24478964e-02 -1.85115691e-02  3.04537080e-02 -3.05531528e-02
 -4.76783626e-02 -4.81175371e-02 -7.20750215e-03 -3.21157873e-02
 -5.61470687e-02 -3.99760008e-02  6.46223575e-02  3.87484543e-02
 -9.56431963e-03 -1.53927222e-01 -1.21074384e-02 -5.60376644e-02
 -2.80205067e-02  2.44342368e-02  3.03284195e-03 -5.82570732e-02
  1.11282542e-02 -1.55132795e-02 -1.01704791e-03  5.48311733e-02
 -5.51105104e-02 -1.00810118e-02  9.93321687e-02 -8.07980597e-02
 -1.42232133e-02  2.18188036e-02 -9.04084295e-02 -3.63135189e-02
  1.15607539e-02 -2.79831383e-02 -1.18523184e-03 -1.46343056e-02
 -6.40120879e-02 -8.96414071e-02  8.53168219e-02 -1.02710925e-01
 -1.14613008e-02  1.99322551e-02 -2.78559979e-02  1.66032966e-02
  6.03832901e-02 -6.59917518e-02 -4.47331071e-02 -6.80318102e-03
 -3.09006907e-02  3.29953097e-02 -1.68088730e-02 -1.97881835e-08
 -1.68104935e-02 -1.04762400e-02  2.88253594e-02 -1.56028140e-02
 -5.26550524e-02 -8.34001601e-02 -1.61594748e-02  3.87334339e-02
  1.58796832e-02  7.65708834e-02 -9.25922673e-03  4.52300496e-02
  1.63815413e-02 -2.38453243e-02  6.46735430e-02 -1.70939825e-02
  1.22898377e-01  4.60273735e-02 -3.13300267e-02 -3.88387218e-02
  8.83549452e-02 -4.13519936e-03 -9.51992795e-02  3.94770280e-02
 -3.41788903e-02 -5.19239791e-02  3.01750489e-02  1.09265861e-03
 -1.25808343e-02  3.24077159e-02 -4.96119000e-02 -5.62555110e-03
 -8.86346563e-04 -1.80150624e-02  1.39099103e-03 -5.35771362e-02
 -6.61760289e-03 -4.96981591e-02  6.37634867e-06 -1.54656833e-02
 -7.64055504e-03  1.89081524e-02  2.49467287e-02  4.76388596e-02
  3.00529767e-02 -9.38731618e-03 -5.63510098e-02  5.89185394e-02
  5.36031500e-02 -1.19535603e-01  4.52061817e-02  4.25077640e-02
 -1.80741046e-02 -8.61378312e-02  3.01775672e-02 -1.03146927e-02
  3.08169238e-02 -3.28182690e-02 -4.92207846e-03 -3.43444273e-02
  1.22785184e-03 -1.38878040e-02  2.20850091e-02 -1.53415010e-03]",2
Career_Youth_Exchange,7,What did you learn during the project?,"Yes, I developed creative thinking","Yes, I developed creative thinking",positive,0.6808,True,"[ 5.15116602e-02  3.12540866e-02  1.33899068e-02 -1.58840455e-02
  1.68794487e-02 -4.98792492e-02  8.17120448e-02  7.58356452e-02
  3.79300751e-02  3.73751409e-02 -3.50274192e-03  9.89114195e-02
  3.07079479e-02  2.21829079e-02  7.23560378e-02  2.06798837e-02
 -1.31124601e-01 -3.19162905e-02 -3.78359505e-03 -2.33817790e-02
 -1.24682456e-01  2.49498375e-02  1.77753100e-03 -1.98112354e-02
  2.53851600e-02  4.72453833e-02  4.11068499e-02  4.36142460e-02
  6.57154620e-02 -9.18166339e-03  3.29825617e-02  2.82359216e-02
  1.24887368e-02 -6.39603883e-02  1.23288810e-01  5.45735434e-02
 -1.59856603e-02  8.75665694e-02  5.95806576e-02 -5.33423200e-02
 -4.93895486e-02 -1.16534196e-02 -5.29143028e-03 -2.88857911e-02
  2.83080097e-02 -8.94869715e-02  1.94371622e-02  4.53104125e-03
 -9.69352797e-02 -2.90856753e-02 -9.55564082e-02 -1.12399645e-02
  5.18433098e-03 -7.42007419e-02  3.96110453e-02 -1.18802674e-02
  2.15483569e-02  5.14903776e-02  2.36293823e-02 -9.49011464e-03
 -3.45418006e-02 -1.37773494e-03 -2.83578895e-02  3.15211341e-02
 -1.12749543e-02  6.02066740e-02 -3.90884690e-02  1.38312886e-02
  1.10491570e-02 -3.91833782e-02  7.63085112e-02  5.14177978e-02
  5.93276769e-02  1.00262845e-02  7.14242458e-02  5.39617091e-02
  6.49489579e-04 -2.48106439e-02 -3.25580593e-03  1.85381304e-02
  3.04418821e-02  3.67336608e-02 -7.06882700e-02  2.85704918e-02
 -1.26855206e-02 -8.32047872e-03  1.79825593e-02  9.27340239e-02
  1.72839016e-02 -3.35429758e-02  2.20814496e-02 -6.28003925e-02
 -6.38390929e-02  3.28658298e-02  2.34651752e-02 -5.70390150e-02
 -4.41557318e-02 -7.37394840e-02 -3.59282456e-02 -8.57394282e-03
  1.72201004e-02  1.32388929e-02  1.10874232e-02 -6.11001924e-02
  6.12801947e-02 -1.57741178e-02 -4.49048821e-03  4.21199426e-02
  5.50335320e-03 -2.53842101e-02 -5.14359847e-02  9.73907579e-03
 -2.31413799e-03  3.07666771e-02  1.90413781e-02  3.06825452e-02
 -4.21596728e-02  2.01758575e-02  3.63787375e-02 -1.62946377e-02
  1.04474068e-01  6.88624606e-02 -6.62735803e-03 -5.20710601e-03
 -6.89727813e-02 -8.73532444e-02  2.00858433e-02 -3.83483322e-33
  1.76531337e-02 -4.41086888e-02  3.73087972e-02  1.11904234e-01
  8.68864805e-02 -5.75294942e-02 -7.78721552e-03  1.95708238e-02
 -3.11004519e-02 -3.45612317e-02  2.51303576e-02 -1.87650435e-02
  2.32039616e-02  6.27673715e-02 -1.16909053e-02 -1.42427348e-02
 -1.19545259e-01 -2.44880710e-02 -1.09850452e-03 -1.85503799e-04
 -3.63346078e-02  1.32694030e-02  5.41475713e-02 -5.65749258e-02
 -9.90822539e-03  8.84923935e-02 -2.94936728e-02 -5.84140271e-02
  6.25910982e-02  1.59275029e-02 -4.79341485e-02  4.18728553e-02
 -9.61741880e-02  2.70726951e-03 -8.36852714e-02  5.54283261e-02
 -8.72279285e-04 -7.68579617e-02  4.20811139e-02  7.17163756e-02
 -2.48768385e-02  2.94450019e-02  2.56936830e-02  2.52885800e-02
  2.84849666e-02  5.34510873e-02  6.27097907e-03  3.25209871e-02
 -1.24246769e-01  5.80792464e-02 -9.47418883e-02  4.80210874e-03
  2.94428188e-02 -5.81620298e-02 -9.60922334e-03 -1.87372193e-02
  1.96932647e-02  1.39038172e-02  3.95614356e-02  1.61393434e-02
 -6.22091107e-02  5.02618179e-02 -5.01103923e-02  1.68674532e-02
 -7.46333413e-03  6.71851858e-02  6.14161743e-03 -1.05644912e-02
  1.14461280e-01 -5.36509492e-02  8.62290058e-03  2.96175145e-02
 -6.53894171e-02 -5.99474236e-02 -9.13623944e-02 -7.53481239e-02
 -3.86150591e-02  2.87569165e-02 -4.55090478e-02 -5.35183214e-03
  8.21346939e-02 -1.44167896e-02 -3.17099504e-02  2.10020058e-02
  5.25173992e-02  1.40759824e-02  5.46249673e-02 -5.90041392e-02
 -4.99270521e-02 -1.92935392e-02 -1.96148567e-02 -2.39286087e-02
  6.77321851e-02 -1.01599790e-01 -1.33338541e-01  3.33304297e-33
 -9.01450068e-02 -2.00240538e-02  2.08130269e-03 -1.81378983e-02
  1.82040893e-02 -3.66830118e-02  2.98759509e-02 -5.88381477e-02
 -7.72480443e-02  4.21130694e-02  1.01433896e-01 -3.37552056e-02
 -6.51034936e-02  3.82043496e-02  2.04262733e-02 -7.11147562e-02
 -8.56194459e-03  3.52521390e-02  3.60317081e-02 -2.66925059e-02
 -5.15600517e-02  4.25026380e-03 -3.37759852e-02 -1.35176349e-03
  4.03209170e-03  6.78826198e-02  5.71593903e-02  5.25228232e-02
 -4.41450030e-02 -1.53993471e-02  4.44311537e-02 -1.19089838e-02
  7.81667139e-03 -1.07188933e-02 -1.46817639e-02  2.34255120e-02
  1.62213538e-02 -2.59905886e-02  2.01990362e-02 -3.35168876e-02
 -9.69503075e-02 -2.17569601e-02  3.91087718e-02  1.42758504e-01
 -5.90533987e-02 -2.15101950e-02  3.74984629e-02 -1.88917443e-02
  5.85195608e-02  3.15771364e-02 -3.13480943e-02  3.49366777e-02
 -7.51354843e-02 -1.73159257e-01  2.33917106e-02 -1.35924100e-04
  8.42432752e-02 -1.49518745e-02  7.47517720e-02  1.14816362e-02
 -3.24453376e-02  3.82423885e-02  5.12373671e-02 -1.19206533e-01
  4.92316522e-02 -3.62458453e-02 -4.57769521e-02  4.08639237e-02
 -6.06777146e-02 -2.72472817e-02  2.55881203e-03  7.52495825e-02
 -4.15840596e-02  9.36539203e-04  5.05565153e-03 -4.59469222e-02
 -4.85318527e-02  1.40560307e-02 -7.48481750e-02 -4.73462828e-02
 -2.97753923e-02 -4.02248427e-02  2.52046976e-02 -3.45359743e-02
 -4.95865494e-02  1.77571829e-02 -9.92256328e-02 -2.94411834e-02
  9.20799654e-03 -1.43448031e-03 -1.78287141e-02  6.28132448e-02
  2.76000481e-02  7.28657618e-02 -2.25362126e-02 -1.40126728e-08
  1.37075288e-02  4.79955263e-02  5.23327850e-02  7.30914250e-02
  1.28060067e-02  2.89303809e-02  3.63378115e-02  6.93487003e-03
 -7.60215595e-02  1.64998788e-02 -1.91933233e-02  9.87749361e-03
  2.45502684e-02  8.09566304e-02  6.84034675e-02 -7.45381415e-02
  1.84022084e-01 -3.50928307e-02 -2.18488462e-02  2.26032604e-02
  1.10135421e-01  1.05166823e-01 -6.25401288e-02  2.49929484e-02
 -6.43849671e-02 -2.66056210e-02 -2.70065907e-02 -4.17539254e-02
 -3.34053785e-02  8.49685166e-03 -2.54848483e-03  7.49619082e-02
 -2.26403084e-02  1.71867162e-02  9.40225199e-02 -1.21071056e-01
  2.48575471e-02 -1.97806936e-02 -1.89368930e-02 -3.89669351e-02
 -6.67715445e-03  2.12665480e-02  7.93204829e-02  3.66075672e-02
 -2.81253979e-02  3.31534073e-02 -3.15240957e-02 -2.67825238e-02
  1.71283446e-02  2.78278198e-02 -2.32518148e-02  8.06856528e-02
  2.95797028e-02 -2.63408348e-02  1.33201197e-01 -2.71720011e-02
 -1.59375612e-02 -2.14260705e-02 -1.12361938e-01 -1.57366588e-03
  5.58670759e-02  2.99567860e-02 -6.57694042e-02  2.86258627e-02]",0
Career_Youth_Exchange,8,What did you learn during the project?,yes I’m more brave,yes I’m more brave,positive,0.7501,True,"[ 5.79855591e-02 -1.06495917e-02  4.04046699e-02  4.12481613e-02
  6.70573711e-02 -2.42726598e-03 -9.29162838e-04  1.28065310e-02
  7.32921287e-02  1.47213927e-02 -1.66478977e-02 -3.47911939e-02
  3.39675061e-02 -4.39306768e-03  8.21777061e-02 -1.65601298e-02
  3.54935252e-03 -3.36129554e-02 -1.20895810e-01  6.35885373e-02
 -1.54411510e-01  5.79748191e-02  3.04837469e-02  3.64760980e-02
 -3.57704074e-03 -2.83031333e-02  4.43247780e-02  5.66866249e-02
  6.87434524e-02  1.94708221e-02 -1.98149458e-02 -2.63310317e-02
  3.17330658e-02 -7.09253922e-02  1.34483604e-02 -4.11189646e-02
  1.83910131e-02 -3.24619412e-02  5.64673841e-02  1.29769929e-02
 -5.58163337e-02 -6.53937012e-02  1.58074256e-02  9.04922932e-03
 -8.63458887e-02  3.92187722e-02 -1.91052016e-02 -6.77659363e-02
 -2.58364417e-02 -1.20562546e-01  4.05907854e-02  1.02685671e-02
 -3.85272242e-02 -9.29639488e-02  1.14775285e-01  9.19382647e-03
  4.93627042e-02 -1.23726772e-02  6.20671399e-02  6.89499378e-02
  3.63127515e-02 -2.62211449e-03 -2.31418870e-02  7.93127418e-02
  3.02009238e-03  8.41163844e-02 -1.28692742e-02 -5.10114431e-02
  7.39592388e-02 -8.56225286e-03  3.21785696e-02  4.70813252e-02
 -9.89315193e-03  1.33779114e-02 -1.14291115e-02 -5.15791997e-02
 -7.98449758e-03 -2.37661190e-02 -1.08590163e-02  6.48519993e-02
  1.46806594e-02 -9.73173529e-02 -5.91522120e-02  8.39265957e-02
 -7.76195377e-02 -1.05775014e-01  7.41108460e-03 -8.87091085e-03
  8.85841623e-03 -3.44627798e-02 -4.48439904e-02  2.94142254e-02
  4.91833203e-02  7.86107481e-02 -2.04420947e-02 -5.02260104e-02
  7.75048602e-03  4.72776666e-02 -1.32032797e-01  5.24488203e-02
  5.18611893e-02  2.00355314e-02  3.08544878e-02 -2.29632249e-03
  6.30109087e-02  8.35219864e-03 -9.94890463e-03 -9.38157514e-02
 -3.37794572e-02  3.30646485e-02 -4.52584848e-02 -9.99262929e-03
  4.04299647e-02  8.29158500e-02  3.69170941e-02 -4.05030958e-02
 -5.30944206e-02 -4.88682091e-02  7.95917287e-02  4.53494564e-02
  8.34542885e-02  2.72931401e-02  4.99548158e-03  4.08594906e-02
  2.49410253e-02 -7.08065554e-02  3.16522457e-02 -6.29440785e-33
  8.39587674e-02  3.85651505e-03  4.47978498e-03  4.09094058e-02
  2.67299265e-02 -1.80569617e-03  6.87767267e-02 -4.48630517e-03
 -2.94701289e-02  7.28988613e-04  3.46117355e-02 -4.29267250e-02
 -3.05173825e-02  5.84336231e-03 -6.19584620e-02  5.07064920e-04
 -3.83110568e-02 -5.29126823e-02 -9.74994451e-02 -3.81032936e-02
  1.45399617e-02 -3.02144997e-02  1.20772421e-02  1.33509766e-02
  7.12769851e-02  1.41451377e-02  2.94316541e-02 -6.12312146e-02
 -1.31537551e-02  3.03200278e-02  1.01490077e-02 -2.45250650e-02
 -3.18855494e-02 -3.86314616e-02  2.69862935e-02 -3.78948227e-02
  3.44862156e-02 -2.83575077e-02 -6.67608157e-02 -7.50621688e-03
 -8.36167261e-02 -6.61275089e-02 -1.86431576e-02 -3.38424742e-02
  3.76677676e-03  5.88505268e-02 -2.37070546e-02 -9.82540026e-02
 -1.04998574e-01 -2.84990994e-03 -6.15994185e-02 -1.08035821e-02
 -1.13967108e-02  7.60022923e-03  8.21268857e-02 -3.64059582e-02
  2.42533686e-04  1.60305556e-02 -5.62934317e-02  3.18213142e-02
 -8.06542486e-02  5.71255758e-02 -6.50653839e-02  7.73258060e-02
  1.80360544e-02  4.40767333e-02  1.39321219e-02  9.00802296e-03
  6.56151325e-02  1.45277474e-02 -2.89046392e-02 -2.51886956e-02
 -1.10450104e-01  7.61223957e-04  1.21937580e-02 -3.63054336e-03
  2.52117626e-02  2.21957751e-02  3.71756032e-02 -1.20404452e-01
  1.36783039e-02  6.94111511e-02 -6.31981269e-02  6.61987811e-02
  7.24705085e-02  7.04942830e-03  2.97929775e-02 -4.90798987e-02
  5.41159958e-02 -1.88617352e-02  4.69814092e-02 -2.09424496e-02
  2.68881097e-02 -5.54564521e-02 -1.35981336e-01  4.51902383e-33
  8.13829340e-03 -1.73950847e-02  6.56067878e-02 -1.38930576e-02
  1.68859027e-02  2.90407636e-03  7.50954151e-02  6.48446530e-02
  1.93332043e-02  8.35815594e-02  3.30532193e-02  5.90762347e-02
 -2.70365216e-02 -1.04687903e-02  1.36702135e-01 -3.57600637e-02
  5.40439971e-02  3.16358246e-02 -4.35513668e-02 -9.02807713e-02
 -6.04041331e-02  1.31967701e-02 -1.49247898e-02 -2.83554904e-02
 -3.30294669e-02 -5.55848107e-02  1.88883841e-02  6.37283251e-02
  2.21159868e-02 -6.39388636e-02  7.17459396e-02 -1.93337128e-02
 -5.48477769e-02 -5.03924601e-02 -3.70734930e-02  3.13650370e-02
  1.59033295e-02  2.91495360e-02 -9.82236210e-03 -2.91519687e-02
 -5.29120080e-02  3.71856950e-02  3.98956612e-02  4.47154902e-02
 -2.17386452e-03  3.22937071e-02  4.51747933e-03 -5.74706420e-02
  2.32273415e-02  4.82692532e-02 -6.25010207e-02 -4.32571247e-02
 -6.63845316e-02 -1.72509607e-02  8.75251740e-02  1.91228371e-02
 -1.35837356e-02 -7.73984054e-03 -6.97779050e-03 -1.87723413e-02
 -9.82228853e-03  1.08003244e-02 -4.44046520e-02  2.18194108e-02
 -1.35559952e-02 -1.02588465e-03 -9.69260186e-02  5.55174574e-02
 -4.35072146e-02  1.90955214e-02  5.65012358e-03  2.32130988e-04
 -2.89701987e-02 -2.29411703e-02  5.90651445e-02 -1.38857886e-01
  3.37078497e-02  7.14917183e-02 -6.42801374e-02 -1.66484397e-02
  2.81516090e-02 -3.06572020e-02 -5.22384653e-04 -3.62640657e-02
  3.23559009e-02  8.54423940e-02  1.70654841e-02 -2.63359081e-02
  4.62146662e-02  6.64352858e-03 -3.91291566e-02  6.11116588e-02
  1.34686688e-02  5.06961755e-02  6.90725073e-02 -2.18447198e-08
  3.73843163e-02  4.45706956e-02  3.51028107e-02 -2.23715953e-03
  2.57309303e-02  9.71892253e-02 -5.88568486e-02  1.71338469e-02
 -1.17413379e-01  3.15123200e-02  7.29272589e-02 -2.86198873e-02
 -6.68303808e-04  1.10941537e-01 -6.55191615e-02  6.51668385e-02
  7.62337372e-02 -1.52064413e-01  4.47470732e-02  3.30776833e-02
  4.32816818e-02  8.47333744e-02 -2.75970865e-02  4.15105326e-03
  9.12651978e-03  6.55845227e-03  2.79500103e-03 -2.23631542e-02
 -3.89313623e-02  6.35864958e-02  4.97825816e-03  4.07616198e-02
 -1.05196349e-01  5.57924574e-03 -3.20440046e-02 -3.60801443e-02
  7.47076422e-02 -3.16889510e-02 -1.91628169e-02  1.02140347e-03
 -5.71204610e-02 -2.86823064e-02  5.71532100e-02  1.05354980e-01
 -3.89973149e-02  3.96342278e-02  9.93947312e-02 -6.68270886e-02
  4.66656685e-02 -1.00772008e-01  6.90442929e-03 -5.86052425e-02
  3.44477780e-02  5.60516343e-02  9.48525071e-02  3.48492227e-02
 -1.72341131e-02  1.54855037e-02  1.61281135e-02 -1.95671599e-02
  9.94683653e-02 -3.75954509e-02  2.27490859e-03 -9.91928950e-02]",0
Career_Youth_Exchange,9,What did you learn during the project?,"this project was my first project and also my first experience abroad. in addition to these, I improved my language skills and learned to look at success from different perspectives with my friends","in addition to these, I improved my language skills and learned to look at success from different perspectives with my friends",positive,0.872,True,"[ 2.04224866e-02  1.74973346e-02  4.82841358e-02  2.26012617e-02
 -2.37916932e-02  2.57877354e-02  6.20665848e-02 -1.40741421e-03
 -1.77301001e-02 -7.31341988e-02  7.13174567e-02  4.65029702e-02
  2.65099723e-02 -1.16298711e-02  5.76353632e-02  1.27197253e-02
 -5.30672483e-02  8.41536373e-02 -5.93721643e-02 -1.31385371e-01
 -8.43889937e-02 -3.43096443e-03  3.93561535e-02 -2.11881939e-02
 -1.55045288e-02  5.51401377e-02 -2.73768026e-02 -1.70564428e-02
  7.20333681e-02 -2.58299075e-02 -3.02542336e-02  3.61746969e-03
 -1.31125009e-04  4.47170101e-02 -1.77806467e-02  8.60822424e-02
  2.63164639e-02 -1.14499135e-02  4.70165946e-02 -2.98601352e-02
 -6.26549497e-02 -2.05182564e-02  1.04717061e-01 -5.22366241e-02
  3.44334133e-02 -8.32628608e-02  1.65554304e-02  4.29832675e-02
 -5.48167452e-02  5.10957791e-03 -8.40266570e-02 -3.17640528e-02
 -3.90899330e-02 -2.20177788e-02  4.86696325e-03  6.75614253e-02
 -2.72995587e-02  9.37558562e-02 -5.52203553e-03 -3.72141413e-02
 -1.54109504e-02 -8.98070708e-02 -2.47138534e-02  5.00168204e-02
 -6.80560991e-02  5.55281453e-02 -3.99567820e-02  1.99813303e-02
 -4.71064597e-02  4.06635515e-02 -3.37894969e-02 -1.24457171e-02
  4.45767865e-02  3.69378328e-02  4.67612222e-02 -1.52244903e-02
  7.29060993e-02 -9.95530859e-02 -3.05473320e-02  3.28741074e-02
  9.37987119e-03  7.62167573e-02 -3.82144712e-02 -7.85105303e-03
  9.88416374e-03 -7.03720450e-02 -1.31715303e-02 -8.88301060e-02
 -2.64377310e-03  4.04420542e-03  3.60351913e-02  2.03522854e-02
 -7.52518624e-02  1.23331435e-02 -2.44208798e-02 -1.55630717e-02
 -1.48775252e-02 -1.96582358e-02  1.74105214e-03  5.98210730e-02
  3.20363156e-02  1.23032844e-02 -1.79999489e-02  7.94290472e-03
 -5.35949022e-02  5.43854246e-03 -4.24003191e-02 -2.76882027e-04
 -2.86307372e-03 -5.82509115e-03 -4.33703046e-03  1.03671979e-02
 -5.23505397e-02  3.83646488e-02  8.45830813e-02  3.45803536e-02
 -4.98039722e-02  4.97501604e-02  4.83266897e-02 -2.41469014e-02
 -2.75023635e-02  6.11741617e-02  5.34486882e-02 -5.87783717e-02
 -7.92213529e-02 -3.40186395e-02 -1.91877335e-02 -3.38473827e-33
  8.26419070e-02  4.25348729e-02 -1.53361249e-03  1.22289740e-01
 -1.81968380e-02  1.19983312e-02 -4.57932875e-02  2.37075612e-02
  7.28942966e-03 -8.23805928e-02  1.70689989e-02  6.26931638e-02
  4.00420539e-02 -3.45863844e-03 -1.21092014e-02  3.82683389e-02
 -8.45543593e-02  5.05850911e-02 -3.32019180e-02  8.21346194e-02
  5.09326532e-02 -2.57372204e-02  3.39275263e-02 -7.06363097e-02
 -1.00282710e-02 -8.38019070e-04  6.88784048e-02 -8.62228125e-02
 -4.27255929e-02 -3.21465917e-03  1.95692219e-02  4.57676239e-02
 -4.74523045e-02 -2.21086405e-02 -1.65109076e-02  5.35048321e-02
  7.35016614e-02 -1.34668961e-01  5.49831241e-02  1.50229661e-02
  1.92395109e-03  2.29991935e-02  2.70961989e-02 -4.84555773e-02
  3.11913695e-02  6.73520714e-02 -2.47694794e-02 -6.85007945e-02
 -7.61857107e-02  1.25915287e-02 -1.04694210e-01 -2.95846257e-02
 -1.59235876e-02 -2.75408700e-02  2.44307294e-02  1.80681590e-02
 -9.78974625e-03  7.09837526e-02  1.40654892e-02 -3.18589471e-02
  4.16494422e-02  1.23000294e-02 -5.48503585e-02 -1.94364358e-02
 -2.18365323e-02  3.73293459e-02  5.54242404e-03 -6.78607374e-02
  1.57779217e-01 -4.92304675e-02 -5.99109307e-02 -1.37896445e-02
  3.32522788e-03  2.59548165e-02  1.35979792e-02 -2.86121443e-02
 -8.48424733e-02 -6.87149987e-02  6.89008534e-02  3.13358195e-02
  8.57792124e-02 -1.95477027e-02 -8.28497931e-02 -2.83918772e-02
  5.96148334e-02  4.48246524e-02  3.98992077e-02 -1.42756134e-01
  7.41496980e-02  4.68924530e-02  3.47110927e-02  2.72657815e-03
  3.19347195e-02 -4.20960672e-02 -8.96618739e-02  1.46523791e-33
 -1.04369372e-02  4.71203774e-02  1.20127806e-02  2.41323262e-02
 -2.52326708e-02 -5.37012657e-03  7.21621513e-02  2.46803779e-02
  2.78986599e-02  3.84553298e-02  5.45126572e-02 -6.92766206e-03
  1.78274494e-02  1.91039778e-02 -6.39079064e-02 -3.95658351e-02
  1.31673180e-03  5.45128621e-03  4.47601406e-03 -3.18974582e-03
 -2.41566133e-02  1.12235196e-01 -3.84667479e-02  6.51089996e-02
 -1.44260516e-02  2.55283639e-02  2.63322867e-03 -8.25655684e-02
 -3.26512270e-02 -3.30486819e-02  1.17043450e-01  1.30477548e-02
 -4.68701310e-02  1.19621437e-02  1.26012061e-02  5.56936748e-02
 -3.42814066e-02 -9.41995904e-02 -5.18811382e-02 -1.01093622e-02
 -1.94466077e-02 -3.95460241e-03 -4.03359998e-03 -1.89578073e-04
 -3.10964137e-02 -7.12114573e-03 -2.44719610e-02 -6.33936226e-02
 -5.22815324e-02 -2.99322959e-02 -2.68283226e-02 -3.36774588e-02
 -3.73146199e-02 -7.28156045e-02  7.87690561e-03 -6.47148862e-02
  1.69549525e-01 -1.20561861e-01  6.49290755e-02  5.50600514e-03
 -1.08556405e-01  4.80937436e-02  2.48714350e-02  2.12244857e-02
  1.24782110e-02 -5.00037596e-02 -4.98015359e-02  7.34634995e-02
  7.21166749e-03 -4.85234708e-02  7.00705079e-03  5.46020903e-02
  1.02597428e-02 -8.36151186e-03 -6.26469925e-02 -3.60436216e-02
 -2.59675998e-02 -1.91783551e-02 -7.67856911e-02 -1.14825135e-02
 -6.50736317e-02 -1.59366466e-02  4.70200786e-03 -2.71988269e-02
  3.24854292e-02  1.11808784e-01 -5.68887480e-02  1.80467963e-02
  8.28717127e-02 -2.53260080e-02 -3.70005220e-02  6.25050217e-02
 -4.13696282e-02 -4.64543141e-02  5.51764341e-03 -2.69057825e-08
 -6.92318454e-02 -1.91135779e-02  1.91869412e-03  1.09556407e-01
 -6.24571890e-02  9.30989720e-03 -9.25539285e-02  1.27905995e-01
 -7.79489726e-02 -4.69995551e-02 -9.16059613e-02  2.83346437e-02
 -1.89805608e-02  5.07744513e-02  1.03718556e-01 -1.00882929e-02
  1.22299604e-01  4.17368300e-02  4.45876457e-02 -1.60795655e-02
  9.46952477e-02  3.28602903e-02 -1.90153637e-03  2.43725837e-04
 -6.19511977e-02  9.76241287e-03  4.68707265e-04  2.45473646e-02
 -9.26908106e-02 -3.88727933e-02  1.58802245e-03 -8.54522083e-03
 -2.02630330e-02 -2.50195302e-02  2.89553721e-02  1.24587268e-02
 -1.34207327e-02 -6.62174150e-02  6.75318167e-02  9.87964645e-02
 -9.71416570e-03  2.04735175e-02  8.81250426e-02  8.30840468e-02
 -4.09216583e-02  5.74831702e-02 -3.45492437e-02 -3.22264321e-02
 -4.56480607e-02 -5.90982921e-02  4.93706875e-02  1.71646643e-02
  4.48557921e-03  2.68905610e-02  3.21168602e-02  2.37156190e-02
 -2.23406050e-02  1.90978162e-02 -1.28482198e-02  5.23079820e-02
  7.40091801e-02  1.06021903e-01 -1.05257757e-01 -2.37524547e-02]",2
Career_Youth_Exchange,10,What did you learn during the project?,"English speaking, more open-mind, empathize more with people, feel more friendly and ambitious","English speaking, more open-mind, empathize more with people, feel more friendly and ambitious",positive,0.7818,True,"[ 5.40096685e-02 -4.07969318e-02  6.77972361e-02  4.79386635e-02
  5.00553995e-02 -4.83179837e-02  7.57161304e-02 -5.25234872e-03
  7.58043304e-03  2.46285014e-02  3.31558138e-02 -6.52826503e-02
 -5.68219610e-02 -6.42898530e-02  1.11639269e-01 -9.54048615e-03
 -1.78648308e-02 -1.66762210e-02 -7.71414414e-02 -8.64976496e-02
 -6.90124705e-02  2.06387416e-02 -1.93645805e-02  2.19863635e-02
 -5.76409735e-02  2.25822609e-02 -1.48586398e-02  1.81323867e-02
  1.38395997e-02 -3.22570316e-02  4.00146991e-02  3.15957256e-02
  4.19067033e-02  2.86462083e-02  1.36210080e-02  7.66845718e-02
 -1.77507522e-03 -5.52462935e-02  5.78964651e-02 -8.10512621e-03
 -7.54130930e-02 -7.67119676e-02  5.57118580e-02 -1.09372020e-03
  2.72746049e-02 -8.27092603e-02  4.37065922e-02  2.81724539e-02
 -4.96062562e-02  1.04563273e-02 -4.77331094e-02  1.08819758e-03
 -7.71064982e-02  1.69487596e-02  2.04463340e-02 -2.47572865e-02
 -1.03642903e-01  9.41340998e-02 -2.87110481e-04 -2.80656223e-03
 -4.10499759e-02 -3.63097079e-02 -2.30625328e-02  9.51213986e-02
  2.49267705e-02 -2.79582404e-02 -2.35354770e-02  4.62595932e-03
 -2.13839281e-02  5.69052696e-02  5.08822724e-02 -1.97429601e-02
 -2.75327824e-02  1.85107142e-02  1.22981099e-03 -4.43642698e-02
  7.91146699e-03 -8.68464336e-02  2.18528863e-02  6.31237552e-02
  3.48083377e-02  4.25422192e-02 -9.51432660e-02  3.40710580e-02
 -1.31736053e-02 -9.09886435e-02 -1.73276849e-02 -5.84997162e-02
  1.33297490e-02  5.63445203e-02 -1.13294069e-02  2.07601618e-02
 -8.15972388e-02  8.46868083e-02 -2.87003890e-02 -1.07024647e-02
  2.95694843e-02 -1.45472097e-03 -5.10227829e-02  1.06500201e-01
  2.91287992e-02  9.49526429e-02  1.89453922e-03  1.01690024e-01
 -4.85440753e-02  1.88690294e-02 -2.98769418e-02  7.84489885e-02
 -6.28757253e-02 -4.05437872e-02 -1.74910184e-02  2.03694142e-02
 -2.38754135e-02 -1.81622542e-02  1.03914827e-01 -3.62971015e-02
 -3.74880359e-02  5.07951044e-02  1.13411076e-01  3.16212587e-02
 -1.38929104e-02  7.01094121e-02  5.19069377e-03 -4.20845300e-02
 -9.23455209e-02  1.19815525e-02  2.68629119e-02  4.50291515e-33
  2.66636629e-02 -2.05772147e-02 -1.74465626e-02  7.13230819e-02
 -7.65378252e-02  4.93828394e-02 -1.05945673e-02  6.47190586e-02
  3.82015854e-03  1.35179283e-02  2.36916132e-02  9.56534687e-03
 -8.98115113e-02  8.06146208e-03  8.17667227e-03  3.13365296e-03
 -8.86804760e-02  8.32821950e-02 -5.60332797e-02  7.82393962e-02
  4.60132137e-02  2.24742591e-02  1.92767903e-02 -5.57897650e-02
 -1.12792859e-02 -5.32031953e-02  4.07527387e-02 -1.23214163e-01
 -2.18347218e-02 -2.02269405e-02  3.25492211e-02  8.66684243e-02
 -1.32533954e-02 -6.85842289e-03 -1.67863090e-02 -7.65798101e-03
  2.33855378e-03 -6.59351572e-02  8.92825574e-02 -1.07215084e-02
 -2.26954538e-02  2.05174647e-02  3.21043953e-02 -1.38013605e-02
  9.06187445e-02  4.93089221e-02  2.14132499e-02  2.12522270e-03
 -1.00906186e-01  2.42563691e-02 -5.50380498e-02 -7.96686113e-02
 -2.79685799e-02 -1.24968700e-02  2.41728146e-02 -7.60759190e-02
 -1.02216434e-02  7.35853240e-02  4.77403635e-04 -3.18499617e-02
  7.75625259e-02  2.89650721e-04 -6.65847883e-02 -6.23426884e-02
  1.02197775e-03 -2.84310766e-02  3.44123356e-02 -7.52566382e-02
  5.45530133e-02  2.23469213e-02 -4.09549884e-02  5.54002635e-03
  5.38760051e-02  5.44682704e-02 -5.50471619e-02  2.07355861e-02
 -3.62562686e-02 -1.08613938e-01  4.21346612e-02  6.80931192e-03
 -6.34734984e-03  1.09967776e-01 -5.44817522e-02  2.53498461e-02
  8.86916593e-02  2.70140939e-03 -1.15732839e-02 -1.10774208e-02
  9.62302387e-02  9.28326622e-02  1.83685906e-02 -5.43264747e-02
  1.83380991e-02 -3.24158184e-02 -4.16807942e-02 -3.64626776e-33
  2.87892669e-02 -2.09498368e-02  3.06998193e-02  2.77162250e-02
 -3.37559879e-02  2.16256734e-02  7.09118620e-02  3.40097882e-02
  4.38883789e-02  3.74807417e-02 -3.46091837e-02 -4.11852002e-02
  1.50192514e-01  8.51833075e-02  5.77866915e-04 -8.00505802e-02
  6.85812384e-02  5.19853691e-03 -3.28034051e-02  9.02995393e-02
  4.56236266e-02  1.05399340e-01 -3.76324616e-02  1.67844947e-02
 -5.69659611e-03 -6.27225712e-02 -4.50714268e-02 -2.75653079e-02
 -7.12165534e-02 -5.27347401e-02  7.16028661e-02  5.60249910e-02
 -5.83374389e-02 -4.49548140e-02 -2.96707917e-02  1.03013001e-01
 -1.68296713e-02 -7.17020333e-02 -4.57185693e-02  1.30193755e-01
 -3.41514573e-02  4.07213956e-05  2.44224276e-02 -3.16512473e-02
  4.84787486e-02  1.34804901e-02  6.24116603e-03 -2.10367031e-02
 -2.45412905e-02 -2.28939839e-02  7.42313545e-03 -2.73353904e-02
 -3.63856442e-02 -2.06701830e-02  5.51129803e-02 -5.64364567e-02
  3.97737324e-02 -1.35789454e-01 -1.59950554e-03 -5.91679290e-02
  6.43333513e-03  8.05754121e-03  1.10561829e-02  3.37350778e-02
 -4.91478182e-02  2.13808268e-02  1.22361025e-02  1.03639856e-01
 -3.26616280e-02 -2.19680239e-02  6.25790050e-03 -7.94371143e-02
  1.35336006e-02  5.03837271e-03 -2.42413171e-02 -1.05152234e-01
 -5.07462258e-03 -7.51574114e-02  3.56902629e-02 -3.71844992e-02
 -1.26645729e-01 -1.01516303e-02 -7.59796007e-03 -1.12324163e-01
 -4.96347733e-02  1.07460059e-01 -4.15905863e-02 -1.51443267e-02
  8.79441127e-02 -9.11384374e-02 -4.97085750e-02 -7.00610131e-03
 -5.78881651e-02  5.51785082e-02 -2.19437014e-02 -2.42566962e-08
 -3.96487266e-02 -1.38791263e-01 -1.30977472e-02  3.09702917e-03
  1.91397499e-02 -6.87692408e-03 -6.50763288e-02  8.48059207e-02
  3.86646390e-02 -4.53686491e-02 -3.22483480e-02  2.68325526e-02
 -1.11956177e-02  6.82898052e-03  4.27482240e-02  1.42826168e-02
  4.22161222e-02  5.88276871e-02  4.13056649e-02 -1.85181368e-02
  8.06543380e-02 -1.37582123e-02 -6.24429472e-02  1.17832692e-02
 -5.44676967e-02 -1.76766273e-02  4.05075634e-03 -1.29984440e-02
 -5.57796806e-02  4.98835295e-02 -5.38692698e-02  1.35198785e-02
  4.39134426e-03 -6.53489903e-02 -5.65284304e-02 -1.49048464e-02
 -3.86046767e-02 -3.11679207e-03 -1.20976390e-02  1.07271612e-01
  3.63502763e-02  1.85282771e-02  3.24264988e-02  3.35483477e-02
 -1.49904778e-02 -2.02600379e-02 -3.72733618e-03  1.61233377e-02
  6.48826407e-03  2.26430502e-03  7.50470310e-02 -4.70388588e-03
  6.93331361e-02 -2.08472740e-02  3.53300828e-03  2.07943246e-02
 -3.98450978e-02  6.76881373e-02 -1.15017397e-02  6.07068166e-02
  6.36728331e-02  1.87472701e-02 -6.53944835e-02 -2.24068984e-02]",2
Career_Youth_Exchange,12,What did you learn during the project?,Yes I improved in social interaction.,Yes I improved in social interaction.,positive,0.7003,True,"[ 1.63205341e-02 -7.47676182e-04  6.53857216e-02  1.33204479e-02
  1.31513681e-02 -7.33516216e-02  4.98702005e-02  3.02186497e-02
 -5.47254384e-02 -5.30048423e-02  5.01361676e-02  1.25290200e-01
  1.79117285e-02  1.38546163e-02  1.16364107e-01  3.28845568e-02
  6.48381338e-02  8.39954335e-03 -7.32963234e-02 -5.35090864e-02
 -1.33825913e-01  1.00035751e-02  3.07024121e-02 -2.10852250e-02
 -1.10137807e-02 -2.16754042e-02 -6.81917593e-02  1.58839393e-02
  9.21622589e-02 -1.29545701e-03 -6.28624335e-02  3.46250199e-02
  9.53201503e-02 -8.67938157e-03 -5.53295650e-02  8.00062865e-02
  5.50852194e-02  5.04793823e-02  3.46557125e-02 -1.83709338e-02
 -6.53189793e-02 -5.99831762e-03  7.66957551e-02 -6.40179664e-02
  4.77776770e-03 -4.39358130e-02  2.54894048e-02 -2.31079012e-02
 -9.64322835e-02 -6.47722855e-02 -6.76554963e-02  9.70586948e-03
  5.88557646e-02  6.94273086e-03  2.31492706e-02  6.06629290e-02
 -6.34000544e-03  7.07763582e-02  3.19061466e-02 -2.59491652e-02
  1.44762918e-02 -3.68297137e-02  2.25961562e-02  7.06268474e-02
  2.84157004e-02  3.63940187e-02 -4.85150330e-02 -4.62687612e-02
 -2.85077281e-03  1.87430996e-02  1.42498687e-02  9.95224528e-03
  6.02103909e-03  3.33553366e-03  1.91306546e-02 -1.12438463e-02
 -2.52192859e-02 -6.83613718e-02  1.38178030e-02  4.12153937e-02
  7.24928081e-02 -6.12734370e-02 -4.07111049e-02  3.27847525e-03
 -3.89014184e-02 -1.00906372e-01  3.69981490e-03 -8.87844563e-02
 -8.95716026e-02  5.75288385e-02  5.37372492e-02  8.44934955e-02
 -7.59543255e-02 -4.98441327e-03 -3.90506797e-02 -7.09780529e-02
 -1.07801035e-02 -1.80482678e-02 -1.41472137e-02  1.00499883e-01
 -5.81908086e-03  2.54983325e-02 -7.63966888e-02 -3.79390344e-02
 -5.47210826e-03  4.79794033e-02 -3.19958590e-02  3.89274471e-02
 -3.69303711e-02  4.01722118e-02 -7.05038607e-02  3.99988517e-02
 -8.20957199e-02 -4.35232604e-03  1.96401644e-02 -2.66398257e-03
  3.87049280e-02  5.64612895e-02  8.71773064e-02 -3.71490000e-03
  1.18351154e-01  1.37633840e-02  1.75685510e-02  4.04695086e-02
 -8.20046961e-02 -3.49240676e-02  3.14663425e-02 -4.01897919e-33
  5.33967977e-03 -2.70383283e-02  4.46510874e-02  5.82847856e-02
 -1.09728356e-03  3.39896418e-02 -5.45845181e-02 -2.08784454e-02
 -1.30103286e-02 -1.14730544e-01  1.25400247e-02  3.56891677e-02
  5.56433983e-02 -1.49509311e-03  3.90824005e-02  2.06399132e-02
 -6.74067885e-02  3.31390724e-02 -1.51817827e-02  2.31317151e-02
  4.44457829e-02 -5.68244793e-02 -3.51152495e-02 -5.93205430e-02
  4.27463762e-02  5.77037856e-02  1.17629334e-01 -6.09720647e-02
  7.85535797e-02 -7.40903476e-03  1.50093902e-03  7.50163272e-02
 -7.32712224e-02 -2.96004340e-02  4.45463508e-02  3.63210589e-02
  4.95881923e-02 -1.04522727e-01  2.46340837e-02 -5.53903868e-03
  6.36616489e-03  3.93126868e-02  6.52602017e-02 -3.20082009e-02
 -1.35674747e-02  9.12706181e-02  1.35475183e-02 -8.93858820e-03
 -6.76168650e-02  2.59536207e-02 -9.35907289e-02  2.15173047e-02
 -4.05203141e-02  2.38196123e-02 -2.65198871e-02 -1.63002312e-02
  5.77896601e-03  6.90084472e-02  2.02187356e-02  1.95529796e-02
 -1.86606310e-02 -1.00893294e-02 -1.33947963e-02 -4.31325696e-02
  2.74061542e-02  1.62365437e-02  1.66378878e-02 -3.60089093e-02
  9.27286297e-02 -6.71457946e-02 -2.30809879e-02  4.41546738e-02
 -3.20895649e-02 -2.16790643e-02  5.21486774e-02 -5.52199893e-02
 -9.34050530e-02 -3.80355902e-02  1.30479001e-02 -6.32569119e-02
  6.40779063e-02 -2.79882662e-02 -2.52435245e-02 -5.29936329e-02
  6.44201785e-02 -4.36562533e-03  3.57179642e-02 -5.47692664e-02
  5.23714609e-02  9.24701709e-03  1.98173467e-02  6.88912906e-03
  2.21427027e-02  4.66872826e-02 -1.00719027e-01  2.87731391e-33
 -1.28549850e-02  7.89011549e-03  5.75200208e-02  3.59101407e-02
 -9.83774755e-03 -1.50679918e-02  2.47590896e-02  6.82882557e-04
  6.39761938e-03  3.34859900e-02  1.09705567e-01  4.22550552e-02
  7.93455262e-03  9.64495819e-03  3.45709734e-02 -6.78348029e-03
 -5.27658314e-03 -7.35536888e-02 -1.20067289e-02 -8.11171234e-02
  1.79793558e-03  7.59644881e-02  6.04457930e-02  1.49886692e-02
  1.99697624e-05 -7.87823461e-03  4.02640775e-02  3.99892256e-02
 -1.17890173e-04 -5.87963453e-03  7.65282959e-02 -1.35900257e-02
 -5.14251031e-02  4.62060980e-02  1.64212566e-02  3.80208530e-02
 -8.61776900e-03 -1.15761116e-01  5.91013487e-03 -8.98037106e-02
 -5.55587932e-04  8.90787505e-03 -5.54308407e-02  9.11274180e-02
  2.08256748e-02 -3.35021764e-02 -3.44409458e-02 -4.11645062e-02
 -4.07433845e-02  1.06183579e-02 -3.21594290e-02 -2.55598966e-02
 -4.75886129e-02 -1.04343288e-01 -7.37173483e-03 -1.41523797e-02
  1.13998629e-01 -6.51665553e-02  2.17745937e-02 -3.27356197e-02
 -9.72386971e-02  8.12273622e-02 -3.58995013e-02 -1.58361830e-02
  1.03534415e-01 -5.62576614e-02 -5.69731034e-02  5.17828725e-02
  4.33106273e-02 -3.81594114e-02  2.19302475e-02  1.46090891e-02
 -2.26877183e-02 -1.42509118e-02  1.01061016e-02 -5.33255376e-02
  3.76334339e-02  1.49375293e-02 -8.63001123e-02 -2.60990392e-02
 -9.07532424e-02  5.44680879e-02  4.74082753e-02 -1.18212819e-01
  7.48332823e-03  7.41250217e-02 -3.77636515e-02 -8.03402159e-03
 -1.99694093e-02 -4.21376957e-04 -1.64785441e-02  8.51271581e-03
  1.39738154e-02 -3.30344290e-02 -5.22788428e-03 -1.53764113e-08
 -3.81980427e-02  3.82291265e-02  4.80907373e-02  1.17122084e-01
 -1.49296708e-02  2.04875506e-02 -6.50204420e-02  1.18863449e-01
 -8.85062963e-02  2.56676576e-03 -8.90531316e-02  1.75258145e-02
  6.15012497e-02  3.39962952e-02  1.26069874e-01 -2.15561725e-02
  1.10981375e-01 -4.63045798e-02 -3.92304324e-02  1.80089788e-03
  9.41626728e-02  5.87307215e-02 -7.59567246e-02  4.95424531e-02
 -4.36602533e-02  1.51170613e-02 -1.21027455e-02 -5.16204014e-02
 -1.04768209e-01 -6.77167997e-02  2.26961374e-02  2.64558103e-02
 -3.55519820e-03 -1.60670758e-03  6.32494539e-02  5.72054042e-03
 -1.74736716e-02 -1.05657764e-01  3.81989069e-02 -7.18419952e-03
 -2.94468869e-02 -2.33874992e-02  5.56406826e-02  1.72241759e-02
 -1.50811104e-02  1.01138741e-01  9.32279800e-04 -1.00027718e-01
 -3.45090777e-02 -5.87083660e-02 -8.41888972e-03  5.21464087e-02
 -2.87754275e-02  1.35588401e-03  6.87102303e-02  1.05365235e-02
  1.33799063e-02  8.86130054e-03  2.69625634e-02 -6.62975619e-03
  7.33596906e-02 -1.23064481e-02 -1.30280003e-01 -2.67117228e-02]",2
Career_Youth_Exchange,13,What did you learn during the project?,"Yes, I have. Especially our human relations and social ties have become much stronger.","Yes, I have.",positive,0.4019,True,"[-2.06146725e-02  3.66485491e-03 -1.69252716e-02  1.02307228e-02
  8.49693920e-03 -1.38718989e-02  3.76507565e-02  1.27474368e-02
 -1.12046428e-01 -7.56035000e-02  3.97294536e-02  5.52278385e-02
  1.56651286e-03 -2.53090775e-03  5.77703379e-02  5.69646992e-02
 -3.23697627e-02 -5.55257611e-02  1.87352542e-02  1.45091675e-02
 -1.02960408e-01 -1.17683940e-01  8.32101032e-02  4.77067679e-02
  4.96837609e-02 -1.05020180e-01 -6.22259527e-02  5.64538762e-02
 -9.88008156e-02 -2.10905951e-02  1.77060105e-02  1.15685528e-02
 -3.43876444e-02  1.29782706e-02  7.00306073e-02  7.03563318e-02
 -4.31926884e-02 -2.10876539e-02  5.72335906e-03 -4.11541201e-02
  5.28718568e-02  2.90029198e-02  9.95232631e-03 -4.04948136e-03
  7.58251771e-02 -5.87648489e-02  1.58487223e-02  1.49438716e-02
  6.14566617e-02 -7.70921186e-02 -3.11028846e-02 -8.51691142e-02
  7.84949288e-02  5.75419702e-02  4.41160873e-02  3.50766107e-02
  3.35849114e-02  4.02426496e-02  5.02747856e-02 -3.14676482e-03
  1.03015438e-01  1.08671496e-02 -6.32688850e-02  1.26834795e-01
 -3.45656946e-02  5.97189069e-02 -7.28789493e-02 -3.75332572e-02
 -2.54811198e-02  5.93737811e-02 -2.60626879e-02  1.71651822e-02
  8.20167661e-02 -1.89221054e-02 -2.37133019e-02  1.30255222e-02
  4.04383205e-02 -1.61631815e-02 -2.74505261e-02 -2.81146565e-03
 -4.93151508e-02 -3.56243216e-02  1.35155162e-02  3.24122980e-02
  4.53201756e-02 -5.31507516e-03  4.84391302e-02  5.16070239e-02
 -6.76993579e-02  2.26351190e-02  3.54665741e-02  3.74098197e-02
  4.13810983e-02 -1.67031009e-02  1.95854325e-02 -7.17115402e-02
 -1.14063332e-02 -2.08567362e-02 -2.63895746e-02  4.48264331e-02
  3.61469463e-02 -1.79204922e-02  2.95814630e-02 -1.18073681e-02
  5.20034842e-02 -2.44158451e-02 -1.09046556e-01  3.71026583e-02
 -9.01575461e-02 -6.43199682e-02 -2.76667587e-02  9.93975624e-03
 -1.41316233e-02 -2.00582556e-02 -4.26542666e-03  1.08936634e-02
  4.63105515e-02  1.75640953e-03  4.25589979e-02 -4.26393226e-02
  4.71798591e-02  6.88215485e-04 -2.22981162e-02  3.28175239e-02
  6.64890334e-02 -1.59189910e-01 -6.36587385e-04 -8.06394855e-33
  3.85721475e-02 -7.81764090e-02 -2.08027125e-03  7.38605037e-02
  4.20514867e-02 -5.66086024e-02 -4.97056730e-02  1.30109182e-02
 -1.72939729e-02 -6.77499473e-02  5.66695631e-02  3.54198292e-02
 -7.45170470e-03 -4.16661724e-02  5.71023533e-03  4.69026379e-02
  2.22139098e-02  5.89932464e-02  2.66700033e-02  9.63193015e-05
  4.06874716e-02  7.05348421e-03 -3.08563784e-02  8.45958013e-03
  4.64199223e-02  1.34560093e-01 -6.72235899e-03 -1.71177555e-02
  1.62465572e-01  5.66879660e-02 -2.91873459e-02  1.31676532e-02
  2.95653899e-05 -2.44416110e-02 -2.13451637e-03  8.14385805e-03
  1.70932785e-02  2.46260986e-02  4.90100123e-04 -1.49006461e-04
 -1.28020093e-01  4.43866756e-03 -5.78512102e-02 -3.67612541e-02
 -7.96144083e-02 -6.24655671e-02  6.97992295e-02  9.67354048e-03
 -5.58577217e-02  1.88045185e-02 -5.33139566e-03  4.89807315e-02
 -1.00254066e-01 -8.15384388e-02 -2.95846723e-02 -2.55548954e-02
  4.23764028e-02 -5.40578272e-03  6.40646890e-02 -3.24939601e-02
 -6.03514276e-02  4.63631451e-02  1.87898446e-02 -1.98323578e-02
 -2.85256132e-02 -7.15703443e-02 -9.23516601e-02  3.11173052e-02
  3.25632170e-02 -2.19487548e-02  8.35718215e-03  1.53963370e-02
 -3.49178612e-02 -4.28179838e-03  3.48623507e-02 -2.83196289e-02
  1.56552363e-02  4.10859957e-02 -4.14381437e-02 -6.71317801e-02
  3.44474912e-02 -3.05170901e-02 -1.29701495e-02  5.09318411e-02
  2.99879778e-02  1.01454733e-02  6.70992509e-02 -6.43990934e-02
 -4.20085900e-02 -2.92787421e-02 -1.71769448e-02 -1.92459561e-02
  6.43564463e-02 -5.51460162e-02 -8.19616020e-02  5.59773385e-33
 -9.02295932e-02  1.21261328e-02 -1.18411714e-02 -3.12436298e-02
  3.25039513e-02 -7.35164853e-04  2.70514917e-02  8.01712722e-02
 -5.25397398e-02 -1.32782301e-02  9.61035937e-02 -2.06346512e-02
 -2.93853432e-02  9.15845681e-04  1.22196764e-01 -3.47291905e-04
 -2.50803642e-02 -6.56406069e-03  1.07300200e-01 -1.11993663e-01
 -9.83014479e-02 -8.14293139e-03  8.66505411e-03 -9.09608696e-03
 -3.27118151e-02  5.17813582e-03  1.37156934e-01  1.83125343e-02
 -6.16256185e-02 -5.16119078e-02  9.23731849e-02  3.33558279e-03
 -6.70939833e-02  2.66195256e-02 -4.34463955e-02  1.46212056e-02
  5.45182005e-02 -4.52493754e-04 -1.53298872e-02 -8.90812501e-02
 -8.75137001e-03 -5.43015078e-02 -4.38256748e-02  8.36303160e-02
 -4.84660007e-02  2.40383130e-02  6.14981502e-02 -8.61613974e-02
  6.60591945e-02  2.91084070e-02  2.63906382e-02  4.74224910e-02
 -3.55850235e-02 -8.30883682e-02  1.26305176e-02 -3.29955667e-02
 -1.32660586e-02 -4.42301780e-02  4.96252254e-02 -3.01177669e-02
  3.09429299e-02  1.02771353e-02  4.53019850e-02 -2.75564697e-02
  1.17858499e-01 -3.66430581e-02  6.71689305e-03  1.58849712e-02
 -5.17434329e-02 -9.07455198e-03 -8.17571431e-02 -1.37979329e-01
  4.82903048e-03 -1.01129255e-04  6.03335090e-02 -2.12923773e-02
  2.50718202e-02 -1.44776441e-02 -1.22619979e-01  2.47183051e-02
 -3.88371153e-03 -1.31151201e-02  1.10292956e-01  4.53876070e-04
  1.18657254e-01 -3.19315819e-03 -4.73000146e-02  1.05698565e-02
 -9.87045001e-04  5.76698631e-02 -3.72040831e-03  2.31295191e-02
 -2.09054668e-02 -8.80167540e-03  3.55570950e-02 -1.94005949e-08
 -9.38236248e-03  7.21926168e-02  1.19092828e-02  5.98542951e-02
  3.12832594e-02 -1.97901316e-02  3.22312303e-02  2.47193426e-02
 -7.05220848e-02 -7.65885413e-02  1.14757230e-03  1.50495926e-02
 -3.14677879e-02  1.75538268e-02  2.88652796e-02  1.16833942e-02
  7.86885098e-02  3.24908420e-02 -6.22660592e-02  2.56562606e-02
 -1.65361650e-02  1.08994626e-01  4.17419598e-02 -3.64567302e-02
  2.93790773e-02  1.98888704e-02 -3.40213627e-02 -5.27179688e-02
  5.00973724e-02 -7.73957819e-02 -4.38596904e-02  1.29702747e-01
  2.51993518e-02 -3.43193151e-02  8.83158669e-02 -2.41239392e-03
  1.38839902e-02  3.93031202e-02  4.10861820e-02 -1.80210527e-02
  8.41869488e-02  1.95977241e-02  2.86446661e-02  3.73223424e-02
  7.50460252e-02  9.11004841e-02 -4.46851291e-02  1.14251459e-02
  4.28665914e-02  3.75155285e-02 -6.27011852e-03  1.05056679e-02
 -1.97451767e-02  1.99632328e-02  7.20090233e-03 -5.90251498e-02
  4.41976190e-02 -3.08774840e-02  1.01469625e-02 -5.21239825e-02
  4.06842157e-02 -1.06837317e-01 -8.54154602e-02 -2.98197963e-03]",0
Career_Youth_Exchange,13,What did you learn during the project?,"Yes, I have. Especially our human relations and social ties have become much stronger.",Especially our human relations and social ties have become much stronger.,positive,0.3818,True,"[ 3.02535947e-02 -2.88119372e-02  1.43644968e-02 -5.23454975e-03
  3.96021530e-02 -1.30502984e-03 -1.01271071e-01 -6.12551644e-02
  2.00809538e-02 -7.82076642e-03  5.90813830e-02  9.61641818e-02
 -2.58997176e-02  3.12638879e-02  1.11203246e-01  1.21361930e-02
 -2.81766038e-02 -3.92811894e-02 -8.76718611e-02 -2.53775567e-02
 -9.43641067e-02 -3.69332209e-02  1.70579534e-02 -9.96287912e-03
 -1.44306254e-02 -6.88757896e-02  7.60230841e-03 -7.58802891e-02
  2.23919842e-02 -1.19865527e-02  7.31138289e-02 -9.82159749e-03
  4.99789901e-02  2.08744723e-02 -4.72153090e-02  5.37147559e-02
  6.82370663e-02  2.78023668e-02  5.59058338e-02 -6.30114004e-02
 -3.52190658e-02 -1.30405910e-02  6.43232241e-02 -5.46568260e-02
 -5.48785292e-02  6.06241897e-02  1.60152633e-02 -1.29442634e-02
 -8.69697854e-02 -1.77480001e-03 -8.45582038e-02  8.98746923e-02
  4.83307987e-02 -2.17897948e-02  9.10869241e-02  4.07226793e-02
  7.06156157e-03  4.42842729e-02 -2.22010631e-02  5.37411645e-02
 -6.07179943e-04  1.51410149e-02 -2.22579632e-02  1.54780028e-02
  5.84065802e-02 -5.95054701e-02 -2.20745448e-02  1.12263389e-01
 -6.66727945e-02  6.59031495e-02 -9.47250985e-03  2.14323830e-02
 -1.12970052e-02  2.07834896e-02  1.48319267e-02 -6.39052480e-04
 -1.91316642e-02 -4.63576019e-02  1.76943261e-02  1.98383462e-02
  4.60694395e-02  4.26972434e-02 -2.49579642e-02  3.50247845e-02
  1.54184932e-02 -4.36253622e-02 -1.28137115e-02 -1.13537893e-01
 -1.04803436e-01  5.81376702e-02 -3.50917131e-02  1.67207364e-02
  1.83125306e-02  1.79566033e-02  2.56866999e-02  1.96282435e-02
 -4.79464494e-02  2.29284205e-02 -6.16355576e-02  5.33167608e-02
 -4.88633774e-02  7.44140744e-02 -2.22389661e-02  1.29923094e-02
  4.11747843e-02  4.08119671e-02 -2.94560865e-02 -1.52411535e-02
 -4.31451388e-02  4.26962338e-02 -4.48373631e-02  2.17980947e-02
 -7.09170178e-02  4.29984629e-02 -2.20731702e-02 -9.46710184e-02
  4.56715338e-02  3.34413499e-02  2.58339383e-02  1.05545670e-02
  8.28108937e-03  3.49317817e-03 -1.02494501e-01 -1.06656421e-02
  2.53648274e-02 -6.07928596e-02 -8.07015523e-02  1.29750513e-35
 -2.47167796e-02  4.26083058e-02  4.48167622e-02  3.87658067e-02
 -4.92759608e-02  4.35843356e-02 -7.47104958e-02  1.17452384e-03
 -2.05694884e-02 -1.68737434e-02 -5.93039468e-02  7.20948726e-02
  3.28942128e-02 -1.02358488e-02  4.39607800e-04 -1.20620355e-02
 -7.26605654e-02  5.55538200e-02  2.50776298e-02  1.95091181e-02
  2.57566310e-02 -3.31564508e-02 -5.66824898e-03 -3.85571388e-03
  3.48379128e-02 -4.16222960e-02  4.78701815e-02  3.93007696e-02
 -3.17118280e-02 -2.62462385e-02  1.83973927e-02  1.60630848e-02
 -1.32538239e-02 -2.43068505e-02  1.07545184e-03  2.84965690e-02
  1.42618443e-03 -4.77814376e-02  5.27384840e-02 -7.81055400e-03
 -3.68916281e-02  2.26300471e-02 -1.41300485e-02 -2.26488039e-02
  1.07476607e-01  9.32945758e-02  4.46798615e-02 -9.14943777e-03
 -8.98478627e-02  2.18509007e-02 -4.55619022e-02  5.67414565e-03
 -2.62336452e-02 -3.38453315e-02 -6.27568588e-02 -2.05435976e-02
  1.66505631e-02  3.78957205e-02 -2.33815275e-02 -4.40899953e-02
 -4.47051786e-02 -3.08974590e-02  2.95061730e-02 -3.49723957e-02
  1.03431627e-01  7.08409920e-02  2.11861115e-02 -2.19817320e-03
 -8.91901851e-02  3.68251018e-02 -4.50994680e-03  6.14324026e-02
 -9.69031230e-02 -1.75291114e-02 -5.12895547e-02  5.45829386e-02
  2.67761089e-02 -4.23460826e-02  1.30067885e-01 -2.43592951e-02
 -1.06398888e-01 -3.82196903e-02  1.14274599e-01 -5.99545762e-02
  5.12171686e-02  4.51485291e-02  8.59235302e-02 -5.15579656e-02
  9.53366235e-02  6.33606985e-02  1.20387990e-02 -8.27736035e-02
  5.36036454e-02  5.45660220e-02 -3.17367204e-02 -5.48783303e-34
 -7.33815506e-02 -6.26441166e-02 -1.70104642e-04  4.36077304e-02
  1.00504002e-02 -6.73809508e-03  4.04345579e-02  6.80406205e-03
 -7.47083724e-02  2.99345758e-02  4.32637706e-02 -2.71909442e-02
  7.87128285e-02  8.77438411e-02  4.64006998e-02 -6.28202260e-02
  1.00246951e-01  4.65653092e-02  2.97730286e-02 -2.40715295e-02
  4.68970276e-02  1.14719719e-01 -1.76638067e-02  1.00296363e-01
  4.76261824e-02 -1.38057498e-02 -7.32015520e-02 -6.69420213e-02
  1.24274485e-03 -1.83439086e-04 -2.52058767e-02  4.08010855e-02
 -1.29773632e-01  3.44028287e-02 -2.90943831e-02  7.16053396e-02
 -3.59730683e-02 -7.33891577e-02  5.04257157e-02 -3.57036199e-03
 -2.32790243e-02  2.86593735e-02 -2.48942953e-02 -3.93996239e-02
 -6.39331061e-03  6.74109161e-02 -1.17995702e-02  2.46873461e-02
 -9.97003913e-02 -9.89820808e-03  4.24185283e-02  6.30693557e-03
 -6.01263754e-02 -8.52907002e-02 -1.06471861e-02  4.23330627e-02
  1.70644987e-02 -7.13074580e-02 -1.11332992e-02  2.79756039e-02
 -4.67713811e-02  6.00256212e-02 -3.96305732e-02  5.43169826e-02
  2.55628265e-02 -4.06897366e-02  6.91134855e-03  9.84362606e-03
  1.57067906e-02  5.51481470e-02  5.30620813e-02 -2.83704810e-02
 -9.53847542e-02  4.36290577e-02 -5.53807579e-02  4.27893400e-02
  2.11593397e-02 -3.45906727e-02 -2.62853666e-03  4.70792279e-02
 -3.51992548e-02 -1.97070763e-02  4.86809760e-02 -1.18808322e-01
 -2.34258119e-02  9.56841111e-02 -2.33721640e-02  2.06253082e-02
  4.92053665e-02 -1.12327049e-02 -1.56034127e-01 -1.19756058e-01
 -7.40126744e-02 -8.17158148e-02 -1.00918993e-01 -1.77766228e-08
 -2.12347880e-02 -1.92827526e-02  3.46098468e-03  1.36418846e-02
  4.97688279e-02  5.36526889e-02  3.01394202e-02  8.95436630e-02
 -2.18842160e-02  8.59667510e-02 -5.54065779e-02  3.41602825e-02
 -1.26021542e-02  7.74384737e-02  8.46579447e-02  7.58615183e-03
  3.78503315e-02 -6.96885362e-02 -1.50611997e-02 -1.81841722e-03
 -4.00510542e-02  2.43820362e-02 -2.04010531e-02  4.13202308e-02
 -5.13510080e-03 -3.49495411e-02 -9.45755988e-02  7.17351213e-03
 -6.83041569e-03  5.47001585e-02 -1.81803089e-02 -8.84811804e-02
 -4.26941970e-03 -5.83651988e-03  6.02832325e-02  7.21070915e-02
 -1.17947526e-01  1.31732803e-02  5.70356399e-02  3.35011967e-02
  2.06820648e-02  4.92357463e-02  4.19535376e-02  8.71582106e-02
 -9.47505236e-03 -1.46277407e-02 -1.06529323e-02  8.14277977e-02
 -5.99991940e-02 -8.64408240e-02 -9.87715274e-03 -8.02942552e-03
 -2.58111283e-02 -8.60365108e-02  3.11128478e-02 -2.79753972e-02
  1.21909669e-02  8.04113224e-02  4.47894149e-02 -1.67890394e-03
  3.44568901e-02 -5.53857088e-02  1.73152052e-02  3.26241851e-02]",2
Career_Youth_Exchange,18,What did you learn during the project?,"yes, i understood there are many career opportunities","yes, i understood there are many career opportunities",positive,0.6486,True,"[ 4.23220880e-02 -6.02555536e-02  6.26936331e-02  7.33354967e-03
 -3.71583141e-02 -1.38269858e-02  6.03764392e-02  2.94147115e-02
  3.53193004e-03  4.58267378e-03 -6.19916469e-02  3.19525637e-02
 -5.53784287e-03  7.99875334e-02  6.35940507e-02 -1.44518269e-02
 -8.44664574e-02 -8.79632030e-03 -3.17943059e-02 -3.26579623e-02
 -9.41507518e-02  2.27848291e-02 -9.05657653e-03 -7.30474368e-02
 -3.62047851e-02 -1.70564838e-03  1.71241618e-03  4.20151278e-03
  2.40400527e-02 -7.15271896e-03 -1.19634829e-02  1.37391090e-01
  7.10902587e-02  6.63710758e-02  1.10837169e-01  6.73000291e-02
 -4.07540239e-02  7.77839795e-02  5.44988811e-02 -1.47240481e-03
  4.62987833e-02  2.48844386e-03  8.31012055e-03 -7.66829848e-02
 -1.03720650e-02 -1.02502361e-01 -4.15240489e-02 -1.10733017e-01
  2.81854793e-02 -8.57521966e-02  1.92086156e-02 -3.46083716e-02
  3.25774378e-03 -2.01071408e-02  6.15966544e-02  1.11881737e-02
 -5.06310016e-02  1.03620626e-02 -1.71830337e-02 -4.14308272e-02
  2.19123699e-02  3.11398134e-03 -2.90525053e-02  9.48164519e-03
  1.08941377e-03  1.91774648e-02 -1.02029331e-01  5.75694181e-02
 -2.45212968e-02 -7.90381245e-03 -5.05418330e-03 -1.05628222e-02
 -5.33896275e-02  3.43797728e-03  1.18824601e-01 -5.27119404e-03
  8.85034427e-02  8.96894485e-02  4.62051854e-02  2.53210962e-02
  8.41456503e-02 -1.68368015e-02 -3.38759944e-02 -2.88762096e-02
 -3.94498408e-02 -3.75639945e-02 -9.71415117e-02 -3.79112661e-02
  1.57036576e-02 -8.59947503e-03  9.79985669e-03 -7.49111846e-02
  1.62177105e-02  4.44012247e-02  3.71413268e-02 -6.68022409e-02
 -3.28372727e-04  3.16930525e-02  3.77988964e-02 -8.37848429e-03
 -2.48243865e-02 -5.40993623e-02  1.75539516e-02 -1.54009054e-03
 -8.49068314e-02 -2.76911464e-02 -2.55473685e-02  5.48222288e-02
  1.77258812e-02 -3.89145538e-02 -7.72929341e-02  7.04771429e-02
 -1.00372285e-02  2.69466657e-02 -3.97606706e-03  6.16190247e-02
 -1.15907080e-01  4.29433435e-02  5.71967214e-02  8.43675956e-02
 -5.04930019e-02  1.31930754e-01 -1.26411179e-02  4.18127030e-02
 -2.58546118e-02 -1.21274143e-01  5.89359039e-03 -5.51742922e-33
  2.16620956e-02 -7.79190625e-04  2.62928219e-03  5.05293310e-02
  2.72263493e-02  4.81678508e-02 -4.27899212e-02  2.36715712e-02
  2.58360934e-02 -8.74996185e-02 -1.12482188e-02  1.03328317e-01
 -5.02611918e-04 -7.42754620e-03  4.74504754e-02  4.66917902e-02
 -5.60418293e-02  7.46166557e-02  1.02847852e-02 -1.78099722e-02
 -1.09698949e-02 -1.09775076e-02 -2.06820704e-02 -1.45819364e-02
 -2.26650536e-02  3.55116576e-02  9.06976461e-02 -2.71117110e-02
  1.18333049e-01  2.49489527e-02 -1.76464748e-02  9.22955945e-02
 -9.31508169e-02 -6.27082437e-02  2.10201126e-02  2.82432605e-02
  1.64690334e-03 -7.24520981e-02  2.13095509e-02  4.29568486e-03
 -9.94069055e-02  2.18489133e-02 -6.29593208e-02  2.83547281e-03
 -1.64182633e-02  4.78199832e-02  2.11956054e-02 -1.68525726e-02
 -1.53895058e-02  5.76478578e-02 -9.04631466e-02 -1.35812955e-02
  6.27839193e-02 -2.70983130e-02  6.96716532e-02  3.83688286e-02
 -1.42119117e-02  8.56557414e-02  2.22756853e-03  5.85619137e-02
 -5.87202273e-02  1.80002786e-02 -2.70793568e-02 -2.50090882e-02
  1.21730464e-02  4.52294759e-02  2.72236187e-02  5.69452457e-02
  6.33411258e-02  4.36985828e-02 -7.44737387e-02  1.48509182e-02
  3.77285876e-03 -9.62762628e-03 -6.04753196e-02  3.40147726e-02
 -3.92219909e-02  2.91026141e-02  3.17949541e-02  4.22573835e-02
  7.37892836e-02  3.95569690e-02  7.29558896e-03  2.13479586e-02
  1.52591124e-01 -1.55626433e-02  9.08100829e-02 -6.98980168e-02
  4.77776602e-02  5.97826131e-02 -9.76419151e-02 -3.36232074e-02
  5.43191889e-03  2.71802489e-02 -6.32983521e-02  1.61423403e-33
 -7.52268657e-02 -2.80783474e-02 -4.65108939e-02 -3.88480537e-02
  9.30009782e-02  5.61175495e-02  4.23223600e-02 -3.98455895e-02
 -3.61659154e-02  9.28212479e-02 -1.66468825e-02  1.27435625e-02
 -7.31037036e-02  1.65734440e-02 -7.11177737e-02 -9.65100974e-02
 -2.15464588e-02 -1.48095200e-02 -1.71952993e-02 -1.42477397e-02
 -2.39335671e-02  5.45518771e-02 -3.75559628e-02  1.44105591e-02
 -2.63000466e-03  2.44678762e-02 -8.57350677e-02  5.89022338e-02
 -1.18264735e-01  2.41441112e-02 -5.16942656e-03  1.86417799e-03
 -5.98354414e-02  6.54000882e-03 -2.09968500e-02 -4.20819037e-02
  6.19619898e-02 -2.91519519e-02 -6.07531145e-03  1.82205811e-03
 -5.31763658e-02 -1.39795735e-01 -4.65656370e-02 -2.43414398e-02
 -4.55581844e-02 -4.33025919e-02  6.91199973e-02  4.76064347e-02
  6.59754500e-02 -3.94599922e-02 -3.44676785e-02  3.58366594e-02
 -3.81689668e-02 -1.05966507e-02  1.07960897e-02 -3.04683428e-02
  1.18642095e-02 -8.42259154e-02 -5.34506096e-03 -1.45808244e-02
  4.01441045e-02 -1.69357657e-02  4.08087857e-02  3.43459323e-02
  7.48843476e-02 -3.73067334e-02  6.23240601e-03 -5.64635918e-03
 -1.27996296e-01 -1.98603254e-02  6.24011271e-02 -3.14752646e-02
 -9.78428870e-03  3.64040844e-02 -6.91974014e-02 -5.89660108e-02
  4.98746289e-04 -7.69601390e-02 -9.63854864e-02 -4.14115898e-02
 -2.17036046e-02 -4.60184440e-02  2.38412283e-02 -1.16093624e-02
  3.93454172e-02  5.43373358e-03 -9.59333628e-02 -8.11721459e-02
  6.72832131e-02 -3.39702480e-02 -2.02437583e-02 -9.56763234e-03
  2.26269253e-02  4.97504696e-02 -8.47289898e-03 -2.32992665e-08
 -7.47891329e-03  2.13320013e-02  3.60269472e-02 -2.10094955e-02
 -5.10969833e-02 -3.60975638e-02 -6.44161254e-02  4.96883392e-02
  3.71425226e-02  5.36170080e-02 -1.19920019e-02 -1.27504664e-02
 -1.98449343e-02  2.54633948e-02  1.04637533e-01  1.92754362e-02
  4.40888628e-02  4.52136202e-03  2.19605886e-03  7.50125647e-02
  6.48801401e-02  5.20276371e-05  2.02588756e-02  4.81085368e-02
 -6.21869345e-04 -6.31208718e-02 -7.10231811e-02 -4.87183146e-02
 -5.26918508e-02 -3.23880464e-02 -5.37805632e-03 -4.12234701e-02
  5.11322394e-02 -6.77060410e-02  1.12675861e-01 -7.47981817e-02
  3.04532126e-02 -8.90869573e-02  2.83937808e-02 -1.76119804e-02
 -5.11046425e-02 -9.99558270e-02  3.73271629e-02  9.94671434e-02
  4.24716286e-02 -4.43325862e-02  2.13045273e-02  2.49467287e-02
 -1.07905343e-02 -2.57918611e-02  2.59293467e-02  4.05199192e-02
 -6.81309914e-03 -4.05606553e-02  4.73130085e-02 -5.89160202e-03
  1.72058363e-02 -7.94069096e-02 -2.60433964e-02  1.26816509e-02
  8.78663436e-02 -9.08399895e-02  4.90765981e-02  2.06213873e-02]",0
Career_Youth_Exchange,19,What did you learn during the project?,I got to know myself better and made me realise what are my strength and what are the areas for improvement including empathy.,I got to know myself better and made me realise what are my strength and what are the areas for improvement including empathy.,positive,0.8442,True,"[ 4.73152474e-02 -6.49969187e-03  1.94435995e-02  2.45392099e-02
 -1.76847391e-02 -4.09539416e-02  1.78242382e-02  1.97711904e-02
 -3.64684425e-02 -7.60613009e-03  2.63298508e-02  7.79332966e-02
 -2.58015376e-02  2.36640982e-02  4.36164513e-02  6.14996329e-02
  4.86315787e-02  6.84019998e-02 -1.02856196e-01 -4.17208448e-02
 -3.98664139e-02  3.65392119e-02 -2.96701547e-02 -2.98991706e-03
 -6.29994646e-02  5.53523414e-02 -9.96525139e-02  6.32282859e-03
  6.13194220e-02 -4.33376022e-02  2.91463230e-02 -1.35723531e-01
  9.55929607e-02 -1.57855153e-02 -3.57992873e-02  1.15823366e-01
  1.56059768e-02  3.39375325e-02  6.61260262e-02 -3.01141515e-02
 -3.70810740e-02 -5.32611199e-02  5.59955426e-02 -5.86401857e-02
  6.13897592e-02 -3.73435840e-02  1.77506395e-02  1.69489458e-02
  1.07696531e-02 -1.30699784e-01 -9.32202414e-02  1.24975212e-03
 -1.21788763e-01 -8.01937561e-03  6.49299799e-03  5.21967188e-02
  8.30108486e-03  8.80486816e-02 -3.67933302e-03  1.85342617e-02
  1.51167950e-02 -4.04387377e-02  6.05740957e-03  2.76608784e-02
 -2.64455215e-03  5.89189753e-02  7.13518681e-03  3.31058004e-03
 -2.91290395e-02  2.29831276e-04 -4.15376667e-03 -4.50166576e-02
  4.53799888e-02 -3.75045352e-02  5.75482585e-02  3.27071957e-02
  1.21310437e-02 -7.38815293e-02  7.98522495e-03  5.62104732e-02
 -2.08280422e-02  1.23557873e-01 -2.73360442e-02  1.24653324e-01
 -2.08588894e-02 -4.38218005e-02  5.18952869e-02 -8.37515220e-02
 -2.51281429e-02  9.59255397e-02  3.29570398e-02 -4.02124319e-03
 -1.19056962e-01  3.19442376e-02  1.55107798e-02  2.35120486e-03
 -6.41820878e-02  1.47337895e-02 -9.17933732e-02  4.50252704e-02
  2.69325003e-02  7.77191250e-03 -2.94247959e-02 -3.37660871e-02
  2.87738703e-02  2.36118138e-02 -4.97912616e-02  3.05340998e-03
 -6.76214769e-02  2.54189428e-02 -5.32799140e-02  4.53954004e-02
 -8.73804465e-02 -1.20972944e-02  1.18238740e-01  3.64007391e-02
 -1.55729530e-02  4.57527861e-02  8.44963491e-02  8.40894692e-03
  5.96388429e-02 -8.92414618e-03  4.76349555e-02  1.76383778e-02
 -6.60891179e-03  1.76439099e-02  5.47066610e-03 -2.76629159e-33
  1.11358159e-03 -1.19643835e-02  8.43290016e-02  8.55511650e-02
 -4.37340140e-02 -1.29827848e-02 -2.87864283e-02  6.54468611e-02
 -3.36907320e-02  1.06472643e-02  6.95391595e-02  7.66440183e-02
  6.43020570e-02 -2.05862410e-02 -6.44229650e-02 -1.41897686e-02
 -1.14259094e-01 -4.71427552e-02 -3.11671924e-02  5.69497757e-02
  6.60657696e-03 -3.19551229e-02 -1.78053230e-02 -5.29683419e-02
 -2.26267222e-02 -6.70042336e-02  5.99735416e-02  3.97045538e-02
 -3.32413577e-02 -1.90692842e-02 -2.31766347e-02  5.18839844e-02
 -4.37967777e-02 -1.86128095e-02 -5.79519831e-02  4.17924114e-03
  1.19212940e-02 -8.29521492e-02  1.39967073e-02 -1.54050151e-02
  8.86344118e-04  6.12592734e-02  5.91807328e-02 -6.27723858e-02
  3.76026817e-02  7.43689537e-02 -7.40578165e-03 -9.78908390e-02
 -4.36358787e-02  4.17417753e-03 -7.14384019e-02 -2.84179207e-02
  2.50712205e-02 -5.31737097e-02 -2.00216528e-02 -6.40264750e-02
  1.96993575e-02  8.97159278e-02  2.10559480e-02 -4.02032919e-02
  1.82070315e-03 -4.98866215e-02 -3.42065208e-02 -8.21846444e-03
  1.27052721e-02 -2.69152615e-02 -2.00839173e-02 -3.27870883e-02
  3.32887210e-02 -2.51627360e-02 -5.69069050e-02  2.18733400e-02
  6.13245554e-02  2.36863419e-02 -4.17373553e-02 -7.41154626e-02
 -7.14720264e-02 -6.74563274e-02  2.53897607e-02  2.06277352e-02
 -1.32256281e-02  7.21529052e-02 -1.16700418e-02  1.66891702e-02
  1.14888832e-01 -8.47259536e-02 -5.33766039e-02 -2.40137782e-02
  4.04299237e-02  3.83565314e-02  2.33830884e-03 -1.98362917e-02
  3.02636134e-03 -1.75439678e-02 -1.09343871e-01  1.64230116e-33
  6.76981807e-02  1.72204636e-02  4.12658043e-02  1.01062670e-01
  3.74264084e-02 -2.99583357e-02 -2.10974142e-02  3.44142206e-02
  7.45065976e-03  5.41978255e-02  1.40447170e-02 -1.73580851e-02
  2.73323171e-02  2.09029811e-03 -4.89401221e-02 -4.53606397e-02
 -7.51954988e-02 -2.74099633e-02 -4.31066938e-02 -4.53348830e-02
  1.59848039e-03  1.67103872e-01  1.04427531e-01  3.93723734e-02
  4.58343327e-02 -2.14725807e-02  8.10166728e-03 -1.93788856e-02
  2.38649435e-02 -9.00719091e-02  5.17238714e-02 -1.48147717e-02
 -3.92435770e-03  4.62178327e-02 -6.91808760e-02  3.78122330e-02
 -3.67134288e-02 -6.04400896e-02 -3.33276093e-02  4.32145642e-03
 -2.07700022e-02  4.10971045e-02 -3.09396931e-03 -6.55366527e-03
  4.76555713e-02 -3.26351635e-02  6.33111447e-02 -1.64144691e-02
 -2.95988750e-02  3.77286486e-02  1.53945843e-02 -5.92395626e-02
 -6.73808157e-03 -3.55215892e-02  9.22273248e-02 -5.72814653e-03
  1.17841467e-01 -6.22194447e-02  3.18601988e-02 -6.45305291e-02
 -2.53893491e-02  9.46241431e-03 -2.21261289e-02  7.67815784e-02
  2.72675157e-02  8.96899588e-03 -3.23591493e-02  6.44331127e-02
 -1.65572464e-02 -1.15387945e-03 -5.71098886e-02  1.20254178e-02
  2.26471536e-02 -9.83698145e-02 -8.17128923e-03 -1.39693916e-02
 -5.20093888e-02 -5.49589237e-03 -9.55642015e-02 -1.87957138e-02
 -6.60511330e-02 -5.10787964e-02  1.98317412e-02 -3.39718126e-02
 -2.93236449e-02  6.57247379e-02  5.62097356e-02  3.41936573e-02
  3.81514952e-02 -2.11034175e-02 -8.96393657e-02  8.88744369e-02
 -7.24879950e-02  3.04711703e-02  8.10993835e-03 -2.59657469e-08
 -3.72065865e-02 -7.10133463e-02 -1.00994734e-02  5.40672503e-02
  2.84252479e-03  6.30211085e-02 -7.40615353e-02  8.79669785e-02
 -9.77898315e-02  7.55854249e-02 -3.13377008e-02 -5.66681055e-03
  9.24262125e-03  3.58316526e-02  5.76561019e-02 -4.11467664e-02
  7.44203553e-02  9.10922606e-03 -1.41203552e-02 -3.76001522e-02
  7.93623403e-02  8.81060027e-03 -4.79868725e-02 -1.00105377e-02
  2.57524066e-02 -5.86202852e-02 -3.49206552e-02 -3.09080984e-02
 -1.46565944e-01 -3.34727392e-02  1.74887013e-02 -3.70954648e-02
  3.07650976e-02 -6.93444684e-02  3.06415781e-02 -2.26000999e-03
  1.32466126e-02 -6.05340451e-02  1.94648597e-02  6.80722371e-02
  1.09782880e-02  2.01705173e-02  1.05770759e-01  4.64758053e-02
 -1.79015882e-02  2.53403205e-02 -8.31802562e-03  1.95738338e-02
 -3.01376637e-02 -4.42174934e-02  1.49121225e-01  3.32634374e-02
  2.57489155e-03 -3.62612233e-02 -2.11633486e-03  7.02438280e-02
  3.70362774e-02  5.95667958e-02 -2.11418457e-02  7.62723759e-02
  4.75116111e-02  4.87469397e-02 -6.70158118e-02 -3.64446566e-02]",2
Career_Youth_Exchange,20,What did you learn during the project?,"I became more open and communicative. I developed vulnerability. I realized the relevance of digital footprint and how it can affect the way people are perceived. I became more confident in public speaking, specially after being so exposed amongst a small audience. I improved my empathy and kindness as well as my self-confidence.","I became more confident in public speaking, specially after being so exposed amongst a small audience.",positive,0.4121,True,"[ 1.07600264e-01 -1.02175856e-02  4.76814732e-02  1.20619424e-02
  1.02736756e-01 -1.96622685e-02  4.09796759e-02  4.32913974e-02
  1.96265932e-02 -1.00300364e-01 -2.60706036e-03  2.88017727e-02
  1.53168729e-02 -8.11350644e-02  1.19978696e-01 -5.74547164e-02
  3.82129662e-02  1.43971695e-02 -7.63613060e-02 -1.62733849e-02
 -6.59737438e-02  7.74848685e-02 -1.87439250e-03  1.17773330e-02
  5.18471375e-03 -4.41725329e-02 -4.28489819e-02  5.96393971e-03
  7.40410388e-02 -3.58848311e-02 -1.69865228e-02 -2.08562538e-02
  1.17018223e-01 -2.71557998e-02 -3.72767299e-02  9.77040734e-03
 -8.93188640e-03 -3.66398040e-03 -2.03765389e-02 -4.46927780e-03
 -1.64849349e-04  1.95168871e-02  5.34836054e-02 -3.03369313e-02
 -1.22233173e-02 -8.18760246e-02  8.69199261e-02  4.40080725e-02
 -1.77685432e-02 -2.60242894e-02 -2.05422956e-02 -3.80941220e-02
  3.35123502e-02 -2.80211587e-02 -9.95948464e-02 -4.26595509e-02
 -5.18914834e-02  9.26002562e-02  6.97064400e-03  1.91302579e-02
 -5.40105700e-02 -6.13606088e-02 -6.05095699e-02  6.24604225e-02
  1.05274683e-02  5.15942536e-02  4.53557447e-02  1.29988817e-02
  4.46508080e-02  2.70216372e-02 -4.35133139e-03  3.97457257e-02
  3.80103588e-02  2.45686863e-02  1.75233930e-02 -7.35260844e-02
 -2.10781880e-02 -1.05792679e-01  7.82068148e-02  9.44972336e-02
  1.01459473e-01  7.03395577e-03 -3.07049528e-02 -2.05307901e-02
 -5.90189286e-02 -1.22546032e-01 -1.64752279e-03 -7.84833133e-02
 -8.41002986e-02 -3.01913563e-02 -3.48885022e-02  1.10509312e-02
 -8.97145420e-02  6.43514097e-02  1.82397675e-03 -6.96887225e-02
 -1.07086331e-01  1.67887856e-03  5.42138480e-02  5.49271964e-02
 -4.95412238e-02  6.70436118e-03 -3.48772563e-04  1.60220789e-03
 -2.70771552e-02 -1.10165728e-02 -1.47111434e-02  1.35045378e-02
 -5.76603711e-02  5.32751344e-02 -5.07812202e-02  1.60843506e-02
  1.47975294e-03 -8.31621140e-03  7.30330274e-02  3.85185592e-02
 -5.38648926e-02  1.68726332e-02 -1.71553511e-02  7.14745326e-03
  8.04488286e-02  8.91048312e-02  3.86114530e-02 -3.28334980e-03
 -1.51017448e-02  6.97367359e-04  1.90706495e-02 -1.22793187e-33
 -2.65074335e-03  1.88388284e-02  1.78785510e-02  1.07918695e-01
  3.87120284e-02  6.20486774e-02 -1.66734494e-02 -4.87849722e-03
  2.92444043e-02 -1.44075081e-02  9.02000293e-02  2.30989736e-02
 -8.25172849e-03 -7.46741369e-02  1.00899367e-02  7.99430236e-02
 -9.28372890e-02  8.96256566e-02  1.91846713e-02  2.66403928e-02
  4.72743856e-03  3.61062773e-02 -5.08348318e-03  1.54876122e-02
  3.56873088e-02  4.23433594e-02  1.23499274e-01 -6.44972548e-02
  2.75416393e-02 -6.83552632e-03  3.10033746e-02  2.78276224e-02
 -1.94686223e-02 -4.66026068e-02  4.85697687e-02 -3.01123429e-02
  7.29867816e-02 -9.91303250e-02  6.79566413e-02 -3.16759795e-02
 -4.81636962e-03 -2.39489647e-03  7.42584020e-02 -2.04486065e-02
  1.11162756e-02  6.24632873e-02 -9.80767086e-02  5.59867918e-03
 -1.11574717e-01 -3.90053983e-03 -7.52991736e-02  3.00704576e-02
 -2.70893686e-02  3.47735696e-02  1.37771787e-02 -5.19065484e-02
  1.25897501e-03 -3.77876422e-05  9.75028984e-03 -4.36969884e-02
 -3.28691378e-02  1.02942102e-01  6.06461614e-03 -1.38226897e-02
 -1.27511974e-02  2.80890260e-02 -4.60816026e-02 -5.85265271e-02
  5.73262526e-03 -1.60066783e-02  6.34733448e-03 -3.38426940e-02
 -4.81448285e-02  2.90394966e-02  1.61577072e-02 -6.52191564e-02
 -9.12634283e-02 -1.78128220e-02  6.98786154e-02 -1.55083667e-02
  2.78623514e-02 -9.21810511e-03 -4.95162420e-02 -1.05049647e-02
  4.33343835e-02  1.53982304e-02  3.55055705e-02 -5.77990226e-02
  4.66064923e-02  5.06362468e-02  7.05360919e-02  4.09289729e-03
  1.42278289e-02 -2.59037246e-03 -9.36356857e-02  4.59817896e-34
  3.29696946e-02  8.11769888e-02  1.57052483e-02  4.56628241e-02
 -6.30028769e-02  1.10302903e-02  7.82767534e-02  7.46034235e-02
  2.44288240e-02  6.91442378e-03  2.76373606e-02  2.33215764e-02
  7.24702701e-02 -5.91399968e-02  1.42533556e-02 -6.43063933e-02
  7.30082858e-03  5.11547551e-02 -1.88643318e-02  2.29682028e-02
  3.18247639e-02  4.83511649e-02  1.57378819e-02  3.27565372e-02
  2.65916507e-03 -9.19692293e-02 -1.50969271e-02 -1.74550656e-02
  1.19121349e-03 -6.59675673e-02 -5.54837426e-03  1.83518585e-02
 -7.92835355e-02  1.93232577e-02 -1.06354859e-02  7.91565701e-02
  1.25518744e-03 -8.13306272e-02 -6.95982249e-03 -5.33024520e-02
 -7.46255741e-02 -8.16762894e-02  5.62608568e-03 -4.80832532e-02
  3.13495994e-02 -6.59802184e-02 -2.22226586e-02 -3.17702107e-02
  9.06477682e-03  5.82267344e-03 -8.06859583e-02  3.10960561e-02
  2.76990095e-03 -6.58807084e-02 -1.85880046e-02 -4.08060402e-02
  1.11489169e-01 -6.05156347e-02  1.12564303e-02  1.13739148e-02
 -7.47829154e-02  8.48910306e-03 -5.31288199e-02 -3.47221084e-02
  8.27283040e-02 -4.88171680e-03 -6.80076778e-02  9.05049220e-02
  5.20014018e-02  1.45581113e-02 -3.11984755e-02  1.59448963e-02
  4.58173752e-02  4.29902263e-02 -1.01334102e-01 -5.49155474e-03
 -4.55293879e-02  1.83172394e-02 -3.80777791e-02  4.69996668e-02
 -5.69244102e-02  1.52158085e-02  3.66323092e-03 -5.65018281e-02
  4.34208401e-02  1.66488558e-01  2.57089008e-02 -4.27019261e-02
 -4.77873236e-02  1.39425388e-02 -6.31910861e-02 -4.41304669e-02
  4.15224545e-02 -6.82414696e-02  3.16647254e-02 -2.08951363e-08
 -1.08969249e-01 -3.97140943e-02  2.12438218e-02  4.53981645e-02
  8.13407451e-02 -3.61867473e-02 -7.28969276e-02  2.62781549e-02
 -5.21919318e-02 -8.85484591e-02 -4.81589399e-02 -3.05930880e-04
  9.55227315e-02  5.30801266e-02  5.33307120e-02 -4.70799655e-02
  4.10664193e-02 -1.08517790e-02  7.76530989e-03 -4.88134883e-02
  2.83335876e-02  5.45311905e-02 -3.57231162e-02 -1.96024636e-03
 -6.33015577e-03  2.88038552e-02 -1.21592153e-02  3.12069170e-02
 -4.15767990e-02  2.28490904e-02 -4.31673117e-02 -3.34141925e-02
 -9.43125263e-02  3.78452218e-03  1.58041921e-02  7.05980957e-02
  3.25762518e-02 -1.62439998e-02  1.06935509e-01  5.41944951e-02
 -2.85879318e-02 -5.17076626e-03  7.58000016e-02  8.75663832e-02
  4.76344489e-03  7.58069530e-02  4.31187302e-02 -7.10034836e-03
  5.49802557e-03 -3.32950279e-02  2.75111049e-02  4.07680811e-04
 -1.56515241e-02  3.02519836e-02  5.10310382e-03  3.65737714e-02
 -5.10417745e-02  1.13476373e-01 -5.30579686e-02  6.57362938e-02
  5.44799899e-04  4.91306707e-02 -1.83098331e-01 -5.31755900e-03]",2
Career_Youth_Exchange,20,What did you learn during the project?,"I became more open and communicative. I developed vulnerability. I realized the relevance of digital footprint and how it can affect the way people are perceived. I became more confident in public speaking, specially after being so exposed amongst a small audience. I improved my empathy and kindness as well as my self-confidence.",I improved my empathy and kindness as well as my self-confidence.,positive,0.802,True,"[-2.79037766e-02  6.08376488e-02  1.09152645e-01  3.07546128e-02
 -9.06890631e-03 -5.13355508e-02  2.51438897e-02  5.72661310e-03
 -5.82030788e-02 -3.27794142e-02  4.08989452e-02  7.67476931e-02
  3.60122025e-02 -9.43497103e-03  6.05342686e-02  3.72658782e-02
  7.40495101e-02  3.41080986e-02 -1.09127469e-01 -3.92063186e-02
 -7.91902244e-02  2.74479333e-02  2.20917575e-02 -3.89779848e-03
 -6.29442632e-02  1.97430793e-02 -2.48753820e-02  3.79233137e-02
  2.27353219e-02 -3.04004475e-02 -2.99467668e-02 -7.70490691e-02
  1.08189277e-01 -3.88725996e-02 -2.33422704e-02  5.27159609e-02
  3.67357098e-02  1.78346839e-02  1.53617505e-02 -8.26689079e-02
 -5.66769727e-02 -3.66370790e-02  6.14891574e-02  1.30740479e-02
 -3.40711325e-03 -5.69254532e-02  5.31900376e-02 -2.18521506e-02
 -3.45083401e-02 -7.22507089e-02 -5.56940399e-02  2.54890528e-02
 -1.03293017e-01 -2.84133721e-02  1.67129599e-02  6.18210621e-02
 -2.62359586e-02  4.63771001e-02  3.62142711e-03  2.00274438e-02
  7.91195594e-03 -3.11026201e-02  4.48155776e-02  4.29383852e-02
  2.63481848e-02  1.59159675e-02 -3.59503143e-02 -3.32861836e-03
 -4.29099537e-02  1.32066971e-02 -3.25814937e-04  7.84981356e-04
  4.15327400e-02 -7.45382831e-02  1.42346490e-02  4.07491345e-03
  2.14082873e-04 -1.01793602e-01 -7.38270581e-03  4.42125276e-02
 -2.79955156e-02  4.14433628e-02 -1.98875573e-02  1.13474630e-01
 -1.86057184e-02 -9.91418138e-02  6.32949173e-02 -1.74951613e-01
 -5.05209044e-02  4.97916415e-02  2.84486711e-02  1.92070892e-03
 -1.06687456e-01 -2.57481332e-03 -8.18367526e-02 -3.68533991e-02
 -8.41083303e-02 -3.06183118e-02  6.28988564e-05  9.92596671e-02
  3.38241830e-02  3.93223725e-02 -7.50538036e-02 -2.48904657e-02
  4.44325022e-02  2.06764247e-02 -3.94254103e-02 -6.86914334e-03
 -5.72727546e-02  4.15085182e-02 -3.55924144e-02  3.52219902e-02
 -6.43890873e-02  8.78437422e-03  1.17060907e-01  3.44763547e-02
 -4.38016690e-02  2.73173861e-02  6.15215153e-02 -3.82760353e-02
  1.21801503e-01  4.21054149e-03  8.75151083e-02  2.47197449e-02
 -7.33156055e-02 -1.67886075e-02  2.69732866e-02 -3.93408535e-33
 -2.33582705e-02  2.81714741e-02  6.87644407e-02  5.55303171e-02
 -4.61518444e-04  2.56913733e-02 -4.87635024e-02  1.54058738e-02
 -8.89433268e-03 -2.94237006e-02  2.46869978e-02  8.11941624e-02
  6.88732788e-02  1.13044269e-02 -8.68120790e-02  5.57456017e-02
 -1.49486348e-01 -1.45519502e-04  2.04616971e-03  8.92934427e-02
  4.62283082e-02 -2.20257323e-02 -1.04348939e-02 -3.03019844e-02
  2.57630385e-02 -3.95735130e-02  7.98176453e-02 -1.38740540e-02
  1.30805168e-02 -2.27804892e-02  3.25146094e-02  8.26745704e-02
  5.77710010e-03 -4.33372054e-03 -1.17336574e-03 -3.37678869e-03
  1.72548350e-02 -1.21945672e-01  2.00526640e-02 -6.45889319e-04
  5.24824336e-02  4.06358540e-02  1.06518626e-01 -4.17626984e-02
  3.79353091e-02  4.07234095e-02 -2.90816128e-02  1.39566418e-02
 -6.49438500e-02 -5.62336929e-02 -8.70326310e-02 -2.44426396e-04
  3.80761996e-02  5.52864047e-04 -6.31097630e-02 -5.16363196e-02
  1.28138270e-02  1.15493730e-01 -4.11057612e-04 -4.37216461e-02
 -5.68798510e-04 -8.09630230e-02 -4.25135437e-03 -9.81120765e-02
  3.37772109e-02 -9.67835635e-03  5.48094176e-02 -4.05461863e-02
  5.66313565e-02 -1.81503240e-02 -3.28714848e-02  4.45132889e-02
 -4.19946946e-02 -3.99172166e-03 -2.33840067e-02 -4.16881256e-02
 -4.62166928e-02 -5.44991083e-02  4.05801125e-02 -6.61566481e-02
  4.07324098e-02  4.87862192e-02 -5.75882494e-02  2.38944674e-04
  1.13445409e-01 -2.04584450e-02  1.62328146e-02 -7.34304488e-02
  2.67687868e-02  3.40851047e-03  6.54505491e-02 -1.61125921e-02
  5.63703384e-03 -2.99382838e-03 -1.40943795e-01  1.73814454e-33
  4.93117012e-02  3.87597047e-02  5.41065484e-02  8.73942971e-02
 -5.07986583e-02 -3.18234153e-02 -2.10968722e-02  6.45240024e-02
  2.18066499e-02  7.62552097e-02  4.03687879e-02  5.34810349e-02
  1.02172934e-01 -2.55945586e-02 -3.50069404e-02  8.12549610e-03
 -1.11014182e-02 -5.99545464e-02 -5.20267673e-02 -6.25562519e-02
 -1.06632682e-02  1.62784562e-01  4.62276042e-02  3.20651233e-02
  1.58641078e-02  7.61263585e-03 -1.90639298e-03 -1.89131789e-03
  1.92240905e-02 -3.95499282e-02  1.01560406e-01  1.20074051e-02
 -9.53444839e-02  2.76753623e-02  9.74734500e-03  5.36967888e-02
 -2.64011528e-02 -7.07945079e-02 -3.44210304e-02 -3.90341617e-02
 -2.18093097e-02 -7.19487376e-04  1.06195426e-02  3.31117474e-02
  2.04685796e-02  4.18123702e-04 -1.25160711e-02 -6.78173602e-02
 -3.68539430e-02  2.53390777e-03 -7.10831434e-02 -6.48736432e-02
 -5.09753227e-02 -6.22960739e-03  2.60923877e-02  1.03910593e-02
  1.42991647e-01 -8.55143443e-02  1.04381889e-01 -2.72473469e-02
 -1.17100649e-01  4.46247086e-02 -3.60148624e-02  2.19892189e-02
  1.36029627e-02 -2.34475974e-02 -8.03149026e-03  3.45134437e-02
 -1.82704031e-02 -5.48990630e-02 -2.66697165e-03  2.84486227e-02
 -1.30375996e-02 -5.98184690e-02 -3.01360283e-02 -8.09425674e-03
 -1.72848590e-02 -2.40750518e-03 -9.19073597e-02  5.27002756e-03
 -1.21845365e-01 -3.44872288e-02  4.88560311e-02 -5.17080426e-02
 -1.14557063e-02  5.07252244e-03  2.92448625e-02 -1.63728779e-03
  1.51678734e-02 -1.86958967e-03 -1.85461417e-02  3.29654180e-02
 -1.96674354e-02 -1.17382389e-02 -1.82526596e-02 -2.10769340e-08
  1.38275595e-02  5.69696398e-03  6.53274078e-03  1.24019250e-01
  9.42070037e-03  5.28507167e-03 -5.54794148e-02  9.61693823e-02
 -8.98852199e-02  5.16070798e-02 -5.07492758e-02  1.38535937e-02
  3.62216815e-04  1.54761104e-02  9.86650363e-02 -2.46614087e-02
  7.61441216e-02  2.59463694e-02  8.40075966e-03 -3.54341492e-02
  4.19895463e-02  3.36774997e-02 -6.16472699e-02 -1.32050402e-02
 -1.39536448e-02 -1.13952700e-02 -8.86415131e-03 -5.11932448e-02
 -8.89306813e-02  1.50691662e-02  1.81521215e-02 -2.64772773e-02
  1.37888389e-02 -2.94427462e-02 -2.59364489e-02  5.50027564e-02
 -3.16207409e-02 -6.70746043e-02  7.31043518e-02 -7.97723234e-03
  1.96468625e-02  5.46024852e-02  5.79283386e-03  3.06762271e-02
  4.10219841e-02  1.12139098e-02  6.88401517e-03 -5.13138957e-02
  7.61007657e-04 -2.19841320e-02  6.65186718e-02  3.18540819e-02
 -1.82062294e-02  1.55595494e-02  1.82335638e-02  3.77079025e-02
  2.02722661e-02  3.40602137e-02  1.48547413e-02  3.85743044e-02
  4.39812504e-02  3.17850485e-02 -1.14615805e-01 -8.79741013e-02]",2
Career_Youth_Exchange,21,What did you learn during the project?,Definitely emotional intelligence and social competence,Definitely emotional intelligence and social competence,positive,0.7506,True,"[ 4.26714830e-02 -2.55696885e-02 -2.79127471e-02  7.81155601e-02
 -1.03893094e-02 -2.29309741e-02  2.19420381e-02 -7.22666681e-02
 -5.72166294e-02  4.02943045e-02  4.48843017e-02 -1.24724032e-02
 -5.54813854e-02 -6.99607935e-03  2.61271317e-02  2.72515975e-02
  2.78398991e-02 -4.98449877e-02  9.77672543e-03 -2.51950081e-02
 -5.35717681e-02  2.53973491e-02  8.71716905e-03 -5.79531118e-02
 -6.64069084e-03  5.95580786e-02  4.54987772e-03 -1.25825582e-02
  1.33346245e-02  2.31962632e-02  4.00620550e-02 -3.27761993e-02
  6.00510351e-02 -1.41265308e-02 -6.06236421e-03  5.39035946e-02
  6.62589371e-02  5.93460314e-02  2.08921432e-02 -4.95349020e-02
 -6.45439401e-02 -8.84979218e-02  3.91705800e-03 -6.08809553e-02
  1.27864927e-02 -6.48100451e-02  2.43844967e-02 -2.04094239e-02
 -1.42946616e-01 -1.72362607e-02 -7.86823407e-02  4.70109330e-03
 -7.00453147e-02  1.35569191e-02  5.31596057e-02  3.55034992e-02
 -3.56897563e-02  2.68951301e-02 -7.09181011e-04  7.91659430e-02
 -1.77262500e-02 -4.12595682e-02  2.31781472e-02 -7.51827843e-03
  5.48243560e-02  5.00250496e-02 -7.28485584e-02 -2.45198980e-02
  1.41980723e-02 -5.23351058e-02  6.35123700e-02 -1.98475365e-02
 -2.94207968e-02  2.03760136e-02  7.12204874e-02 -3.52645479e-02
 -4.48478851e-03 -1.33326396e-01  1.57960188e-02  2.31028218e-02
 -1.08055994e-02  5.11478856e-02 -5.75183704e-02  1.06497938e-02
  7.00310152e-03 -9.68832970e-02 -5.22251911e-02 -1.09041348e-01
 -9.20052156e-02  1.11081406e-01  6.76295906e-02 -3.85319702e-02
  1.14952708e-02 -1.62385497e-02  3.75207290e-02  1.20935868e-03
 -4.15984169e-02 -2.58880425e-02 -4.73036468e-02 -1.46396281e-02
 -3.77388671e-02  7.37396628e-02 -5.62598780e-02  1.01350471e-01
  7.71658774e-03  1.02079858e-03  6.93560168e-02 -4.52412255e-02
 -1.47545505e-02 -1.84586272e-02 -1.47741392e-01  6.27019163e-03
  1.39999425e-03  1.10378405e-02  1.41399980e-01  4.65334579e-02
 -8.88594761e-02  8.93819183e-02  9.07194763e-02 -4.77864733e-03
 -1.19318219e-03  5.23462184e-02  5.74733131e-02  9.52522643e-03
  5.66837341e-02 -5.43508008e-02 -9.36038569e-02  8.75774975e-34
 -1.40280351e-02  4.83693928e-02 -1.48170190e-02  1.03800528e-01
 -2.54155323e-02  2.95316745e-02  8.84446800e-02 -2.10502825e-04
  3.91403632e-03  6.78330380e-03 -2.98592616e-02  5.29433489e-02
 -3.45382057e-02  8.25460106e-02  1.15198595e-02  8.44845921e-02
 -9.62717608e-02  4.20833901e-02 -7.24085942e-02  8.07225555e-02
  3.05108372e-02  4.42099646e-02 -3.08296271e-02 -2.14320570e-02
 -4.57816646e-02 -2.75768377e-02  9.34511200e-02 -1.13457078e-02
  8.10295064e-03  1.47582348e-02 -3.61568071e-02  3.22242416e-02
 -4.07724939e-02 -9.41855833e-04  2.21606344e-03  3.38329673e-02
 -2.80139111e-02 -5.75803816e-02  7.05089048e-02 -2.34179758e-02
  3.00968178e-02  3.46837714e-02  7.61070289e-03  7.58623257e-02
  1.12351764e-03  3.85022797e-02  3.73040363e-02 -2.90331747e-02
 -3.03444453e-02  1.00694895e-01 -3.29865254e-02  4.20972817e-02
  7.75788277e-02 -8.44058543e-02  4.37191948e-02 -4.65700403e-03
  4.95202690e-02  8.09087157e-02 -9.75664034e-02 -1.98116284e-02
  4.63344082e-02 -6.53043296e-03 -4.80734073e-02 -7.90214986e-02
  5.20706289e-02 -3.88281327e-03 -2.45432612e-02 -3.51506993e-02
  1.12461792e-02 -3.52928303e-02  1.59914349e-03  2.54946556e-02
  6.84419945e-02 -1.19114118e-02 -2.79563367e-02 -4.88161556e-02
  2.62866579e-02 -7.99726695e-02  8.45615938e-03 -6.80402294e-02
  2.17879694e-02  2.25679367e-03 -2.44258735e-02 -5.76872677e-02
  2.05893368e-02 -2.46533304e-02  1.40161708e-03 -4.54168245e-02
  7.85847753e-02  7.90444613e-02  2.73305736e-02 -3.89084183e-02
  1.42999785e-02  1.33446250e-02 -9.55681726e-02 -6.24864695e-34
 -2.76952254e-04 -3.11172735e-02 -3.70539315e-02  7.58193433e-02
  6.12561405e-02  8.61803442e-02  8.73695686e-02 -1.97934564e-02
  4.18188907e-02  8.96416679e-02  4.42603901e-02 -3.38765644e-02
  1.75041948e-02 -1.33151617e-02  3.90957259e-02 -5.26882559e-02
 -2.97960378e-02 -6.33098632e-02  3.85500267e-02  2.77765281e-02
  2.85772569e-02  1.03878662e-01 -2.74114078e-03  4.24543917e-02
 -2.55833287e-02  1.23534314e-02 -3.80419232e-02 -6.73006624e-02
 -5.16175814e-02  3.31792682e-02  4.39750701e-02  4.56681699e-02
 -1.96848121e-02  2.28904691e-02 -2.98773162e-02 -2.30739242e-03
 -2.66287196e-02 -7.11508468e-02 -1.74737386e-02  7.16873556e-02
  5.22044264e-02  5.62106483e-02 -2.73670498e-02  6.64411634e-02
  2.24116351e-02  2.99188923e-02  5.97571656e-02  2.08522100e-02
  1.53823737e-02 -1.06922071e-02 -3.19168605e-02 -4.61716838e-02
 -4.79079857e-02  6.77929725e-03  5.37388660e-02 -2.25597806e-03
  6.55197948e-02 -6.15172982e-02 -3.75993364e-02 -4.23647836e-03
  2.09654775e-02  4.90288697e-02  2.54632272e-02  2.29679178e-02
 -6.11898750e-02 -2.57462393e-02 -3.58098112e-02  7.81331435e-02
 -4.60455231e-02 -3.49633545e-02  4.87489924e-02  9.28336289e-03
  8.32239613e-02 -8.44465196e-02 -7.88517669e-02 -3.64816608e-03
 -6.27449229e-02  3.86637822e-02 -2.28764769e-02 -6.21528178e-02
 -8.03618133e-02 -3.37791741e-02 -4.39196564e-02 -2.10301224e-02
 -6.85496107e-02  7.77517706e-02 -1.87257249e-02 -7.41411150e-02
  7.64196459e-03 -1.20304719e-01 -5.38096875e-02  4.21769619e-02
 -7.11834058e-02 -3.02735567e-02 -4.21649963e-02 -1.38332421e-08
  1.70028619e-02  2.18211189e-02  2.92531699e-02 -1.91509053e-02
  1.18284607e-02  9.40102562e-02 -2.17121672e-02 -2.90833954e-02
 -4.70471680e-02  7.80787840e-02  1.08808652e-02  5.50694466e-02
 -3.77223752e-02  4.75720875e-03  1.08006103e-02 -6.30325004e-02
  6.52249828e-02  1.75738800e-02  5.42016923e-02  5.63552193e-02
  1.15651101e-01  5.27532771e-03 -8.07296485e-02  9.00686486e-04
 -5.10582775e-02 -5.73447235e-02 -4.75340635e-02 -1.97698008e-02
 -6.93923682e-02  6.51792735e-02  4.24179137e-02 -5.10650575e-02
  3.67247798e-02 -1.26963496e-01  7.28624091e-02 -9.98679316e-04
 -2.72421073e-02 -1.09885268e-01 -6.30063296e-05  1.27161443e-02
  3.52837332e-02  6.65712804e-02  3.98231708e-02  2.53295973e-02
  7.63864666e-02 -1.53717585e-02 -3.12789232e-02  1.00920685e-02
  1.75749958e-02  4.66290899e-02  1.72333084e-02 -1.55845862e-02
 -7.11545423e-02 -2.32702419e-02  9.68141779e-02  3.04050799e-02
  8.84018373e-03  5.19330464e-02 -7.21846372e-02  2.29350477e-03
  1.17970228e-01  9.34674293e-02  5.56733366e-03 -5.99383079e-02]",2
Career_Youth_Exchange,24,"Do you have any recommendations for improvements? If yes, please share.",maybe more free time or different structure of the activity time and after only free time,maybe more free time or different structure of the activity time and after only free time,positive,0.8012,False,"[-3.14552360e-03 -3.44177559e-02  4.75944318e-02 -2.27935743e-02
  8.76588151e-02  7.77127966e-03 -4.41350341e-02 -3.64938821e-03
  1.19876869e-01 -5.08545013e-03  1.84538849e-02  3.99180204e-02
 -5.31252511e-02  5.94716147e-02  1.10070392e-01 -7.67444074e-02
  5.98333329e-02 -9.59631726e-02 -4.90746945e-02 -1.71814691e-02
  2.78112795e-02 -8.88064206e-02  2.40805466e-02  2.46925727e-02
 -1.96268298e-02 -1.44466860e-02 -3.00185718e-02 -2.06253845e-02
  7.08598271e-02 -2.52114031e-02  7.17811799e-03  1.11560024e-01
  7.97406659e-02  5.81754139e-03 -5.74108586e-02  4.82034162e-02
  2.41955426e-02  6.63418472e-02 -6.58443943e-02 -5.59327044e-02
 -4.63681743e-02 -6.87129004e-03  2.39058379e-02  6.90277815e-02
 -5.18114753e-02  2.10502855e-02  9.65744723e-03 -9.83260199e-02
 -3.43314223e-02  2.95319818e-02  3.04792468e-02 -1.03829028e-02
 -3.07588167e-02 -7.94442073e-02 -4.68634814e-03  6.85992911e-02
 -6.45048916e-02  3.93918268e-02 -5.62719740e-02  1.41871534e-02
 -5.08016981e-02 -2.64861970e-03 -6.21981286e-02  9.80787072e-03
  1.23002604e-01  2.66808942e-02 -2.15548649e-02  5.82430139e-03
  3.12340539e-02 -1.76488534e-02 -2.61972155e-02  4.33533266e-02
 -2.80433651e-02 -2.27027666e-02 -1.23219732e-02 -7.21698999e-02
 -1.76734161e-02 -1.56227853e-02 -3.30645293e-02 -1.32326959e-02
  8.10455251e-03  9.13957949e-04 -5.74924089e-02  2.79447511e-02
 -1.50534716e-02 -4.37532365e-02  8.66042078e-03 -6.30119490e-03
 -2.20071082e-03 -3.41978893e-02 -1.35389334e-02  8.09527934e-02
 -2.95094214e-02 -2.59799398e-02 -5.20221181e-02  2.24051885e-02
 -3.17174718e-02  8.09838101e-02  1.22404294e-02  4.43935655e-02
 -1.00170616e-02  5.22966795e-02  5.48394048e-04  7.12972879e-02
  1.30255539e-02 -1.53045673e-02  3.81480195e-02  2.41326820e-02
 -4.44488861e-02  8.59076157e-02  2.45065670e-02 -2.18673814e-02
  5.72854020e-02  3.72580811e-02 -2.11782344e-02  1.06474921e-01
 -1.13615893e-01  2.41337363e-02  3.00320219e-02  1.04929440e-01
  5.76615445e-02 -1.76120531e-02  5.45801856e-02 -7.53977746e-02
 -1.55495843e-02  1.67495497e-02 -4.70320508e-03  2.00225204e-33
 -4.49834578e-02 -3.75144742e-02 -2.69969716e-03 -4.60946411e-02
  6.87263012e-02  1.26961284e-04 -6.27342612e-02  2.22818204e-03
  9.19162706e-02 -5.20818159e-02 -2.79433150e-02 -1.03191966e-02
 -2.88916472e-03  1.05863009e-02  6.39209747e-02 -3.23056467e-02
  1.44020673e-02  8.33843052e-02  4.51166928e-02 -3.49254645e-02
  7.11963549e-02 -1.04649164e-01 -4.28927094e-02 -8.55152775e-03
  5.56666814e-02 -4.25088629e-02  4.41599041e-02 -9.11801755e-02
  1.16544412e-02 -1.91204753e-02 -2.37078555e-02  3.72199975e-02
 -1.32359698e-01 -5.31876180e-03  8.26912224e-02  6.70932978e-02
  4.68229502e-02 -2.31453776e-02  4.42370810e-02 -4.17401604e-02
 -1.03301719e-01 -1.81699358e-03 -5.69147943e-03 -4.39239591e-02
  6.83571538e-03 -5.06602302e-02  4.89098877e-02 -2.86580604e-02
 -1.17057733e-01  5.88914081e-02  4.90084365e-02  2.75587626e-02
 -4.81356867e-03 -6.95022941e-02 -2.78364364e-02  5.49996085e-02
  6.02010638e-02  1.86716598e-02 -4.51168120e-02  1.13977037e-01
  3.26456130e-02  1.80105604e-02  2.36420217e-03 -3.98122445e-02
 -2.13950034e-02  5.37258722e-02  2.74714343e-02 -6.42995210e-03
  5.21267764e-02  2.94957496e-02  4.83916933e-03 -7.40675209e-03
  3.48883830e-02 -2.27086842e-02  5.25561394e-03  3.47097521e-03
  4.21407223e-02 -5.75145669e-02 -8.20777565e-02  1.60195269e-02
  2.91395821e-02 -1.01877995e-01  2.91425996e-02 -6.31693676e-02
  3.47866304e-02 -4.61666808e-02  1.13312945e-01 -4.45545353e-02
 -1.00399315e-01  2.44370010e-02 -5.32308817e-02 -7.46914232e-03
  7.32144900e-03  2.00976077e-02  1.34053910e-02 -1.76001939e-33
 -3.89212482e-02 -1.22843713e-01 -2.19037924e-02  1.46429818e-02
  1.32525042e-01  7.72971334e-03 -4.98537719e-02  6.54120371e-02
 -2.18280620e-04  8.82313699e-02  2.41010985e-03 -3.12465765e-02
 -4.80182245e-02 -9.71208140e-03  2.73229610e-02 -3.63261625e-02
  8.19172189e-02  1.46528250e-02 -3.67561951e-02  8.33131820e-02
  4.86876670e-04  1.20369010e-01 -6.45168424e-02 -5.88738769e-02
  2.43876632e-02  4.25763316e-02 -7.17927963e-02  4.01828177e-02
 -4.74025309e-02  5.35692275e-02 -4.08000350e-02 -4.75915894e-02
 -7.70050585e-02 -6.27462640e-02 -1.17645329e-02  6.39214069e-02
 -1.98561586e-02 -1.27526633e-02 -2.27373261e-02 -1.35114295e-02
  6.60593659e-02 -1.97673892e-03  1.50685513e-03 -5.09391800e-02
 -1.47672733e-02  5.52028418e-02 -7.72918761e-02 -2.43860930e-02
 -5.19615822e-02  6.15893155e-02  1.30280390e-01 -2.20238976e-02
  1.89534947e-02 -6.70904517e-02  2.42804792e-02  9.47577134e-03
  2.67448109e-02 -1.23735175e-01  2.40229815e-02 -3.52179930e-02
  3.85886766e-02 -2.78075896e-02 -3.93804088e-02  2.16177478e-02
  9.30568725e-02  2.40960252e-02  3.50895226e-02 -3.83993089e-02
 -4.84919660e-02  1.41230449e-02  5.98803982e-02  3.67202237e-02
 -1.38513371e-01  1.49576375e-02 -4.30119298e-02  2.61823907e-02
  4.26825136e-02  4.65186015e-02 -5.71249686e-02 -7.47671649e-02
 -7.18485117e-02  1.54815037e-02 -3.76028125e-03 -4.89178300e-02
 -9.41934213e-02  5.56902811e-02 -9.04599652e-02 -4.77562547e-02
  1.84887461e-02  9.17082373e-03 -1.81243122e-02  5.63105308e-02
  1.12856682e-02  7.79787526e-02 -5.59488721e-02 -2.27825616e-08
  5.84341958e-02 -2.61066221e-02  7.33715892e-02  4.36247550e-02
  5.02902530e-02 -7.02840015e-02  3.56204547e-02  5.47654480e-02
  4.52149697e-02  5.96511364e-02  1.12308115e-01 -3.15606333e-02
  2.08378234e-03  5.08739725e-02  7.12558702e-02  2.98530655e-03
 -9.56701930e-04 -8.80526379e-02 -8.45635757e-02  1.24034984e-02
  5.62709905e-02  2.03194693e-02 -2.63815932e-02 -1.48435738e-02
 -8.46997201e-02  1.40223624e-02  2.44780499e-02  5.12959659e-02
  5.88294119e-02 -5.52960206e-03  6.21459028e-03  5.43054938e-03
 -1.97926536e-02  3.55580822e-02 -2.08289325e-02 -5.18649966e-02
 -3.62398997e-02  1.98640823e-02 -3.83238606e-02  5.23957163e-02
 -6.67392388e-02 -3.95907797e-02  2.34723673e-03  6.41961098e-02
  2.42128726e-02 -7.12088421e-02 -6.91011399e-02 -5.62802516e-02
  4.37240191e-02  4.25006542e-03 -2.74124332e-02  2.65939068e-02
  7.37689435e-03 -2.14774366e-02  6.66601956e-02  1.01342380e-01
  6.30549714e-02 -1.80818178e-02  2.46069767e-02  4.83294167e-02
  2.05853991e-02 -9.56209749e-03 -5.11142872e-02 -1.48615083e-02]",1
Career_Youth_Exchange,25,"Do you have any recommendations for improvements? If yes, please share.","Yes, I learned a lot","Yes, I learned a lot",positive,0.4019,False,"[ 2.35918500e-02  9.52109043e-03  1.59375053e-02  5.54465801e-02
 -8.71549770e-02 -4.77128811e-02  6.27023131e-02  3.29459272e-02
 -3.45622599e-02  2.84993406e-02  5.10637835e-02  9.58708301e-02
 -2.27840282e-02  5.28275669e-02  4.49968316e-02 -3.42999282e-03
 -9.83875319e-02  1.79431774e-02 -6.39375374e-02 -4.93959710e-02
 -1.13816679e-01 -6.44997414e-03  5.71614876e-02  4.22239164e-03
  3.06221191e-02  2.57559884e-02  4.42748554e-02  7.07481131e-02
  4.13572378e-02 -9.10186842e-02 -5.08224107e-02  6.02208003e-02
  2.24418957e-02 -1.73781812e-02  4.36771512e-02  4.54629548e-02
 -1.25028314e-02  3.65294553e-02  1.44839929e-02  2.12142114e-02
  3.44404168e-02  4.57070433e-02  2.54125893e-02 -7.12980852e-02
  4.93494235e-02  1.06750345e-02 -3.35369222e-02 -2.41875593e-02
  2.21196488e-02 -7.23179728e-02 -8.55153613e-03 -5.64198531e-02
 -2.87432801e-02  1.56460460e-02  9.30633470e-02  7.32993782e-02
  3.13758291e-02  7.04784915e-02 -1.92324556e-02 -3.17704380e-02
  2.41269879e-02 -5.09754531e-02 -7.49395862e-02  7.79947639e-02
  2.49318667e-02  4.20392789e-02 -4.95713986e-02 -4.32840995e-02
  4.98101115e-03  3.86772566e-02 -7.01567903e-02  6.04047142e-02
  6.00176305e-02 -1.27111683e-02  3.39193642e-02  1.54843722e-02
  3.76836210e-02 -2.22718306e-02 -2.99244337e-02  5.17718634e-03
 -3.39968805e-03  1.15204239e-02 -2.53722500e-02  8.18387512e-03
  3.37377973e-02 -7.32692331e-02  5.46940453e-02  4.61929962e-02
 -4.05156463e-02 -2.90991496e-02  1.04725756e-01  1.89018678e-02
  7.92858191e-03 -1.04399351e-02  2.08448656e-02 -6.38522953e-02
 -3.40557545e-02 -1.32738138e-02 -2.48363819e-02  4.66395244e-02
  1.81746925e-03 -5.58830947e-02 -4.43330854e-02 -3.06114610e-02
  6.46175002e-04 -1.79776400e-02 -5.06541133e-02  1.01266697e-01
  5.08955158e-02 -8.36643949e-02 -5.67881390e-02 -3.00446106e-03
 -1.22858528e-02  4.05301712e-02  6.51449617e-03  5.85766844e-02
 -2.39040498e-02 -3.80867869e-02 -1.50024034e-02  1.10002188e-02
  3.90076935e-02  5.08438498e-02  5.76526392e-03  3.94457839e-02
 -4.29775938e-02 -1.23774566e-01  1.66840069e-02 -5.94655409e-33
  9.97985974e-02  2.56944615e-02  1.79120013e-03  6.11482821e-02
 -2.32585035e-02  2.85208635e-02  2.53858138e-02  7.42809847e-02
 -1.98424552e-02 -6.47217706e-02  6.48761466e-02  5.82692400e-02
 -3.49371359e-02  9.93235409e-03  7.88462441e-03  1.24074407e-02
 -1.02540046e-01  1.37716727e-02  2.11748388e-02 -1.97675563e-02
  1.65213607e-02 -2.18071509e-02  7.27369189e-02 -1.10788025e-01
 -5.44988597e-03 -8.70061759e-03  4.68600951e-02  9.18663398e-04
  8.48852918e-02  4.20774333e-02  3.83608462e-03  2.51298398e-02
 -3.56995203e-02 -3.70184123e-03  3.88093255e-02  4.74458933e-03
  4.19213735e-02 -4.68066521e-02  9.66801587e-03 -2.34654080e-02
 -3.84062529e-02 -5.73886465e-03  2.05400214e-02 -3.60459387e-02
 -5.74919432e-02  2.61573140e-02 -2.65067983e-02 -7.56489709e-02
 -9.94462520e-02 -7.10858544e-03 -7.41111785e-02 -6.46931231e-02
 -8.15106742e-03 -2.28246693e-02  1.54840769e-02  8.79536420e-02
  2.67263241e-02  5.57327010e-02 -5.88480197e-02  6.93551227e-02
 -1.05049841e-01  5.96136712e-02  7.27081746e-02  8.80973935e-02
 -5.23604378e-02  8.90882313e-02 -6.43757060e-02  2.87336167e-02
  8.94886330e-02 -5.64237088e-02 -6.21299706e-02  2.30329614e-02
 -3.61336246e-02 -9.37233679e-03 -1.41123757e-02 -4.69023697e-02
 -5.40731940e-03  1.61339901e-02 -8.06787703e-03 -5.75315394e-02
  7.17318580e-02 -1.62037797e-02  4.08448949e-02 -1.38615435e-02
 -2.57552974e-02  6.58608042e-03  8.63860324e-02 -1.08375974e-01
  4.60448749e-02  6.48096344e-03 -1.42156323e-02 -3.80501524e-02
  4.26683463e-02 -7.55751431e-02 -8.56282786e-02  3.56027705e-33
 -8.03644508e-02  4.22489922e-03  2.10213587e-02 -6.00491697e-03
  5.63792791e-03  4.22641188e-02 -1.56161981e-02  4.87521514e-02
 -1.12387531e-01  3.50232236e-02  8.26001838e-02  1.62368119e-02
 -1.08543679e-01 -1.13579128e-02  4.12112623e-02 -1.06637003e-02
 -1.46208825e-02  1.20518543e-02  3.91804203e-02 -5.25559224e-02
 -1.51186675e-01 -2.15428118e-02 -5.70393680e-03  1.88021567e-02
 -7.79478252e-02  2.00825073e-02  5.06301746e-02  7.87845328e-02
  1.66982766e-02 -8.61470774e-03  5.91471754e-02 -1.46230832e-02
 -9.65327583e-03  1.75904743e-02 -9.57653672e-02  8.97008777e-02
  7.30058029e-02  9.85110924e-03  2.99708974e-02  7.24921189e-03
 -2.28894446e-02  5.65323222e-04 -1.52403750e-02  4.89800088e-02
 -1.88028589e-02 -5.17046936e-02  3.25713418e-02 -2.45165583e-02
  6.62950650e-02  3.48494090e-02 -2.23550033e-02 -2.89300065e-02
 -2.45988183e-02 -1.31199777e-01 -4.03104210e-03  4.46642889e-03
  1.09153673e-01 -1.01520028e-02  5.41193262e-02 -4.43226062e-02
 -4.89881858e-02  3.55226919e-03  2.46748095e-04 -3.93459350e-02
  5.89003526e-02 -6.13876358e-02 -6.76090419e-02  2.33227517e-02
  1.02673285e-02 -1.52017726e-02  1.97437219e-02  5.22628874e-02
 -2.26131119e-02 -3.71512957e-02 -2.70271674e-02 -9.32247266e-02
 -5.32182381e-02 -1.42222326e-02 -1.42456591e-01 -5.66061260e-03
 -1.36556244e-02 -4.71492149e-02  1.12588461e-02  1.39572204e-03
  2.91308165e-02  9.81223360e-02  3.28720324e-02 -1.70654282e-02
  3.88215631e-02  3.83008830e-02 -1.07145486e-02  8.36522281e-02
  3.68400998e-02 -7.95197114e-02 -3.68687920e-02 -1.82572588e-08
 -5.34228906e-02  5.81125505e-02  4.88316119e-02  4.93085384e-02
  3.64126787e-02  1.85524598e-02  4.29249322e-03  8.72796029e-02
 -1.10428408e-01  2.56338939e-02 -2.22175438e-02  5.59807979e-02
  3.20388079e-02 -1.85453356e-03  7.31610134e-02  6.38764491e-03
  2.13363424e-01 -2.80760583e-02 -1.48777179e-02  3.93541940e-02
  7.65096545e-02  1.48319639e-02  4.65634465e-02 -2.48840675e-02
  1.05471294e-02 -9.84533653e-02  1.34608231e-03  1.75324883e-02
 -2.15180125e-02 -2.29410976e-02 -2.85816956e-02  2.07681730e-02
  6.76281238e-03 -4.90291379e-02  8.01517814e-02  6.61033380e-04
  5.58547825e-02 -1.23299569e-01  2.37032268e-02 -2.91779730e-02
 -8.23862478e-02 -2.08287463e-02  7.52838850e-02  6.18477874e-02
 -3.68659869e-02  6.72865510e-02 -1.15303677e-02 -6.37209341e-02
 -6.24638004e-03 -3.52032632e-02  4.49502692e-02  4.30407971e-02
 -3.45224030e-02 -8.94244108e-03  1.24491252e-01 -8.29952508e-02
  7.88755808e-03 -8.41885805e-02 -3.74370255e-02 -6.45329291e-03
  8.30118265e-03  3.07443570e-02 -1.91039685e-02  4.84588258e-02]",0
Career_Youth_Exchange,26,"Do you have any recommendations for improvements? If yes, please share.","Everything was very smooth, so i don't have any ideeas for improvement.","Everything was very smooth, so i don't have any ideeas for improvement.",positive,0.5,False,"[-3.64370309e-02  2.54465267e-03  1.00498922e-01 -1.92964971e-02
 -1.00184046e-02 -1.28633872e-01 -6.50818571e-02 -2.75302269e-02
 -1.38195187e-01 -3.23332101e-02  1.31733576e-02  1.08785257e-01
 -2.55099740e-02 -4.87103499e-02 -2.50282455e-02  4.77547571e-02
  3.47511023e-02  9.15772282e-03 -9.89913940e-02 -4.41782884e-02
 -9.32641923e-02 -2.95994803e-02 -8.56665801e-03 -4.42225188e-02
 -4.32096608e-02  1.10853769e-01 -3.75603847e-02  1.13132475e-02
  5.93982935e-02 -1.34426549e-01 -3.18176486e-02 -5.64849610e-03
  4.24899310e-02 -7.04223663e-02 -1.45027833e-02  9.83022153e-03
  6.19539805e-02  1.51970256e-02  8.87212635e-04  5.75506827e-03
  3.10306773e-02  5.18423913e-04 -1.20510794e-02 -1.46906404e-02
  3.62311564e-02 -1.46077098e-02  3.05967554e-02 -6.69962913e-02
  2.03143191e-02 -1.74838621e-02 -4.01997333e-03 -7.64672607e-02
 -3.01558394e-02 -8.31226334e-02 -5.95622603e-03  1.02152757e-01
 -5.19351708e-03 -7.90908840e-03  6.77803233e-02 -2.90350523e-02
  2.85313912e-02 -2.80670146e-03  4.32236455e-02  8.52155909e-02
  4.27761152e-02 -6.15152381e-02  1.83071033e-03 -4.01122905e-02
  3.28320712e-02  6.69486076e-02 -5.26416749e-02  5.63508607e-02
 -5.65447286e-03 -3.13949585e-02 -2.92469803e-02  4.28319210e-03
  1.17530348e-02 -1.43456142e-02  5.52801508e-03  1.20260725e-02
 -4.46861908e-02  1.64568126e-02 -1.17611513e-02 -7.94402789e-03
  3.37836170e-03 -4.61645564e-03  3.29476595e-02 -5.98339103e-02
 -8.35742801e-02  2.29625702e-02  8.98651853e-02  7.77643546e-02
 -3.00112125e-02  2.26044818e-03  5.24442978e-02  2.32855305e-02
 -2.65935250e-03 -5.44041321e-02  4.48499806e-02  1.17205828e-01
 -4.17246558e-02  3.20758112e-02 -5.31824678e-02 -8.74700863e-03
 -5.84815852e-02  7.38943601e-03  5.47369868e-02  7.11318925e-02
 -8.02759007e-02  4.38177362e-02 -1.59099121e-02  2.71350443e-02
  7.97644164e-03  2.26590894e-02 -2.21184567e-02  8.14563036e-03
  3.20931114e-02  3.11061423e-02  1.13936104e-02 -3.52065824e-02
  4.09877263e-02 -4.68947180e-02  2.41280403e-02  2.22443249e-02
 -1.08542062e-01  1.38099594e-02  5.07050082e-02 -1.17153055e-33
  6.58290461e-02  5.39379865e-02 -7.21498504e-02 -2.31356733e-03
  3.09935585e-02  4.33746539e-02 -6.84040710e-02 -2.91063692e-02
  3.75212878e-02  7.24753365e-02  2.12066583e-02  1.19756721e-03
 -5.91642596e-02 -4.90429290e-02  2.99399234e-02 -6.46276549e-02
 -5.39140105e-02  9.66859311e-02 -7.59597495e-02  6.75377697e-02
 -2.78854985e-02 -8.61869007e-02 -1.18472595e-02 -5.55242486e-02
  6.85126781e-02  1.08810224e-01  8.16228464e-02  5.60331270e-02
 -3.52051929e-02 -2.40085274e-03 -2.29623988e-02 -1.14229675e-02
 -4.45218571e-03  3.44471484e-02 -4.78367358e-02  7.04723150e-02
  3.68903740e-03 -3.32959183e-02  1.48238456e-02  3.82093340e-03
 -5.08254990e-02  5.52761294e-02  3.61989923e-02 -4.82906885e-02
 -8.20126608e-02  5.52095696e-02  9.99987405e-03  3.76351364e-02
 -2.46826261e-02  4.16142754e-02 -4.96200733e-02  4.00730185e-02
 -6.26742840e-03 -1.35904448e-02 -8.81210417e-02 -1.35090137e-02
  5.07645197e-02  2.25533242e-03  3.54587212e-02  7.29303360e-02
  1.76489782e-02  4.85792552e-05 -4.60123532e-02 -9.65858027e-02
 -5.10127516e-03  4.49242555e-02 -1.33776125e-02  6.13461323e-02
  2.31697205e-02 -5.81108816e-02 -2.89451107e-02 -1.19979279e-02
  7.48439655e-02  2.33891737e-02  6.21588305e-02 -1.61082819e-02
 -1.14464082e-01  1.26982154e-02 -3.20809484e-02 -4.18058895e-02
 -5.25448378e-03  1.08319879e-01  1.01960134e-02 -1.01751544e-01
  5.49263284e-02 -1.10337799e-02  6.14663679e-03  9.36865285e-02
  4.03279951e-03  2.65745185e-02 -2.56024860e-02  5.31193055e-02
  4.84240726e-02  7.26047810e-03 -3.38300243e-02  7.94293839e-34
  4.22063656e-02 -7.83502590e-03 -3.04027461e-02  1.43082052e-01
  1.25215556e-02  2.94957589e-02  7.06916079e-02  5.02944291e-02
  1.37913339e-02 -3.92564759e-02  7.07255229e-02  4.91879880e-03
 -5.67845367e-02 -5.60068414e-02 -8.39496404e-03  1.70975495e-02
 -2.54274607e-02 -4.36197184e-02  5.95132858e-02  1.25946160e-02
  2.49573216e-02  1.05001278e-01  1.52191743e-02 -2.53619850e-02
 -4.91288193e-02  4.61803935e-02 -5.74574247e-02  1.93711668e-02
 -7.29071498e-02 -4.71091969e-03  7.30538890e-02 -2.44492684e-02
 -1.24680459e-01 -1.80437621e-02 -3.89452986e-02  7.28493631e-02
  1.08363843e-02  1.24037018e-04 -2.44496427e-02 -6.22959584e-02
  1.06378680e-03  1.71298161e-02 -1.27718737e-02  1.24723203e-01
  2.28709504e-02 -2.57241149e-02 -1.93094779e-02 -7.10373446e-02
 -3.55192833e-02  6.34253174e-02 -1.51569042e-02  1.45706711e-02
 -1.32599911e-02 -1.11865606e-02  6.03594035e-02  1.08291227e-02
  6.38903454e-02 -8.38660300e-02 -6.23460300e-02  4.71186340e-02
 -7.05377851e-03  6.10287897e-02 -7.69779459e-02 -6.54067472e-02
  8.73696208e-02 -4.50597927e-02  3.21550891e-02 -1.04630440e-02
  9.85393859e-03  6.61316700e-03 -5.17340638e-02 -7.35167190e-02
 -6.85191005e-02 -2.83786282e-02  5.61078116e-02 -4.51373905e-02
  6.44644871e-02 -2.85840742e-02  7.99342524e-03  1.35524273e-02
 -3.22484109e-03  1.42818587e-02  5.82102593e-03 -2.76563205e-02
  2.92044953e-02  7.88179711e-02 -3.09587587e-02 -4.04757708e-02
 -9.32203699e-03  7.53538981e-02  5.67630352e-03  6.73092902e-02
  4.90248054e-02  1.90128442e-02 -8.30300152e-03 -2.73698966e-08
 -2.77833622e-02  4.08850349e-02 -1.55394925e-02  4.49542664e-02
 -4.61778082e-02 -1.08710773e-01 -5.79174459e-02  1.01236112e-01
 -3.77096282e-03 -1.55014306e-01 -8.01403169e-03 -2.50622295e-02
 -2.25306284e-02  5.74077368e-02  8.10806677e-02 -5.55086061e-02
 -2.08531991e-02  1.31206974e-01 -4.06694524e-02 -6.32792786e-02
 -2.08897870e-02  1.06090218e-01  1.60485655e-02 -3.79773341e-02
  3.67012769e-02 -9.07678436e-03  1.16656475e-01  5.06995618e-03
 -7.82418847e-02 -1.24131106e-01 -4.62586656e-02 -8.61667842e-03
  2.57543605e-02  3.57596250e-03  5.83393052e-02  4.61355187e-02
 -4.24039084e-03  1.80365760e-02  2.38757282e-02 -1.81377511e-02
 -6.20299801e-02  1.91923901e-02  8.78278911e-02  2.46760324e-02
 -6.19414486e-02 -4.36521694e-02 -2.11144071e-02 -5.54230213e-02
 -3.23972553e-02 -2.19550487e-02  4.53306548e-02  2.79789641e-02
  5.19986358e-03  8.17105826e-03  7.34155104e-02 -7.04622418e-02
 -8.70047137e-03  7.39357155e-03  6.95323870e-02  5.07454760e-02
  5.80807263e-03 -4.60018329e-02 -4.85192090e-02 -2.87674852e-02]",3
Career_Youth_Exchange,27,"Do you have any recommendations for improvements? If yes, please share.","the overall experience was amazing, I wouldn’t add anything else","the overall experience was amazing, I wouldn’t add anything else",positive,0.5,False,"[-7.00673684e-02  1.75673906e-02  3.05854343e-03 -6.87033031e-03
 -5.74468914e-03  5.46102365e-03 -1.88653097e-02  1.81514900e-02
 -2.84149311e-02 -5.12641966e-02  4.81797904e-02 -2.88772527e-02
  2.42556371e-02  6.84854295e-03 -1.31946290e-03  2.15897541e-02
  7.58401975e-02 -4.27677669e-02 -9.45270061e-03 -5.92145100e-02
 -9.61093977e-03 -7.05009997e-02  2.28636130e-03  6.59678085e-03
 -2.88553815e-02  4.96824011e-02  7.90864229e-03  7.27170035e-02
  4.60466444e-02 -5.89746609e-02  1.25546567e-02  7.53763020e-02
  8.17798674e-02 -1.33728422e-02 -5.26454598e-02  1.98113080e-02
  1.75164882e-02  1.73029527e-02 -4.49181907e-02 -2.24469192e-02
  5.54481382e-03 -1.65260769e-02  4.23503146e-02  4.65634018e-02
 -1.06889075e-02 -7.19357878e-02  6.17530234e-02 -1.45113707e-01
  2.64279377e-02  3.32945250e-02  8.95530060e-02 -6.26105592e-02
 -6.87951818e-02 -4.47598286e-02 -3.99459340e-02  3.93618643e-02
 -5.41055799e-02 -4.37261239e-02 -4.94730584e-02 -8.95771757e-02
 -7.55825127e-03  4.23095450e-02  4.98958044e-02  5.92042319e-02
  4.30662818e-02 -7.67382309e-02 -7.05418140e-02  6.24752529e-02
  2.90710032e-02  4.58139367e-02 -3.49637456e-02  3.45077664e-02
 -1.88212693e-02 -9.86092091e-02 -1.11167543e-02  2.86952276e-02
 -5.06504625e-02 -7.05756545e-02 -4.99353893e-02  3.83734554e-02
  5.03491536e-02 -1.94095913e-02 -3.03939404e-03  1.07458858e-02
 -6.29673526e-02 -4.47219983e-03  1.72831863e-02 -5.72542660e-02
 -4.90832031e-02  4.21352722e-02  1.11525245e-01 -3.29738506e-03
 -4.97220643e-02 -2.25193519e-02  5.44645898e-02  3.28172147e-02
 -8.46920386e-02 -5.42950183e-02 -2.54841298e-02  1.59053858e-02
  2.55840719e-02 -6.29845783e-02 -6.37443066e-02 -1.01007277e-03
  3.98028903e-02  1.67361405e-02  1.33906789e-02 -2.49931775e-02
 -6.78397492e-02  5.30751841e-03  2.22596843e-02  6.25013784e-02
 -2.05689482e-02 -3.61730554e-03 -4.51659374e-02  8.99744481e-02
  1.36825424e-02  3.90584320e-02  8.23415536e-03 -1.59903103e-03
  7.69035071e-02  1.76642612e-02  9.77925435e-02  2.86682360e-02
 -7.99257904e-02 -4.86943722e-02  6.70540556e-02 -3.63261036e-33
 -2.18527764e-02  4.39641774e-02 -3.14340666e-02  8.39271955e-03
  9.55089405e-02  7.32778013e-02 -8.58664792e-03 -1.78117901e-02
 -6.78944066e-02  4.37204679e-03  6.60485029e-03  1.06048129e-01
 -2.73708929e-03  2.05507539e-02  4.68306206e-02 -1.53651014e-02
 -7.51339048e-02  1.03368074e-01  3.42384093e-02  2.58622915e-02
 -1.92884505e-02 -2.52543036e-02 -3.66928503e-02  4.36712839e-02
  3.78299877e-02  1.14718415e-01 -4.33395850e-03  3.09102773e-03
  4.86580376e-03 -2.43966989e-02 -6.38309270e-02  3.73359653e-04
 -4.97670174e-02 -1.24791428e-03  6.41596224e-03  8.69556665e-02
  6.53523058e-02 -9.51531753e-02  3.15231457e-02  1.47905881e-02
 -4.04733680e-02 -1.79385114e-02 -8.45100060e-02 -3.19921002e-02
 -8.93639848e-02  1.93435922e-02  4.36956361e-02 -2.61098407e-02
 -2.65504327e-02 -1.05937757e-02 -1.07881717e-01 -4.21196083e-03
  4.84919250e-02  2.26529054e-02 -4.83508706e-02  3.73018719e-02
 -1.67017221e-03  1.39235295e-02  2.69397311e-02  1.94819607e-02
 -3.50836068e-02 -2.80245231e-03  1.76838022e-02 -6.47237003e-02
 -1.97955240e-02 -4.33385521e-02  4.18680459e-02 -3.57743390e-02
  7.09801540e-02 -5.30144349e-02 -1.20874971e-01 -3.36777940e-02
  2.73588561e-02  8.83984286e-03  5.50026186e-02 -3.23011577e-02
 -8.36465955e-02  1.27524473e-02 -1.32284937e-02 -1.19382413e-02
  8.34134873e-03  8.92675947e-03  2.05559302e-02 -2.22531892e-03
  9.39772874e-02  4.31151763e-02  4.33027884e-03 -3.68703492e-02
 -8.59363824e-02  1.39939748e-02  1.54477847e-03 -2.19923873e-02
  6.46028817e-02 -1.56223010e-02  3.00539359e-02  2.92215663e-33
 -3.35372128e-02 -2.48165652e-02  2.65297778e-02  6.59618014e-03
  8.19181055e-02  9.46321152e-03 -1.70307874e-03  4.66403402e-02
  3.37756239e-03  3.41693237e-02  7.77514279e-02  8.68296474e-02
 -2.86189094e-02 -1.60824612e-03 -9.55997482e-02  2.52559595e-02
 -6.33241311e-02 -1.31224869e-02  5.62264770e-02  3.40051875e-02
  9.86504480e-02  9.27193463e-02  1.52963474e-02 -4.08172831e-02
  5.16071974e-04  5.08316569e-02 -3.26557383e-02  3.20355482e-02
 -1.08933197e-02 -3.56697850e-02  8.96246955e-02  6.97525442e-02
 -1.03850868e-02 -1.29885357e-02 -1.86846014e-02  7.02509955e-02
  1.17250569e-01  3.07130143e-02 -2.89098974e-02  2.44260207e-03
  4.61820737e-02 -8.65747631e-02 -3.30604613e-02  4.03327122e-02
  2.92702727e-02 -1.95470303e-02 -1.79596078e-02 -5.27246408e-02
 -1.24067618e-02  2.74749324e-02 -8.22796300e-02  8.63920897e-03
 -1.42667592e-01  1.04860438e-03  7.76048796e-03 -5.26990779e-02
  7.13243186e-02 -9.93708000e-02  9.33606774e-02 -7.81452954e-02
 -1.93547904e-02 -1.48901611e-03 -8.83449093e-02 -7.69246742e-02
  6.23737685e-02 -8.84030759e-03  3.35897729e-02 -3.34600061e-02
 -1.52103767e-01 -5.45672961e-02 -9.89183933e-02  8.36650666e-04
 -4.87703122e-02  8.33209455e-02  7.63290748e-02 -2.72641778e-02
  6.72833323e-02 -2.22820304e-02  5.98412938e-02 -4.56004664e-02
 -1.10091999e-01  2.17025187e-02 -1.35368146e-02 -3.44494395e-02
  8.40905458e-02  9.58715826e-02 -4.87634875e-02  2.19973456e-02
 -1.47912058e-03  8.15356374e-02 -2.65464745e-02  5.51549345e-02
 -7.66253890e-03  3.70234214e-02  4.30217758e-02 -2.52966057e-08
  1.26211289e-02  6.61088526e-02 -4.08572219e-02 -6.23669066e-02
  1.42471995e-02 -9.61477160e-02  8.19658581e-03  2.58425158e-02
 -3.02932616e-02  3.25830057e-02  3.57794575e-02  1.46045741e-02
 -2.31603775e-02  7.69838840e-02  3.36071774e-02  5.09675480e-02
 -2.74121519e-02  7.00584054e-02 -1.66460164e-02  1.90483518e-02
  9.26514044e-02  1.60992905e-01 -8.90947040e-03 -6.84988797e-02
 -1.46195125e-02  3.09594199e-02  3.33068483e-02 -3.70094962e-02
 -8.57503433e-03 -3.65756676e-02  3.75848934e-02 -3.86616550e-02
 -4.39368933e-03  1.18693590e-01 -5.18108569e-02  3.02397776e-02
 -2.49321628e-02 -2.51485093e-04 -6.00515865e-02  2.31068097e-02
 -3.16322106e-03 -4.38433625e-02  3.80817652e-02  3.08310259e-02
  3.38829756e-02  1.26612876e-02 -5.53888567e-02 -6.12752028e-02
 -8.20881967e-03 -1.40611902e-02  3.04255877e-02 -3.63336839e-02
 -6.33144006e-03  5.49848787e-02  9.57409963e-02  4.58434634e-02
  6.76087514e-02  5.18795662e-02  3.49932611e-02  6.11675829e-02
  1.70520674e-02 -9.66903940e-02 -1.05166465e-01  1.96571704e-02]",3
Career_Youth_Exchange,28,"Do you have any recommendations for improvements? If yes, please share.",no,no,positive,0.5,False,"[-5.90945072e-02 -5.35647105e-03  3.95848975e-02  2.58829985e-02
  3.45564932e-02 -4.02032509e-02  1.09128743e-01  3.28318914e-03
 -6.80799186e-02 -8.27726498e-02 -1.03874737e-02  8.93581286e-03
 -6.53327405e-02  3.22765596e-02  5.10129966e-02  2.64686793e-02
 -1.03273533e-01 -2.03552023e-02 -6.54739738e-02  5.01799062e-02
 -8.15580040e-02 -2.01195218e-02 -4.68757078e-02  2.32559107e-02
 -5.82972057e-02  1.56390276e-02  3.07039469e-02  5.68590164e-02
 -5.29535338e-02 -6.63169995e-02 -1.02059892e-03 -8.79350305e-03
  8.16614181e-02  3.10268886e-02  3.19218002e-02 -2.66129244e-02
 -1.86914150e-02  2.92980801e-02  1.55356117e-02  3.55733335e-02
 -4.40976620e-02 -4.92068678e-02 -5.76442853e-02 -2.62350757e-02
  5.25588766e-02 -1.24973552e-02 -5.61811514e-02  3.67042273e-02
  1.64068807e-02 -4.21593748e-02 -2.33060494e-02 -3.49351577e-02
  7.66585246e-02 -2.78948876e-03  8.79335254e-02 -5.48632555e-02
  5.00565208e-03  1.28009245e-02  6.11731363e-03  3.73639688e-02
  3.37827727e-02 -5.79560641e-03 -9.40435231e-02  4.67268331e-03
  1.89284682e-02  6.23080432e-02 -1.08091189e-02 -1.20283343e-01
  3.71469073e-02 -4.19585407e-02  7.33861998e-02 -3.94706643e-04
 -2.05709524e-02 -7.78278261e-02  1.15255034e-02 -7.52535416e-03
  4.07317393e-02 -2.55546961e-02  7.34820813e-02  4.26320359e-02
 -6.59836605e-02 -2.50411704e-02 -1.02157779e-02  7.06109777e-02
 -1.21538043e-02 -2.27701664e-03  1.33777097e-01 -1.51169356e-02
 -8.58710706e-02  6.30766228e-02  5.64719737e-02 -3.97091173e-02
  9.41842422e-02 -2.51238756e-02 -7.83289894e-02 -6.32375702e-02
  1.36634335e-03 -7.38923922e-02 -6.78424239e-02  2.37237349e-01
  1.31511362e-02 -2.20186752e-03 -3.29543389e-02 -2.21025031e-02
  1.72726158e-02 -5.80878556e-02 -2.83122025e-02  5.41504845e-02
  5.68505116e-02 -5.75755024e-03 -5.79975583e-02 -1.31509071e-02
  7.23730028e-02 -5.31578325e-02  1.01274438e-02 -1.62701663e-02
  2.99728364e-02 -1.72187518e-02  2.04239599e-02 -1.83138940e-02
  3.93275246e-02  2.76797488e-02 -6.01653717e-02  8.19194391e-02
  3.48699801e-02 -1.07101597e-01 -5.18336073e-02 -1.04131305e-33
 -1.91396736e-02 -2.23304611e-02 -9.50713642e-03  2.07490809e-02
 -5.69320321e-02 -3.02180853e-02 -1.35596087e-02  7.60653755e-03
  3.01135192e-03 -5.22726364e-02 -6.89362958e-02 -5.51556842e-03
  1.47021329e-02 -2.94025801e-02  9.13318545e-02 -1.02601359e-02
 -1.62552353e-02  7.92912301e-03 -2.61949338e-02 -3.55428867e-02
  8.66223872e-03  2.54827160e-02  1.33371456e-02 -3.39004062e-02
 -6.23905240e-03  5.07846326e-02 -3.20450217e-02 -4.61072102e-02
  4.42467816e-02  2.61985268e-02 -4.34294827e-02 -9.19199362e-03
 -2.23480016e-02 -2.36211941e-02 -2.06028894e-02 -2.24427227e-02
  7.34866038e-02 -2.61052102e-02  1.17679751e-02  1.71131436e-02
 -6.51512221e-02  7.53828045e-03 -1.08233586e-01 -3.14662233e-02
 -1.04238540e-02  4.04600659e-03 -1.64856706e-02 -9.81062502e-02
 -6.47731647e-02  6.97061718e-02  3.13807763e-02  1.62461381e-02
 -1.43162474e-01  2.06470229e-02 -3.61005450e-03  3.95766310e-02
  2.27022786e-02  2.64495034e-02  4.64909300e-02  1.78528018e-02
  1.98708307e-02  1.71018634e-02  1.44164450e-02  5.95606025e-03
 -6.78945929e-02 -1.99298579e-02  6.52335212e-02  7.76012391e-02
  6.10382371e-02 -2.84627602e-02 -2.68484000e-02 -3.16508790e-03
  2.16973405e-02 -4.95916270e-02  5.48750870e-02 -2.89067696e-03
 -3.92067619e-02  5.62731065e-02  4.76551093e-02 -9.79220793e-02
  4.54926677e-02  1.54068144e-02 -1.78144313e-02  5.21610118e-02
  3.68493274e-02 -1.28038861e-02 -1.65749565e-02 -2.69151619e-03
  6.99187368e-02 -2.96088811e-02 -2.49215793e-02 -1.51214721e-02
 -1.93746183e-02  2.53879447e-02 -6.19781204e-02 -2.71581416e-34
 -9.14080366e-02  3.89040150e-02 -2.77946834e-02  4.86452915e-02
  3.43863852e-02  9.55575891e-03  9.07279626e-02 -1.66040808e-02
 -2.76107732e-02  3.79121117e-02  2.99796760e-02 -7.40481019e-02
  2.98858639e-02 -1.46596050e-02  8.74290615e-02  2.81365626e-02
  9.02502760e-02  3.43209282e-02 -3.54353562e-02 -8.84154160e-03
 -7.47879297e-02 -8.48759562e-02 -1.82304364e-02  2.22176057e-03
 -1.12100020e-02  3.58113237e-02  1.48410094e-03  1.28763884e-01
 -1.30510721e-02  6.51576221e-02  1.15849636e-01 -5.50899394e-02
  2.62900386e-02 -4.44530398e-02  3.33997644e-02  1.12612449e-01
  6.64264932e-02  7.38577265e-03  1.89000238e-02  6.50883913e-02
 -1.10480282e-02 -3.11136711e-02 -1.70992967e-02  1.38813436e-01
  6.04667887e-03 -4.71511669e-02 -5.65747805e-02  5.80868907e-02
  3.07592377e-02  5.71581200e-02 -7.08102956e-02  3.37526277e-02
 -5.20823263e-02 -6.37039193e-04  1.67401712e-02  3.43779661e-02
 -2.34290715e-02  5.71280979e-02  9.38376877e-03 -2.64091254e-03
  9.37773213e-02  8.15492123e-02 -1.81560069e-02 -5.06437942e-02
  4.16797511e-02  9.43177044e-02 -2.24859565e-02  4.27966043e-02
 -2.03417726e-02 -2.23541651e-02 -1.16392514e-02 -4.88477908e-02
 -1.37325525e-01 -7.56208180e-03  2.49223951e-02 -1.61430743e-02
 -1.96920615e-02 -2.20089164e-02 -1.58005580e-02 -8.30378681e-02
 -4.08922695e-02 -2.26179678e-02  9.46548954e-03 -6.19577914e-02
  2.58701779e-02 -4.04833816e-02  6.10281974e-02  3.21794599e-02
 -1.26804132e-02  2.78908778e-02 -7.51381554e-03  8.63052160e-02
  3.49446610e-02 -2.68471800e-03  2.19707023e-02 -1.84203248e-08
 -1.61102507e-02  4.87443432e-02  3.13729197e-02  7.89322611e-03
 -4.41492535e-02  1.37956785e-02  1.31853754e-02 -2.58878171e-02
  2.37082355e-02  9.83081833e-02  8.11580643e-02 -1.69176273e-02
  3.89312617e-02  6.60094023e-02 -5.92697598e-02  1.62311941e-02
  4.51768562e-02 -2.41187345e-02 -2.27629244e-02 -7.24077448e-02
  4.60481122e-02  9.91117582e-02  3.67743000e-02 -1.90202426e-02
 -2.29521450e-02  4.76486348e-02  5.10602929e-02  3.43951769e-02
 -2.22684816e-02 -3.99531499e-02 -1.43243335e-02  1.40101444e-02
 -1.25451330e-02  6.89348672e-03  5.99461868e-02 -1.98735535e-01
 -3.80527787e-02  3.99420410e-02  2.34884452e-02  4.35880758e-02
 -1.32788997e-02  4.20584669e-03  2.09795181e-02  6.87209740e-02
 -1.42870814e-01 -1.49797620e-02 -3.72316279e-02 -8.32295939e-02
  2.47566812e-02 -6.43794984e-02 -1.87581256e-02 -6.31820858e-02
  3.73720638e-02 -6.18896820e-03  5.46671189e-02 -1.19578550e-02
 -2.10469980e-02 -3.52183245e-02  3.37230414e-02 -9.48192179e-03
  1.60927072e-01 -5.31267338e-02  6.91444846e-04  8.48490000e-03]",0
Career_Youth_Exchange,29,"Do you have any recommendations for improvements? If yes, please share.","No, it was amazing.","No, it was amazing.",positive,0.5,False,"[-4.29979153e-02  9.54842474e-03  1.07245836e-02  2.01318711e-02
 -3.24656032e-02 -3.52567919e-02  1.65858995e-02  5.71516976e-02
 -9.50717404e-02 -6.96820999e-03  7.16825528e-03  8.72446224e-02
  5.00084162e-02  4.03098157e-03 -1.83412321e-02 -1.12724165e-02
 -1.67001449e-02 -5.33717275e-02 -2.32903697e-02 -2.80588735e-02
  1.49692940e-02  4.04007547e-02  9.32594202e-03  3.16020958e-02
  4.10749689e-02  9.59837902e-03  2.12606583e-02  1.30638611e-02
 -1.91038232e-02  4.00619302e-03 -2.18610354e-02  7.37271924e-03
 -2.35182103e-02 -5.18781021e-02  1.50564555e-02  6.88566715e-02
  5.22181801e-02 -2.06915773e-02  9.15631186e-03  4.17921096e-02
  2.92479172e-02  3.82901579e-02  6.66892752e-02 -2.93253325e-02
  4.58489954e-02 -3.02203372e-02 -3.05805053e-03 -4.92683500e-02
  2.22430825e-02 -4.91483696e-02  2.96171550e-02  5.35326404e-03
  5.69241680e-02 -8.77104327e-02  5.30128658e-04  1.56739373e-02
 -2.10382510e-02 -7.07187951e-02  2.44939942e-02 -5.04619516e-02
  1.21142194e-02  3.61594111e-02  6.01642802e-02  6.31452873e-02
  6.20146990e-02 -7.51165971e-02 -7.12558702e-02 -1.01695478e-01
  5.34631573e-02  6.97531551e-02  1.19861234e-02 -1.00261429e-02
  6.65397793e-02 -4.23198119e-02  1.61904600e-02  5.12411706e-02
 -7.37048406e-03 -8.35662801e-03 -3.61550227e-02  3.84365693e-02
  5.45587689e-02 -1.52970150e-01  7.29024503e-03 -3.52810021e-03
 -9.33537167e-03 -5.82114905e-02  4.69458215e-02  3.51686999e-02
 -5.00561520e-02  9.03715640e-02  7.95658678e-02  3.00663300e-02
 -7.81022683e-02  6.13956228e-02  5.07972948e-03 -6.17469661e-02
 -1.74230188e-02 -9.07165185e-02  2.21268218e-02  5.35859615e-02
  1.39197903e-02  3.67607586e-02 -4.42935675e-02 -6.32184073e-02
  1.72525607e-02 -3.97602022e-02  5.70982918e-02  2.05953754e-02
  1.42187849e-02 -5.95924444e-02 -7.39863142e-03  3.35796699e-02
 -1.71459578e-02 -6.48005307e-02  2.98090670e-02  2.30610073e-02
  4.97241989e-02 -9.07904003e-03 -2.89205685e-02  5.19415513e-02
  1.26826882e-01  2.66408511e-02  3.20151784e-02  6.29883632e-02
 -5.75490147e-02 -4.01843153e-02  1.75495163e-01 -6.19185184e-33
  6.29222579e-03 -2.76526678e-02 -1.65061429e-02  1.31578427e-02
  6.80590868e-02  3.63392010e-02 -3.27088423e-02 -3.21072154e-02
 -8.55331495e-02 -2.65340284e-02 -9.13700741e-03  4.63105254e-02
  2.23672134e-03 -8.85509253e-02  4.09563445e-02 -2.86969878e-02
 -6.49398640e-02  5.26850894e-02  7.56452680e-02  5.16085923e-02
 -3.08908075e-02  7.70136639e-02 -4.84490469e-02 -4.15501520e-02
 -6.19788393e-02  8.41344222e-02 -1.33630671e-02  1.38032101e-02
  1.01959839e-01  2.36765668e-02 -5.33585362e-02 -2.16370616e-02
  2.75583640e-02  3.66093256e-02  3.71470675e-02 -3.30478000e-03
  6.99891360e-04  3.05311847e-02  3.88132744e-02  5.66193275e-02
 -8.14777799e-03 -1.97721310e-02 -3.33572589e-02 -2.79105641e-02
 -5.71062043e-02  2.38901041e-02 -3.10646240e-02  3.65480706e-02
 -1.90886278e-02 -1.46218464e-02 -5.79948537e-02  4.24673855e-02
  1.14811612e-02  1.17493207e-02  1.31627331e-02  8.11101720e-02
  1.59932189e-02  8.42326656e-02  7.54980296e-02  6.29919302e-03
 -8.62063020e-02  2.47932300e-02  1.56717990e-02  3.58762406e-02
 -8.52084383e-02 -1.49498871e-02  2.37863474e-02  1.40804215e-03
  5.62643893e-02  2.66757072e-03 -5.06782643e-02 -4.78326157e-02
 -2.00133324e-02 -1.03879936e-01 -2.97034234e-02 -2.12890413e-02
 -1.24449521e-01  6.72189565e-03  3.70947062e-03 -2.55310554e-02
  6.24714009e-02  3.31406966e-02  8.09776783e-02 -1.61359515e-02
  2.86981184e-03 -2.52246521e-02 -4.05004900e-03 -4.35124077e-02
  1.46794901e-03 -7.67447278e-02 -4.09886613e-02  2.91897412e-02
  6.43188730e-02 -5.86761832e-02 -1.00039057e-01  4.87169785e-33
 -3.03229690e-03  5.82653694e-02  2.37787552e-02 -5.25948359e-04
 -5.31160831e-03 -2.36837449e-03 -8.97214562e-02 -9.50880069e-03
 -5.67080118e-02  2.26313267e-02  1.00670569e-01  9.58818011e-03
  8.58151820e-03  3.00321802e-02  2.52044238e-02  1.60556529e-02
 -9.33911372e-03 -9.37702321e-03 -1.60829630e-02 -1.77899245e-02
 -1.96118299e-02 -3.20419855e-02  4.34019007e-02 -6.58133328e-02
 -1.03490558e-02  4.99515124e-02  3.20284590e-02  1.10748589e-01
  4.24008258e-02 -4.89226803e-02  1.13556296e-01  1.64547954e-02
  2.94100344e-02  3.34985740e-02 -3.74522433e-02  9.50324088e-02
  8.74481499e-02 -1.27187334e-02 -7.19414279e-02 -4.13653255e-02
 -2.42107026e-02 -5.06447814e-02 -7.40703344e-02  1.43176198e-01
  3.97356600e-02 -1.41219711e-02 -1.02458510e-03 -1.40091125e-02
  6.03454635e-02 -1.07597401e-02 -7.81396329e-02  9.81193855e-02
 -9.47992355e-02 -5.01574464e-02 -2.24460177e-02 -4.67023514e-02
 -1.77065737e-03  1.83711369e-02  6.75954819e-02 -8.03896561e-02
 -1.14596337e-01  1.63583998e-02 -5.86463138e-02 -8.19067806e-02
  9.90062654e-02  2.56503392e-02 -2.49798559e-02 -4.95006517e-03
 -6.25483766e-02 -3.26432809e-02 -5.85675836e-02  1.85229734e-03
 -1.18722297e-01  9.43861529e-02  6.08742461e-02 -2.55438946e-02
 -7.72648724e-03  3.26909521e-03  5.39788185e-03 -4.16141264e-02
 -2.11374369e-02  6.52436959e-03  1.89130229e-03 -1.93556473e-02
  7.39608333e-02  7.28453249e-02 -2.73491368e-02 -3.95443551e-02
 -5.86514547e-02  1.22783974e-01  5.57789430e-02  4.21797158e-03
  2.69045886e-02  7.17234053e-03  8.34636167e-02 -1.83498710e-08
 -1.02201253e-02  1.01684436e-01 -6.39832094e-02 -2.05928441e-02
 -8.58632699e-02  7.99181499e-03  9.31186788e-03  7.09746629e-02
 -3.80625390e-02  7.57717043e-02 -7.94392824e-02  3.56910145e-03
  1.82262193e-02  7.29458034e-02  1.99023485e-02  8.06569308e-03
  1.25782683e-01  1.19808000e-02 -3.45032476e-02 -3.89124788e-02
  8.02847594e-02  3.65285315e-02 -4.45479155e-02 -5.93299270e-02
  4.26486135e-03  2.48392094e-02  1.65923107e-02 -4.24483754e-02
 -3.16298231e-02 -5.82981482e-02  2.08974387e-02 -6.47700131e-02
 -4.68441620e-02  3.72902118e-02 -2.73593720e-02 -5.71556613e-02
  7.25760171e-03 -3.41776907e-02  6.67793304e-02 -8.66976306e-02
  2.23243446e-03  9.34841111e-02  4.72228341e-02 -1.79309957e-02
  4.27010022e-02  4.58737090e-02 -6.30811825e-02 -6.65687919e-02
  3.61642577e-02 -8.64941403e-02  6.18021190e-03 -2.54799947e-02
 -6.30045682e-02  1.39208408e-02  1.08890258e-01 -2.32580360e-02
 -1.60941947e-02 -4.85484861e-02 -9.64159444e-02 -1.45394541e-02
  6.10808246e-02 -3.50494571e-02 -6.58678785e-02  4.23906408e-02]",3
Career_Youth_Exchange,31,"Do you have any recommendations for improvements? If yes, please share.",no I don’t have,no I don’t have,positive,0.5,False,"[-4.51440699e-02 -5.55213355e-02 -2.63113272e-03 -3.84225436e-02
  4.11315821e-02 -3.57112400e-02  1.11334637e-01  5.55423647e-02
 -2.06792839e-02 -1.42858718e-02  5.73426299e-02 -5.30809574e-02
 -6.11126646e-02 -1.04225613e-02  2.63763145e-02  8.14474374e-02
 -8.29431787e-02 -3.37820165e-02 -3.17569301e-02 -3.59080266e-03
 -6.79700971e-02 -1.17319442e-01  4.57620956e-02  5.18232025e-02
 -4.41316217e-02 -4.28093970e-02  3.46373282e-02  7.01742917e-02
 -9.87185314e-02 -1.00555293e-01 -1.62353106e-02 -2.14908551e-02
  5.64668290e-02  1.97755992e-02 -1.19527448e-02  2.76790503e-02
  2.60039065e-02 -3.88657965e-04  8.76731146e-03 -7.64433891e-02
  1.75316352e-02  1.21698584e-02  1.89501215e-02 -4.64955680e-02
  6.18237816e-02 -2.26308666e-02 -6.75643757e-02 -4.47063111e-02
  1.28601685e-01 -5.31598404e-02  1.70941651e-02 -6.91816509e-02
  2.91133281e-02  5.42743355e-02  6.84662461e-02  3.28368731e-02
  3.90379019e-02  4.22624834e-02  2.26985868e-02 -4.08484926e-03
  9.31701064e-02  7.83770159e-03 -4.90662605e-02 -5.46979792e-02
 -3.71344723e-02  3.37584391e-02 -4.02672365e-02  1.09642539e-02
  8.74218196e-02  1.18261054e-02 -5.93232699e-02  4.82413074e-04
 -3.81941125e-02 -7.34694079e-02 -1.12253157e-02 -9.25509911e-03
  3.40591408e-02 -3.49047855e-02 -4.91936654e-02  1.95526704e-02
 -6.13020174e-02 -1.81362405e-02  1.33748446e-02  1.43072857e-02
  2.76199318e-02 -2.12024078e-02  8.16337615e-02  2.46318933e-02
 -9.50441062e-02  3.01204789e-02  3.19571160e-02  1.59943700e-02
  2.71966923e-02 -3.41353454e-02  2.71686949e-02  1.09246764e-02
  6.43967241e-02 -1.86694022e-02 -3.01586371e-02  9.25696716e-02
  3.61904241e-02 -5.18193990e-02  3.23662311e-02  1.85264833e-02
  5.99805154e-02 -3.58331986e-02 -1.38198987e-01  3.86624411e-02
 -3.05666681e-02 -2.22626142e-03 -5.21209603e-03  5.79911168e-04
  1.47039490e-02 -4.53174897e-02  8.96232128e-02  1.04968613e-02
  4.85988967e-02  1.75389703e-02  1.02050275e-01 -8.59365091e-02
  9.21116676e-03 -5.31928949e-02 -6.85180724e-02  7.07569718e-02
 -1.01719767e-01 -1.47616088e-01 -2.73926090e-02 -4.10006075e-33
 -5.42747369e-03 -2.17237920e-02 -1.62150357e-02  8.16836059e-02
  3.61315161e-02  2.07038596e-02  2.39900332e-02 -2.82167029e-02
 -1.57965336e-03 -4.70148474e-02 -3.93859530e-03 -2.68375874e-03
 -6.10167235e-02 -1.45943463e-02 -6.59134015e-02  4.15602215e-02
  5.49953729e-02  5.84046394e-02  3.36864367e-02  2.64651012e-02
  1.04472414e-02  9.15404502e-03 -5.61676994e-02  7.54467770e-02
  2.64700670e-02  1.16920501e-01 -7.15771923e-03 -3.12947668e-02
  6.98520616e-02  2.65803877e-02  1.75939836e-02 -4.77560386e-02
 -1.39440065e-02 -1.15516158e-02 -3.95686366e-02  5.00125252e-02
  2.08872762e-02 -2.42561824e-03 -5.50803123e-03 -5.22741340e-02
 -8.88497308e-02  3.54021564e-02 -6.31395951e-02 -3.64916660e-02
  1.39106798e-03 -1.09050944e-01  7.34092668e-02 -3.87899876e-02
 -2.37030745e-03  7.75669143e-02  1.80656668e-02 -1.26695568e-02
 -5.88384569e-02 -1.11020841e-01 -3.14878933e-02 -3.25084403e-02
  1.02120087e-01  1.95686035e-02  5.38706966e-02  5.99424914e-03
 -1.18505768e-02 -2.58878451e-02  1.49847940e-03 -4.25703637e-03
  3.14188725e-03 -3.79199050e-02 -6.31162524e-02 -2.29985025e-02
  1.61528550e-02 -7.39620775e-02 -3.84470224e-02 -4.10179645e-02
 -1.83256958e-02 -4.03789943e-03  6.83311000e-02 -4.37025502e-02
  2.77624419e-03  9.49257985e-02 -3.03446804e-03 -6.34513721e-02
 -2.09555645e-02 -8.66870210e-03 -4.41329852e-02  2.09758393e-02
  2.34918240e-02 -2.54275892e-02  4.51629832e-02  1.78091682e-03
 -4.25442401e-03 -5.57727739e-02 -1.25061590e-02 -3.44282538e-02
  8.04452151e-02  5.00710867e-03 -4.57526930e-03  1.19277742e-33
 -1.03659816e-01 -4.36029360e-02  2.99301967e-02 -3.67688760e-02
  3.52550410e-02  2.96537485e-02  8.87404904e-02 -1.24920830e-02
 -5.44033619e-03 -2.29919702e-03  7.29005858e-02  1.45703899e-02
 -2.51415912e-02  3.76078114e-02  1.17801785e-01  2.17299280e-03
  4.23473353e-03  1.64512713e-02  1.38359200e-02 -4.10534069e-02
 -6.84988052e-02  8.53769109e-03  6.39609396e-02  4.29139808e-02
 -2.41829231e-02 -2.80562900e-02  4.34375033e-02  2.10267510e-02
 -4.50340547e-02  4.70917765e-03  4.80301306e-02 -2.57050321e-02
  9.48725361e-03 -1.36504527e-02 -8.51571485e-02 -8.63218829e-02
  3.34418230e-02  4.39825188e-03 -3.62138711e-02 -4.05446738e-02
  7.95472786e-03  2.44918652e-02 -7.95523003e-02  1.05194137e-01
 -1.59228966e-02  8.06067288e-02  3.06831691e-02 -1.91347562e-02
  1.21885777e-01  5.98062351e-02  1.10443503e-01  4.65927012e-02
 -1.44970790e-01 -6.97163567e-02 -1.06500052e-02 -4.97944765e-02
 -1.37950629e-02  5.94874611e-03  2.94936448e-02  2.75961850e-02
  1.33639947e-01  7.46772066e-03 -7.83532485e-02 -2.48560365e-02
  5.81200644e-02  4.34098914e-02  5.94588853e-02  5.17402822e-03
 -8.72184411e-02 -2.37302016e-03 -9.86899659e-02 -7.43592009e-02
  4.20568045e-03 -2.50985175e-02  5.50144650e-02 -5.75030362e-03
 -1.43432897e-02  3.35578322e-02 -2.90854052e-02  1.00568021e-02
 -7.30843795e-03  3.80384433e-03  4.81474847e-02 -6.96315542e-02
  6.88065812e-02 -4.48627211e-02  3.78810354e-02  3.08198109e-02
  4.34808284e-02 -8.74883402e-03 -2.47564409e-02  5.59732430e-02
 -4.63406853e-02  1.35595370e-02  5.15203774e-02 -2.08184883e-08
 -4.06057620e-03  6.98341727e-02  8.75953957e-02  1.98598523e-02
  3.56477909e-02  2.95150056e-02  3.43229435e-02 -5.66940233e-02
  2.17038505e-02 -3.06267831e-02  1.25464620e-02 -1.53130665e-02
 -8.54940042e-02 -3.27544436e-02  5.05784266e-02  2.03621164e-02
  3.54691297e-02  9.21460241e-03 -1.46151176e-02 -1.86019596e-02
  5.44071943e-03  1.11153714e-01  4.77454290e-02 -1.30656920e-03
  4.00936678e-02  8.56588185e-02  2.53105722e-02 -2.86344737e-02
  2.10301280e-02  1.44307222e-03 -2.67368872e-02  1.37959510e-01
  5.13694957e-02 -8.23082924e-02  1.95324756e-02  3.57988216e-02
 -2.70363111e-02  4.92239781e-02  3.88221331e-02  1.91579852e-02
  9.05312821e-02  4.30048909e-03  1.18427143e-01  2.47076210e-02
  5.46248397e-04  2.31694486e-02 -1.19218431e-01  1.85877196e-02
  3.15145440e-02 -1.91279035e-02  3.03495862e-02 -6.90463111e-02
  1.92842390e-02  2.38665994e-02 -7.93759748e-02 -7.63063952e-02
  1.48743484e-02  2.81581213e-03  5.12121096e-02 -6.06320985e-02
  3.18036303e-02 -6.18010387e-03 -9.90371183e-02 -8.84066001e-02]",0
Career_Youth_Exchange,32,"Do you have any recommendations for improvements? If yes, please share.",nothing,nothing,positive,0.5,False,"[-2.07561031e-02 -1.29990606e-02 -1.55254863e-02  3.36507186e-02
  3.80294211e-02  1.40651744e-02  4.48634401e-02 -4.89092208e-02
  1.91769861e-02 -3.13066803e-02  3.06905154e-02 -1.09684668e-01
 -1.24829940e-01 -1.55369993e-02 -9.73045602e-02  4.71629649e-02
 -4.02004644e-02 -7.25592673e-02 -9.55158770e-02 -3.28674540e-02
 -3.87849398e-02 -4.60854582e-02 -2.59458162e-02  2.76494529e-02
 -1.51052475e-01  8.95918012e-02  1.41695933e-02  4.91935126e-02
 -3.50645706e-02 -7.34818578e-02 -2.19010934e-02 -1.52943209e-02
  3.21804062e-02 -1.59342606e-02  1.36418873e-02  6.05261838e-03
  4.02864143e-02  1.73643623e-02 -6.68321270e-03 -6.11670353e-02
  4.12383154e-02 -5.14347628e-02  2.37791501e-02 -1.32020731e-02
  7.32439663e-03  1.20320516e-02  3.20531949e-02 -6.02819258e-04
  5.25416322e-02  7.80786052e-02  1.41522055e-02 -6.36407221e-03
 -3.12492792e-02 -4.67024259e-02  1.56420493e-03 -5.20335995e-02
 -6.86773062e-02  8.28154460e-02  5.67711815e-02 -1.95133425e-02
  1.64676234e-02  2.22863890e-02 -1.02796018e-01  6.15544468e-02
  6.45469055e-02 -9.39345658e-02 -4.14888300e-02 -7.36553967e-03
  6.86147111e-03 -1.80465151e-02  3.54410186e-02  1.37803575e-03
 -6.35292083e-02 -2.86971009e-03  3.26832533e-02 -8.18148926e-02
  2.61830781e-02 -1.39806405e-01  5.70004694e-02  1.23317381e-02
 -6.46554008e-02 -3.06252134e-03 -3.46119516e-02  1.04248971e-01
  5.95692396e-02 -1.32966870e-02  8.06374252e-02  1.46472184e-02
 -9.65805426e-02  3.18568833e-02 -1.20230373e-02 -4.05978225e-02
  1.55398631e-02  4.21282351e-02 -6.57818764e-02  1.19245395e-01
 -7.46528432e-02 -1.13589428e-02 -8.24740008e-02  2.23767564e-01
  3.68425511e-02  2.91625485e-02  4.60219681e-02  5.23935035e-02
  1.44069865e-02  1.44592309e-02 -1.81940738e-02  7.37147825e-03
 -1.84960235e-02  2.11480800e-02  1.91763043e-02  4.14047539e-02
 -6.14936352e-02  7.05736056e-02 -4.04196829e-02  5.96396253e-02
  5.76781854e-02  2.34365035e-02 -8.30433071e-02 -3.20041440e-02
  1.49245253e-02 -8.12462159e-03 -1.99654587e-02  8.58545527e-02
 -6.50011599e-02 -4.50278958e-03 -8.47893134e-02 -3.80407568e-33
  9.90243033e-02  1.67644657e-02 -2.82409564e-02  8.21138993e-02
  9.28070117e-03 -8.30357894e-03 -3.57692153e-03 -3.85112013e-03
  4.33125831e-02  8.79087597e-02  3.24865989e-02  2.79622152e-02
 -4.66809832e-02  5.35943508e-02  1.00150861e-01 -1.94678083e-02
 -4.59821597e-02  4.83240932e-02  7.75898993e-02  1.13322902e-02
  5.19035310e-02  1.07396301e-03 -1.24613084e-02  9.09638554e-02
  2.41466202e-02  2.50417870e-02 -3.05898953e-02 -1.20393932e-01
 -2.25542244e-02 -1.91610605e-02 -1.29655391e-01  4.50270139e-02
  1.04380541e-01 -1.84407439e-02 -6.17993213e-02  3.03862877e-02
 -3.54902633e-02 -3.44974622e-02 -6.37090672e-03 -6.83474988e-02
 -4.12994735e-02 -1.08593339e-02 -1.39052883e-01 -3.05567011e-02
 -2.01106593e-02 -8.97380710e-03  3.30189839e-02  1.07520763e-02
 -4.82269796e-03  4.61406447e-02 -3.47554088e-02 -2.27580853e-02
 -5.91570213e-02  2.30483320e-02 -9.08338055e-02 -3.99222923e-03
 -1.17873158e-02 -2.99138436e-03  3.69197614e-02  2.75719389e-02
  1.28679842e-01  6.32401630e-02 -2.85130385e-02 -4.10021693e-02
 -3.56291011e-02 -9.50261112e-03  6.93717226e-03 -3.59573215e-02
  1.35257110e-01 -4.70652431e-03 -6.53412193e-02  1.46542792e-03
  1.50769010e-01  1.12217981e-02 -3.29476036e-02  4.40558046e-02
 -5.64431846e-02 -4.55245040e-02 -5.46225859e-03 -8.43932107e-02
  3.12474314e-02 -4.74201739e-02  3.93118989e-03 -1.47367315e-02
  3.88711616e-02  2.33287830e-02 -2.43411213e-03  4.18367498e-02
  1.65247056e-03 -4.36967239e-02 -9.68138396e-04 -3.00933123e-02
 -1.26413433e-02 -2.82485113e-02 -4.58094589e-02  3.43258162e-33
 -1.18017979e-02  2.35769972e-02 -3.92255513e-03  8.44209343e-02
  2.32869876e-03  4.11722176e-02 -5.05021680e-03  8.53489265e-02
  4.36623953e-02  3.14917578e-03  6.65635020e-02 -5.37215918e-03
  3.06180082e-02 -1.28997182e-02  3.27974446e-02  1.86818335e-02
  4.69179340e-02 -2.16415729e-02  1.74174842e-03  3.58503051e-02
  3.98573019e-02  4.92235869e-02 -7.84825999e-03  5.93872415e-03
 -2.00514477e-02  6.09962782e-03  3.12675647e-02 -5.10199480e-02
  1.80485565e-02 -1.21337129e-02  1.64212421e-01  2.24767346e-02
 -4.19248492e-02 -7.61928177e-03  5.36756739e-02  1.53725073e-01
  4.26266044e-02 -3.16494368e-02  4.16788505e-04 -5.70325693e-03
  2.29337085e-02  5.07506542e-03  7.33838370e-03  5.17230928e-02
 -7.29260407e-03  2.95033827e-02  3.19604995e-03  3.42084877e-02
  5.22508111e-04 -1.96387209e-02  2.78630070e-02 -2.38175016e-05
  2.25373488e-02  3.67023945e-02 -8.58054310e-03  2.51544677e-02
 -1.68003384e-02  4.34345799e-03  1.92539133e-02  2.95398086e-02
  5.98531589e-02  4.42813262e-02 -5.09339124e-02 -5.43320226e-03
 -3.39458399e-02  7.14514032e-02  2.49910308e-03 -1.64575037e-02
  2.45866049e-02 -1.47269536e-02  4.98679578e-02 -2.62368303e-02
  3.78599316e-02 -4.17560749e-02 -2.80305613e-02  6.41837269e-02
 -5.16244629e-03  2.70755365e-02 -1.24585703e-02 -7.03397905e-03
 -7.06919730e-02 -6.56700805e-02 -1.50873782e-02 -3.92229222e-02
  5.21258228e-02 -2.82713622e-02 -2.51422618e-02  9.53462049e-02
  7.08081126e-02 -7.64769241e-02 -4.99103591e-02  6.08814992e-02
 -5.97190410e-02  5.97313941e-02  5.01900399e-03 -1.30653923e-08
 -3.07473969e-02 -9.25661810e-03 -6.38611168e-02 -2.23831106e-02
 -3.37494984e-02 -1.56146269e-02  2.17685755e-02  1.75230019e-02
  4.06289399e-02  1.38404565e-02 -3.21101194e-04  6.48640171e-02
  4.06066375e-03  1.60574336e-02 -4.75533446e-03  2.38570627e-02
 -3.50678861e-02 -3.57458964e-02 -2.06493586e-02 -4.42749225e-02
 -8.67951140e-02 -1.51773831e-02  4.11277525e-02  2.92717782e-03
 -2.63422560e-02 -1.63238440e-02  5.99836446e-02  1.42840415e-01
  1.12727666e-02  3.03731337e-02 -3.24028730e-03  4.95124049e-03
 -4.20650989e-02  6.38918281e-02 -4.59650122e-02  9.28455498e-03
 -2.54641566e-02 -1.30162854e-03  4.56368998e-02 -2.91202590e-02
 -3.84334773e-02  3.68206277e-02  2.09867265e-02 -4.52269278e-02
 -1.31658688e-01 -9.65707470e-03  3.11045256e-03  3.55858468e-02
 -1.27695939e-02  1.65668093e-02  6.18322827e-02  1.69032197e-02
 -6.58877864e-02  6.71070144e-02  9.23254415e-02 -1.23057365e-02
  6.42470038e-03  6.85306787e-02  2.17066091e-02  1.35489618e-02
  1.24140315e-01 -7.29170665e-02 -8.81987810e-02  6.36151433e-03]",3
Career_Youth_Exchange,33,"Do you have any recommendations for improvements? If yes, please share.","I don't think there is something to improve, keep doing like this, you did an amazing job!","I don't think there is something to improve, keep doing like this, you did an amazing job!",positive,0.8588,False,"[-4.12882194e-02 -2.20982917e-02  7.28862286e-02  4.12421906e-03
 -2.69635357e-02 -3.79703455e-02 -5.35712577e-02 -5.13028093e-02
 -5.81151694e-02 -4.94214259e-02 -5.55324405e-02  5.45900874e-02
  1.08878342e-02  2.00367812e-02 -1.70711149e-02  3.80381346e-02
 -1.79202408e-02  7.42017925e-02 -1.35705248e-01 -1.60241853e-02
  2.44926214e-02 -4.27987101e-03  6.94806427e-02  1.91814788e-02
 -1.17903173e-01  6.24164008e-02 -7.42105693e-02 -2.31591298e-06
 -2.86496244e-02 -1.03021495e-01 -3.96023989e-02  1.45999705e-02
  7.63730705e-02 -2.61930823e-02  2.32429300e-02  6.31158352e-02
 -6.49179332e-03  6.51979670e-02  7.43569760e-03  1.41603523e-03
 -2.05737259e-02 -7.29422597e-03  3.31842378e-02 -3.21282446e-02
 -1.06219808e-02  2.80170906e-02  2.75299326e-02 -5.57340309e-02
  5.10621630e-03 -1.65890940e-02 -1.16897590e-01 -4.47882526e-03
  8.61343276e-03 -5.97234629e-02 -5.00189587e-02  7.73284733e-02
  1.91410072e-02 -3.04903369e-03  2.02357378e-02 -8.55323076e-02
  7.29729608e-02  8.94280449e-02  3.54501493e-02  2.36750431e-02
 -1.17694661e-02 -7.17498884e-02 -1.05303116e-02  1.92466173e-02
 -1.60685237e-02  9.99804586e-02  2.71652248e-02  8.38520378e-02
 -7.87603296e-03  4.04099338e-02  2.57343333e-03  2.70928033e-02
 -6.32279739e-02 -1.47422473e-03  3.14186439e-02  6.02602139e-02
  1.98591556e-02 -2.63080988e-02  9.11335181e-03  8.21548477e-02
 -3.33337896e-02 -7.60362372e-02 -1.77609629e-03 -1.03051096e-01
 -4.94222082e-02 -4.14505303e-02  4.09403183e-02  8.68127719e-02
 -1.53271109e-03 -8.22234200e-04 -2.81898789e-02  1.48896629e-03
 -4.06565983e-03 -5.61796539e-02  3.43946368e-03  8.84889662e-02
  4.85292199e-04 -5.80340344e-03 -1.44721204e-02 -7.92509094e-02
 -3.83935422e-02  3.46886776e-02  4.09355648e-02  9.01621506e-02
 -5.83552718e-02  3.23230103e-02  6.30961880e-02  6.89973012e-02
 -9.02714059e-02  5.02909487e-03  8.41277745e-03  4.01173085e-02
 -2.25492660e-02 -2.45973095e-02 -3.42402607e-02  7.11248666e-02
  5.81750236e-02  4.43914458e-02 -1.73366684e-02  4.99831280e-04
 -5.96654490e-02 -2.83536548e-03  2.41295360e-02 -3.70081695e-33
  5.46937361e-02  7.37519935e-02 -4.21825843e-03  5.76897822e-02
  2.32530273e-02  5.71742691e-02 -5.76235205e-02  3.91821414e-02
 -4.06621583e-02 -2.65244637e-02 -2.81890053e-02 -2.76677702e-02
 -3.71377752e-03  2.65421346e-02 -1.39585771e-02 -9.77808237e-02
 -7.26717189e-02 -4.68070023e-02 -7.12042965e-04  6.60893992e-02
 -3.86562292e-03 -1.22616410e-01 -6.07947074e-03 -2.74884310e-02
  5.02346791e-02  4.32289205e-02  6.01627789e-02  9.03936010e-03
 -1.70937069e-02 -3.62080382e-03 -3.75507250e-02  6.44457415e-02
 -4.72532697e-02 -4.03742306e-03 -7.46141300e-02 -3.77482772e-02
  2.19380204e-02 -1.90250892e-02  6.50705919e-02 -2.84554921e-02
  2.16610786e-02  4.58945483e-02  6.47452101e-02 -2.41976436e-02
 -4.92227450e-02  3.71510796e-02 -8.65922216e-03 -2.98419707e-02
 -2.46238783e-02  9.21529755e-02  2.15223599e-02 -8.36108997e-03
  1.96019337e-02  8.59375112e-03 -4.54076566e-02 -6.23420663e-02
 -3.33710462e-02  7.76063949e-02  3.58474511e-03  2.04920527e-02
  1.01790130e-02  2.63120532e-02 -1.42461788e-02 -4.20335680e-02
 -2.12930553e-02 -4.69135679e-02  1.90529972e-02 -5.43275848e-04
  5.07896068e-03 -1.81019679e-02  6.36190921e-02  6.57376274e-03
  8.58549252e-02  2.65485458e-02  6.30201623e-02 -2.48873793e-02
 -1.02225833e-01 -8.69435295e-02 -2.08119433e-02 -6.63405731e-02
  6.40686676e-02  4.51854691e-02 -2.09168810e-02 -1.51977837e-01
  3.89014669e-02 -5.27073927e-02 -5.08284708e-03  4.82565016e-02
  7.99537599e-02  5.97666502e-02 -3.32941823e-02  1.63126888e-03
  1.66305434e-02  6.68925345e-02 -3.26588340e-02  1.98277171e-33
  4.49305512e-02  8.04289356e-02  3.12606581e-02  3.11114546e-02
 -1.06502855e-02  2.69470271e-02  1.92344263e-02 -1.09147048e-02
 -4.06920817e-03 -7.34181330e-03  3.71627361e-02  3.56018469e-02
 -6.87739998e-02 -5.95454276e-02 -4.59663048e-02 -3.09843738e-02
 -2.99639534e-02  5.94351776e-02 -5.72888181e-02 -1.51874060e-02
 -6.35483488e-02  1.40795648e-01  3.89736407e-02 -5.35403437e-04
 -6.39052643e-03  4.80281487e-02  8.86017270e-03  3.66759226e-02
  1.08748466e-01 -2.08595451e-02 -3.90837230e-02 -1.42444884e-02
 -6.24834932e-02 -1.01777008e-02  4.89021838e-02  2.09244695e-02
  1.18743330e-02 -7.96236694e-02 -5.15690036e-02  3.37761603e-02
 -9.67518426e-03 -2.56742332e-02 -2.72697303e-02 -3.47274877e-02
  5.62797347e-03 -4.44012806e-02 -1.09166568e-02 -6.08371794e-02
 -5.87909035e-02  5.88269569e-02  8.64897948e-03 -1.92157980e-02
 -1.14854343e-01 -1.94457769e-02  2.81907991e-02 -1.24958958e-02
  4.95026074e-02 -1.14232481e-01  8.90998840e-02  4.05284166e-02
 -9.89974588e-02  7.28351027e-02  1.32042554e-03 -1.67466793e-02
  1.62516534e-01 -5.41134328e-02 -3.56288850e-02  1.34984078e-02
  3.80325876e-02  4.99859080e-02 -9.21544880e-02 -1.80526040e-02
 -1.77269336e-02  2.10672244e-02  1.07771456e-02 -1.54966693e-02
  4.04108353e-02 -5.02088517e-02 -3.86086181e-02 -2.24704854e-02
 -2.26677186e-03  2.99044065e-02 -1.23360297e-02 -3.48319113e-02
  3.51046817e-03  1.41902640e-01 -4.07557823e-02  6.09953329e-02
 -1.56414025e-02  4.46028337e-02 -8.35523084e-02  6.43008128e-02
  2.30166260e-02 -1.37779508e-02  1.43978847e-02 -2.75061840e-08
 -8.22421815e-03 -6.41269726e-04 -3.22669856e-02  8.50039274e-02
 -5.39789349e-03 -7.90491626e-02 -6.77789003e-02  6.27749711e-02
 -1.11059472e-02 -1.11128122e-01  6.24058731e-02 -3.75376604e-02
 -1.40727796e-02  6.18007556e-02  6.01721033e-02 -5.42264841e-02
  4.80584651e-02  9.83912125e-02 -3.79483448e-03 -1.60654768e-01
  2.62743467e-03  6.50460571e-02 -4.32394072e-02  4.06434806e-03
 -1.39644956e-02 -2.88255028e-02  4.55986969e-02  2.72860620e-02
 -1.05449475e-01 -5.75398654e-02  8.16210061e-02 -2.66188905e-02
 -2.03639921e-02  3.05059608e-02  6.04969077e-03  2.24413499e-02
  6.96305782e-02 -5.55346571e-02 -5.14552929e-02 -1.00075835e-02
 -1.04268923e-01 -3.05987336e-02  1.01465903e-01  3.90918292e-02
  5.79143735e-03 -3.51968110e-02  5.67141082e-03  3.76722254e-02
  1.21778408e-02 -1.16670005e-01  3.28792296e-02  1.84762869e-02
  6.39747037e-03 -1.59531776e-02  3.68592590e-02 -2.41707638e-03
  3.51503491e-02  1.50677357e-02 -4.61744592e-02  1.05217926e-01
 -1.45458896e-03  3.26136872e-02 -5.47099486e-02  8.58571157e-02]",2
Career_Youth_Exchange,36,"Do you have any recommendations for improvements? If yes, please share.","No, everything was fine.","No, everything was fine.",positive,0.5,False,"[ 1.93860959e-02  3.48293502e-03  2.20478773e-02  1.75476819e-02
  2.23402157e-02 -6.36524409e-02 -5.43320067e-02 -5.10169305e-02
 -1.43706650e-01 -3.68630588e-02  8.75795484e-02  9.30945054e-02
  1.22252339e-02  4.73270081e-02  2.40340289e-02  6.34052930e-03
 -4.24579605e-02 -4.86176684e-02 -1.21236466e-01  8.17607120e-02
 -9.02678594e-02  3.70262749e-02 -5.74977472e-02  1.87404621e-02
 -2.66526937e-02  6.38015792e-02 -3.37885618e-02 -5.85936708e-03
 -1.67060201e-03 -4.97241989e-02 -6.45706654e-02 -5.12482487e-02
  4.69779335e-02 -6.65075183e-02  4.53083478e-02  5.38857654e-02
  8.27164724e-02 -7.81580508e-02  3.11114476e-03  1.20547246e-02
  2.28883196e-02  2.26185340e-02 -4.21151891e-02  2.34652609e-02
  3.87523398e-02  2.11718008e-02  7.49525577e-02 -5.64716160e-02
  2.29752474e-02 -4.44673151e-02  6.78087175e-02  8.64038896e-03
  6.81606531e-02 -1.76538676e-02  6.86686561e-02  7.64870942e-02
  4.48850542e-02 -3.48724686e-02  8.67542103e-02 -2.76520476e-02
 -4.78828140e-02 -9.46342666e-03  7.52798608e-03  1.10767931e-01
  7.08350986e-02 -2.60758828e-02 -8.50862041e-02 -1.22209184e-01
  7.20388740e-02  9.80171859e-02 -1.80482287e-02 -8.87499284e-03
  5.87993711e-02 -1.36390477e-02 -4.49138060e-02  2.60346085e-02
 -5.02376491e-03 -3.49929444e-02  3.95979099e-02  4.53796498e-02
 -2.41152178e-02 -8.89982954e-02 -2.97127329e-02 -1.12395184e-02
  5.61584346e-02 -3.53569128e-02  6.60025701e-02  4.48434800e-02
 -2.92102844e-02  4.32733595e-02  5.67973852e-02  1.70332678e-02
  7.21410289e-02  7.34740347e-02  4.09298996e-03 -4.32236232e-02
 -8.33008159e-03 -9.10905600e-02 -2.80836876e-02  6.08057156e-02
 -3.59827764e-02  6.74041659e-02  1.81323790e-04 -3.60223539e-02
 -2.26181168e-02  1.68931279e-02  2.03029960e-02  4.04016301e-03
 -6.55131638e-02 -2.09111702e-02 -3.04282308e-02  1.90415811e-02
  5.32841347e-02  1.52540617e-02  7.18390569e-02 -4.03736681e-02
 -3.77059728e-02 -4.57471348e-02 -4.61498983e-02  1.02054710e-02
  3.45351137e-02 -2.84355618e-02 -1.85589455e-02  9.18253735e-02
 -4.68339138e-02  8.00806191e-03  1.22778125e-01 -5.67884186e-33
  8.33690241e-02 -7.63797713e-03 -5.65225817e-02  5.28637432e-02
  6.02689907e-02  1.67355295e-02 -1.36697683e-02  5.03459666e-03
  4.56939079e-03  1.10796336e-02  7.56528229e-02  3.00314575e-02
 -4.10418399e-02 -8.47225636e-02  2.58884812e-03  7.67710805e-02
 -2.86924727e-02  1.02430426e-01  3.35555896e-02  4.36009839e-02
  1.31953824e-02 -5.36275655e-02 -6.51108846e-02 -1.01310071e-02
 -8.48357752e-03  1.33175060e-01  3.38911563e-02  1.50645887e-02
  1.71238314e-02  2.74882140e-03 -1.00598507e-01  1.14979912e-02
  1.07190557e-01 -4.90916288e-03  4.21105586e-02  5.08712977e-02
 -2.65652612e-02  3.82345915e-02 -3.02657913e-02 -1.64184459e-02
 -3.61215137e-02  2.73986487e-03  4.92108706e-03 -2.29838826e-02
 -8.02533403e-02  4.00229497e-03 -3.85544822e-02  2.85814926e-02
 -9.31566134e-02 -2.17364007e-03 -1.20220251e-01  8.79202224e-03
  4.03723083e-02 -1.53881814e-02 -6.97828531e-02  8.12986419e-02
 -9.84154269e-03  4.60736118e-02  7.65237026e-03  2.24454608e-02
  1.99812613e-02  3.55627537e-02 -3.48255667e-03 -8.57296810e-02
 -2.37617902e-02 -1.81214008e-02 -2.30878834e-02  4.05195430e-02
  2.26905160e-02 -4.14530374e-02 -8.26553702e-02 -5.83894737e-03
  2.45508589e-02  5.94318062e-02 -1.52562261e-02  8.25666338e-02
 -9.73195657e-02 -3.33574750e-02 -4.20524739e-02 -4.19637635e-02
  1.06973365e-01  2.88958419e-02  8.46586451e-02 -6.97674509e-03
 -1.05499104e-02  7.39599299e-03  5.50055690e-02 -1.81157538e-03
 -3.44746895e-02  5.83977140e-02 -1.39803374e-02  6.73741326e-02
  8.73327851e-02 -6.15990423e-02 -1.25775397e-01  3.04189634e-33
  3.41701461e-03  6.26192540e-02 -4.69045602e-02  2.40436457e-02
 -5.45518398e-02  3.53069305e-02 -3.80863547e-02  1.00300238e-02
  1.08719338e-02  2.57886816e-02  7.01496899e-02 -5.80640696e-03
 -1.09959291e-02 -3.66973430e-02  3.31774019e-02  6.39557689e-02
  1.06183980e-02 -2.62133125e-03  7.55285472e-02 -1.09516261e-02
 -1.46798491e-02 -3.34875099e-02 -4.45747748e-02 -1.18371109e-02
 -3.05439699e-02  6.41825348e-02  2.64887437e-02 -1.60332536e-03
 -3.17986943e-02  2.80417614e-02  1.47491693e-01 -3.30980010e-02
 -1.76500287e-02  5.53198308e-02  1.65994409e-02  3.01598888e-02
  6.02268055e-02 -3.02147269e-02  6.23963261e-03 -1.39674112e-01
 -4.15125266e-02 -7.78651843e-03 -9.73270759e-02  1.77620217e-01
  2.36168429e-02 -3.68051119e-02 -1.86770074e-02 -9.22412649e-02
  4.61549349e-02  2.27997024e-02 -3.96510772e-02  8.24621296e-04
  7.05786655e-03 -4.01200391e-02  8.36119615e-03  2.41129342e-02
  3.16517875e-02 -1.48033118e-02  2.76198355e-03 -5.57374693e-02
 -6.01404980e-02 -3.54531803e-03 -7.52621237e-03 -1.31910220e-01
  5.28995208e-02  8.61781766e-04 -3.56183387e-03 -4.75403331e-02
  6.69289902e-02 -2.80510001e-02  1.81660056e-03 -5.08830920e-02
 -6.31221160e-02 -7.53894332e-04  7.26356134e-02  4.77925083e-03
 -6.32611290e-02 -3.22211497e-02 -2.50131972e-02  4.78049256e-02
 -7.04105524e-03  2.26368830e-02 -1.82042215e-02 -4.10641953e-02
  8.08653980e-02 -6.04573525e-02  2.20987871e-02 -8.59599710e-02
 -8.68973415e-03  1.20640295e-02  6.07784512e-03 -2.49546748e-02
  6.14851713e-02  3.66418771e-02  2.14334857e-03 -1.78258244e-08
 -1.55845452e-02  7.03010559e-02 -7.57923946e-02  4.45771031e-02
 -3.24664973e-02 -4.07579588e-03  2.79725380e-02  8.09146464e-03
 -2.84209121e-02  1.25509113e-01 -1.42179847e-01 -7.22027570e-03
  1.16340825e-02  1.98251195e-02  2.53489912e-02  1.53889428e-04
  3.56126241e-02  5.16261812e-03 -6.76894933e-02 -9.07430705e-03
 -9.92550887e-03  4.99647744e-02 -5.28913401e-02  1.69783123e-02
  5.18573895e-02  3.56441848e-02  4.40114550e-02 -4.03661281e-03
 -1.74997188e-02 -3.36493626e-02  9.37374681e-03 -1.57378092e-02
 -4.31655049e-02 -5.22642443e-03 -5.12977317e-02 -6.00895956e-02
 -3.66953202e-02 -8.35036673e-03  5.59685454e-02 -5.73232807e-02
 -1.24822389e-02  6.30142242e-02  6.86801150e-02  1.35068325e-02
  2.62793200e-03 -2.10357662e-02 -4.93009668e-03 -2.80818008e-02
 -2.22420748e-02 -1.17726050e-01  1.28215095e-02  3.21579017e-02
 -4.84795347e-02 -1.02012437e-02  6.39234707e-02 -7.46678188e-02
 -3.34830992e-02 -5.43699190e-02 -1.09673385e-02 -5.87159209e-02
 -1.60453562e-02 -4.67270128e-02 -6.65657967e-02 -6.40492048e-03]",3
Career_Youth_Exchange,39,"Do you have any recommendations for improvements? If yes, please share.",Organize local table at the end of Project and not way after because it's complicated to organize it afterwards,Organize local table at the end of Project and not way after because it's complicated to organize it afterwards,positive,0.5,False,"[ 6.57556951e-02 -1.22752870e-02 -1.77779626e-02  3.13737467e-02
  4.28607874e-02 -3.06859659e-03 -2.78416704e-02 -6.96810894e-03
 -3.84264663e-02  1.07064925e-01  3.01331319e-02  4.03316505e-03
 -1.53168654e-02  5.24445660e-02 -9.36964899e-02  1.79791078e-02
 -2.91248243e-02 -2.30784286e-02  2.54360065e-02  1.44870281e-02
  5.63629030e-04 -8.83258786e-03  7.09675401e-02  2.41661463e-02
  7.28141814e-02  1.23838738e-01  1.74180511e-02  3.01458519e-02
 -7.08581065e-04 -3.43699344e-02 -4.66049984e-02  6.51824325e-02
  4.83324379e-03  4.68753763e-02  1.08531658e-02  9.82095301e-02
 -1.79207548e-02  6.56325221e-02 -4.16837446e-02 -3.58794630e-02
 -7.60897398e-02 -4.57194820e-03  1.48354070e-02 -3.96534335e-03
 -1.00983791e-02 -7.65886083e-02 -2.85418555e-02 -6.95821047e-02
 -3.58363949e-02 -9.68339015e-03  2.55803252e-03  2.06552688e-02
 -5.22430018e-02 -1.95211470e-02  1.53511530e-02  1.09988853e-01
  6.09549806e-02 -6.74093291e-02 -1.99431386e-02  1.62896998e-02
 -2.56407983e-03  1.95487291e-02  2.67602713e-03 -4.29026261e-02
  3.67381498e-02  8.69615600e-02  5.83030749e-03  7.85392225e-02
  3.11033297e-02  1.43025173e-02  4.20982577e-02  1.30702518e-02
 -6.54450282e-02  5.04703782e-02 -1.96810905e-02 -2.06938498e-02
 -4.87331077e-02 -6.54794602e-03  2.83295079e-03  4.42296732e-03
 -3.37686874e-02  6.05530813e-02  7.08537700e-04  1.61781665e-02
  3.97887789e-02 -1.38971768e-02  5.12960739e-02 -3.02256842e-04
  2.01574694e-02 -5.22246659e-02 -4.54404615e-02 -1.96705963e-02
  1.83041226e-02  7.69883906e-03 -6.44898321e-03 -3.48821394e-02
  1.15820900e-01 -3.02669890e-02  5.40543012e-02  3.20131443e-02
 -5.68679012e-02 -3.51271778e-02 -1.02118030e-02  2.99495365e-02
 -3.28693055e-02 -6.99134693e-02 -1.39608467e-02 -4.48025130e-02
 -2.24533547e-02 -5.78620136e-02 -4.74888161e-02  2.03868821e-02
 -9.66340527e-02 -9.80621576e-02 -9.58726034e-02  6.30821437e-02
 -1.82789154e-02 -2.12985873e-02  4.78774961e-03 -4.88338359e-02
  1.81754753e-02  7.36157596e-03 -1.90309882e-02  6.99176714e-02
  6.46097120e-03  5.73792644e-02 -1.37819294e-02 -3.17933496e-33
  3.05688684e-03 -3.74045633e-02  1.48917837e-02  4.27045487e-02
  1.30475551e-01  1.29094748e-02  7.26288855e-02  1.11041918e-01
 -5.15060360e-03 -2.33497266e-02  6.17100336e-02 -5.54157188e-03
  2.18858384e-03  2.40832218e-04  4.45580445e-02 -1.21238334e-02
 -1.74140893e-02  9.89597961e-02 -5.71925640e-02 -2.73648128e-02
 -2.47798543e-02 -5.40272109e-02  6.90482929e-02 -1.88259855e-02
  4.64500077e-02  5.64953871e-02  3.84041034e-02  4.72908951e-02
 -1.52503010e-02  1.65401157e-02  9.55774337e-02 -6.12225160e-02
 -4.15373109e-02 -6.29435778e-02 -1.66470204e-02  4.64079417e-02
  2.38475914e-04 -2.21839696e-02  1.10871911e-01  2.81870551e-02
 -5.44720155e-04  1.20305102e-02 -8.18964466e-02 -3.23055834e-02
  3.85115221e-02 -1.65224019e-02  7.05403388e-02 -3.37608196e-02
 -1.30316922e-02 -9.42251235e-02  2.85047926e-02 -2.80035008e-02
 -1.17874080e-02  4.95839082e-02  1.77809540e-02 -4.32153381e-02
  4.89672937e-04 -5.14842272e-02  1.03855126e-01  1.14445342e-02
  3.82945836e-02 -6.07970869e-03 -9.50778201e-02  5.53165041e-02
 -4.78011137e-03  2.69893240e-02 -4.21390943e-02  1.54875973e-02
  1.64906159e-01 -1.45850182e-01 -2.35795602e-03  1.27886962e-02
  1.95198599e-02  2.60848608e-02 -4.40546162e-02  8.37841034e-02
 -6.66372105e-02 -3.84750627e-02 -5.88622764e-02 -6.06125519e-02
  8.90708491e-02 -6.41365023e-03 -8.41195583e-02 -1.27893444e-02
 -3.78135219e-02 -4.94891442e-02  6.85888669e-03 -4.53868173e-02
 -7.56671131e-02  3.74086723e-02 -4.58139889e-02 -1.75716858e-02
  6.57271817e-02  2.66051404e-02  2.10803896e-02  1.07245952e-33
  9.35162008e-02 -2.86402870e-02 -1.44048668e-02 -9.44814011e-02
  1.02157451e-01 -7.06359133e-05 -4.86484542e-02 -6.62466288e-02
 -3.01999110e-03  5.28652929e-02 -9.76793692e-02 -8.47859904e-02
  3.69661823e-02 -2.15544887e-02  2.65515018e-02  8.40045214e-02
  5.46964072e-02  3.54478625e-03 -3.74454334e-02  1.95775218e-02
 -3.29145752e-02  3.81728485e-02  2.19491106e-02 -2.34437361e-02
  5.71286492e-03 -1.53806456e-03 -7.49469325e-02 -7.87373483e-02
 -2.16324721e-02  4.20829467e-02 -4.13821638e-02 -1.09416589e-01
 -2.45759264e-02 -4.01418023e-02 -5.67290112e-02  6.14627190e-02
 -8.99888501e-02 -2.79607996e-02  2.67536249e-02  6.27844855e-02
 -2.62707821e-03 -5.13256015e-03 -2.86779255e-02 -4.23253560e-03
  1.25405043e-02 -3.70312855e-02  4.85965982e-03 -4.35098447e-03
 -1.40216157e-01 -1.68525577e-02 -1.65936053e-02 -2.26640720e-02
 -1.32124620e-02 -1.57926977e-01  6.55730143e-02  6.64075762e-02
  3.98043618e-02  2.20906362e-02 -1.47356438e-02 -6.01798184e-02
 -1.38338627e-02 -1.14888521e-02  1.07808016e-01  1.32609122e-02
 -2.96483040e-02 -2.12847884e-03  3.74080357e-03 -5.97717182e-04
 -3.26206931e-03  1.07833790e-02 -8.64682868e-02  3.45425643e-02
 -8.97299498e-02  7.41633996e-02  6.76103085e-02  1.00659383e-02
  3.37561825e-04  6.11474179e-02  5.22667542e-02 -6.30662888e-02
 -4.50141244e-02 -3.76938209e-02  1.02120312e-02 -1.06408678e-01
 -1.32819377e-02 -3.54072452e-02  1.05902245e-02  3.27897333e-02
 -1.64479595e-02  5.50189763e-02 -8.90097246e-02 -6.03723526e-02
  1.06682091e-04 -9.31208301e-03  1.15227988e-02 -2.21118324e-08
 -1.60074737e-02 -4.23289463e-02 -2.81632673e-02  3.48525010e-02
  3.47772241e-02 -1.24843910e-01  5.82253523e-02  1.61338255e-01
  1.63451992e-02 -1.94571645e-03  7.00169876e-02  7.01236948e-02
  2.62246076e-02  6.69947416e-02 -1.13466956e-01  1.00669228e-02
  6.09830655e-02 -9.72899422e-03 -3.42354923e-02  1.72130764e-02
  5.38147651e-02  3.56983095e-02  7.08818808e-03  4.22767513e-02
  6.01222664e-02 -5.52965626e-02 -4.27152067e-02  3.47832851e-02
  2.59074178e-02  2.15946827e-02  3.10974438e-02  2.66610575e-03
 -5.68664186e-02  1.30601972e-01  3.58652733e-02 -2.25663651e-02
  1.78176425e-02  3.29574719e-02 -2.89635044e-02 -1.70772970e-02
  2.15031821e-02 -2.79389899e-02 -2.41500996e-02  6.11004010e-02
  2.94118375e-02  3.21561843e-02 -9.60422531e-02 -3.11474372e-02
 -2.50957888e-02 -9.48896352e-03 -5.52036241e-02 -4.62279059e-02
 -5.98254390e-02  2.60227825e-03 -7.41262035e-03  1.12385124e-01
  1.65960845e-02 -1.71539537e-03  5.66138104e-02 -3.78365107e-02
 -7.86644220e-02  3.19808535e-02 -6.55410588e-02  3.73035409e-02]",1
Career_Youth_Exchange,40,"Do you have any recommendations for improvements? If yes, please share.",Everything was perfect,Everything was perfect,positive,0.5,False,"[-5.22525571e-02  5.89441322e-02  4.82325517e-02 -9.21380054e-03
  9.19080805e-03 -4.74984087e-02 -4.36186939e-02 -2.69770734e-02
 -7.73577690e-02  2.62818253e-03  6.14056438e-02  2.40346976e-02
  2.26532761e-02  5.06280828e-03 -3.17210592e-02 -1.81240048e-02
  2.14324314e-02 -3.36274356e-02 -1.19708173e-01 -5.48644885e-02
 -6.76764771e-02  2.71180011e-02  1.17803446e-03 -2.99948081e-02
 -7.22094998e-02  1.43926665e-01 -2.61253081e-02 -3.01102549e-02
  1.09949159e-02 -5.01460470e-02 -6.56586513e-02 -3.23823690e-02
  1.02283090e-01  2.58255750e-02 -8.41511972e-03  2.32303515e-02
 -2.41747312e-03 -6.86442778e-02  4.46003713e-02 -3.02293412e-02
 -3.99832195e-03 -3.95811237e-02  3.05884033e-02  6.32332116e-02
 -2.28037331e-02  4.26454134e-02  8.63916874e-02 -3.89731042e-02
  4.54890728e-02 -3.94631084e-03  1.17158275e-02 -1.26618827e-02
  2.53759464e-03 -3.24156918e-02  3.00127417e-02  1.16487399e-01
 -2.13156939e-02 -3.95520665e-02  9.18372795e-02 -4.43258546e-02
 -2.47872304e-02  5.33082411e-02 -1.54435718e-02  4.00586314e-02
  1.40582636e-01 -5.35189398e-02 -6.55492470e-02  5.70765650e-03
  4.83395357e-04  1.35914609e-01 -5.80026135e-02  3.50163877e-02
 -1.08358068e-02 -1.99274458e-02  1.03913406e-02  3.92844565e-02
 -2.27090623e-02 -2.02688128e-02  2.42095180e-02  7.38047138e-02
 -2.33029798e-02 -1.15045756e-01 -3.54381278e-02 -3.52592245e-02
  3.75063084e-02  1.18052727e-03  2.29058843e-02 -1.70142055e-02
  1.79023333e-02 -8.04652274e-03 -3.56955230e-02 -7.87228986e-04
 -3.71605307e-02  3.46684083e-02 -4.91150655e-02 -3.65541759e-03
  1.61154494e-02 -1.03674650e-01  1.83932111e-02  1.22784957e-01
  2.05941666e-02  2.52633654e-02  3.67504507e-02 -2.38399804e-02
  2.34841686e-02  2.66809855e-02  7.25329071e-02  1.04725389e-02
 -7.19108013e-03  1.29361758e-02  1.38376905e-02  1.43806860e-02
  5.00100739e-02  6.90324977e-02  4.98900712e-02 -6.82669207e-02
 -6.93312138e-02 -2.92173494e-02 -4.80868854e-02 -1.23916920e-02
  6.28987849e-02  5.05941845e-02  1.70901157e-02  2.08259616e-02
 -7.83429667e-02 -9.99276899e-03  1.08045653e-01 -3.59816947e-33
  8.17445293e-03  1.35385627e-02 -4.75859549e-03  1.74744260e-02
  3.33760157e-02  5.65649457e-02 -6.63896129e-02 -3.12880762e-02
 -1.46062337e-02  4.97539081e-02 -1.43057406e-02  1.85831320e-02
 -3.52452248e-02  8.42795707e-03  7.47946138e-03  6.99785948e-02
 -4.47354838e-03  8.82026628e-02  2.66835075e-02  8.46585184e-02
 -1.10795237e-02  5.00155613e-04 -5.52704046e-03  8.75773188e-03
 -9.70131438e-03  4.89183515e-02  3.90868001e-02 -4.36700275e-03
  3.71154286e-02 -1.71903707e-02 -6.51977584e-02  2.47189607e-02
  2.04383843e-02  3.34073901e-02 -2.18448285e-02 -3.23601700e-02
 -3.70456576e-02 -4.02225368e-02  1.18797319e-02  1.68261863e-02
 -2.15588901e-02  1.01631107e-02 -9.86926723e-03 -1.92422830e-02
 -1.33647127e-02  6.68777749e-02 -1.76025238e-02  6.79233745e-02
 -3.60969305e-02  8.57857428e-03 -9.11699682e-02 -6.88587427e-02
  3.79509404e-02 -6.56412318e-02 -8.30925256e-02  6.22206889e-02
 -2.39120908e-02  4.08049114e-02  1.81779563e-02  5.15226796e-02
  6.08992130e-02  6.79046148e-03 -3.47500071e-02 -1.89826921e-01
 -3.45181152e-02 -1.88358091e-02  1.98605582e-02  1.23750446e-02
 -3.04275341e-02 -1.47003653e-02 -1.00194179e-01  1.15563255e-03
  6.94650561e-02  4.11123298e-02  1.66514015e-03 -2.30689184e-03
 -1.27556501e-02 -2.73328964e-02 -5.46180047e-02  4.87841591e-02
  4.90652863e-03  2.37482172e-02  1.29139181e-02 -8.29451010e-02
  1.90337263e-02 -5.15349954e-02  4.99572046e-02 -5.40167727e-02
 -9.10796523e-02  6.16119355e-02  1.26568414e-02  5.03170164e-03
  7.05419928e-02 -8.05866122e-02 -4.59262691e-02  2.95439071e-33
  6.64827973e-02  4.85612899e-02 -2.28621140e-02  1.49458900e-01
 -7.79190436e-02  2.73737255e-02 -8.42276737e-02 -2.06021196e-03
  3.59121598e-02  7.46309832e-02  8.77768695e-02 -1.37714269e-02
  4.65055071e-02 -3.34048420e-02 -2.29369160e-02  9.39949974e-02
  6.60124496e-02 -2.05964427e-02  7.29790553e-02  8.25487003e-02
  9.70532298e-02  4.05124500e-02  6.30609971e-03 -2.94344015e-02
 -2.64518596e-02  1.84872169e-02 -2.36234907e-02  1.08006140e-02
 -8.88816640e-02  2.68879589e-02  9.92834121e-02 -1.31391929e-02
 -1.15452588e-01 -6.85376534e-03  3.07899565e-02  2.96503287e-02
  4.42048237e-02  6.38970360e-02 -2.82791294e-02 -3.73690613e-02
 -3.18510719e-02 -5.37126884e-02 -7.39593133e-02  1.15894251e-01
  3.52335535e-02 -3.60468514e-02  5.70426183e-03 -6.66181222e-02
 -3.71309817e-02  2.76054926e-02 -4.44748551e-02 -4.45255712e-02
 -2.42484864e-02 -4.45673279e-02  3.35885286e-02  5.10200001e-02
  7.20293075e-02 -5.46661355e-02  3.27006951e-02 -8.08402449e-02
 -1.26485929e-01 -8.54498893e-03 -6.45573065e-03 -8.40240046e-02
  2.24223677e-02  4.46206890e-02  4.17232327e-02 -3.05804517e-02
 -7.30045000e-03 -4.79903333e-02 -1.28234386e-01 -7.31757900e-04
 -7.83282742e-02  3.98966037e-02  7.12620392e-02 -1.14648668e-02
  8.83446354e-03 -7.53043294e-02  3.72181982e-02  7.07208365e-03
 -1.76892169e-02  3.90960947e-02 -6.15875199e-02  4.16432321e-02
  3.62012014e-02  8.63957684e-03  5.19342534e-02 -8.74202624e-02
  2.79414444e-03 -5.66036534e-03 -1.08977491e-02  1.84651744e-02
  2.93590482e-02  9.79499333e-03  2.59851143e-02 -1.45269974e-08
 -1.31528853e-02  2.68634446e-02 -1.55583963e-01 -1.16520431e-02
 -1.58063639e-02 -6.66372105e-02  8.09269473e-02 -4.46955524e-02
 -1.88743137e-02  1.08199179e-01 -5.99922724e-02  3.25964168e-02
  1.72045163e-03  7.23843500e-02  7.44440034e-02 -3.74553688e-02
  2.00792458e-02  9.30434987e-02 -6.97927698e-02  6.08923919e-02
 -6.00908417e-03  2.45861281e-02 -4.39549685e-02 -2.94345990e-02
  4.60096635e-02  1.37401074e-02 -9.45814420e-03 -2.72487588e-02
 -2.26833355e-02  8.42643380e-02  1.98237468e-02 -4.32030782e-02
 -3.70190777e-02  8.47723987e-03 -6.15902506e-02  2.96468530e-02
  5.50845964e-03  1.35196336e-02  8.77595469e-02 -1.08519956e-01
 -2.15972192e-03  4.19858061e-02 -2.53998879e-02 -1.73117239e-02
 -8.46853554e-02 -2.36690864e-02  9.33846161e-02  1.30737470e-02
  1.88143924e-02 -4.84286994e-02  6.06351048e-02  4.41227928e-02
 -1.36703358e-03  4.57036495e-02  3.68735790e-02 -2.86444034e-02
 -1.37084564e-02 -1.51088946e-02 -1.92029569e-02  1.33664720e-02
  8.82554874e-02  5.10783754e-02 -4.82824929e-02 -2.22537834e-02]",3
Career_Youth_Exchange,41,"Do you have any recommendations for improvements? If yes, please share.",As long as the energy is right everything is fine!!,As long as the energy is right everything is fine!!,positive,0.5399,False,"[-2.07354743e-02  1.41442791e-02  7.78367184e-03  5.17008081e-02
 -2.00881585e-02 -3.23938243e-02 -3.03976256e-02 -9.29785222e-02
 -4.80439700e-02 -2.32215808e-03  3.57511155e-02  7.17077479e-02
 -1.61397327e-02  7.14153871e-02  6.34840056e-02  3.23819779e-02
  1.15186185e-01  9.37648583e-03 -1.05116971e-01  9.33442116e-02
  4.09740321e-02 -6.56708702e-02 -4.69590761e-02 -3.91761661e-02
 -8.20309818e-02  6.67024776e-02 -6.92162141e-02  1.62699651e-02
  1.44815482e-02 -3.07394788e-02  1.78282764e-02 -5.43566681e-02
 -7.10793734e-02 -3.78684476e-02  3.48407403e-02  1.11814611e-01
 -7.69668221e-02 -3.32584395e-03  2.98955850e-02 -2.16405801e-02
 -3.20625640e-02 -4.30009514e-02  4.46083732e-02 -1.56787806e-03
 -5.74927479e-02  9.25214067e-02  3.38415541e-02 -7.12182745e-02
  7.75153115e-02 -7.73630887e-02  1.36001101e-02 -5.61373914e-03
  5.03294319e-02  5.33359088e-02  5.38390987e-02  7.47347400e-02
 -8.95607658e-03 -5.99291436e-02  4.82073389e-02 -5.51560111e-02
  3.95681523e-03  5.12818620e-03 -6.29367679e-02  2.03329530e-02
  1.16320811e-01 -3.42634246e-02 -1.49100516e-02 -1.11983214e-02
 -1.00008361e-02  6.01081587e-02 -2.57426384e-03 -2.75914297e-02
  2.77617294e-03 -5.29349297e-02 -6.58045756e-03  4.93589863e-02
  1.59157328e-02 -5.83379678e-02  6.49032965e-02  7.88160861e-02
  2.71118619e-02 -4.65576760e-02 -2.77342778e-02 -7.63986781e-02
  3.89347151e-02  4.16098945e-02  3.97265032e-02  2.48194784e-02
  4.92416210e-02  7.79320896e-02 -7.05586448e-02  3.61419991e-02
  1.04171805e-01  3.26287858e-02  1.45020895e-02  2.09445879e-02
 -6.86831251e-02 -6.71305507e-02 -1.29649520e-01 -1.60382711e-03
 -2.22553872e-02  7.35099241e-02 -1.87339205e-02  1.53236631e-02
  2.71493644e-02 -9.78861563e-03 -4.61581089e-02  7.71537647e-02
  1.99891422e-02  3.38362940e-02  2.72177719e-02  3.46300714e-02
  1.08361095e-01  1.32288337e-01 -3.94359306e-02 -1.39383264e-02
  1.57426149e-02 -1.11759314e-02 -2.38593277e-02  9.35166702e-03
  1.38762901e-02 -7.02740178e-02  7.69100189e-02  8.25909153e-03
 -1.18058352e-02 -7.56710917e-02  2.29098573e-02 -3.74862393e-33
 -4.83194068e-02 -1.48654217e-02  2.37485021e-02  1.99030936e-02
 -6.54721539e-03 -1.51524553e-03 -8.65114555e-02 -1.65645462e-02
  1.85936671e-02  1.78516302e-02  2.54772250e-02 -1.80179458e-02
  1.08928587e-02  2.09766123e-02 -2.97738425e-02  2.59714737e-03
  1.98416747e-02  1.28448019e-02 -3.31746833e-03 -8.42920132e-03
 -7.50464480e-03 -1.74145207e-01 -3.58431740e-03 -2.23106053e-02
  1.94199961e-02  9.72541049e-03  2.59960350e-02 -5.63552827e-02
 -6.50287718e-02  1.63102280e-02 -7.13129193e-02  2.30291206e-02
 -4.15213071e-02  1.16587896e-02 -4.72763702e-02  6.10013008e-02
 -6.34609088e-02  7.00347722e-02 -2.13881657e-02  8.64760950e-03
 -5.43308910e-03  6.44309521e-02 -2.81557739e-02  1.73962805e-02
 -4.49815439e-03  3.11209392e-02  9.43673179e-02 -1.49394234e-03
 -9.11146253e-02 -4.98754680e-02 -8.18338022e-02 -2.05896609e-03
  3.69784757e-02  3.04483771e-02 -2.49002967e-03  6.33702800e-03
  8.46754685e-02  4.42892592e-03  1.73580889e-02  4.91464743e-03
  4.18623686e-02  2.79960502e-02 -8.63919407e-03 -8.32337365e-02
 -1.43561987e-02  1.09941559e-02 -4.54958640e-02  7.59795681e-03
 -9.08129364e-02  1.90082844e-03  4.04086001e-02  1.00676483e-02
  5.67008518e-02 -2.04344522e-02  5.56961149e-02  2.70476080e-02
 -1.66890696e-02  7.64126796e-03 -6.34464920e-02 -4.23250794e-02
  9.09831300e-02 -3.92768672e-03  7.72262970e-03 -7.06957374e-03
 -1.88686624e-02 -1.90999601e-02 -7.85201341e-02 -2.07512887e-04
 -4.27089967e-02  1.24314472e-01  3.36808935e-02 -1.49195585e-02
  1.09185234e-01 -3.15413624e-02 -6.63717240e-02  1.78989145e-33
  2.27518398e-02 -9.76925832e-04 -4.69891578e-02  6.41562566e-02
  3.93924043e-02  2.31423639e-02 -4.84514832e-02 -3.61509807e-02
 -4.82432470e-02  9.29239616e-02  2.32587736e-02 -1.61158890e-02
 -9.90610272e-02 -2.83433571e-02  7.39389881e-02  2.05807239e-02
  7.13181198e-02 -4.32374189e-03  2.58052908e-02  4.55001602e-03
  8.78445804e-03  1.78508125e-02 -5.37677333e-02  3.99136804e-02
 -9.56465583e-03  7.40590841e-02  2.10441067e-03 -6.67837635e-02
 -1.59122683e-02  1.90664269e-02 -3.51986773e-02 -5.73307916e-04
 -9.52949896e-02  5.05159497e-02 -6.86099241e-03 -2.15136576e-02
 -2.63388269e-02 -4.58096806e-03  1.04384394e-02 -3.64221893e-02
  3.11987456e-02  4.16101627e-02 -7.37312287e-02  1.11897722e-01
 -2.31426470e-02 -6.34091944e-02  7.37657398e-02 -5.96586317e-02
 -6.06577657e-02  4.57545668e-02  5.22246808e-02 -4.14952226e-02
  5.84924920e-03 -5.89974672e-02  1.62237082e-02 -3.44511718e-02
  7.00251833e-02 -2.20605396e-02 -7.38355890e-02 -6.40970170e-02
  1.87213323e-03  9.84290428e-03  7.80094042e-02 -1.84719323e-03
  2.97447871e-02  1.38728311e-02 -6.40816987e-02  9.47790314e-03
  1.18950859e-01 -5.97685613e-02  7.90206045e-02 -2.86160898e-03
 -1.21558495e-01  1.02214199e-02  3.71310674e-02 -1.30973617e-02
  1.35456562e-01 -4.94916886e-02  3.87628004e-02 -5.49522303e-02
 -1.54874176e-01  6.20588213e-02  4.04687263e-02 -8.53819624e-02
 -9.08346102e-03 -1.20371729e-01 -3.07342540e-02 -1.10000350e-01
 -3.01865973e-02 -8.46716017e-03 -3.93169299e-02  1.00073367e-02
  5.46842888e-02  2.61211079e-02  5.68090975e-02 -2.29528450e-08
 -1.68985184e-02 -4.49119247e-02  2.51534558e-03  2.85185706e-02
 -5.05367555e-02  1.89349819e-02  4.01943102e-02 -8.72950852e-02
  4.17642994e-03  1.13274460e-03  7.32668536e-03 -1.72382668e-02
  8.30504447e-02  6.57754466e-02 -5.57932183e-02 -3.64014283e-02
  4.02853638e-02  2.84649562e-02 -9.00349021e-02  3.37058082e-02
 -5.31478636e-02 -1.37198046e-02 -8.88878293e-03  8.74736756e-02
  3.08891349e-02  2.27248129e-02  5.33168726e-02 -3.01014204e-02
  7.62228342e-03  4.29772120e-03 -3.98483276e-02 -4.76364680e-02
 -3.80371325e-02  1.78358685e-02 -4.27664258e-02 -6.64217994e-02
 -3.52025926e-02  3.64517905e-02  6.91157766e-03  3.70927411e-03
 -5.12720607e-02 -4.33736704e-02 -2.68145800e-02  9.95536968e-02
 -9.48745161e-02 -3.23744640e-02 -1.47263967e-02 -7.22910240e-02
 -1.41870184e-02  4.79864888e-02  7.22530261e-02  8.59237313e-02
  2.60482021e-02  1.46857917e-03  2.34778002e-02  4.70303930e-03
 -3.19469608e-02 -7.36837368e-03 -3.47848982e-02 -4.73446287e-02
  1.00358225e-01 -2.47125495e-02 -2.76201516e-02  2.52256803e-02]",3
Career_Youth_Exchange,42,"Do you have any recommendations for improvements? If yes, please share.","Overall it was great and the activities were amazing, but in the upcoming ones more personality tests which are internationally proven can be added for better personality analysis","Overall it was great and the activities were amazing, but in the upcoming ones more personality tests which are internationally proven can be added for better personality analysis",positive,0.8316,False,"[-7.59799872e-03  4.29227352e-02  2.20746137e-02 -2.93347589e-03
  7.20390398e-03  1.81639995e-02 -3.59415542e-03  2.26451606e-02
 -1.16335809e-01 -3.06491964e-02 -3.04058706e-03  3.79782207e-02
  1.01235583e-02  2.91785635e-02  4.91768047e-02 -9.27549694e-03
  5.26932487e-03 -2.59437151e-02  5.34647778e-02 -6.39840439e-02
 -1.16108164e-01 -3.69559452e-02  8.03046599e-02  3.16133210e-03
 -1.80617180e-02  1.17537389e-02 -8.78612231e-03 -6.27697781e-02
  2.20716354e-02  4.91836108e-04  4.18354049e-02  1.64673761e-01
  3.58292386e-02  4.23944779e-02 -2.89637875e-02  7.30782077e-02
  6.46096766e-02  8.00337642e-03 -1.62416995e-02  3.51260081e-02
 -3.02028432e-02 -7.48045444e-02  9.29199830e-02 -9.70778707e-03
 -9.22340341e-03 -9.54680219e-02  7.08447117e-03 -1.10007048e-01
 -2.48061232e-02  3.47896508e-04  5.10446355e-03 -8.81596431e-02
  6.25277609e-02 -6.52943999e-02 -4.75811251e-02  1.97540224e-02
  4.26375158e-02  4.75568417e-03  1.40467950e-03 -1.69438554e-03
 -2.77707390e-02 -2.84576770e-02 -2.66336277e-02  3.08078360e-02
  1.23379923e-01 -7.10959546e-03 -6.05513081e-02 -3.73322070e-02
  7.84895122e-02 -4.48414609e-02 -1.86174028e-02 -3.58905792e-02
  4.42971811e-02 -6.45280331e-02  4.95771728e-02  2.93852817e-02
 -3.70414220e-02 -2.15242468e-02  4.48287232e-03 -6.25550747e-03
  2.93561853e-02 -6.85857162e-02 -3.29304836e-03  1.67723894e-02
  6.27803057e-02 -6.54480979e-02 -4.74228151e-02 -9.78165865e-02
 -1.08609423e-01  5.26231565e-02  9.01720747e-02  5.32347523e-02
  7.00748106e-03  2.89805569e-02 -1.81756355e-02 -2.18593646e-02
 -7.27492794e-02 -1.67422593e-02  7.00921640e-02  1.57855172e-02
  8.60699359e-03  8.01999196e-02 -8.46671611e-02 -1.53472275e-02
 -5.84253930e-02 -1.22027081e-02  9.08748507e-02 -1.10349298e-01
  2.75934599e-02 -1.44930081e-02 -5.46520948e-02  4.40553715e-03
  2.86518838e-02 -5.25538549e-02  7.03674406e-02  5.80193624e-02
  1.47227924e-02  1.10652901e-01  5.53531200e-03  3.82475108e-02
  1.57899737e-01  1.74364317e-02  9.92171615e-02 -2.75303982e-03
 -1.23824440e-02  8.70060846e-02  3.26204859e-02 -2.28892765e-34
  6.77182223e-04  4.73654224e-03  5.02293482e-02  5.30494973e-02
 -4.88424441e-03  3.00460719e-02 -1.57056451e-02 -1.68530773e-02
 -3.74949165e-02 -3.99791002e-02 -4.84638810e-02  8.45980868e-02
 -5.72840422e-02  3.13566774e-02  2.68745124e-02  6.13039955e-02
 -6.11609891e-02  1.08475378e-02 -2.92102154e-02  1.30235896e-01
  5.96080832e-02 -2.40010433e-02 -4.36477643e-03 -2.62436736e-02
  2.73669437e-02  7.47540668e-02  1.12629563e-01 -4.24977974e-04
  5.78435548e-02  2.17391811e-02 -6.27710819e-02 -3.71783823e-02
 -1.06576711e-01  9.09206197e-02  7.46189430e-02  3.84237505e-02
 -1.72995627e-02 -3.96999121e-02  1.37143582e-02  1.86367836e-02
  4.78178635e-02  2.50192679e-04 -1.25284875e-02 -1.04129892e-02
 -2.33035646e-02  1.60257500e-02 -2.58941837e-02 -3.99005860e-02
  6.69124797e-02  2.27701552e-02 -4.01900671e-02 -5.12341410e-02
 -3.68776955e-02 -4.03633155e-03 -1.93737615e-02  8.26550946e-02
 -1.62337385e-02 -1.39860287e-02 -2.98267100e-02 -1.66320018e-02
  4.02101986e-02  6.23675212e-02 -4.00668057e-03 -8.78502354e-02
 -4.51041609e-02  9.06072278e-03  3.16821435e-03  3.88916791e-03
  1.62563752e-02 -1.79515942e-03 -4.26328667e-02  4.95194010e-02
  2.47575641e-02 -6.44093826e-02  2.52967775e-02  1.28800012e-02
 -4.52917889e-02 -3.38952579e-02 -2.81672683e-02  5.18838577e-02
  1.00449815e-01  3.37164812e-02  4.32801880e-02 -4.71389703e-02
  3.13239619e-02 -6.76356349e-03  1.02781579e-01 -6.87404647e-02
 -1.09926965e-02  3.74746099e-02 -1.14829428e-02 -1.71931963e-02
  4.61944528e-02  5.03593087e-02 -7.11489143e-03 -6.94280851e-34
 -3.97625342e-02  5.47191268e-03 -6.34753928e-02 -4.73017171e-02
 -1.01888767e-02 -4.65676449e-02  3.36562917e-02  6.79724589e-02
 -6.48367265e-03  6.36087656e-02  5.96766956e-02  7.91513082e-03
  2.13792250e-02 -4.30830829e-02 -3.29014007e-03 -4.52530794e-02
 -3.96177880e-02 -1.08569944e-02 -1.91128161e-02 -5.79879479e-03
  8.48741606e-02  8.84330422e-02 -4.60348539e-02 -6.59053624e-02
 -7.67326877e-02  2.84648258e-02 -1.44290505e-02 -3.21794897e-02
  3.78890033e-03 -1.40185161e-02  3.92380543e-02  9.92521420e-02
 -7.59688169e-02  3.03246174e-02  1.28175663e-02  1.85387488e-02
 -6.92377090e-02 -6.47103116e-02 -5.53180389e-02  8.24769586e-03
 -2.39980072e-02  1.12565840e-02 -9.51124951e-02 -3.64696607e-02
  4.27898653e-02  1.03522446e-02 -5.87276742e-03 -2.19798717e-03
 -5.78376949e-02 -1.25263557e-02 -7.51736760e-02  4.92202044e-02
 -1.06750332e-01 -5.16053289e-02 -1.03660040e-02 -9.00658071e-02
  7.20836744e-02 -8.29377621e-02 -2.07887292e-02 -2.45381165e-02
 -8.75052884e-02  1.28871817e-02 -1.09677054e-02 -4.50952239e-02
  1.22026205e-02 -3.97176929e-02  4.64125238e-02  7.17982184e-03
 -9.38875303e-02 -3.36016119e-02 -4.06549126e-02  1.21973967e-02
 -4.91906218e-02  1.10794254e-01  1.96449105e-02 -4.39804681e-02
 -1.88814271e-02 -9.48213134e-03 -1.00170178e-02 -4.31286879e-02
 -3.32452916e-02 -2.69080736e-02 -8.44671950e-02 -3.34191397e-02
  6.80985302e-02  1.41424701e-01 -2.93012317e-02  1.34541537e-04
 -2.25954987e-02  4.65047508e-02  1.29904114e-02  3.54730673e-02
 -4.21131924e-02 -4.20732461e-02 -1.77925937e-02 -2.75560144e-08
 -3.00070029e-02 -2.55644554e-03 -4.14046552e-03  6.04751371e-02
 -8.13552290e-02 -4.57818732e-02 -1.07863687e-01  6.95914254e-02
 -3.65628377e-02  1.18100785e-01 -7.11363703e-02  5.53415045e-02
 -6.23679794e-02  6.07507490e-02  2.07793582e-02 -4.35677730e-02
  1.28673643e-01  4.61596437e-02  4.37969342e-03  1.24055371e-02
  7.74568170e-02  2.12639961e-02 -2.48187874e-02 -3.72751318e-02
 -4.58398610e-02  1.86909009e-02 -5.05883023e-02 -1.88918654e-02
 -6.21294081e-02 -4.20213267e-02  2.12533381e-02 -6.94451993e-03
 -3.71575612e-03 -5.65864369e-02  1.29203508e-02  4.75707725e-02
  3.39577757e-02  2.24155765e-02  5.23510873e-02  5.91348484e-02
 -3.86597365e-02 -5.10522239e-02  4.69499901e-02  5.90991713e-02
  4.80062608e-03  1.19553320e-03 -3.79464887e-02 -4.37039472e-02
  2.42841579e-02  8.76210816e-03  3.86619056e-03 -6.09269626e-02
 -7.36202076e-02  2.51833070e-02  7.72762522e-02  5.71895391e-02
  2.12403852e-02  7.19238678e-03 -6.78629801e-02  7.16101080e-02
  3.59342024e-02 -1.64247677e-02 -1.22111164e-01  1.48892403e-02]",2
Career_Youth_Exchange,43,"Do you have any recommendations for improvements? If yes, please share.","I would suggest to choose a not so cold date to do it. It was a struggle to be motivated sometimes due to the weather. Also, it wasn't 100 percent clear where the location was and this could be improved further. Having the kitchen downstairs made the experience a bit hectic and caused delays in our sessions in my opinion.",I would suggest to choose a not so cold date to do it.,positive,0.5,False,"[-4.85203341e-02 -1.99419204e-02  4.22796197e-02  8.52551535e-02
 -5.76747209e-02  3.77676152e-02 -7.53249377e-02 -8.55251960e-03
 -3.04857641e-02  3.60537018e-03 -3.70157510e-02 -1.02294590e-02
 -5.32184169e-02  5.88912591e-02  8.71126577e-02 -4.12684903e-02
  7.40609467e-02 -4.30120565e-02  5.90063483e-02  5.28256297e-02
  9.25060885e-04 -5.71748540e-02 -4.79051992e-02 -2.46423203e-02
  4.06411998e-02 -3.22015136e-02  1.00314431e-02 -4.35959026e-02
 -4.63615879e-02  9.90275592e-02 -5.35495020e-02  1.17505983e-01
 -7.63132945e-02 -5.71259484e-02  4.29965220e-02  1.52519085e-02
  2.81013977e-02  2.24505505e-03  9.86993592e-03  6.15106113e-02
  2.73849256e-02  6.17990941e-02  9.03804600e-02  2.27263868e-02
 -6.88853785e-02  1.40337814e-02  1.15209492e-02  3.53028663e-02
 -7.40841322e-04  5.11551313e-02 -1.57027394e-02 -3.38177197e-02
 -5.71670868e-02 -1.07194046e-02 -6.41059354e-02  5.16524613e-02
 -8.89712945e-02 -9.45339054e-02  1.80682838e-02  3.67973819e-02
 -1.02724575e-01  6.65984675e-02 -3.47824059e-02 -2.54159141e-03
  4.20641713e-02 -9.76582430e-03  3.66840744e-03  2.64324192e-02
  1.14986278e-01  4.50195447e-02 -7.26937577e-02  7.11596161e-02
 -3.81950475e-02  1.84686873e-02 -3.90766524e-02 -2.54793391e-02
 -4.49795183e-03 -7.70863071e-02 -3.48938517e-02  1.92750972e-02
 -6.77730441e-02 -4.42647561e-02  3.48222665e-02 -2.36828090e-03
 -3.64748314e-02 -1.59258640e-03  8.68882835e-02 -1.15130227e-02
  1.26664666e-02  2.69370805e-03 -3.16655897e-02  1.85292345e-02
  5.34512941e-03 -2.13301815e-02 -4.19533774e-02  1.01254910e-01
 -4.72428538e-02  1.21834219e-01 -3.01690232e-02  5.73914982e-02
  5.41502796e-02  3.99584062e-02 -1.05227843e-01  7.97576234e-02
  2.68781800e-02 -4.86055054e-02 -3.56790312e-02 -1.07654460e-01
  3.33446148e-03 -6.47607520e-02 -3.53156105e-02  4.17514481e-02
 -3.12183588e-03 -3.52197774e-02  1.33734997e-02  1.11980671e-02
  1.42299542e-02  3.89305055e-02  2.09517591e-03 -2.42247954e-02
 -2.02187318e-02  1.07408483e-02  1.53491078e-02  2.01052986e-02
 -8.02284107e-02 -6.82749078e-02  8.14803094e-02 -4.00572659e-33
  5.50488494e-02  1.00910198e-02  5.13702966e-02 -2.08030567e-02
  6.96432590e-02  4.07927036e-02  1.26838023e-02 -2.50455458e-02
  1.75349731e-02  4.89107966e-02  6.60595521e-02 -1.05749436e-01
 -4.18301038e-02 -6.77052960e-02  4.16498221e-02  1.34780705e-02
  2.53569335e-02  4.76337448e-02  2.00683307e-02  5.18917441e-02
 -9.27244686e-03 -1.66233689e-01  1.56337377e-02  2.93393210e-02
  3.73535939e-02 -1.97938690e-03  8.80989432e-03 -4.51662065e-03
  3.60331275e-02 -1.73733309e-02 -5.74617833e-02 -1.37229608e-02
 -4.31809388e-03 -1.14698913e-02  7.11801052e-02 -1.66950375e-02
 -4.18614335e-02  3.25170830e-02  5.37922420e-02  1.27716549e-02
  4.23619226e-02 -1.43634733e-02 -2.20835023e-02 -3.04706562e-02
  7.18563497e-02  2.11687945e-02  4.22902405e-02  1.05582047e-02
  1.76863205e-02 -6.47832006e-02 -4.76432517e-02  2.43986286e-02
  4.76722680e-02 -4.84594665e-02 -9.08792168e-02 -6.95293173e-02
  8.55992883e-02 -3.32815722e-02  7.76181221e-02 -3.51402126e-02
  6.04313705e-03 -4.36996371e-02 -1.90166254e-02 -5.22324070e-02
 -8.46768841e-02  1.05852578e-02  3.20534185e-02  2.86152810e-02
 -1.28585463e-02 -6.72259480e-02  9.21467692e-02  8.62674564e-02
  8.46444629e-03 -2.40909234e-02 -1.47534059e-02  3.94863822e-03
  8.51004869e-02  1.53135620e-02  1.02656439e-01 -7.21275210e-02
  4.81114984e-02 -1.08412663e-02 -3.37914489e-02  7.43142217e-02
 -2.12932774e-03 -7.40112131e-03 -3.35291028e-02  4.03053872e-02
  5.36917709e-02  4.36345898e-02 -6.10932522e-02 -3.21776560e-03
 -1.93995200e-02  4.32627834e-03  5.58150448e-02  3.07987289e-33
  1.34901658e-01 -4.55827378e-02 -1.38509339e-02  2.09370814e-02
  9.43756998e-02  3.06719951e-02 -2.59130318e-02 -1.40872896e-02
  6.47872835e-02  2.51781829e-02 -2.60251556e-02  2.12026983e-02
  6.33667856e-02 -2.67661624e-02  9.78873149e-02  1.69811677e-02
  7.35973939e-02 -3.60030234e-02  1.40492676e-03  3.71666104e-02
 -8.97874981e-02  4.78168353e-02 -4.47552949e-02  4.26901802e-02
 -4.17834893e-02  3.55806537e-02  5.05867153e-02 -2.74764504e-02
 -5.57686947e-02  3.28830443e-02 -5.50780147e-02 -6.01491109e-02
 -4.99464422e-02 -6.46423548e-02 -2.31170673e-02  1.48178101e-01
 -1.31797399e-02 -4.34050485e-02 -1.97983589e-02  7.23975301e-02
  3.81032517e-03  3.29197617e-04 -4.27650325e-02  1.98684596e-02
  5.29777445e-02  2.21431889e-02 -1.86986774e-02 -5.02730720e-02
  7.03341141e-02  9.59315971e-02 -2.26450022e-02  8.34230892e-03
 -1.23419762e-01 -5.84337935e-02 -2.29688212e-02 -5.51743880e-02
  5.93073107e-03 -7.47382501e-03 -3.30991037e-02 -1.63756683e-02
 -9.32792127e-02 -4.05720882e-02  9.62955784e-03 -7.97038525e-02
 -4.91525158e-02 -1.66858360e-02 -6.32570218e-03 -6.73364289e-03
 -6.31292611e-02  2.24137921e-02  8.39294586e-03  3.57872024e-02
  1.23493327e-02 -8.54496029e-04  1.99516416e-02 -9.24372822e-02
  1.06873587e-01  1.86756300e-03  3.33544053e-02 -3.29872184e-02
 -4.70364876e-02  7.23831952e-02 -5.36139756e-02  7.70818591e-02
  6.65856600e-02  4.63192351e-02 -4.72335629e-02 -4.24438380e-02
 -6.37895912e-02 -2.37515979e-02 -4.22249548e-02 -3.61941308e-02
  5.80773503e-02  5.15070483e-02  2.60198228e-02 -2.16865850e-08
  2.75554918e-02  2.10689362e-02  1.80590879e-02  3.52622382e-02
  1.98909063e-02 -4.06697318e-02 -5.36329113e-02 -6.84178844e-02
  3.73726115e-02  3.85792530e-03  5.14242873e-02  6.94752764e-03
  6.39315546e-02  7.19207078e-02 -7.58469105e-02 -3.61129977e-02
 -5.94390044e-03 -2.58585680e-02 -4.81180884e-02 -3.54864113e-02
  8.39093886e-03 -3.48070413e-02  5.05048670e-02 -3.51153337e-03
  6.27139257e-03  4.94131744e-02  8.72034952e-02  7.14066848e-02
  1.15106389e-01 -4.69614752e-02 -8.14698860e-02 -5.92042170e-02
  1.66985895e-02  1.35518182e-02  4.08235118e-02 -1.31961226e-01
 -5.58916107e-03 -5.18338894e-03 -3.37450877e-02 -2.33288817e-02
 -3.13572884e-02  3.69954505e-03 -1.92663036e-02  7.33555257e-02
 -3.77337374e-02  1.95914507e-02  2.87335422e-02 -5.19326292e-02
 -3.63992155e-02  1.08086839e-01 -1.01231690e-02 -2.30191946e-02
  4.96899299e-02  5.42583950e-02  5.69426268e-02  1.89750232e-02
 -4.18832414e-02  2.06101965e-03  2.70102676e-02  1.60556622e-02
 -8.01308528e-02 -8.70836005e-02 -1.26627639e-01 -6.04936341e-03]",1
Career_Youth_Exchange,43,"Do you have any recommendations for improvements? If yes, please share.",Add more fun games and sessions,Add more fun games and sessions,positive,0.5563,False,"[ 4.06802744e-02 -2.12865565e-02 -6.38344837e-03 -6.69566542e-02
 -3.24920528e-02  6.06571846e-02  7.78508186e-02  3.43958475e-02
 -1.11214034e-02  5.46126105e-02 -5.77463508e-02  3.92659940e-03
 -7.60763511e-02  3.85600440e-02  1.34308919e-01 -4.96314019e-02
  1.87644828e-02  5.33466823e-02  9.15674085e-04 -6.43012896e-02
  4.25644405e-03 -7.07082450e-02 -9.76342708e-03 -1.35386428e-02
 -4.87428494e-02  1.55513640e-02 -5.72679117e-02  3.15529257e-02
  8.08136258e-03 -2.38932557e-02  1.49358734e-02  6.34800419e-02
 -1.00969328e-02 -3.85838002e-02 -1.09872185e-02 -5.46458326e-02
 -9.87802912e-03  1.32750096e-02  2.94584222e-02 -4.20076326e-02
 -8.36167336e-02 -2.24041324e-02 -1.95361953e-02  9.85279307e-02
 -4.59007174e-02  9.03463084e-03 -6.84342459e-02 -8.55912343e-02
  8.39829445e-02  1.07229188e-01  6.99267611e-02 -1.48629844e-02
  3.46728787e-02 -3.51376422e-02 -1.02813523e-02  5.39689697e-02
 -4.83367518e-02  2.70337295e-02 -3.54151540e-02  5.55705763e-02
 -1.84796117e-02 -1.66952107e-02  1.00224894e-02  6.33622706e-02
 -8.27050209e-03 -7.10059255e-02  2.38730107e-02  3.52009200e-02
  4.70343884e-03  6.98559824e-03 -6.31136224e-02  1.43214893e-02
  1.08578615e-02 -8.57689232e-02 -1.65405101e-03 -2.74777971e-02
 -7.95534030e-02 -5.03135957e-02 -4.38346416e-02  1.30410222e-02
 -3.87568809e-02 -2.10225563e-02  5.15772887e-02 -1.48324762e-02
 -5.30600622e-02 -5.70231043e-02 -3.19757685e-02 -3.79000157e-02
 -5.60186543e-02  3.27616222e-02 -5.49572781e-02  4.17574160e-02
  4.34688292e-02  3.70496996e-02 -4.76308577e-02  4.26608324e-02
 -2.86303181e-02 -1.21985003e-02 -1.07391423e-03  1.07401237e-01
 -3.01244650e-02  3.99349444e-02  5.15238829e-02  2.10575201e-02
 -8.67279246e-03  6.70520142e-02 -6.23270236e-02 -2.87200673e-03
 -8.61539785e-03 -1.54607547e-02 -2.21856348e-02  4.75011729e-02
  3.51188369e-02 -1.84797291e-02  6.35516495e-02  6.51269853e-02
  1.81661006e-02  8.22051838e-02 -1.36275832e-02  7.18266889e-02
  1.08432956e-01  3.45219672e-03  6.66138008e-02  6.23839833e-02
  3.20362709e-02  1.99115146e-02  2.61846068e-03 -1.45335936e-33
  5.49776182e-02 -4.00921367e-02  2.03086305e-02  2.97524612e-02
  8.60485807e-02  5.10076471e-02  6.26478270e-02 -2.16614846e-02
 -7.49443769e-02 -4.02532071e-02 -8.19430500e-02  7.56236538e-02
 -5.01188710e-02  1.86416395e-02  5.66254258e-02 -5.79968505e-02
 -8.74292403e-02  6.03555441e-02  6.95465207e-02 -5.38273826e-02
 -8.84680729e-03 -7.33665600e-02  5.28775491e-02  6.33465648e-02
  3.82849164e-02  1.25756666e-01  2.86969766e-02 -2.47328542e-02
  7.09396154e-02 -9.74673871e-03 -2.91443132e-02 -4.21629734e-02
 -6.50963262e-02 -3.64942290e-03  6.32149577e-02  1.31683731e-02
 -1.92287080e-02 -3.70850749e-02  6.49528857e-03 -2.35104002e-03
 -3.27534080e-02 -2.01563095e-03 -6.83049560e-02 -6.59346022e-03
 -3.57107930e-02 -2.41999459e-02  3.85671929e-02 -8.11859369e-02
 -5.07713743e-02  1.42790657e-02 -1.05025865e-01 -7.93510675e-03
 -1.14598209e-02  1.19265940e-04 -8.27888548e-02 -6.48713931e-02
 -3.70165259e-02 -3.48589681e-02  2.17523146e-02  3.80876986e-03
  3.86045016e-02 -1.76099073e-02 -4.52631488e-02 -2.07180157e-02
 -4.83308136e-02  3.42410542e-02  8.93533453e-02 -6.57642866e-03
  2.65678689e-02 -3.96185629e-02 -2.31296103e-02  2.79468708e-02
  6.26498014e-02 -1.07991565e-02 -9.67668660e-04  3.38212736e-02
 -2.15043873e-02 -3.72671755e-03 -1.14619561e-01 -2.78484095e-02
  3.02964561e-02 -3.91109809e-02 -1.04152575e-01  4.22738604e-02
  2.98695005e-02 -2.77897045e-02  2.66779214e-02 -8.52639154e-02
  2.02497956e-03 -1.50387385e-03 -1.38823733e-01 -2.65579112e-02
  5.10781594e-02  6.04200922e-02  1.82020124e-02  1.30224726e-33
 -4.98293713e-02 -8.44096392e-02 -7.48832896e-02  1.79359652e-02
  4.03278023e-02  2.85092536e-02  3.49936709e-02 -4.03907411e-02
 -2.64251344e-02 -2.75638588e-02 -1.91182792e-02  8.64690468e-02
 -2.00098875e-04  2.54354198e-02 -3.81721556e-02 -4.89648469e-02
  8.25930294e-03  7.55055994e-02 -8.29466246e-03  1.80386920e-02
  2.07846202e-02  8.25883225e-02 -7.97819570e-02 -6.48243800e-02
  6.80369213e-02  5.00976853e-02 -2.46637668e-02 -7.86336735e-02
  1.21982656e-02  8.86875391e-02  6.21276237e-02  3.28454860e-02
 -2.91673299e-02 -8.64760764e-03  7.38085583e-02  9.68749914e-03
  9.44445878e-02  3.22028697e-02 -7.50882775e-02  3.65616661e-03
  8.53057876e-02 -4.65109721e-02  4.56183311e-03  1.70084927e-03
  4.48011309e-02  1.61540642e-01 -1.16099671e-01 -4.00394499e-02
 -7.75494128e-02  4.54320908e-02  3.78763000e-03 -6.51275292e-02
 -1.29540354e-01 -1.33923873e-01  5.96097030e-04 -1.01939902e-01
 -8.48832447e-03 -7.40142763e-02  5.42623438e-02 -3.55305411e-02
  1.56471357e-02 -2.83310714e-04 -5.88886142e-02 -7.22808950e-03
  3.47477980e-02 -3.85480635e-02 -4.53391708e-02  4.33508530e-02
  1.25054475e-02  2.80555640e-03 -1.27023831e-01  1.05758579e-02
 -6.40470069e-03 -1.39776221e-03 -8.42404272e-03  3.81824151e-02
  2.37999670e-02 -5.31904027e-02  3.75664681e-02  1.05334548e-02
 -4.66728173e-02  2.24783402e-02  1.42748356e-02 -5.17730834e-03
 -2.10829582e-02  6.88357577e-02 -2.50008963e-02  1.08166486e-01
 -4.38890271e-02  3.87441227e-03  7.99781177e-03  1.11937091e-01
  4.22021970e-02  5.60775623e-02 -7.47416262e-03 -1.46333257e-08
  5.58086932e-02 -5.71237095e-02  2.79739574e-02  3.75401578e-03
  5.07501811e-02 -1.50047662e-02 -5.49918786e-02  8.06528926e-02
  1.88117400e-02 -7.14447233e-04  7.04884008e-02 -1.44573031e-02
  1.01727404e-01  3.78777049e-02  5.55241816e-02  5.76373748e-02
 -1.05702039e-02  3.31327282e-02 -2.46689674e-02  5.00650406e-02
  8.94022919e-03  7.04855099e-02  1.25179039e-02 -2.82021202e-02
 -5.01800179e-02  4.74030450e-02  1.95299666e-02  9.40969121e-03
  1.10171037e-02  2.93369889e-02  7.67714530e-02  4.03838269e-02
  1.73558425e-02  1.97074600e-02  4.30961400e-02 -5.59404120e-02
 -7.29117170e-02  1.92959495e-02 -5.71471117e-02  2.42478829e-02
 -8.33837762e-02 -8.02406371e-02  4.24223095e-02  1.07692769e-02
 -4.46142163e-03 -2.05351356e-02 -7.42802769e-02 -8.44966527e-03
  4.58400436e-02 -6.08808734e-02 -5.64183630e-02  5.29292002e-02
  5.17570376e-02 -3.02726235e-02  1.22510515e-01  8.28597397e-02
  9.82430018e-03  6.77180439e-02  4.14971113e-02  1.24312462e-02
 -2.96777394e-02 -2.24640802e-03 -8.80484805e-02 -9.73258913e-03]",1
Career_Youth_Exchange,43,What activities or sessions did you find most beneficial for you?,"treasure hunt, acting and drawing your river of life","treasure hunt, acting and drawing your river of life",positive,0.296,False,"[-5.97163616e-03  4.27134261e-02  2.09729318e-02 -6.50893059e-03
 -1.98050169e-03  3.87178771e-02  8.85905325e-02 -6.50479645e-02
 -6.12152508e-03 -2.72769257e-02 -4.21474427e-02 -4.89902310e-02
 -3.18301097e-02  9.32011455e-02 -5.63085936e-02  4.15383559e-03
  9.72570293e-03  6.14117235e-02  2.18337215e-02 -3.37547460e-03
 -2.06430554e-02 -1.65292453e-02 -5.62984264e-03 -2.66879369e-02
 -4.64272350e-02  1.06300991e-02 -5.33278938e-03 -5.49779134e-03
 -2.42204890e-02 -6.48149997e-02 -1.38241360e-02  3.78820114e-02
 -9.26785637e-03 -5.75732104e-02 -2.57175253e-03  1.28343791e-01
 -2.48414837e-02 -2.36825198e-02 -1.30943200e-02 -4.50453945e-02
  1.96205396e-02  4.98338416e-03  2.94409599e-03  2.42980942e-02
  3.36413085e-02 -7.76893571e-02  1.19172996e-02 -3.28955427e-02
 -1.08768996e-02  4.46422510e-02 -4.39255200e-02 -3.76586355e-02
 -1.20844856e-01 -1.21447500e-02 -1.47132240e-02 -5.36122508e-02
 -8.04567616e-03 -1.15400515e-02  5.05685993e-02 -5.32755069e-02
  4.54797149e-02  6.46697683e-03 -2.31635701e-02  6.55371621e-02
  2.58180238e-02  7.67135667e-03 -3.44226882e-02  8.14331695e-02
 -2.44100839e-02 -3.87455784e-02  2.31353263e-03 -4.72892588e-03
  7.23990845e-03 -4.44504246e-02  2.43307166e-02 -5.67913614e-02
 -6.72375131e-03 -9.55337808e-02 -3.80677283e-02 -8.75299126e-02
 -3.27364020e-02 -8.19747448e-02 -9.17738751e-02  4.70467210e-02
  6.22881670e-03  4.09909803e-03 -4.18380834e-02 -3.94572429e-02
  6.81782663e-02 -1.59952305e-02 -3.48840319e-02 -5.99773414e-02
 -3.49753127e-02  2.21278593e-02  7.42842723e-03  3.89733054e-02
 -2.81200185e-02  3.42200473e-02 -6.20091967e-02  3.09707820e-02
  9.70945209e-02  7.89974816e-03  4.50351015e-02 -1.63115300e-02
  1.55558303e-01  7.08471704e-03 -3.95044275e-02  2.63964105e-02
  1.77335925e-02 -3.66958827e-02 -1.90970972e-02 -3.92323397e-02
  8.84699151e-02  5.40965758e-02  9.62342545e-02  5.98878115e-02
 -4.34776433e-02  2.16647256e-02 -3.64050712e-03  2.36932263e-02
  1.15587093e-01  6.89146221e-02 -1.92299578e-02  1.16055114e-02
 -4.24248613e-02 -3.14776562e-02  7.99422618e-03 -3.43463396e-33
  3.36123370e-02 -3.15931514e-02  5.47312312e-02  3.93818319e-02
  2.32024398e-02 -5.38319163e-03 -9.71608981e-03  5.49383052e-02
 -1.95256192e-02  4.97714877e-02  1.83704756e-02 -5.36310375e-02
 -7.78540224e-02  5.32542206e-02 -2.91951168e-02  5.14737107e-02
 -1.20378502e-01 -2.36559566e-02  5.14405668e-02  1.19700190e-02
 -4.06450704e-02  3.78308655e-03 -3.55811566e-02 -6.32984266e-02
 -2.55842507e-02 -2.91264653e-02  8.85763671e-03 -3.15488726e-02
  4.94835386e-03  2.78972536e-02  2.82425769e-02  3.69842164e-02
  4.69526239e-02 -7.17758164e-02  8.69453046e-03 -1.48172230e-02
 -5.51572070e-02 -5.58160283e-02  2.48971372e-03  5.62618598e-02
 -2.39657629e-02  2.60420758e-02  1.90325025e-02 -1.11753615e-02
 -5.29124402e-02  3.16186203e-03  7.14858547e-02  8.43334347e-02
 -8.81170705e-02  9.40865129e-02 -2.33909935e-02  3.13426815e-02
  2.00717803e-02 -3.17020295e-03 -4.68259901e-02  2.13597156e-02
 -5.65918395e-03 -1.42383166e-02 -6.12411126e-02 -3.71015556e-02
  5.80231622e-02  6.29172921e-02  3.70369293e-02  6.95963502e-02
  7.42986239e-03  5.78495264e-02  9.81858224e-02 -3.29619385e-02
  5.42878099e-02 -6.20490909e-02 -1.11773498e-01  1.60520468e-02
  1.71156004e-02 -5.95679544e-02 -2.77312510e-02  1.45393852e-02
  3.72659191e-02 -6.66138977e-02 -4.46231142e-02 -1.59379877e-02
 -8.14551339e-02  3.80012095e-02 -3.00653316e-02  1.14675485e-01
  5.60070388e-02 -2.01820247e-02  5.01279570e-02 -2.40148753e-01
 -6.33603847e-03  1.36669884e-02  3.32329571e-02 -4.41995636e-02
 -1.05863148e-02 -5.81045188e-02 -4.86219116e-03  2.46890566e-33
  4.41151075e-02 -6.93194121e-02  3.25581059e-02 -3.37942429e-02
  5.86699173e-02 -7.12846667e-02 -2.52427030e-02 -1.50279375e-02
  6.84497729e-02  5.89664467e-02 -1.42916903e-01  5.52077703e-02
 -6.54683262e-03  4.21705320e-02  6.37998879e-02 -8.28519911e-02
  8.58298466e-02  4.73373421e-02 -3.36395763e-03 -1.08787604e-02
 -3.36856372e-03  6.02242723e-02 -9.82071459e-02 -2.25111451e-02
  2.63958704e-02  8.17777663e-02 -1.61319450e-02 -4.00040895e-02
 -3.02264281e-02 -7.44464900e-03  3.16483155e-02  6.19868003e-02
  1.94207821e-02 -5.64885437e-02 -1.09502785e-01  5.54364212e-02
  1.46254495e-01 -5.69172725e-02 -4.00962979e-02  3.43513256e-03
  5.36871403e-02 -2.71441545e-02  3.18311676e-02  4.49267142e-02
 -4.68785018e-02  3.95125858e-02  6.00548880e-03  1.19726159e-01
 -8.61285925e-02  6.34139702e-02 -6.32500723e-02  3.95407714e-02
 -5.32795675e-02 -3.55237462e-02  3.87050658e-02  4.18544486e-02
  2.88144983e-02 -3.64985354e-02  5.47975935e-02 -8.36868957e-03
 -3.71797346e-02  7.92464390e-02 -8.51749629e-02  1.75587554e-02
  1.70792323e-02  5.13610244e-02 -1.51806548e-02  1.86134931e-02
 -8.63246843e-02  5.04818000e-03 -3.90919186e-02 -8.65216367e-03
 -4.88761999e-02 -4.27023023e-02 -5.25936310e-04  1.73858311e-02
  6.47655223e-03  3.32562625e-02  4.11977507e-02 -1.82434078e-02
 -3.33658606e-02 -1.75258610e-02  3.35380174e-02  9.13051888e-02
  4.77297371e-03  7.62828663e-02 -6.01174906e-02 -2.98780366e-03
  3.61904278e-02 -2.65740771e-02  6.01142086e-02 -1.63240656e-02
 -5.44843785e-02 -1.21206408e-02 -6.73862034e-03 -1.51419517e-08
 -3.03546563e-02  4.32087630e-02 -5.34221493e-02 -2.79088896e-02
 -1.73050854e-02  2.75188684e-02  4.08103764e-02  1.21034347e-01
 -1.55928200e-02  4.36705053e-02  2.45971177e-02 -9.75136459e-03
  4.70831525e-03 -1.03107439e-02  6.80594891e-02 -4.56387065e-02
  8.23439658e-02 -9.80526358e-02 -9.04971510e-02 -9.20940936e-03
  8.51541683e-02 -1.12113554e-03  9.81791038e-03 -2.89523955e-02
 -1.13310680e-01 -5.74483126e-02 -3.08099366e-03 -1.89582743e-02
  8.06171671e-02  6.08863533e-02  3.83966938e-02  8.50048065e-02
 -9.35551524e-03  3.61407436e-02  3.83713692e-02 -6.82687759e-02
 -2.35576741e-02 -7.07552026e-05 -4.58527133e-02  2.45428775e-02
  2.63339840e-02  4.01270501e-02  7.94352591e-02  7.28225196e-03
  4.65565026e-02  3.09497267e-02  3.36891972e-02 -1.89759843e-02
  5.38937449e-02 -4.87409085e-02 -7.02136680e-02 -8.45606346e-03
  5.78632578e-02  3.49703990e-02  8.91836286e-02  7.55035970e-03
  3.62157822e-02  3.58379856e-02 -9.53325629e-02  3.50354761e-02
  1.14358015e-01 -2.24035457e-02 -5.21814078e-02 -3.68072353e-02]",1
Career_Youth_Exchange,43,What activities or sessions did you find most beneficial for you?,"Activities where we had to talk about personal experiences, learning from others and having to talk about what success means for each of us.","Activities where we had to talk about personal experiences, learning from others and having to talk about what success means for each of us.",positive,0.5719,False,"[ 4.57950123e-02  4.37992364e-02  5.64668290e-02  1.54220192e-02
 -6.43536821e-03 -4.06091829e-04  9.24706683e-02 -3.64308730e-02
  3.74046639e-02 -7.71703795e-02 -3.53977866e-02  7.49718100e-02
 -2.43523363e-02  3.11541632e-02  8.61091986e-02 -2.63043009e-02
  7.15425122e-04 -1.48523087e-02 -2.07094289e-03 -4.12715338e-02
 -2.80086212e-02  6.45625126e-03  2.26672199e-02  7.97501430e-02
 -3.53392437e-02  7.28121772e-02 -1.99957378e-02 -1.81083363e-02
  2.60274764e-02 -3.85457510e-03  6.31859824e-02 -1.49406446e-02
  6.54980391e-02  1.69840846e-02 -3.81949693e-02  7.46737868e-02
  1.21112317e-02 -3.23151797e-02 -7.27788219e-03 -3.55737507e-02
 -5.67450039e-02  6.43167412e-03  9.62854549e-02 -9.88534652e-03
  2.15759105e-03 -8.93295258e-02  5.49359387e-03 -3.95618118e-02
  7.97538552e-03  7.16089979e-02  6.42564474e-03  9.77060292e-03
 -4.13018875e-02 -4.54529934e-02  2.12038681e-02  5.19701615e-02
 -8.02454054e-02 -3.46036931e-03  5.70352236e-03 -2.47856192e-02
 -1.02619892e-02 -7.53314495e-02 -5.21847494e-02  8.22648033e-02
 -6.01115227e-02 -2.19886675e-02 -4.16547284e-02  5.30813821e-02
  1.02054402e-02 -3.03421244e-02 -9.18535963e-02 -2.81700529e-02
 -2.08610278e-02  1.99537314e-02 -5.79712028e-03 -2.15127897e-02
  2.78944671e-02 -1.13035284e-01 -3.00271623e-02 -4.14561741e-02
 -1.29510863e-02  4.15754970e-03 -1.86187029e-02  4.08062488e-02
  1.63288768e-02 -3.70831899e-02 -1.64646376e-02 -4.21567671e-02
 -2.62033790e-02 -4.02713381e-02 -3.17226127e-02 -1.93083063e-02
 -6.75096065e-02  9.57883243e-03 -3.07618082e-02  2.82293442e-03
 -1.06546260e-01 -4.28844318e-02  8.63043219e-02  8.61265361e-02
  3.17726508e-02  1.17254019e-01  2.37275548e-02 -7.35053094e-03
 -5.12086004e-02  2.05009710e-02 -7.84707144e-02 -1.45835299e-02
 -3.24396454e-02  8.74430612e-02 -9.99337435e-02 -2.68700272e-02
 -1.34932231e-02  1.77089982e-02  1.19423151e-01  4.69254628e-02
  2.79692356e-02  1.19073112e-02  3.27587575e-02  1.18616736e-02
  2.47559771e-02  5.82245216e-02  3.46908122e-02 -1.33807724e-02
 -7.38593489e-02 -3.30275558e-02  2.57627703e-02 -5.52046815e-34
  9.96594355e-02 -6.56721517e-02  3.99547815e-02  1.75091475e-01
 -1.78092122e-02  7.42489174e-02 -3.64820473e-02 -3.13197598e-02
 -5.35320817e-03 -1.97435562e-02  1.20026074e-01  1.01833381e-01
  5.40482327e-02 -2.49819551e-02  8.77235532e-02 -1.16676902e-02
 -1.46758601e-01  3.37290764e-02  4.45364341e-02  7.78121734e-03
  1.56249832e-02 -2.27696057e-02 -1.82147918e-03  5.13291843e-02
  6.32499903e-02  1.15727959e-02  6.62188753e-02 -9.35904682e-02
  2.69483309e-02 -1.82123873e-02 -1.76796019e-02 -5.62196178e-03
 -5.04840650e-02 -8.00196528e-02  4.91760187e-02  4.29113060e-02
 -1.43972728e-02 -7.34554753e-02  7.04739988e-02  1.52649824e-02
 -2.17694473e-02 -5.94405346e-02  2.94747460e-03 -7.33002350e-02
  1.28734694e-03  4.76336963e-02  4.05542031e-02  2.70066150e-02
 -1.54134892e-02 -2.61759665e-02 -6.26452416e-02 -4.84782569e-02
 -1.22674815e-02 -9.71332267e-02  9.38858197e-04  3.68003733e-02
  3.97954695e-02 -1.37049537e-02  3.26024345e-03 -3.80494371e-02
  9.08816233e-02 -6.63398998e-03 -4.78512980e-02 -8.46712217e-02
 -5.21729365e-02 -1.57224461e-02  2.69532669e-02 -3.50653566e-02
  6.51810765e-02 -4.43934239e-02 -8.38057995e-02  2.36410815e-02
  5.58476243e-03 -4.08427306e-02  3.47974487e-02  4.38796394e-02
 -6.12883531e-02 -3.95442471e-02 -5.24199717e-02  7.91293010e-03
 -1.43480739e-02 -8.94033015e-02 -5.69919348e-02  3.51904170e-03
  4.43487167e-02  4.31595407e-02  5.00270575e-02 -9.47555974e-02
 -1.14275381e-01  4.40740064e-02  9.89326835e-03 -1.20003032e-03
  2.26847380e-02  3.94412167e-02 -3.28627490e-02 -3.16081100e-33
 -3.45179737e-02  2.15224382e-02  2.45817099e-02 -7.78939156e-03
  1.00272678e-01 -6.20820522e-02 -3.17819454e-02 -1.60740577e-02
  4.66915406e-03  5.39383106e-02 -3.26124765e-02 -2.74919160e-02
  2.70777699e-02  4.37145121e-02 -6.16603792e-02 -5.37762465e-03
  3.70699391e-02  7.91321881e-03  1.75972041e-02 -3.09694302e-03
 -4.01980802e-03  1.68419287e-01 -3.44649106e-02  2.17313907e-04
  3.63977887e-02 -1.27249882e-02 -6.70786388e-03 -9.59965289e-02
 -3.30714323e-02 -5.44463750e-03  1.89584028e-02  3.95511650e-02
 -2.35535391e-02 -1.30108539e-02 -2.90810410e-02  7.11212829e-02
  1.75080504e-02 -1.24030903e-01 -1.05455834e-02 -6.74621686e-02
  6.38851598e-02 -7.36891553e-02 -1.21102473e-02  3.71443965e-02
 -1.33930184e-02  1.34932147e-02 -8.12859535e-02  1.97151583e-03
 -8.04906115e-02  1.28623080e-02 -3.45587358e-02 -2.28014011e-02
 -9.35981330e-03 -6.52285963e-02  5.21104559e-02  1.91334412e-02
  7.23688900e-02 -9.92675647e-02  5.29684313e-02 -6.44430444e-02
 -6.92604780e-02  6.28222376e-02 -7.08515719e-02  5.15343659e-02
 -1.33663882e-02 -6.27992675e-02  1.12380981e-02  2.54310779e-02
 -1.20068073e-01  1.61515344e-02 -7.23567754e-02  8.43266305e-03
 -4.71890392e-03  1.01011535e-02 -8.22378229e-03  5.38558187e-03
 -2.45096777e-02 -9.10495296e-02 -2.17368416e-02 -4.29634750e-03
 -2.38896776e-02 -6.71716267e-03  8.45175888e-03  7.33514130e-03
  2.28451341e-02  3.48019488e-02 -4.39860746e-02  3.52014266e-02
  9.56098828e-03 -3.72501910e-02  2.32107826e-02 -1.89192016e-02
 -6.13024607e-02 -1.31639205e-02 -2.39260942e-02 -2.76613772e-08
 -5.49101606e-02 -6.72432594e-03  1.42205646e-03  2.67111491e-02
  1.34193720e-02 -1.01905875e-03  5.11887930e-02  8.94108489e-02
  1.82453338e-02  4.30148281e-02 -1.21062517e-01  1.61729269e-02
 -6.68244809e-02  4.73109260e-02  9.84232053e-02 -5.50520681e-02
  1.06463887e-01  3.35758440e-02  1.29700350e-02  1.80144347e-02
  1.20670445e-01 -1.22761708e-02 -5.05047962e-02  2.72879051e-03
 -8.59949440e-02  4.29672375e-02  1.00178467e-02  2.47468706e-02
 -1.37148313e-02  2.90158782e-02  2.24218844e-03  3.09390482e-02
 -2.73195188e-02 -2.43059006e-02 -5.06716669e-02 -9.83130280e-03
  1.00940112e-02 -5.55016994e-02  5.37565313e-02  1.24038919e-03
 -3.61875929e-02  3.81858535e-02  1.21014096e-01  4.24617268e-02
 -6.36681616e-02  9.55452323e-02 -1.20613419e-01  7.55835604e-03
 -2.84438115e-02  4.43879468e-03 -5.20815924e-02 -1.58883575e-02
  4.17136252e-02  2.37170719e-02  2.43580397e-02  4.73986231e-02
  8.09295382e-03 -3.69554677e-04 -1.70801058e-02 -2.76963022e-02
  7.08434060e-02  1.04384735e-01 -1.44190654e-01  3.64951566e-02]",1
Career_Youth_Exchange,43,What activities or sessions did you find most beneficial for you?,Fuckup night was amazing.,Fuckup night was amazing.,positive,0.5859,False,"[-1.64380483e-02  5.53467348e-02 -5.24129346e-02  7.74367899e-03
 -9.34664719e-03 -8.51225853e-03  2.53620930e-02 -2.23270375e-02
  4.50345911e-02 -5.99865690e-02 -1.19777042e-02  6.62892759e-02
  3.50087993e-02 -1.82550587e-03 -1.00440746e-02 -2.81178653e-02
  1.19334511e-01 -2.01131925e-02 -8.92429985e-03 -3.70788090e-02
 -2.73196325e-02 -1.02682440e-02  6.38524964e-02  3.15457471e-02
  1.66991223e-02  1.42289903e-02  4.19719294e-02  1.93899795e-02
 -1.84273953e-03 -1.81025285e-02 -4.09354456e-02  6.12229779e-02
  2.62026284e-02 -6.57714009e-02 -2.86791157e-02  3.76543514e-02
  3.63609232e-02 -8.23018104e-02  3.66968438e-02  6.58437610e-02
  3.17904130e-02  4.09714952e-02  4.58954535e-02 -6.96030632e-02
 -2.22503059e-02 -6.20550429e-03  1.49338078e-02 -4.93473485e-02
  1.07588299e-01 -3.10100173e-03  9.85326841e-02  6.31911904e-02
 -3.14013176e-02 -3.11741363e-02  1.95720196e-02  6.98496625e-02
 -8.53260383e-02 -7.44124800e-02  6.16526715e-02 -2.90159788e-02
 -5.11322096e-02  6.47429675e-02  8.60505700e-02  1.30639840e-02
  1.00651421e-01 -2.83083841e-02 -8.98350105e-02  6.32266402e-02
  4.38150577e-02  1.07506678e-01 -6.10126257e-02  9.51326732e-03
  8.50108936e-02 -8.28722045e-02 -9.60053597e-03  4.61634323e-02
  1.34907039e-02 -3.86216268e-02  5.62302470e-02  7.01090600e-03
  2.03806702e-02 -8.76698792e-02 -1.60318390e-02 -2.66764797e-02
 -2.67338715e-02 -6.09909669e-02  3.73402610e-03  1.18335001e-02
 -7.76353013e-03  1.11620627e-01 -2.87968535e-02  5.30068809e-03
 -5.05203307e-02 -3.19151767e-02  4.97924723e-02 -8.23087245e-02
 -2.62973476e-02 -5.64282387e-02  3.22249066e-03  8.70811194e-02
 -3.02490350e-02  3.31399031e-02 -1.52018741e-02 -5.87979034e-02
 -3.12354974e-02 -3.19625810e-02  1.81399491e-02 -1.96436699e-02
  4.97997813e-02 -3.84716550e-03 -2.81145796e-02  1.06171019e-01
 -1.62000339e-02 -1.06482673e-02  7.16285035e-02  2.57484615e-02
  3.23761776e-02 -2.43102922e-03  9.22085345e-03 -1.50828250e-02
  1.10897370e-01  2.20459215e-02  4.18008491e-02  2.08021253e-02
  4.66813426e-03 -5.11304624e-02  1.50092646e-01 -3.16096015e-33
  7.07022324e-02 -6.32494017e-02 -2.44111195e-02  2.49358942e-04
  1.67590156e-01 -1.45910466e-02 -1.09251328e-02 -6.36909083e-02
 -8.66547599e-02  9.44440905e-03 -1.99892689e-02  4.06636782e-02
 -1.46309352e-02 -1.43371612e-01  6.03752509e-02 -3.45944916e-03
 -1.10438932e-02  6.08326048e-02  9.71160643e-03 -2.08929330e-02
 -1.22023001e-02  4.93881144e-02  6.58837482e-02 -3.38364877e-02
 -8.16622674e-02  8.06654524e-03 -1.85475163e-02  3.30327041e-02
  3.37708034e-02 -2.26748846e-02  3.21948640e-02  3.03212134e-03
  1.28823938e-02  8.84511471e-02  1.21958405e-02  1.72371864e-02
 -4.39488608e-03 -3.51062380e-02 -5.67064062e-03 -4.37576286e-02
  1.52236894e-02  8.68116412e-03 -7.73678944e-02 -2.56782137e-02
  9.33124684e-03  7.94309974e-02 -8.36849138e-02  2.07136832e-02
  5.82738966e-02 -3.00898752e-03 -3.62095311e-02 -7.27577787e-03
  2.59807426e-02 -2.57191230e-02 -5.30060604e-02  6.09669313e-02
 -3.19961198e-02 -2.89277155e-02  3.26122120e-02  2.77799051e-02
 -7.06871152e-02 -3.00378893e-02  2.21681949e-02 -4.01040539e-02
 -4.70019095e-02 -3.98325659e-02  6.71671033e-02  2.99320035e-02
 -8.84855837e-02 -2.63441335e-02 -5.36404252e-02 -3.30500416e-02
  6.24871515e-02 -7.60731474e-02  4.56688367e-02 -1.64075103e-02
 -3.70121039e-02 -8.36002976e-02  8.01762659e-03  1.63742062e-02
  2.52671260e-03 -5.24411239e-02  7.45157152e-02 -1.73118189e-01
  7.22218826e-02 -2.46111769e-02 -2.32370999e-02 -3.94466892e-02
  1.82334380e-03 -3.59839797e-02 -1.08594336e-01 -1.87635776e-02
  7.82600418e-02 -2.10822113e-02  1.27580836e-02  3.11288169e-33
  9.94449183e-02 -6.62682578e-02 -3.10142003e-02  3.80539410e-02
  2.56085917e-02 -1.68287996e-02 -1.00721650e-01 -1.99343730e-02
  2.03074049e-02  4.73037064e-02  5.10182567e-02  7.34756095e-03
  2.22621467e-02 -9.31440108e-03 -1.73212569e-02 -4.21264842e-02
  1.98990963e-02  5.02340868e-02  2.22688634e-02  6.11131936e-02
  1.59337595e-02 -4.97070886e-03  1.11898715e-02 -3.42353135e-02
 -5.94404228e-02  8.55346248e-02 -1.14711141e-02  1.01163603e-01
 -3.52748670e-02 -3.02619953e-02  5.09942025e-02  2.95681730e-02
 -3.58576141e-02  4.34046239e-02  2.11342378e-03  1.42866239e-01
  5.39682386e-03  5.25798835e-03 -4.83102985e-02 -1.32823363e-02
  3.54408659e-02  1.23315090e-02 -6.43080622e-02  7.01821297e-02
  2.82183848e-02 -3.18749957e-02 -8.33248198e-02  2.25613490e-02
 -1.79437380e-02  3.30768600e-02 -7.95097500e-02  4.28402126e-02
 -8.72912779e-02  1.60522312e-02  1.46818366e-02 -5.52653521e-02
  9.40655246e-02 -1.82164889e-02  1.61443893e-02 -5.32875210e-03
 -6.00407869e-02 -1.57309156e-02 -6.02088906e-02 -7.36225350e-03
  6.71995655e-02  5.14093600e-03  1.62399316e-03 -3.54240835e-02
 -4.78481837e-02  6.00683503e-02 -4.02954817e-02 -2.35288907e-02
 -7.76975602e-02  1.12004898e-01  2.69029196e-02 -2.63700765e-02
 -3.43723036e-02  1.47686992e-02  1.89943630e-02 -3.67888846e-02
  3.12141166e-03  2.89680324e-02 -1.24117084e-01  1.04884140e-01
 -1.48710608e-02  6.85040653e-02  1.21620417e-01 -1.94615349e-02
 -2.66775326e-03  5.17662056e-02  4.07663286e-02 -9.48321894e-02
 -5.57149686e-02  2.31847893e-02  4.87789847e-02 -1.78980422e-08
 -9.66229960e-02  6.29979596e-02 -1.51331261e-01 -5.32979332e-02
  5.03063351e-02 -5.96373715e-02  5.94437644e-02  7.50650000e-03
 -2.37651598e-02  3.80389690e-02 -1.59149710e-02  1.46987373e-02
  1.11801498e-01 -2.66634077e-02 -2.51523815e-02 -1.38495415e-02
  2.68586855e-02  3.02520469e-02 -1.97917433e-03  3.26699950e-02
  3.67992222e-02  4.84430231e-02  2.09779362e-03 -2.83896718e-02
  7.20620006e-02  5.54138608e-02 -3.81430015e-02  8.01496431e-02
 -4.77015460e-03  3.52345966e-02  5.44553548e-02 -1.99091174e-02
 -1.38209239e-02 -4.60277777e-03 -4.46246006e-02 -8.13071150e-04
  4.02833931e-02 -4.21786541e-03  6.13328405e-02 -2.20398344e-02
 -2.62087062e-02  8.89836345e-03 -1.35170249e-02 -1.33447751e-01
 -2.27062441e-02  3.71027067e-02 -3.20459828e-02 -1.13025354e-02
 -6.26951903e-02  2.20122747e-03 -1.48521615e-02  2.00639442e-02
  9.31787118e-03  6.29912242e-02  4.20114733e-02 -4.85226214e-02
 -5.52959554e-02 -2.06386205e-02 -2.18066983e-02  1.14328796e-02
  3.15835029e-02  1.63738020e-02 -4.91635352e-02 -2.39730105e-02]",3
Career_Youth_Exchange,43,What activities or sessions did you find most beneficial for you?,"especially the part where we prepare our cv and ask each other questions about success, his and courage etc.","especially the part where we prepare our cv and ask each other questions about success, his and courage etc.",positive,0.7845,False,"[ 5.16497530e-04  3.94155607e-02 -3.45032923e-02 -1.41773541e-02
  5.32346182e-02  8.10238905e-03 -5.69143370e-02 -2.88211349e-02
 -2.76250970e-02 -7.66446367e-02 -4.45232913e-02  8.14010203e-02
 -1.94952879e-02 -1.67482719e-02  2.37786230e-02 -4.74547558e-02
 -1.65810362e-02  4.69459146e-02  7.66556105e-03 -1.01989042e-02
 -5.81655242e-02  4.16688472e-02  7.11095408e-02 -2.32124440e-02
 -7.37208351e-02 -5.61335012e-02  1.49830952e-02 -1.77796967e-02
  3.76963493e-04  2.57047359e-02 -2.33412371e-04 -6.20779619e-02
  9.15338323e-02  2.36501601e-02 -1.06872953e-02  6.52447790e-02
  1.41638229e-02  1.09376453e-01 -4.36721891e-02 -4.39785495e-02
 -8.13023746e-02 -2.10207514e-02  4.18069214e-03  2.98868008e-02
  9.28490050e-03 -6.77854419e-02 -2.05069291e-03 -4.93755825e-02
  4.57455777e-02  4.87492466e-03 -7.10454211e-02 -7.29691833e-02
  1.43918842e-02 -3.81295085e-02  9.63229220e-03  8.53002742e-02
  5.33565320e-03 -1.52462721e-02 -3.09470315e-02  1.40358498e-02
 -6.21088520e-02  1.32421087e-02 -8.63764882e-02  9.05619264e-02
  1.84134170e-02 -2.13463269e-02  1.86676886e-02  1.10617600e-01
 -3.81216407e-02 -1.30097261e-02 -9.00608376e-02 -2.72094598e-03
 -6.04597665e-03  7.48126060e-02 -2.06395555e-02  3.82660292e-02
 -5.03060780e-03 -3.00408248e-03 -2.83734091e-02  5.54033089e-03
  2.64240801e-02 -1.68863554e-02 -3.36102322e-02  1.93926152e-02
  4.30020504e-02 -6.48737699e-03  9.91544127e-03 -7.61577785e-02
 -1.95008870e-02 -1.60585511e-02 -4.95960228e-02 -6.90722466e-02
  2.87177283e-02 -2.28053238e-02 -5.46278618e-02  8.00846443e-02
 -1.26798106e-02 -2.47184746e-02  4.60673757e-02  5.89015596e-02
 -3.61306518e-02  2.48750653e-02  3.10884174e-02 -8.14523734e-03
 -1.70629229e-02  4.33415994e-02 -6.41143508e-03 -5.35643287e-03
 -5.92893129e-03  3.51126380e-02 -2.40078382e-02  4.63612080e-02
 -1.13561545e-02 -3.31238247e-02  1.48018733e-01 -1.86891649e-02
  1.80244911e-02  3.96508202e-02 -8.30014702e-03  1.46563631e-02
 -1.59717922e-03  2.73460373e-02 -6.35454524e-03  4.61768992e-02
 -7.29870843e-03 -1.14398748e-01 -1.03130154e-02 -3.66676839e-33
  1.37844279e-01  3.72980759e-02  3.95520069e-02  1.57504514e-01
 -8.20929334e-02  7.83463418e-02 -2.56613344e-02  2.72953995e-02
  1.55154150e-02 -4.08026390e-02  7.33588040e-02  6.09946139e-02
  8.31132755e-02  6.84397202e-03 -5.92331253e-02  2.39849091e-02
 -1.47549853e-01  4.09374163e-02 -5.04724719e-02 -3.56213711e-02
  3.24396156e-02 -8.60533491e-02 -8.92078225e-03  1.27209621e-02
  1.05814502e-01 -9.93466564e-03  5.84995151e-02 -3.74028273e-02
  1.82965118e-02  5.29174274e-03 -6.58121407e-02  2.51415130e-02
 -6.92084059e-02 -7.32769892e-02  8.84980410e-02  5.82055897e-02
 -2.01437064e-02 -2.79481858e-02  2.45138370e-02  3.45941968e-02
 -5.28305136e-02 -3.35119069e-02  1.25094047e-02  2.64094677e-02
 -4.41374667e-02  3.85175226e-03  5.97654805e-02 -1.33652221e-02
  6.60937652e-03 -2.14383509e-02 -3.59970368e-02 -4.41322215e-02
  2.08086111e-02 -1.81622878e-02 -7.34933346e-05 -2.32403129e-02
  2.79007084e-03 -4.68556993e-02 -4.34222557e-02 -5.76335415e-02
 -2.02824492e-02  3.63675617e-02 -6.31074980e-02 -9.08594579e-02
 -9.99136716e-02 -3.75571810e-02 -8.48460868e-02  2.64497343e-02
  2.24456768e-02  8.97458103e-03 -5.13509326e-02 -3.36552784e-02
 -4.84733433e-02 -1.31960273e-01 -5.19340262e-02  8.31025764e-02
 -4.69784513e-02  3.25155351e-03  2.37316266e-02 -2.18212213e-02
  4.08410355e-02 -1.73469745e-02 -8.40175926e-05 -3.30418348e-02
  1.05362698e-01  5.01606539e-02  1.59351498e-01 -5.06742410e-02
 -5.28855808e-02  4.35031429e-02 -1.44957015e-02 -1.15502216e-02
  5.58550991e-02  6.16839901e-03 -3.30557860e-02  6.13822900e-34
 -2.58984938e-02 -8.78294259e-02  4.43359464e-02  7.70896450e-02
  7.80235976e-02 -1.90422367e-02 -8.10334459e-03  4.92231436e-02
  7.63395568e-03  7.90795684e-02 -8.06822907e-03  1.18485214e-02
 -7.72436103e-03  4.45260555e-02 -3.92593741e-02 -3.84928398e-02
 -1.76640961e-03 -7.22577609e-03 -1.52329197e-02 -4.29665809e-03
  4.02605273e-02  1.25703543e-01 -4.07954864e-02 -4.75064525e-03
 -3.56689282e-02 -1.58372000e-02 -1.54858539e-02 -3.05604562e-02
 -1.64957028e-02 -1.72951054e-02 -7.81548843e-02  1.26219904e-02
 -1.11873686e-01  6.29853904e-02 -8.88270587e-02  8.37451443e-02
 -1.54228071e-02 -9.73889083e-02  5.85669018e-02  1.13291897e-01
  2.58788522e-02 -5.60589023e-02 -8.14168304e-02 -7.77086094e-02
 -4.64534946e-02 -2.61703264e-02 -1.18935471e-02  1.43747617e-04
 -7.39479885e-02  2.46858932e-02 -7.44653866e-02  3.92371044e-03
 -7.92414546e-02  1.66891906e-02  4.01196368e-02  3.49647738e-02
  3.27310450e-02  6.17973227e-03  1.00526139e-01  1.78664532e-02
 -5.11705168e-02  7.70336688e-02  3.78793217e-02  1.07656969e-02
  4.04016078e-02 -6.76893592e-02  2.91754808e-02  9.71918926e-02
 -8.98552984e-02 -1.99578572e-02  1.14293015e-02 -5.53636849e-02
 -2.58490145e-02 -4.86128405e-02 -2.22358406e-02  2.12814417e-02
  5.29603064e-02 -8.31694305e-02 -5.08446433e-02 -2.30544787e-02
  6.69119060e-02 -5.37861101e-02 -1.13764796e-02  2.67116958e-03
 -6.83333119e-03  1.00390039e-01 -2.18768045e-02  5.18060140e-02
  3.23832445e-02 -2.26792414e-02 -2.24606767e-02 -8.02552179e-02
  1.08346557e-02 -2.62515824e-02 -9.51492880e-03 -2.45236134e-08
 -4.40147407e-02  6.06353134e-02 -1.34132279e-03  2.86452007e-03
  9.74626455e-04 -4.07794770e-03 -4.36817966e-02  1.03234462e-02
  5.62252291e-03  4.02988903e-02 -2.10615005e-02  9.37950984e-03
 -7.78026730e-02  3.35377827e-02  7.19333291e-02  3.91291641e-03
  6.36177417e-03  4.63725105e-02 -4.95258272e-02 -4.56686504e-02
  7.33465925e-02  1.04339190e-01 -4.07050066e-02  6.92153350e-02
  2.50317603e-02  7.03025386e-02 -1.14076911e-02  3.79706584e-02
 -4.47493307e-02 -2.94424463e-02 -4.80681434e-02 -3.91358975e-03
 -5.78900054e-03 -4.22535911e-02  1.05534114e-01  7.00484216e-02
 -4.31446470e-02 -3.12004387e-02  5.83581962e-02  2.13577207e-02
 -5.56981117e-02  7.29773119e-02  1.13355063e-01  1.06204398e-01
  1.76183432e-02  6.63572848e-02 -4.38857079e-02  6.28300086e-02
 -7.22477436e-02 -3.14661302e-02 -7.17825070e-02 -6.31603599e-02
  2.22582724e-02 -2.02233903e-02  3.50339636e-02  9.86186787e-03
  2.97676455e-02 -1.75435096e-02 -1.77611001e-02 -5.34088388e-02
  4.65248115e-02  9.26135704e-02 -4.56413180e-02  2.54839342e-02]",1
Career_Youth_Exchange,43,What activities or sessions did you find most beneficial for you?,"I liked the ""speed dating"" as it was nice to hear other people's opinions about different questions","I liked the ""speed dating"" as it was nice to hear other people's opinions about different questions",positive,0.6,False,"[-3.00676432e-02 -8.56568478e-03 -1.77148879e-02  2.20179744e-02
 -2.14588828e-02  2.53875311e-02  2.26254165e-02  3.22555453e-02
  1.25126736e-02 -7.66617209e-02  5.40762171e-02  3.20588471e-03
 -4.22427915e-02  1.34785166e-02 -3.97088751e-03 -4.05764878e-02
  8.83306935e-02 -7.63643160e-02 -1.94467641e-02  4.04647067e-02
 -1.37354508e-01 -2.16011144e-03  3.98308933e-02  1.22796651e-02
 -2.09008437e-02 -3.73645537e-02 -7.77753675e-03  4.85409237e-03
 -2.43732054e-03  5.93041144e-02 -3.33293006e-02  1.14254951e-01
 -2.28802301e-02 -1.49797071e-02 -9.80124995e-02 -7.60733262e-02
  2.26081535e-02  6.22535646e-02 -1.62797049e-02 -1.23592019e-02
 -5.40037788e-02 -3.05168740e-02  8.51290599e-02  4.42562923e-02
 -5.79063455e-03 -3.79580893e-02  9.57783125e-03 -1.67059973e-02
 -6.64980267e-04  2.37544850e-02 -2.10358892e-02 -8.04602280e-02
 -2.82604974e-02 -5.66185778e-03  4.00169054e-03  4.84751537e-02
 -9.66223404e-02  5.68852834e-02  3.64607796e-02  1.64496377e-02
 -8.34941268e-02 -3.22174840e-02 -7.93005282e-04 -2.69867890e-02
  2.62185279e-02 -3.17771919e-02  5.45008201e-03  2.34167669e-02
 -5.70763368e-03  5.98225296e-02 -5.36491834e-02  8.32750499e-02
 -1.19172549e-02  1.05209649e-01 -4.37157825e-02  2.23340206e-02
  2.61614728e-03 -3.59388068e-02 -3.57150473e-02 -6.89884871e-02
  3.28306071e-02 -1.09372504e-01 -3.27206850e-02 -4.69947085e-02
  5.45969158e-02 -8.25670287e-02  1.74499620e-02  1.60930548e-02
 -1.15392774e-01 -7.15604946e-02 -2.91589759e-02  7.02943653e-02
  8.13019276e-02 -5.52664101e-02  3.17991748e-02  3.71180363e-02
 -8.14566240e-02  1.45638930e-02 -1.26908980e-02  7.49662295e-02
  3.12314313e-02  1.15940660e-01 -1.48437276e-01  1.11287609e-01
  2.37102062e-02  7.42432475e-02 -1.74301341e-02  3.44031900e-02
  9.79325268e-03  4.73169833e-02 -1.72327552e-02  4.37424369e-02
  4.10839310e-03 -2.88079884e-02 -2.63259131e-02 -2.55597718e-02
  5.83618172e-02  9.04595852e-02  7.83894286e-02  5.16801104e-02
 -5.23047894e-02  3.70949949e-03 -2.40292437e-02 -2.75287665e-02
  5.20485677e-02 -6.68339431e-02  5.82854263e-02 -3.51949437e-33
 -9.24032461e-03 -5.40088676e-02  4.25455235e-02 -4.20315415e-02
  4.24041450e-02  5.34295999e-02 -7.35211372e-02  6.72778934e-02
 -4.58745137e-02 -1.64544079e-02  2.32589245e-02  1.96151696e-02
 -6.45973980e-02 -7.37607107e-03  7.18236789e-02 -2.40365807e-02
 -3.12803835e-02  4.84952107e-02 -1.81991444e-03  2.98023392e-02
  4.81067710e-02 -8.61209352e-03 -4.90812622e-02  3.27319577e-02
  3.55933979e-02 -4.71695606e-03  3.72837819e-02  4.46377695e-02
  8.66006091e-02 -1.28883785e-02 -1.11062124e-01 -6.62185391e-03
  3.01951077e-02 -5.61666582e-03  6.79040477e-02 -2.09578164e-02
 -2.18801871e-02 -3.89798991e-02  9.61377472e-03  4.61341441e-02
 -7.74745655e-04 -3.63187119e-02 -4.65908796e-02 -2.71426290e-02
 -5.90529069e-02  1.28626138e-01 -5.00114858e-02  4.37248014e-02
 -1.31012117e-02 -4.23847474e-02 -6.26892373e-02 -1.87143050e-02
 -4.23902180e-03  6.74773529e-02 -8.35989416e-03 -2.93452442e-02
 -1.86092537e-02 -5.95681369e-02 -5.89685440e-02  4.83107790e-02
  2.81357896e-02  5.10647185e-02  8.60353261e-02 -1.28873512e-01
  1.20549360e-02  6.51848093e-02 -3.66074555e-02  5.38954735e-02
 -4.05939575e-03 -9.83907934e-03 -1.39680551e-02  2.16185227e-02
 -5.06007783e-02 -8.72954652e-02 -1.51825231e-02  1.32373730e-02
 -5.61213605e-02  3.33843231e-02 -2.50307135e-02 -1.03798553e-01
  7.53008872e-02 -1.11936200e-02 -1.36649972e-02 -3.24247554e-02
  4.44139168e-03 -3.53014246e-02  7.92908203e-03 -2.73605417e-02
  1.63546242e-02 -1.02277741e-01 -3.09629012e-02  3.59348161e-03
  6.44398555e-02  5.44485776e-03  5.31691164e-02  2.32975450e-33
 -1.29481768e-02 -4.77807783e-02 -3.40689272e-02  2.66733598e-02
  7.28026181e-02  3.40228900e-02 -1.68277901e-02  7.35591799e-02
  8.60261843e-02  9.31583121e-02  4.57519516e-02 -4.41768467e-02
 -4.69195060e-02  1.05740631e-03  4.12323885e-02 -4.81569134e-02
  2.98990831e-02 -1.08671993e-01  6.00315072e-02 -5.78466197e-03
  1.58441998e-02  6.74832389e-02 -8.82936567e-02  4.48765140e-03
  3.57303694e-02  1.47550972e-02  4.83318716e-02 -2.88038212e-03
 -3.50493900e-02  6.98562488e-02 -1.01360999e-01  2.34968625e-02
 -1.86643656e-02 -8.60235393e-02  2.76781153e-02  1.01510830e-01
 -6.95336685e-02 -1.83980986e-02  1.46048404e-02  1.03607690e-02
 -3.98796201e-02 -1.22604854e-02 -3.51838255e-03 -5.22950068e-02
 -4.16840650e-02  1.91538094e-03  2.77931858e-02 -2.17427630e-02
 -5.72461486e-02  2.35070605e-02 -6.30358681e-02  3.83281079e-03
 -6.03786819e-02 -2.42675375e-02 -4.22707433e-03 -2.33122353e-02
  1.38554750e-02  6.24615327e-02  1.27556836e-02 -1.01484833e-02
 -6.44159392e-02 -4.13562171e-02  3.07611749e-02  1.31409252e-02
  1.04293032e-02 -7.53596127e-02  5.62869124e-02 -1.17088236e-01
 -9.10633579e-02 -6.13802820e-02 -8.94876793e-02 -3.86673892e-05
 -3.05190105e-02  7.33198524e-02 -6.62360946e-03 -1.01695403e-01
  6.63426071e-02 -5.29606268e-02 -4.97662649e-02  1.33150574e-02
  4.14615236e-02  7.75764287e-02 -5.19681014e-02  4.28197645e-02
 -6.93873167e-02  5.94707206e-02 -6.44732565e-02  3.70671437e-03
  1.47305550e-02  2.84513831e-02  9.49644670e-02 -7.24706948e-02
 -1.37969181e-02  2.16451399e-02 -5.99418022e-02 -2.72906835e-08
 -2.22213212e-02  7.99404830e-02 -3.50428261e-02  1.87116340e-02
  1.09590329e-01  4.41896059e-02 -2.04255470e-04  9.08185691e-02
 -3.10157165e-02  3.76037098e-02  1.15325535e-02  9.10199955e-02
  4.27525956e-03  5.39440215e-02  3.15913484e-02 -5.30175958e-03
  4.38496135e-02 -7.80672133e-02  4.19310061e-03  1.46726137e-02
  6.74744621e-02  7.86230043e-02  9.50740930e-03  1.69647802e-02
 -5.91445938e-02  5.73513433e-02  3.43010128e-02  2.04897337e-02
  9.28049311e-02 -7.39468411e-02 -1.42941568e-02 -6.20102510e-03
 -3.52324285e-02  2.20178794e-02  2.08770111e-02  2.58545857e-02
 -3.57478149e-02  8.20962116e-02  6.42730519e-02  2.26558978e-03
 -6.28908398e-03  2.07949392e-02  2.61189807e-02  4.85137962e-02
 -8.40833783e-03  9.22095850e-02  2.65053585e-02 -4.70445231e-02
 -1.00850016e-01  3.40104033e-03 -3.77281639e-03  2.44922098e-02
 -8.82032141e-03 -1.16871586e-02  1.05344035e-01  1.49006974e-02
 -1.11688718e-01 -2.04765890e-03 -1.18240416e-02 -8.93059536e-04
  6.01911172e-02  2.00485550e-02  3.05457935e-02  8.63617957e-02]",1
Career_Youth_Exchange,43,What activities or sessions did you find most beneficial for you?,"The debate, and the product packaging innovation.","The debate, and the product packaging innovation.",positive,0.3818,False,"[-7.62436911e-02  3.17379273e-02 -2.03850232e-02 -3.42280641e-02
  9.66534168e-02 -2.96106953e-02  6.43518344e-02  7.70101100e-02
 -2.37603746e-02  1.05042302e-03  7.11730421e-02  5.75598478e-02
 -9.74645466e-03  2.92837825e-02  5.98496497e-02 -3.44962738e-02
  3.35520171e-02 -3.43186185e-02 -2.46914625e-02 -1.09433457e-02
  2.15554032e-02  2.75435741e-03  3.80781144e-02  3.49500962e-02
 -6.46611601e-02  1.06028154e-01 -2.42109802e-02 -6.00275844e-02
  5.37851714e-02 -6.79561049e-02  4.30233739e-02  8.05257633e-02
 -8.30543786e-03  1.66174769e-03  1.32823408e-01  7.05351532e-02
  8.03924650e-02 -5.03269546e-02  6.11944310e-02 -6.07711300e-02
 -2.67450549e-02 -9.04042125e-02 -7.45021552e-02  5.20991459e-02
 -3.37136537e-03 -3.54464427e-02  2.76525952e-02 -8.13270826e-03
 -2.88012847e-02 -3.31889801e-02 -6.48990041e-03 -2.14666910e-02
 -7.90039077e-02 -1.25913352e-01 -1.43557405e-02  2.08481196e-02
  1.92312039e-02 -1.59801506e-02 -4.08626832e-02  6.83261603e-02
 -8.44529923e-03 -3.62716764e-02 -1.33983130e-02  1.13389172e-01
  2.66487878e-02 -7.73258740e-03 -3.46372463e-02  7.01009994e-03
 -4.88459840e-02  2.08267551e-02 -2.04564352e-02  5.54898530e-02
  5.04577272e-02  4.76359390e-02  4.18592468e-02 -3.44392247e-02
  2.43155379e-02 -1.24083506e-02  4.97641182e-03  2.43607406e-02
  5.13670705e-02 -3.34287845e-02 -3.69438305e-02  4.81781028e-02
 -8.79334062e-02 -4.94238362e-02  2.20847577e-02 -1.50271105e-02
 -5.92714585e-02 -5.76971881e-02 -2.17474606e-02 -2.51443125e-02
 -4.47271019e-02  5.48406132e-02 -5.55554852e-02 -1.93185662e-03
 -5.14103174e-02  7.80764176e-03  3.35688926e-02  4.72089797e-02
 -2.44441442e-02  2.31207646e-02 -5.62381558e-03 -6.39062002e-02
 -1.54767260e-02 -8.80260989e-02 -1.12241618e-01 -6.38208464e-02
  9.99673735e-03  8.66945013e-02 -9.23416987e-02 -1.85155720e-02
 -4.74957488e-02  1.08203692e-02 -4.03289050e-02 -3.54216583e-02
  2.87010018e-02  3.75599973e-02  4.90799546e-02 -6.06150888e-02
  4.48802933e-02  4.62361611e-02  5.87969869e-02 -5.96295968e-02
 -4.35764305e-02  1.37930568e-02  1.28118666e-02 -8.53274158e-33
 -1.02584153e-01  2.03860253e-02 -2.69811526e-02  1.08891547e-01
 -1.57827344e-02 -7.15371221e-03  1.05203725e-02  2.72755977e-02
  2.65790094e-02 -6.47089165e-03 -2.73554269e-02 -7.85170961e-03
 -1.69367176e-02  1.28695697e-01  8.64236653e-02 -3.60641442e-02
 -1.09149396e-01  1.45468544e-02  8.98836646e-03 -3.81075181e-02
 -1.15522020e-01 -3.48333754e-02  7.13111088e-02  6.32946268e-02
  4.66871597e-02  4.87798359e-03  3.92347053e-02 -1.26638077e-03
  4.59954254e-02  1.86908301e-02 -1.46266408e-02  2.26240847e-02
  4.03210558e-02  7.00996141e-04 -6.02655001e-02  5.24162762e-02
 -2.00198479e-02 -1.06656730e-01  4.50456664e-02  1.86293703e-02
 -3.41546722e-02  2.96506239e-03  2.25810297e-02  8.73862058e-02
  2.71761231e-02  7.88496658e-02  2.79414579e-02 -2.55199429e-02
 -1.63431074e-02 -2.87584383e-02 -7.65147656e-02  2.86572184e-02
  5.92945069e-02 -6.05755486e-03  1.28954323e-02 -1.32916182e-01
  2.59015225e-02 -6.31451383e-02  8.25194642e-02 -1.15478141e-02
 -3.54216509e-02  8.76486972e-02 -3.14733461e-02  7.98866823e-02
  3.80858965e-02  7.43431151e-02  5.05390130e-02  5.86549519e-03
 -3.36615331e-02 -4.40988457e-03  4.31828797e-02  3.29742245e-02
 -5.76124005e-02 -7.90415928e-02 -1.89531296e-02 -2.87019890e-02
 -1.78519767e-02  7.74533078e-02  2.67044660e-02 -9.80123505e-02
 -1.97363775e-02  2.38850620e-02  4.71021347e-02 -2.67346599e-03
 -5.61214350e-02 -8.18903595e-02 -8.63739941e-03  1.38735836e-02
  2.96615902e-02  8.79204199e-02  6.50032423e-03 -1.24501623e-03
  2.45033670e-02 -3.88640165e-02  3.94383222e-02  5.55612099e-33
  1.57359280e-02 -2.88682878e-02 -2.85932217e-02  8.08376297e-02
  2.51229759e-02  5.22621162e-03 -5.39289229e-02 -1.99979804e-02
  3.54679651e-03  9.23317671e-03 -2.98377369e-02 -7.22677074e-03
  2.47220714e-02  5.98566271e-02 -4.10465430e-03  2.05218066e-02
 -1.15359584e-02 -4.02993150e-03  7.92399123e-02 -7.44190887e-02
  6.31388724e-02 -4.07822197e-04 -3.26885507e-02  1.13720363e-02
 -1.74155738e-02 -2.19816286e-02  4.59906720e-02 -6.54681623e-02
  6.08466938e-02 -3.72771546e-02  4.12499309e-02 -1.01359785e-01
 -1.21681923e-02  5.74575961e-02  4.10534553e-02  4.83530425e-02
  2.44351657e-04  3.42687336e-03  8.26779157e-02 -5.75816855e-02
 -3.19183059e-02 -2.07690485e-02 -8.00897554e-02  2.21566502e-02
 -1.66288186e-02 -7.88887665e-02 -1.13913277e-02 -8.58275667e-02
  1.07063249e-01 -1.22678420e-02  8.18289444e-03  3.71875949e-02
  3.78382541e-02 -1.54530987e-01 -9.24562588e-02  7.39759803e-02
 -3.35559435e-02  9.28668305e-03  5.47523871e-02 -1.44434739e-02
  1.20966174e-01  2.52070371e-02  1.01857446e-02 -1.01621248e-01
 -6.04598830e-03  9.18844901e-03  4.57529388e-02 -1.38318073e-02
 -3.25102694e-02  1.06209354e-03  5.35548553e-02 -1.02813747e-02
 -6.07881770e-02 -2.50273608e-02 -2.87002698e-02  3.88263538e-02
 -1.31711019e-02 -7.80751184e-03 -5.66192679e-02 -1.58789959e-02
 -1.77524928e-02  1.76865589e-02  3.37738246e-02  5.96687868e-02
  8.10438395e-03 -1.88243296e-02  6.42020488e-03 -2.38450915e-02
 -4.11472842e-02  8.36603902e-03 -3.36148590e-02  9.16098133e-02
 -6.82546049e-02  1.07983261e-01  7.93217421e-02 -1.67771947e-08
  1.80510692e-02 -4.92592677e-02  1.24659147e-02  1.95030984e-03
 -4.85341400e-02  4.42951880e-02  7.36135663e-03  8.29458237e-03
 -1.19670760e-02  2.18107365e-02  5.04270615e-03  2.30894294e-02
 -1.03737094e-01  1.21937707e-01 -1.78263728e-02  4.99874875e-02
 -9.55295414e-02  5.71550988e-02 -5.30428663e-02 -3.52051891e-02
 -2.27446277e-02  8.98280069e-02  9.08298194e-02 -2.59065609e-02
 -5.65233268e-02  5.63918091e-02  6.50194809e-02  4.99666203e-03
  5.70335872e-02 -1.39849773e-02 -3.20420340e-02  1.75838247e-02
 -3.82786244e-02  5.19953631e-02 -3.46571319e-02 -9.69306603e-02
 -2.07053386e-02  5.24221547e-02  1.11989602e-02 -2.98508462e-02
 -6.14703000e-02 -8.04707482e-02 -6.46149367e-02  2.53374949e-02
 -1.58979297e-02  2.26024468e-03 -9.27538276e-02 -5.96634857e-03
 -9.23089907e-02  9.39541981e-02  2.29335874e-02 -1.84414294e-02
 -9.09653958e-03 -2.99943471e-03  5.22992276e-02  1.24765793e-02
 -2.29570437e-02 -1.21843154e-02  4.79426160e-02  5.26345894e-02
 -4.11471323e-04  4.65115852e-04  1.36140704e-01  7.29038790e-02]",1
Career_Youth_Exchange,43,What activities or sessions did you find most beneficial for you?,"There were useful points for me in all the activities, but the most useful for me was the CV preparation activity.","There were useful points for me in all the activities, but the most useful for me was the CV preparation activity.",positive,0.7003,False,"[-3.31154726e-02  1.65927596e-02 -2.43304651e-02 -1.09824464e-02
  8.59843120e-02  8.96549150e-02  4.90292646e-02  1.78705645e-03
 -6.54964447e-02 -2.05647144e-02 -9.21379123e-03  7.29505764e-03
  2.45338939e-02  5.43500520e-02  4.84806336e-02  8.12725537e-03
  1.55905923e-02 -2.18119025e-02  5.96918492e-03 -3.93664204e-02
 -7.52143785e-02 -4.22697179e-02  5.58845699e-02  7.38763362e-02
 -2.05306169e-02  4.78541702e-02 -3.74090858e-02 -2.48797089e-02
  3.90216857e-02 -6.91408217e-02  2.70577124e-03  3.34364437e-02
  1.00527063e-01 -1.44120846e-02 -2.14297101e-02  7.61298314e-02
  4.30067815e-02  5.30270971e-02 -4.93907789e-03 -2.09622346e-02
 -3.21790352e-02 -2.52659246e-02  7.22310841e-02  3.06418277e-02
  1.05068512e-01 -5.24713881e-02  4.90146764e-02 -8.18105489e-02
  3.86616364e-02  2.83487141e-02  6.23234473e-02 -1.91095360e-02
 -6.23893291e-02 -5.56434505e-02 -1.14313392e-02  3.04077268e-02
 -1.21682025e-02 -3.45215462e-02 -8.24009255e-03 -8.20373669e-02
 -1.39840487e-02 -1.23951184e-02 -2.47801654e-02  4.80233431e-02
 -4.67725173e-02 -2.10562814e-02  2.43193633e-03 -7.02323765e-03
  3.19243185e-02 -3.28699872e-02 -9.14105326e-02 -2.57647820e-02
 -2.08132919e-02 -1.50485048e-02  3.01763732e-02  5.51368184e-02
 -3.52346376e-02 -1.06155120e-01 -4.98767979e-02 -5.61456569e-02
  4.46483754e-02  8.50772113e-02 -3.36984619e-02  9.68180075e-02
  5.09741455e-02  2.10624561e-02  3.77134569e-02 -3.74274291e-02
 -1.23946853e-02  1.32497856e-02  8.23165998e-02 -1.37641765e-02
 -3.97309549e-02 -1.51359662e-03 -1.63464528e-03 -2.10746713e-02
 -6.17846176e-02 -2.25497559e-02  8.60886872e-02  5.31039499e-02
  5.20772114e-02  2.79893093e-02 -1.63943768e-02  8.08084104e-03
 -3.73965502e-02  2.91588157e-02  4.55495017e-03  2.84689087e-02
  4.28033574e-03  2.84996647e-02 -5.65428771e-02  5.85222803e-03
  5.85250370e-03 -1.75499227e-02  2.96654925e-02  7.20027685e-02
 -2.04606690e-02  1.97288487e-02 -1.74365267e-02  6.64277896e-02
  1.83391552e-02 -5.15547814e-03  4.23569232e-02 -6.53671334e-03
 -7.01823458e-02 -1.91264059e-02 -9.65085253e-03 -3.15292785e-33
  3.74374613e-02 -6.43677544e-03  6.44946471e-02  7.78002888e-02
 -1.82977244e-02 -7.06763100e-03 -5.69020957e-02  1.65803134e-02
  3.23862135e-02 -4.96821515e-02  6.05468638e-02  9.18737352e-02
  2.77686883e-02 -7.61171477e-03  8.43565091e-02 -6.03043893e-03
 -5.97329065e-02  4.06089500e-02  5.92464535e-03  2.86125299e-02
  6.74197972e-02 -1.27163544e-01  4.65973560e-03 -1.62767600e-02
  1.08645245e-01  5.99527657e-02  7.68111423e-02 -4.61904407e-02
 -1.41102374e-02 -3.54950619e-03  3.01921964e-02 -1.16070369e-02
 -9.23553035e-02 -4.84734736e-02  5.75015834e-03  5.97693846e-02
 -3.11524048e-02 -9.87886041e-02  5.15549667e-02 -5.44480644e-02
 -3.29680555e-02  3.09906732e-02  2.88379211e-02 -4.00527716e-02
  2.25689448e-02  1.12630790e-02  5.35455942e-02  1.16996719e-02
 -3.88223934e-03  4.78323200e-04 -1.59969013e-02 -1.60959717e-02
  4.44607586e-02 -1.44785762e-01 -5.07836901e-02  3.52673456e-02
  1.21955685e-02 -2.45308913e-02 -3.09257638e-02  2.61547267e-02
  1.62998736e-02  3.40805319e-03 -5.79147004e-02 -6.59360215e-02
 -1.08169451e-01  1.07877115e-02 -4.95415889e-02 -2.51669474e-02
  8.78540576e-02  6.18322473e-03 -5.86264431e-02 -7.02657783e-03
  4.86162901e-02 -6.45654425e-02  1.76297575e-02  1.84450112e-02
 -8.83115232e-02 -7.91635290e-02 -6.54563084e-02  1.35706244e-02
  8.47959053e-03 -6.15483746e-02 -1.11410841e-02 -5.84384203e-02
  5.35274670e-02 -1.80253144e-02  9.17657167e-02 -6.08105063e-02
 -1.05179839e-01  9.25972126e-03 -3.82872149e-02  4.17183116e-02
  2.55410117e-03  3.88491042e-02 -7.06279576e-02  2.16570085e-33
 -2.83670202e-02 -2.54193433e-02 -1.93777159e-02  8.57708883e-03
  5.78361712e-02 -5.06165214e-02 -2.14883871e-02 -9.20179486e-02
 -3.18784229e-02  3.81279476e-02 -1.30659831e-03  1.81741007e-02
 -3.90918702e-02 -8.67959950e-03 -2.04843283e-02  3.86965228e-03
 -6.51444569e-02  4.59501408e-02 -4.48553413e-02  2.94616539e-02
 -2.43763439e-02  1.27656922e-01  3.05042905e-03 -5.84858991e-02
  4.69462164e-02  6.40877187e-02 -8.29037949e-02 -9.20898691e-02
 -2.79864878e-03  8.33837409e-03  1.66957779e-03 -3.96798598e-03
 -4.22448888e-02 -5.41342981e-02 -2.23484207e-02  6.22456111e-02
  1.01965014e-02 -8.31539035e-02 -1.59482136e-02  6.63241893e-02
  7.70077407e-02  2.07187030e-02  4.80112806e-03 -1.12257246e-02
 -2.83635082e-03  3.74345034e-02 -5.24206273e-02  4.99803126e-02
 -6.89038336e-02  2.36129500e-02 -8.98982864e-03 -2.46349219e-02
 -5.09144552e-02 -1.85835399e-02  5.79060018e-02  9.21337903e-02
  4.74737510e-02 -9.48807970e-02  4.42261621e-02 -4.58987616e-02
 -6.54990375e-02  7.89703801e-02 -5.32563031e-02  9.23886895e-02
  2.68111248e-02 -3.15587595e-02  3.33475620e-02  6.48985505e-02
 -1.01137847e-01 -5.48034068e-03 -7.11383820e-02  5.60245439e-02
  1.33573236e-02 -5.05195111e-02 -1.56737287e-02 -5.23702577e-02
  1.48242386e-02  1.40407765e-02 -2.97982525e-02 -4.40754183e-02
 -1.26717398e-02 -3.79439443e-02 -1.29142320e-02 -5.31123532e-03
 -2.31138971e-02  1.54302031e-01 -4.00029495e-02 -1.01785865e-02
  2.00629681e-02 -7.83761591e-03 -5.93682043e-02  4.85272855e-02
  3.31518147e-03  3.37094851e-02 -1.86034814e-02 -2.44690064e-08
 -8.50708559e-02  5.66720441e-02  2.28737220e-02  8.05178955e-02
 -4.09613587e-02 -9.66890752e-02 -1.08122706e-01  1.46588132e-01
  1.15032084e-02  6.09058030e-02 -3.60212065e-02 -6.27893358e-02
 -7.18938261e-02  3.43938209e-02  1.31702915e-01 -3.66990343e-02
  9.53782499e-02  1.14613883e-01 -7.53527954e-02 -5.36774658e-02
  8.60095546e-02  2.53200792e-02 -4.72846106e-02  1.51289254e-02
 -2.25190297e-02  1.16207488e-02  7.95948505e-02  1.69964302e-02
  5.66375181e-02 -3.48631702e-02  4.02380861e-02 -1.32378545e-02
  1.64651300e-03  3.75016732e-03  5.70083000e-02  7.42507875e-02
  4.75466531e-03 -2.49888357e-02 -2.04385817e-02  1.30910158e-01
 -5.90104870e-02 -3.61360493e-03  7.24912658e-02  8.77346322e-02
 -9.62830614e-03  5.71068525e-02 -8.56264830e-02  2.28251405e-02
 -3.62671502e-02 -6.08707294e-02 -2.40951385e-02 -1.10212015e-02
 -8.54505505e-03  2.86113173e-02 -3.83477821e-03  7.21347779e-02
  4.81601544e-02 -1.32656097e-02 -2.75411922e-03  4.70754952e-04
  3.53817120e-02  3.23586389e-02 -1.54267743e-01  1.59602854e-02]",1
Career_Youth_Exchange,43,What activities or sessions did you find most beneficial for you?,"the debate, the tedx talks, the secret friends, the social interactions overall","the debate, the tedx talks, the secret friends, the social interactions overall",positive,0.4767,False,"[-5.62918894e-02 -1.46576185e-02  3.63388620e-02  9.36451461e-03
  4.46321070e-02  5.71703278e-02  4.04011272e-02  4.49575158e-03
  1.22349467e-02  8.14778451e-03 -3.77628542e-02  1.24858573e-01
 -1.92833152e-02 -2.06804164e-02  2.44538579e-02 -2.95588374e-02
  2.32215542e-02 -5.15636690e-02  6.03506248e-03  1.43593189e-03
  1.53199490e-02 -5.15525639e-02  7.46558458e-02 -5.37930010e-03
  1.05831278e-02 -1.09666735e-02  7.23573118e-02 -6.93954751e-02
  2.92487387e-02  3.65960114e-02  7.04050735e-02  7.94188306e-02
  1.99370552e-02 -6.14941539e-03  7.18502421e-03  8.77334177e-03
  7.26709738e-02 -6.98572258e-04  6.92518651e-02  6.03199564e-02
  3.01788165e-03 -5.27318865e-02  2.81798225e-02  1.83217637e-02
 -1.14365615e-01 -2.64059640e-02  2.43971380e-03  3.10090818e-02
 -5.17227687e-02 -4.48856726e-02 -2.75210980e-02 -2.84940340e-02
  3.25886868e-02  4.32400107e-02  3.20499577e-02 -2.34119985e-02
 -3.71124931e-02  1.02908686e-02  2.23088767e-02 -3.15430798e-02
 -3.98863014e-03 -7.15119988e-02 -2.37974208e-02  7.40970150e-02
  2.05729734e-02  7.06950277e-02 -1.08667426e-01  9.39800292e-02
  1.35947373e-02  2.85946839e-02 -5.77873492e-04  7.95786008e-02
 -1.89137403e-02 -1.02048423e-02 -1.53904129e-02 -1.33169577e-01
 -2.24737525e-02 -3.69705372e-02 -1.02724403e-03  4.65174718e-03
  3.41577381e-02 -6.33761808e-02 -2.79609319e-02 -1.56216547e-02
 -1.12330290e-02 -2.71205958e-02 -1.34967780e-02 -2.99358089e-02
 -8.68907869e-02  8.61557797e-02 -1.31723359e-01  4.58186157e-02
 -6.75592422e-02 -2.52251308e-02 -4.76578884e-02  4.79035405e-03
 -1.02802301e-02  1.95581522e-02 -5.86879738e-02  7.58972019e-02
 -1.27879074e-02  5.96738122e-02 -2.62751407e-03 -5.17172553e-02
 -4.01447900e-02  4.87166271e-03 -8.92114192e-02 -5.73917776e-02
  4.99354303e-02  5.18409088e-02 -6.22588284e-02  1.18074715e-02
  4.51940391e-03  2.06077304e-02  4.69704866e-02 -3.00931819e-02
  1.14462666e-01  7.03654364e-02  4.90179062e-02 -2.45909952e-02
  3.36329825e-02  1.86830871e-02  5.62074874e-03  4.49101292e-02
 -1.12538300e-02 -3.14741656e-02 -6.82561919e-02 -4.93690105e-33
 -1.26985647e-02 -3.99128459e-02 -8.41228738e-02  9.66116264e-02
 -4.34248447e-02  9.46935043e-02 -5.63061722e-02 -1.24513507e-01
 -2.12484431e-02  2.18426529e-02 -1.80056505e-02  1.12125240e-02
 -7.82141928e-03  9.90337878e-03  3.59470956e-02 -2.13210564e-03
 -1.01156481e-01  9.13795307e-02 -8.99728481e-03 -4.53638844e-02
  9.00367349e-02  6.23953454e-02 -1.62692890e-02  5.69787510e-02
  5.12353703e-03 -5.66485375e-02  8.22370127e-02 -4.72202003e-02
  1.07708015e-01  2.31791623e-02 -5.11777103e-02  7.28687346e-02
  1.13398221e-03  2.91699376e-02  1.79567710e-02  4.97308187e-02
  5.99887446e-02 -1.19016878e-01  4.69192974e-02 -1.30988276e-02
  1.63296629e-02  3.47984098e-02  8.23263358e-03 -1.50154978e-02
  5.77395968e-03  6.11154884e-02  3.17698903e-02 -1.86707024e-02
  5.85631020e-02 -1.07285939e-02 -1.37663344e-02  2.95057241e-02
  3.06947710e-04 -1.04535734e-02 -1.26020126e-02 -4.80247065e-02
 -8.07414390e-03 -7.62091065e-03  1.32243121e-02 -2.36135884e-03
  7.29606599e-02  4.72428799e-02  3.74154821e-02 -4.64649312e-02
  1.37473941e-02  9.27721635e-02 -2.65732477e-03 -2.53634658e-02
  1.74650587e-02  1.33449724e-02 -5.60184009e-02  4.36812416e-02
 -7.37082660e-02 -6.73903972e-02 -7.16371387e-02  4.66938391e-02
 -2.61226259e-02 -2.87762694e-02 -9.16570239e-03  2.10943464e-02
  8.20326898e-03 -5.72722331e-02  3.76317315e-02  1.58063974e-02
 -4.75415401e-02  1.22178169e-02  5.51570021e-02  1.82741638e-02
  4.92351651e-02  7.54544288e-02 -4.89274375e-02 -8.98881704e-02
  1.27820149e-02  4.20333557e-02 -5.79239279e-02  2.70235847e-33
 -8.74106511e-02 -4.90020514e-02 -8.10469408e-03  2.26216838e-02
  3.47145498e-02 -2.54973192e-02 -7.84496777e-03 -2.51969434e-02
  6.27483130e-02  6.28360584e-02 -9.18145478e-02 -9.23085213e-03
  5.22688264e-03  1.83169730e-02  8.67247358e-02 -3.94201912e-02
  1.26573905e-01  1.35966891e-03 -4.67115194e-02 -7.82901719e-02
  4.32194807e-02  2.21511964e-02 -8.87466818e-02  5.28932549e-03
  3.84251885e-02  2.21842285e-02  6.50425851e-02 -2.32789703e-02
  6.53482182e-03  6.15264382e-03  1.12555204e-02  8.09178203e-02
 -6.77015185e-02  5.04221953e-02 -5.19294403e-02  9.63902250e-02
 -7.59291798e-02 -2.87884730e-03  1.82516687e-02 -1.55421838e-01
  5.77330589e-02 -4.01721187e-02 -8.80299956e-02  3.48995700e-02
 -5.65348789e-02 -2.82711582e-03 -1.14244908e-01 -6.85319537e-03
 -7.79468045e-02  1.02521051e-02 -7.66236931e-02  2.81789619e-02
  9.13679041e-03 -7.85636678e-02 -3.96006629e-02 -5.68648204e-02
 -8.45526904e-02  4.99824844e-02  6.11304790e-02 -1.89553052e-02
  1.91332661e-02  6.07410893e-02 -2.70344447e-02  6.41566440e-02
  4.73261112e-03 -3.19279768e-02 -4.65472303e-02 -3.66193848e-03
  3.64179611e-02  4.99844700e-02  6.93390369e-02  6.21233024e-02
 -6.94367737e-02  3.50365415e-02  6.07840791e-02  1.26649767e-01
 -4.45867479e-02 -4.29225946e-03 -8.19468349e-02  3.55446227e-02
 -4.82401550e-02  3.14475521e-02 -1.08599467e-02 -1.88535228e-02
  1.96796060e-02  1.16977677e-01 -5.15511148e-02  8.30911249e-02
 -2.22489517e-03  9.13414732e-03  2.58629620e-02 -9.56448987e-02
 -5.01155593e-02 -7.69114196e-02 -2.20023636e-02 -2.11489777e-08
 -1.58922616e-02 -3.15883197e-02 -2.17918828e-02 -3.23223844e-02
 -3.92085947e-02  6.11586124e-02  6.04702830e-02  7.94990826e-03
 -2.15331353e-02  1.19270109e-01  5.37517220e-02 -5.56279812e-03
  4.43291059e-03  4.54131812e-02  1.62343010e-02  9.57137439e-03
 -4.57339138e-02 -6.35162517e-02  4.03635390e-03 -3.86900008e-02
 -2.33527292e-02 -5.54546565e-02 -7.87745789e-03  8.44456777e-02
 -1.88492686e-02  3.19646932e-02  1.47573662e-03  3.40119973e-02
  2.94994842e-02  1.57436393e-02 -7.24882856e-02 -5.26458137e-02
 -1.04402088e-01  1.04838861e-02 -7.38810282e-03  3.77214514e-02
 -1.18974142e-01  7.55066872e-02  8.63460153e-02  4.43112552e-02
 -1.23183066e-02 -2.97470950e-02  5.06080203e-02  5.58488034e-02
 -3.44425142e-02  5.08305915e-02 -1.09521989e-02 -3.10033411e-02
 -1.03980219e-02 -3.56376208e-02 -4.78892997e-02 -4.73251007e-02
 -3.62299271e-02 -4.80261445e-02  1.15741417e-02  4.79488000e-02
 -6.64436445e-02  9.79319885e-02 -2.31222417e-02 -8.31166655e-02
  1.97826810e-02  3.25221196e-02 -3.09930481e-02  1.31435134e-02]",1
Career_Youth_Exchange,43,What activities or sessions did you find most beneficial for you?,Rivers of life was one of the amazing sessions that I had because it made me realise how our experiences can be entirely difference but we feel the same things through different situations and that is something that connects us all together.,Rivers of life was one of the amazing sessions that I had because it made me realise how our experiences can be entirely difference,positive,0.5859,False,"[-1.47311995e-03  6.62938878e-02  3.24522741e-02 -6.77918922e-03
  2.08888762e-02 -9.38282721e-03  3.31812762e-02 -6.02048375e-02
  6.03171326e-02 -1.12187304e-01 -3.85089032e-02 -1.43546788e-02
 -3.58218066e-02  4.31297086e-02  1.42082386e-02  1.77423581e-02
 -8.51619691e-02 -2.32545491e-02  1.59211811e-02  2.88423267e-03
 -2.11215261e-02  4.09881845e-02 -4.71182577e-02  5.48020191e-02
 -3.44311185e-02  9.58799869e-02  2.15971135e-02  9.24897194e-02
  1.39818061e-02 -3.06679420e-02  1.06160641e-02  8.36607590e-02
 -9.78662968e-02 -1.32334545e-01  8.48118309e-03  9.99991596e-02
  1.40673099e-02 -3.47861089e-03 -2.49385629e-02 -2.93299276e-02
  5.88085176e-03  1.05531393e-02  4.44091931e-02 -1.87299587e-02
 -1.60632655e-02 -1.50226653e-02 -2.35204287e-02 -4.75204103e-02
  1.62245519e-02  1.35388914e-02  1.90986379e-04 -6.27615899e-02
 -2.19126865e-02 -7.83038735e-02 -2.34870669e-02  2.67683323e-02
 -1.81397069e-02  5.27628064e-02 -2.32476909e-02  3.27927968e-03
 -8.49952027e-02 -3.84684540e-02  1.04297535e-03  4.10256758e-02
  5.99833578e-02 -1.43001173e-02 -8.29185769e-02  1.15689367e-01
  2.03028563e-02 -7.41628483e-02 -6.95447102e-02  3.27953175e-02
 -1.02176853e-02 -4.99438541e-03 -3.63109284e-03 -1.37399081e-02
 -1.66128725e-02 -1.66479349e-02 -8.51076543e-02  2.79302765e-02
  2.89705023e-02 -3.05869114e-02 -7.42372274e-02 -3.73377204e-02
 -2.69509014e-02 -2.96407919e-02  1.02428021e-02 -5.88444062e-02
 -2.57753003e-02  2.29695775e-02 -2.75518596e-02 -1.97404921e-02
  1.54577941e-02 -1.42854666e-02 -1.10986754e-02 -9.26791131e-03
 -5.99625297e-02  5.08716926e-02  5.33410646e-02  2.94684898e-02
  3.68426256e-02 -8.04495590e-04 -2.88664401e-02  1.25684673e-02
  1.18609875e-01 -3.56430816e-03 -1.51509214e-02  6.45900844e-03
  6.39455616e-02 -5.25830500e-02 -2.44659297e-02 -1.74950194e-02
  7.01040775e-02  2.38764584e-02  9.12591815e-03  6.62979204e-03
  1.54325191e-03  4.51395586e-02  1.51457954e-02  6.41784370e-02
 -8.95808451e-03  9.88199934e-03  1.27788624e-02 -2.30253302e-03
  1.63554903e-02 -2.41436698e-02  9.13049951e-02 -3.08108549e-33
  2.35938057e-02 -8.42128843e-02  8.93357769e-02  7.48418570e-02
  1.21195681e-01  4.29967465e-03 -9.94898602e-02  9.12519172e-03
 -2.50687767e-02 -1.18414704e-02  7.13367853e-03  6.62735179e-02
 -7.27864634e-03 -6.19369820e-02  3.96103179e-03 -1.45023828e-02
 -1.94347560e-01 -2.89718434e-02  3.53951789e-02  1.65249836e-02
 -4.17005382e-02  2.50277538e-02 -1.37996720e-02 -5.35938405e-02
 -4.20935676e-02 -4.58506495e-02  3.73505726e-02  2.66366713e-02
  7.00866133e-02  1.41022599e-03  2.28235666e-02  4.16341983e-02
  1.47143574e-02 -2.23770384e-02 -4.35408764e-02  6.19854778e-02
  2.69752555e-02 -7.52072036e-02  1.60783827e-02  6.57071918e-02
 -2.53784135e-02  4.05985713e-02  5.23281284e-02  9.40389931e-03
 -2.37126872e-02  6.43311068e-02  4.38900329e-02  1.85997132e-02
 -1.05112372e-02 -3.76543216e-02 -4.50820625e-02 -2.42511518e-02
 -3.90214473e-03  3.44729200e-02 -1.89892929e-02  8.41341447e-03
 -4.58714440e-02  5.64313680e-02 -1.78173948e-02  2.41517760e-02
 -1.82883404e-02  3.76639217e-02  7.20417798e-02 -3.90086584e-02
  6.18357323e-02  5.77394404e-02  1.03839174e-01 -3.57571878e-02
 -1.50271794e-02 -5.78108542e-02 -1.61301613e-01 -2.99995057e-02
  2.16989052e-02 -7.99273998e-02 -3.95116443e-03 -4.53887209e-02
 -3.24038006e-02 -3.88001725e-02 -6.56010807e-02  5.40027395e-02
 -5.54905199e-02 -3.99194099e-03  4.98935841e-02  6.07628115e-02
  1.13370113e-01  6.28524751e-04  5.85582480e-02 -1.30550966e-01
 -3.34990509e-02 -2.27239653e-02  2.36951839e-02  5.61573869e-03
  1.18775085e-01 -4.95067425e-02  7.16257393e-02  7.29019464e-34
  2.33712536e-03 -5.98609746e-02  5.91852963e-02  2.39133760e-02
  6.23731129e-02 -4.96801101e-02 -5.02797170e-03  3.28508243e-02
 -1.70376780e-03  5.30792214e-02  4.58625890e-03  7.91058764e-02
 -3.29404958e-02  1.56742465e-02 -8.42771456e-02 -7.90994316e-02
  2.68456340e-02  1.96280312e-02  2.51233466e-02  6.66852435e-03
 -1.16270697e-02  5.58260120e-02 -4.18483205e-02 -7.15051219e-02
  5.91846125e-04  3.48567218e-02 -2.80840155e-02 -2.42287274e-02
  3.96012925e-02 -3.36909518e-02  5.60251474e-02  9.55655798e-02
 -6.13602996e-02 -6.29884675e-02 -3.46288271e-02  8.52882937e-02
  9.68992040e-02 -2.85420418e-02 -1.77126136e-02 -2.19946485e-02
 -3.04591078e-02 -3.96107323e-02 -2.31452677e-02 -2.62417719e-02
 -3.82878189e-03  8.60185474e-02  1.46685261e-03  1.42387897e-02
 -1.08132116e-01  3.90886068e-02 -8.35936666e-02  4.87194173e-02
 -1.09877698e-01 -6.31534159e-02  7.05951899e-02 -9.12299827e-02
  1.11703366e-01 -6.40262812e-02 -5.17861024e-02 -4.93661538e-02
 -5.11335991e-02 -6.18117303e-03 -8.34024474e-02 -1.79681778e-02
  2.16929093e-02  4.22233194e-02  1.37876635e-02  3.37910131e-02
 -6.61689490e-02 -1.44563161e-03 -1.39233693e-01 -5.42862564e-02
 -7.33675212e-02  4.16490911e-05  3.32161561e-02 -4.91695702e-02
 -9.54204798e-03 -6.72789812e-02 -4.92467582e-02  8.02626740e-03
 -8.98446189e-04  7.71219879e-02 -1.55443400e-02  4.37004380e-02
  7.42072389e-02  7.37157166e-02 -6.32568821e-02 -3.02041862e-02
  4.96063605e-02  4.78079468e-02  4.92674001e-02 -2.79268809e-02
 -1.14776932e-01 -3.48057458e-03  1.27355726e-02 -2.45731844e-08
 -1.68919265e-02  9.19382874e-05 -4.67533059e-02  3.11412103e-02
  3.26560624e-02 -2.61125751e-02  2.85302456e-02  1.06912181e-01
 -5.66627868e-02  7.50084668e-02 -4.71713394e-02  5.45632802e-02
 -2.43466888e-02  5.68116195e-02  8.62372071e-02  2.28309240e-02
  4.98261005e-02 -6.48096129e-02 -3.68103571e-02  2.87239160e-02
  3.07958499e-02  1.08906412e-02 -2.06781551e-02 -2.23706178e-02
 -5.02956696e-02 -6.13703243e-02  5.41443657e-03 -3.04592233e-02
  4.80260849e-02 -9.30075422e-02  4.02040966e-02  2.18040515e-02
 -3.69929001e-02  7.47355446e-02  2.54520774e-02 -5.98397441e-02
 -4.12805378e-02  2.77431738e-02 -8.44468479e-04  9.02259024e-04
 -4.61702654e-03 -2.27079187e-02  3.15097719e-02  3.86494584e-02
  2.41310522e-02  8.21182411e-03  6.44150674e-02  2.95288395e-02
 -2.84610828e-03 -5.12667606e-03 -3.83935147e-03  6.17666543e-02
  8.96778330e-02  6.77750409e-02  1.31798670e-01  2.23123543e-02
 -7.78677985e-02 -1.57375708e-02 -4.54287976e-02 -2.76719239e-02
  1.15083858e-01  2.02007014e-02 -3.23806033e-02 -1.66998897e-02]",1
Career_Youth_Exchange,43,What activities or sessions did you find most beneficial for you?,"I was happy that we were introduced to some activities like coming up with our own ted talks, ikigai, and the river session. They slowly made me realize many things about myself and learn about my peers. It was interesting to see how people from so many backgrounds shared life experiences or struggles and we collectively gathered so much advice from each other. Which is one of the main goals I had for the project.","I was happy that we were introduced to some activities like coming up with our own ted talks, ikigai, and the river session.",positive,0.7351,False,"[-3.18198130e-02  5.26703447e-02  3.61604430e-02 -3.36583890e-02
 -2.13258378e-02 -2.70589758e-02  3.71167101e-02 -2.99521703e-02
  1.18962368e-02  5.67974197e-03 -2.63196956e-02  5.07850274e-02
 -3.78111005e-02  7.10828379e-02  9.18121859e-02 -4.71013598e-02
  6.69638999e-03 -2.62926053e-02 -1.03153652e-02  2.14785896e-03
 -4.42643613e-02  2.59896163e-02  6.68610036e-02 -2.56089643e-02
  4.80122399e-03  2.60693748e-02  3.15017477e-02 -1.02579417e-02
  1.05664320e-01  3.88301201e-02  1.90044865e-02  7.99060091e-02
  6.26934096e-02 -3.23157273e-02  2.66246740e-02  7.92151168e-02
 -1.07796108e-02 -5.75484261e-02  2.83882115e-02  4.42396523e-03
  2.85426737e-03  4.28422773e-03  1.44479219e-02  6.81781908e-03
 -8.95653814e-02 -8.11745301e-02  1.20688160e-03 -5.72896674e-02
  3.43023464e-02  1.57912802e-02  5.55261523e-02 -2.76823919e-02
  5.98534271e-02 -9.03663337e-02 -3.06274425e-02 -3.91969904e-02
 -1.35567533e-02 -5.41514624e-03  1.95624903e-04 -3.69583233e-03
 -4.85321805e-02  2.29761247e-02 -1.15328953e-02  3.98074016e-02
 -8.26776251e-02  3.40091661e-02 -8.53202194e-02  1.08349748e-01
  5.26241325e-02 -1.05293645e-02 -7.88076371e-02  4.62168865e-02
  6.40245602e-02  2.82517578e-02 -2.51587760e-02 -1.27433911e-01
 -9.70467553e-03 -3.19114774e-02 -6.57287464e-02 -2.47294661e-02
 -1.33454781e-02 -6.45071715e-02  4.01714817e-02  3.31895775e-04
 -1.60489827e-02  2.30885930e-02 -5.34080267e-02 -1.53768598e-03
  3.55859031e-03 -1.56339351e-02 -5.41067235e-02 -1.40744001e-02
 -1.77609194e-02 -2.56786607e-02 -3.91313061e-02 -1.50049082e-03
 -8.89371186e-02  4.26392555e-02  6.17408054e-03  8.00468624e-02
  1.04679586e-02  5.31205870e-02  1.99761614e-02 -2.64879316e-02
 -2.63676047e-02  2.00207215e-02 -2.70881448e-02 -5.74584380e-02
  4.79271561e-02  1.80905929e-03 -8.69649574e-02 -4.50564362e-02
  8.84341598e-02  2.19417475e-02  9.56055894e-03  2.56040562e-02
 -2.65585701e-03  3.34575996e-02  1.31964944e-02  2.54569110e-02
  6.80822209e-02  7.66053004e-03  3.05913575e-03  9.97826755e-02
  2.61448848e-04  1.74288470e-02  3.09106521e-02 -2.52522305e-33
  7.22435415e-02  1.18609192e-02 -2.04751175e-03  6.71811476e-02
  3.37608233e-02  3.26542072e-02 -5.22219390e-02 -9.67241302e-02
 -5.02479449e-02 -3.67094278e-02  1.71350334e-02  5.04396707e-02
 -4.67398614e-02  4.00858093e-03  5.94745530e-03 -3.98609899e-02
 -1.65422201e-01  4.44232412e-02  4.56197336e-02 -2.06797346e-02
  4.19376083e-02 -2.15922892e-02  4.24960181e-02 -8.97647161e-03
  4.67068143e-02  2.35608462e-02  1.09277390e-01 -1.78125501e-02
  6.96913525e-02  1.29775489e-02 -1.38729373e-02 -1.18278489e-02
  7.39594083e-03 -1.15217604e-02 -4.36346652e-03  1.67978127e-02
  1.84198301e-02 -8.39891657e-02  5.31325210e-03  1.28598241e-02
  2.48704702e-02  2.61251032e-02 -1.10348891e-02 -1.90270450e-02
  2.18045600e-02  2.40669213e-02  7.46382400e-02  5.48909567e-02
  7.64156953e-02 -9.11162049e-02 -5.42933904e-02  8.40066001e-03
  2.57665776e-02  1.18244775e-02  1.17206480e-02 -2.92162132e-02
  2.12153103e-02  3.13087329e-02  2.61602551e-02  2.55754143e-02
  6.61145663e-03  5.84321916e-02  3.23665217e-02 -7.40438402e-02
  7.71061750e-03  9.51194614e-02  2.41700541e-02  2.29536854e-02
  4.15409319e-02 -9.31536928e-02 -1.17078088e-01 -2.82848291e-02
 -8.83166194e-02 -2.03240793e-02  2.78919097e-03  4.24363613e-02
  1.95944463e-04 -3.05655804e-02 -4.83486578e-02  1.68447755e-02
  1.30555015e-02 -7.58353025e-02  2.92661693e-03  4.79402207e-02
  5.60843199e-02 -3.63528244e-02  1.21241868e-01 -1.32371843e-01
 -8.85621011e-02  4.13475819e-02  4.36255662e-03 -1.70705095e-02
  2.89285351e-02  2.61853561e-02  2.83282585e-02 -2.24000780e-34
  1.16281696e-02 -1.41253043e-02 -5.14839590e-02 -2.78028306e-02
  6.99225208e-03 -6.73258081e-02  4.50876392e-02  1.07421773e-02
  3.37796882e-02  1.26771824e-02 -3.18392972e-03 -5.38307475e-03
 -2.59429514e-02  3.92411090e-02 -8.18217266e-03 -2.63274834e-02
  7.09407330e-02  6.42393976e-02  3.23558599e-02 -2.69247685e-02
 -3.26919742e-02  1.03888191e-01 -9.18560177e-02 -4.26891819e-03
 -4.71791252e-03  3.36641259e-02 -2.55490355e-02 -6.86126947e-02
 -1.62069350e-02  9.35171358e-03  2.18919432e-03  5.37472889e-02
 -8.03772360e-02 -5.68623003e-03 -1.54882362e-02  4.24890220e-02
 -8.84277001e-03  4.66544274e-03 -3.62045951e-02 -9.99555215e-02
  8.30787346e-02 -7.60762393e-02 -1.87158510e-02  6.94228038e-02
 -3.77922356e-02  2.12213234e-03 -1.34494200e-01  6.65365234e-02
 -1.39916822e-01 -3.85786071e-02 -1.33923516e-01 -2.26991274e-03
 -7.79514983e-02 -1.64150268e-01  5.44303581e-02  1.82535611e-02
  9.67031196e-02 -2.64525879e-02 -1.35894250e-02 -1.00372531e-01
 -8.90374780e-02  3.47220078e-02 -3.04486789e-02 -1.09426389e-02
  2.03412808e-02  2.12332439e-02  1.84371732e-02  3.03217750e-02
 -4.27635349e-02  3.66753526e-02 -1.19020306e-02 -1.45392800e-02
 -8.60792920e-02  1.60820596e-02  2.56812796e-02  4.94948514e-02
 -1.65883172e-02 -3.16976048e-02 -3.57566327e-02 -1.25247361e-02
 -4.54744026e-02  8.85242000e-02 -6.10061698e-02 -1.27003510e-02
  2.03065332e-02  1.08577944e-01 -7.68338665e-02  3.60907167e-02
  5.18545248e-02  2.61876378e-02  6.63361400e-02 -2.90754084e-02
 -6.40722886e-02  5.06206416e-02  9.20870691e-04 -2.64434981e-08
 -3.88463736e-02  3.64474542e-02 -3.63052376e-02  3.73538211e-03
 -1.50272099e-03 -5.80769479e-02  3.49158086e-02  8.27317461e-02
 -6.84987605e-02  2.59481482e-02 -4.68493579e-03  5.36427088e-02
 -6.31896732e-03  6.55201972e-02  1.42353356e-01  8.54779675e-04
  5.03024980e-02 -1.53867761e-02 -4.15696315e-02 -1.96701521e-03
  3.63469869e-02 -3.18415579e-04  2.15537362e-02  5.22666611e-02
 -1.25324696e-01  2.03968082e-02 -3.04571930e-02 -4.11886573e-02
  6.46974072e-02 -4.42274921e-02  4.74639274e-02  2.57641654e-02
 -1.20986529e-01  1.02130743e-02  1.06679955e-02  1.18577806e-02
 -1.51713029e-01 -2.41200812e-02  2.33940482e-02  4.27328981e-02
 -1.47210425e-02  3.66113824e-03  1.79070774e-02  3.65625620e-02
 -8.67227186e-03  1.21499702e-01 -1.70080848e-02 -1.53679829e-02
  3.75253037e-02 -9.10081640e-02 -9.29682031e-02  5.38988831e-03
  1.23717347e-02  9.89497732e-03  1.01726301e-01  4.67783324e-02
 -8.97287056e-02 -2.98983119e-02  1.27228666e-02 -4.12752590e-04
 -1.95060438e-03  2.15727519e-02 -1.10558257e-01  2.85985996e-03]",1
Career_Youth_Exchange,43,What activities or sessions did you find most beneficial for you?,"I was happy that we were introduced to some activities like coming up with our own ted talks, ikigai, and the river session. They slowly made me realize many things about myself and learn about my peers. It was interesting to see how people from so many backgrounds shared life experiences or struggles and we collectively gathered so much advice from each other. Which is one of the main goals I had for the project.",It was interesting to see how people from so many backgrounds shared life experiences or struggles and we collectively gathered so much advice from each other.,positive,0.4336,False,"[-8.41805339e-03  1.99471619e-02  4.65406058e-03  7.80542567e-02
  6.61832914e-02  4.02250402e-02  1.87785346e-02  2.43254956e-02
  5.17829135e-03 -7.10744485e-02 -2.08639237e-03  1.00204475e-01
  1.94985382e-02 -1.06421681e-02 -9.14456788e-03  6.73527643e-02
 -6.08120747e-02 -9.57950354e-02 -9.91733521e-02 -3.81094180e-02
 -1.21043570e-01 -6.19649701e-03  3.20318714e-02 -3.42488778e-03
 -2.25144383e-02  6.72574937e-02  2.77125444e-02  8.39659851e-03
  1.61294788e-02  2.42368039e-02  1.74462181e-02  6.53530136e-02
 -3.48599628e-04 -5.62507939e-03 -8.52534100e-02  3.71945351e-02
  3.28745916e-02  7.56617710e-02  9.61353350e-03 -2.89375186e-02
 -1.55397607e-02  3.18677686e-02  6.97616786e-02 -6.43838616e-03
 -2.34094057e-02 -2.73329858e-02 -2.86323503e-02 -5.11566326e-02
  6.76594228e-02  1.19834822e-02 -8.90176743e-02 -4.93006185e-02
 -3.32116224e-02 -1.41567811e-01  4.80198264e-02  9.15609524e-02
 -4.23247041e-03  3.11554736e-03  1.18969278e-02 -7.28633348e-03
 -3.77211757e-02 -1.63525566e-02 -3.04671880e-02  4.60593738e-02
  3.92723233e-02 -3.93320285e-02  6.12203684e-03  9.69229192e-02
 -2.40188166e-02 -8.48930031e-02 -9.88626629e-02  3.18541266e-02
  3.81097049e-02 -8.03671870e-03  6.20305026e-03  4.07556929e-02
 -1.32258199e-02 -4.39388268e-02 -5.54770604e-02 -4.95873801e-02
  4.00733426e-02  5.49839102e-02 -2.39683948e-02  3.72229069e-02
 -2.18563620e-02 -4.46873568e-02  6.37154467e-03 -7.71595314e-02
 -1.15422474e-03  2.29181871e-02 -2.92388555e-02  2.93778349e-02
 -1.56323251e-04 -1.90480351e-02 -2.57093776e-02  3.38275880e-02
 -4.85818945e-02 -1.22396345e-03 -4.42674034e-04  6.68371990e-02
 -2.89770700e-02  1.30563797e-02 -2.07205564e-02  4.72705066e-02
  2.15601120e-02 -2.95829829e-02 -2.44250279e-02 -1.01183206e-02
  4.30500088e-03 -5.21913031e-03 -5.57247996e-02  1.99453942e-02
 -3.61450501e-02  2.95353141e-02  8.20819139e-02 -2.10425146e-02
  4.87874597e-02 -1.50704440e-02  5.14926054e-02  4.13358072e-03
  8.95521138e-03  3.59852500e-02 -7.20645720e-03  1.89064108e-02
  1.91071108e-02 -3.43922526e-02  2.79330406e-02  1.15099778e-33
  4.55217883e-02 -5.68803353e-03  8.54672119e-02  1.02514058e-01
  3.27056944e-02  2.54967101e-02 -9.30642784e-02 -2.42571183e-03
 -3.14181931e-02  2.94048116e-02  4.93264310e-02  1.30134836e-01
  7.52740949e-02 -2.75860280e-02 -1.05887160e-01  2.25613452e-02
 -1.86468571e-01  3.67483571e-02 -1.63429864e-02  3.13347876e-02
 -1.02019068e-02  2.85469163e-02 -4.14012000e-02 -2.14407798e-02
 -6.54418319e-02 -4.67456318e-03  8.58135372e-02  8.18567816e-03
  1.14404529e-01 -2.23113336e-02 -2.17173528e-03  9.10159424e-02
 -5.92693351e-02 -8.28500912e-02 -7.66374031e-03  5.76430485e-02
  2.64628418e-02 -1.14809699e-01 -8.32722429e-03  2.11291965e-02
  4.45795897e-03 -5.78006962e-03  2.29139011e-02 -7.31330588e-02
 -4.38380986e-02  8.45239758e-02  1.17970109e-02 -6.84418082e-02
 -5.74875101e-02 -3.64262760e-02 -1.04536459e-01 -4.38654013e-02
 -1.79194519e-03  2.76688021e-02  7.69807585e-03 -5.29734883e-03
 -4.65903543e-02  2.75793206e-02  2.51263957e-02  1.33799361e-02
 -4.11919178e-03  8.89227353e-03  4.01444957e-02 -3.80609073e-02
 -3.50818299e-02  2.43697222e-02  3.58728948e-03 -2.32407860e-02
  1.09988144e-02 -2.20960681e-03 -5.77486269e-02  5.14319986e-02
 -5.78239076e-02 -5.86723089e-02 -5.70093170e-02  1.25469882e-02
 -4.56444658e-02 -3.46671976e-02 -4.63115377e-03 -4.13911752e-02
  1.64258480e-02 -2.56437678e-02  1.66140087e-02 -6.08725473e-02
  4.57970425e-02  4.90082242e-02  1.50046311e-02 -7.19452053e-02
 -1.09351747e-01  3.49957123e-02  1.20224738e-02 -3.55887078e-02
  1.09796122e-01 -3.06077283e-02 -2.45690309e-02 -3.76443213e-33
 -3.12826186e-02 -2.58179996e-02  3.98920253e-02 -2.85606906e-02
  8.68708715e-02 -8.68129060e-02 -7.32527822e-02  1.74269900e-02
  1.26477527e-02  9.42147300e-02  2.68598720e-02 -1.84195228e-02
  1.19602233e-01  6.25029728e-02 -5.32775857e-02 -5.09245954e-02
 -3.54811884e-02  2.82671326e-03  1.48154264e-02 -2.21299939e-02
 -2.26572882e-02  8.37008953e-02 -6.58008903e-02  1.66647378e-02
  9.16580707e-02  5.83446361e-02  3.81049514e-02 -1.10154026e-04
 -1.40704662e-02 -4.10535745e-02 -2.63758395e-02  2.11248361e-02
 -3.68322432e-02 -4.11052210e-03 -2.11994164e-02  6.79385588e-02
 -2.14649737e-02 -7.77209178e-02 -2.11788192e-02 -5.67367412e-02
 -5.02134785e-02 -2.03467961e-02 -2.02485155e-02 -4.72531170e-02
 -7.16901273e-02  4.61681820e-02 -2.24959082e-03 -3.26533765e-02
 -5.58297262e-02 -3.00101656e-03 -7.79664293e-02 -4.14960422e-02
 -3.06792669e-02 -9.13479403e-02 -6.20743202e-04 -2.78864745e-02
  8.00127238e-02  2.25884821e-02  7.11133555e-02  1.73613466e-02
  8.11400823e-03  2.69855391e-02 -6.04219064e-02  1.55491093e-02
  3.60651836e-02 -3.65119092e-02  1.35671673e-02  7.24917976e-03
 -1.67892009e-01  2.38963962e-02 -4.43818420e-02 -3.78323384e-02
 -1.05396621e-01  5.89571409e-02  8.45016167e-02  3.07963099e-02
  1.75931770e-02 -1.25309229e-01 -6.45769238e-02  2.17134170e-02
 -3.78305987e-02 -4.69547585e-02 -2.59547192e-03  4.36430797e-02
  3.94571312e-02  2.32237820e-02 -6.18619807e-02  6.99047297e-02
  3.54858488e-02  2.72042379e-02  7.24866753e-04 -8.64774808e-02
  3.28048617e-02 -4.69501726e-02  3.24707245e-03 -3.38537731e-08
 -3.44042853e-02  8.39697104e-03 -1.66777894e-02  3.10702361e-02
  1.28234578e-02  4.08812799e-02  3.61801982e-02  6.11366741e-02
 -7.70586655e-02  1.31036058e-01 -1.10624291e-01  4.41830456e-02
 -4.65474315e-02  8.71920213e-02  1.18873231e-01 -5.37684709e-02
  4.15999889e-02 -3.20005007e-02  2.03424953e-02 -4.04385896e-03
  9.58405659e-02 -8.80467938e-04  1.68236047e-02  4.47455607e-03
 -1.52676273e-02  6.35956600e-02 -5.70288226e-02 -2.46706069e-03
 -1.43720042e-02 -2.91396920e-02 -4.61471044e-02 -5.11641391e-02
 -5.02568595e-02  8.35034624e-03 -2.20562294e-02  4.09286143e-03
 -3.53148244e-02 -1.57652162e-02  9.28007662e-02 -2.03460008e-02
 -1.72232687e-02  4.51239012e-03  5.35667390e-02  6.90946579e-02
 -3.36814439e-03  5.90318069e-02  4.95858267e-02  1.63303930e-02
 -5.47301099e-02  2.41689198e-03 -9.41558741e-03 -4.73503582e-02
  7.40242526e-02  2.30384488e-02  1.08982928e-01 -1.08633125e-02
 -4.32108529e-02  4.82745878e-02  2.21123435e-02 -4.81562540e-02
  7.86237493e-02  1.00924850e-01 -1.14516474e-01  6.28942102e-02]",1
Career_Youth_Exchange,43,What activities or sessions did you find most beneficial for you?,Making a film about what courage for succes means to us and the ikigai session,Making a film about what courage for succes means to us and the ikigai session,positive,0.4939,False,"[-7.24759027e-02  9.06548053e-02 -5.29851057e-02 -4.12415853e-03
 -1.46711813e-02  6.75240606e-02  2.79436223e-02 -2.49433424e-02
  2.25922782e-02 -3.26997004e-02  5.07334657e-02 -3.81464213e-02
  4.07612771e-02 -1.49782002e-02 -9.16648190e-03 -1.43657094e-02
  6.14703372e-02  3.14916372e-02 -1.01752177e-01  2.35838424e-02
  6.37829080e-02 -3.70244868e-02  7.76316375e-02  3.03542148e-03
 -7.82209113e-02 -4.18837553e-05  2.55448036e-02 -3.47054638e-02
  5.02733476e-02  3.93009298e-02 -1.85155421e-02 -2.43125632e-02
  3.72828357e-02 -5.39950021e-02  2.41497364e-02  8.24680999e-02
  1.39618693e-02 -2.33326275e-02  1.25654731e-02 -1.74296312e-02
 -2.08304245e-02 -3.47608663e-02 -3.82019952e-02 -1.31970998e-02
 -4.41548340e-02 -4.62048128e-02 -3.42470445e-02 -4.88913953e-02
 -1.78737115e-04 -3.83431427e-02 -4.51238714e-02  2.17296742e-02
  3.92728904e-03 -1.33239403e-01 -7.95000466e-04 -4.54142652e-02
 -1.97306927e-02 -4.72768508e-02  8.31207410e-02 -5.57956705e-03
 -9.34994221e-03  6.61782268e-03  1.18740893e-03  9.85386223e-02
  3.74587961e-02  1.64028071e-02  1.64488945e-02  5.09801395e-02
 -4.36367877e-02  1.63512807e-02 -2.99762096e-02 -5.60345836e-02
  2.86158826e-02  1.03543028e-02 -6.10082559e-02 -8.38723630e-02
 -3.05862073e-02 -1.03424162e-01 -4.72723506e-02 -2.66702957e-02
  5.50601445e-02 -1.16774961e-01  3.20031755e-02  2.36535128e-02
  1.07827433e-03 -2.08428185e-02  9.01085660e-02 -7.44256601e-02
 -3.39989923e-02  9.05690342e-02 -5.84820993e-02 -2.38794424e-02
 -3.00988015e-02 -1.49567174e-02 -9.29720402e-02  1.73691176e-02
 -8.82788822e-02  6.80736899e-02 -4.66282070e-02  5.65100349e-02
  3.14058214e-02  4.68809120e-02  2.36690212e-02 -5.06761149e-02
  2.95655839e-02 -8.55426416e-02  1.73901441e-03 -1.04657933e-01
 -4.91328090e-02  8.19683522e-02 -9.06108320e-02 -9.64235067e-02
  6.31561037e-03  9.61798429e-03  1.67971998e-01  4.26400565e-02
 -6.01786654e-03 -3.58788259e-02 -1.62876546e-02 -7.85990246e-03
  9.79837105e-02  4.05791355e-03  2.37181932e-02  6.16909117e-02
  3.19455266e-02 -4.85745817e-02 -5.78137748e-02 -4.48783539e-33
  5.26302420e-02  8.97482596e-03 -8.19943286e-03  8.45942795e-02
 -9.79219098e-03 -3.08733843e-02 -2.44171601e-02 -5.30770002e-03
 -8.93417299e-02  7.13164583e-02  2.45937426e-02 -8.98740906e-03
  1.96692953e-03  1.72213707e-02 -1.85938030e-02  1.95415877e-02
 -1.09449297e-01 -4.51922975e-02  2.72248127e-02 -2.77531818e-02
  1.47440583e-02 -1.55149475e-02  1.52707305e-02 -5.21978140e-02
 -3.91612528e-03 -8.95544514e-02  3.10301110e-02  2.12872438e-02
 -1.69158773e-03  1.00398622e-02  2.03576852e-02  3.08724400e-02
 -4.85718250e-02 -1.48359865e-01  2.98594031e-02 -2.21247226e-02
 -4.52425815e-02 -3.62390019e-02 -3.56651731e-02  8.14672261e-02
 -5.51701151e-02  6.14775307e-02 -7.30851516e-02 -3.06220166e-02
  4.24394123e-02  7.25581199e-02  8.94888565e-02  1.86394267e-02
 -3.06374999e-03  2.65324917e-02 -2.73994673e-02 -9.10833664e-03
 -9.45185660e-04 -1.53383836e-02  2.10357495e-02  7.49687552e-02
  4.99936081e-02 -2.82384120e-02 -9.94260656e-04 -1.16406202e-01
 -1.57748871e-02 -1.22478278e-02 -4.69461605e-02  8.43456667e-03
 -2.45100260e-03  6.21739253e-02 -5.05471937e-02 -7.86994491e-03
 -5.94306411e-03 -6.92460015e-02 -1.37833521e-01 -3.86829488e-02
 -2.84994151e-02 -1.27511313e-02  5.48388598e-05  3.26551422e-02
  4.59866971e-02  2.12837551e-02  1.13618653e-02  2.05012672e-02
 -2.47684177e-02  1.03379348e-02 -1.47242453e-02  4.65789400e-02
  7.52388835e-02 -3.92841473e-02  5.13718929e-03 -1.10403538e-01
 -1.93416588e-02  2.24647485e-02  1.56774744e-02 -4.23124954e-02
  7.59346876e-03 -4.94676195e-02 -5.85299879e-02  3.60261123e-34
  9.34267342e-02 -2.17435509e-02 -3.17662992e-02 -6.85994420e-03
  1.26598924e-01  4.08527926e-02 -5.70704341e-02  9.08045694e-02
  4.44260575e-02 -2.31498964e-02 -1.90043054e-03 -2.24350486e-02
  9.35495421e-02  7.58092105e-02  1.27798812e-02 -5.76895773e-02
  4.39791083e-02  7.81597290e-03 -2.33121775e-03  3.35357599e-02
  8.14488903e-03  4.21690159e-02 -5.31945936e-02 -2.31529158e-02
 -4.04167315e-03  2.66108494e-02  3.60936783e-02 -1.37112755e-02
  9.70445294e-03 -1.91599149e-02  3.43530588e-02 -4.55132574e-02
 -6.08746409e-02  8.35967660e-02 -8.78045112e-02  4.68861051e-02
  6.60216734e-02 -8.46989900e-02 -8.94172415e-02 -1.18820323e-02
 -6.83014840e-02 -7.11208535e-03 -2.53627226e-02  2.98105050e-02
 -2.08043382e-02 -3.62019204e-02 -9.84231569e-03  4.22065035e-02
 -8.62351134e-02 -9.40492749e-02 -8.64467844e-02  2.64291372e-02
 -4.05114852e-02 -1.31381480e-02  2.50163171e-02 -2.10892800e-02
  3.72471637e-03 -6.32979870e-02 -1.23790959e-02 -3.82932164e-02
  4.96697845e-03  4.34347354e-02 -2.06529666e-02 -4.07122225e-02
 -2.88784131e-02  6.94326982e-02 -3.48677002e-02  4.88694645e-02
 -8.67129043e-02  2.68023424e-02  2.13130563e-03 -8.30401704e-02
 -5.67828268e-02 -1.38583668e-02  2.98897382e-02  8.91253725e-03
 -2.46658102e-02  1.22959977e-02  4.11928482e-02  5.16227959e-03
 -8.81806854e-03 -5.62633201e-02 -9.61899310e-02  7.97049981e-03
  2.46618837e-02  1.04934715e-01  3.45617346e-02  7.16889128e-02
  9.18324217e-02  1.27700893e-02  7.29237450e-03  4.83229011e-02
  9.58461985e-02  4.59140949e-02  7.21313432e-02 -2.42539020e-08
 -2.32173484e-02  3.16511132e-02  3.46081797e-03  3.99523601e-03
 -5.25149740e-02 -1.65573396e-02 -2.88844034e-02 -1.49313539e-01
 -4.36962284e-02  3.68233956e-02 -4.02844772e-02  6.26999885e-02
 -4.02475782e-02  5.82608841e-02 -1.90269891e-02  2.97923721e-02
  1.85999125e-02  3.71697769e-02  1.26892319e-02 -3.58345360e-02
  3.63900922e-02 -4.36208589e-04  7.69354627e-02 -1.97717361e-02
 -2.89177033e-03  8.09577331e-02 -1.62277389e-02 -9.12551731e-02
 -2.89889220e-02  6.33671656e-02  1.29161635e-02  2.42250394e-02
 -4.84384946e-04 -5.56950532e-02 -2.40866188e-03  1.50044896e-02
 -4.91389222e-02 -7.36169443e-02  4.24338430e-02  4.91538756e-02
  2.33840588e-02  7.15168417e-02  4.68063280e-02  5.78234233e-02
  3.16230021e-02  1.25464648e-01  1.00034229e-01  3.81896202e-03
 -2.91680340e-02 -1.27622765e-02 -4.96990979e-02 -6.00317344e-02
 -2.67403852e-02  8.23785290e-02  1.07416213e-01  9.38821658e-02
  4.99104336e-03  7.63332099e-02 -1.86049640e-02  5.22105880e-02
  5.53443730e-02  2.57779774e-03  2.51914817e-03 -6.28227517e-02]",1
