project_id,response_id,question,text,sentence,sentiment,sentiment_score,is_learning,embedding,cluster
proj_test,1,What did you like most?,The trainers were incredibly supportive and made everyone feel included.,The trainers were incredibly supportive and made everyone feel included.,positive,0.3597,False,"[-4.12672721e-02  4.96335253e-02  4.82243784e-02  3.40239680e-03
  8.37498605e-02  4.87980619e-02  1.12433406e-02  4.56617288e-02
 -5.31269610e-02 -7.06809610e-02  7.61670321e-02  5.99374622e-02
  4.85564433e-02 -4.02224809e-03 -3.66163440e-02 -2.05536489e-03
  1.09233158e-02 -4.11022529e-02 -8.11827034e-02 -6.98643550e-02
 -9.75961834e-02 -3.25583294e-02  1.62118673e-02  1.34778127e-01
 -8.32376778e-02  4.41686250e-02 -4.35656719e-02 -1.74196251e-02
  3.76172177e-02  6.16996810e-02 -9.28979069e-02 -5.96237220e-02
  8.43636319e-02  1.20345084e-02 -9.92843211e-02  2.40870863e-02
  6.37032911e-02  2.52279937e-02 -1.03737861e-01  8.08798056e-03
 -2.15410925e-02 -1.11044180e-02  4.09781337e-02  1.74140166e-02
  3.76882032e-02 -7.62593970e-02  5.20863086e-02 -6.93636015e-02
 -6.02604114e-02  2.74530649e-02  8.34260806e-02 -9.81472507e-02
  4.09314185e-02 -1.04746617e-01  4.77945916e-02  1.94986463e-02
 -1.02988984e-02 -6.13697246e-02  1.98815446e-02 -1.45575695e-03
 -1.14695576e-03  2.29711458e-03 -5.21147959e-02 -8.10051803e-03
 -3.79381073e-03 -1.87339298e-02 -2.76674144e-02  5.22326417e-02
  3.81501690e-02 -2.78438404e-02 -5.05330823e-02 -1.77982803e-02
  9.64782089e-02 -2.61221100e-02 -1.00253914e-02  9.94051173e-02
 -3.04312143e-03 -1.89034138e-02  5.14976494e-03 -1.00194532e-02
  1.48239108e-02 -2.36885678e-02  5.27588371e-03 -4.20311913e-02
  5.66668324e-02 -6.46212790e-03  4.41853665e-02 -9.37647671e-02
 -4.97087501e-02  8.16960484e-02  9.42945853e-03  2.92726066e-02
 -2.69996431e-02 -1.46626942e-02 -3.29856463e-02 -3.03348759e-03
 -5.12606688e-02  1.63383242e-02 -2.18293667e-02  4.97198030e-02
  9.93845053e-04  6.69808462e-02  8.71137134e-04  2.43057646e-02
 -2.02188790e-02 -2.07713190e-02 -6.43657595e-02 -5.08058220e-02
  3.34476419e-02  5.41370101e-02 -4.21851054e-02 -2.41949130e-02
 -1.87174324e-02  2.80807894e-02 -5.71810268e-02  6.63818717e-02
 -8.99901323e-04  7.36119822e-02 -4.13024388e-02  5.79623841e-02
  2.34681796e-02  1.25160795e-02  4.15722169e-02  1.07486686e-02
  9.79430135e-03 -2.10694540e-02  4.63895965e-03 -3.81293964e-33
 -2.94257384e-02  2.20463891e-03  1.86698325e-02  5.81076927e-02
  1.97784118e-02 -2.03324482e-02 -5.70265651e-02 -2.73166671e-02
 -9.21654329e-03 -2.30556596e-02 -3.83153111e-02  1.16209634e-01
  2.37103421e-02 -4.09459434e-02 -5.84662110e-02 -1.25121269e-02
 -1.26536384e-01  5.58448061e-02 -4.53407727e-02  2.44092736e-02
  2.30936892e-02  9.39615071e-02 -5.75941317e-02  2.78425850e-02
 -5.32070249e-02  5.71234152e-02  5.25677856e-03  5.66862710e-02
  3.94494087e-02  1.85027346e-02  1.16827665e-02 -3.12176608e-02
 -1.71042811e-02 -8.54307041e-02  1.95654482e-02 -2.27120500e-02
  3.00704315e-02 -1.24193825e-01  4.03018519e-02  1.52004967e-02
  4.24158797e-02 -1.81481242e-02  3.94348092e-02 -8.36300552e-02
 -1.83940325e-02  1.13771021e-01 -2.09520832e-02 -2.51377523e-02
 -4.35607368e-03 -4.37899977e-02 -6.44785538e-02 -3.03386757e-03
  2.99937632e-02 -2.17629112e-02  8.19908082e-03 -2.44562346e-02
 -2.35997420e-03  9.22481865e-02 -9.00545157e-03 -7.03563094e-02
  4.90247563e-04  3.82303670e-02  3.96324992e-02 -5.74197061e-02
 -8.40664878e-02 -1.81759242e-02  1.46853467e-02 -4.77935635e-02
 -2.67265625e-02  6.73637763e-02 -1.21320263e-01  7.16601759e-02
 -1.75614040e-02 -1.10191122e-01 -5.03095007e-03 -3.89223844e-02
 -6.59161434e-02 -1.09738139e-02 -3.41079533e-02  9.02764499e-03
 -3.02463230e-02 -6.01373203e-02  1.46496156e-02  5.17061763e-02
  7.33455196e-02 -1.28993567e-03  1.11710681e-02 -3.55194658e-02
 -6.89028297e-03  2.43952740e-02 -3.77107901e-03  3.21727395e-02
  5.61011992e-02 -2.80218814e-02 -2.24712119e-03  1.52854976e-33
  4.10548970e-02  4.45584916e-02  9.91344154e-02 -5.74338101e-02
  7.05072209e-02 -1.34390267e-02 -7.63532370e-02 -2.86972784e-02
  5.45790792e-02  8.74540061e-02  8.75996351e-02  5.32821007e-03
 -6.02921285e-02  3.57996323e-03 -1.09775305e-01 -2.10139994e-02
 -3.82487290e-02  3.37608941e-02  6.05410039e-02 -2.82725412e-02
  8.60896334e-02  6.76628202e-02  1.60323605e-02  2.39424072e-02
  1.08412793e-02  4.37432937e-02  2.06292719e-02  3.61278430e-02
  1.70874537e-03 -3.18114064e-03  6.19897284e-02  3.31361443e-02
 -2.91546229e-02  1.13400640e-02 -1.28746331e-02  1.11018449e-01
 -6.28994852e-02  1.32378191e-01 -2.94114947e-02  1.41762011e-02
  4.47233692e-02 -5.57327718e-02 -9.08170491e-02  7.88167343e-02
 -1.21679390e-02 -2.42167562e-02  5.88923767e-02 -5.56786470e-02
 -4.66851220e-02  2.00450723e-03 -9.83010083e-02 -2.96969358e-02
 -1.29627399e-02 -2.26129815e-02 -1.30157464e-03  4.18191105e-02
  7.09004551e-02 -9.81021896e-02 -3.08535877e-03 -9.54532251e-02
 -1.39222711e-01 -1.85774118e-02 -1.12538571e-02 -2.50349697e-02
  3.26635018e-02 -3.55606750e-02  5.92379272e-02 -1.60848978e-03
 -8.49107802e-02 -4.43088859e-02 -1.87938288e-02  5.61769418e-02
 -3.82046141e-02  1.15754396e-01 -3.00133787e-02  3.41275297e-02
 -2.91755795e-02 -5.61888590e-02 -2.06665397e-02 -3.49192470e-02
 -7.90844411e-02  2.66234181e-03  2.52965726e-02 -1.03286002e-02
  7.43765458e-02  1.28519356e-01  4.21099253e-02  5.19217812e-02
  1.03235636e-02 -1.35319615e-02  9.50485840e-02  6.30036974e-03
  7.39468709e-02  6.98032090e-03 -1.50338756e-02 -1.88981844e-08
 -1.51807601e-02  6.06866069e-02 -7.13455006e-02  2.75547877e-02
  1.54730426e-02  1.99850332e-02  1.04368199e-02  2.73528341e-02
 -5.24684861e-02  1.78037867e-01 -1.12989889e-02  3.11259609e-02
 -1.57694109e-02  3.85660492e-02  1.34832069e-01  3.84329609e-03
 -4.38457131e-02  8.01081806e-02 -7.38076344e-02  3.43805961e-02
 -6.14731386e-03  2.30738558e-02 -5.72937075e-03  1.27499586e-03
  9.19189956e-03 -6.71309680e-02 -8.94766226e-02 -8.67694709e-03
 -2.61973012e-02  1.84804741e-02  5.84557988e-02 -8.75812620e-02
 -1.99554730e-02  1.73568185e-02 -2.35096179e-03  8.61650929e-02
 -7.66432136e-02 -4.75491621e-02  3.39495204e-02  7.13632023e-03
 -3.22670378e-02  7.44015910e-03  2.82022287e-03  5.54677881e-02
  7.05860555e-02  2.79282406e-02  3.04997303e-02 -8.39357916e-03
 -1.02113433e-01  2.57179178e-02 -3.79425846e-02  2.37336401e-02
 -2.22980767e-03  4.23188321e-02  1.70820951e-02 -1.13238264e-02
 -3.41787338e-02 -2.59750001e-02 -7.99364224e-03 -1.94985885e-02
 -1.47686182e-02 -2.46527828e-02 -5.74039342e-03  2.31933016e-02]",2
proj_test,2,What did you like most?,I really enjoyed the interactive workshops and the relaxed atmosphere.,I really enjoyed the interactive workshops and the relaxed atmosphere.,positive,0.7778,False,"[-2.04371922e-02  2.84408834e-02  1.90613773e-02  1.25974994e-02
 -3.28804478e-02 -1.13673229e-02 -1.60291977e-02 -6.43135384e-02
 -5.43832630e-02 -2.12510559e-03 -5.02272435e-02  2.72120386e-02
  8.09505768e-03 -6.64714770e-03  5.51465116e-02 -2.09358893e-03
  9.32184830e-02 -5.50435968e-02  1.00549906e-01 -6.05837554e-02
 -1.01401553e-01  2.52652797e-03  3.87185104e-02  8.20500683e-03
 -1.77236944e-02  6.85990602e-03 -2.56329821e-03  4.92687561e-02
  1.05423592e-01 -6.04709471e-03 -4.92878295e-02  9.64254066e-02
  6.77037984e-02 -2.58870441e-02  4.07301784e-02  1.29372209e-01
  6.61978796e-02 -9.08205882e-02 -4.37063389e-02  6.92980422e-04
 -7.04807639e-02  1.96561310e-02  7.15983808e-02 -2.16690414e-02
  1.15267457e-02 -7.38716945e-02 -2.54274327e-02 -1.09007947e-01
  4.26392965e-02  1.48533341e-02  6.34451061e-02 -4.04132083e-02
  5.81577197e-02 -5.74114211e-02 -3.56737860e-02  3.31971534e-02
 -3.61803249e-02 -5.23659773e-02 -5.21045132e-03 -5.60215078e-02
 -2.35849246e-02 -1.60192885e-02 -7.78368562e-02  2.85774153e-02
  3.64015400e-02 -4.50468734e-02 -3.14386450e-02  7.20059425e-02
  8.85526910e-02 -6.98183700e-02 -1.18156314e-01 -4.35871556e-02
  7.02623650e-02 -6.93698153e-02  1.56916038e-03  3.76734100e-02
 -6.08969480e-02 -9.34879258e-02 -1.06069688e-02 -4.02293317e-02
  1.20294273e-01  5.11300284e-03 -3.05358507e-02 -1.33411027e-02
 -7.58327246e-02 -9.41557288e-02  2.58396287e-02  3.03943711e-03
 -2.50876043e-02  1.31530855e-02  6.78530708e-02  4.77881990e-02
 -3.09254117e-02  7.87068997e-03  4.97445231e-03  2.00043656e-02
 -7.97388889e-03  2.73440015e-02  5.94408922e-02  4.54435460e-02
 -2.02103388e-02  5.24184406e-02 -2.92919874e-02 -8.61048475e-02
 -1.15140229e-01 -2.31471825e-02 -2.91156806e-02 -4.52742353e-03
  2.28017773e-02 -6.62848935e-04 -7.75820315e-02  1.35257067e-02
  2.90595889e-02 -2.24279277e-02  2.35030631e-04  1.10009044e-01
  4.97988090e-02  4.50227270e-03  6.82176137e-03  1.54901287e-02
  9.02164206e-02  2.46057697e-02  5.21147810e-02  8.28157440e-02
  3.44309397e-02 -4.13016453e-02  4.30494286e-02 -4.47449463e-33
  9.52200871e-03 -1.46574751e-02  5.54849580e-02  1.08441688e-01
  9.43410695e-02 -1.60164777e-02  8.41358956e-03 -3.37465256e-02
 -1.03599958e-01 -2.85622082e-04  4.09365669e-02  8.09256062e-02
 -1.61676966e-02 -2.62596440e-02 -3.62104475e-02 -6.18231855e-02
 -3.04321665e-02  3.68246026e-02 -6.21670671e-02  3.35440524e-02
 -5.96832335e-02  1.03324838e-02  1.86148379e-02  7.57870451e-02
  4.62030768e-02  7.23798946e-02  7.74404481e-02  2.90750377e-02
  7.89713040e-02  3.89400236e-02 -1.23486537e-02  2.48757340e-02
 -5.27486727e-02  4.23372202e-02  3.08874603e-02  9.15862620e-02
 -1.85229853e-02 -8.10216591e-02  8.10568109e-02  7.43467286e-02
 -2.19320059e-02  2.79514622e-02  4.81387526e-02  3.09420247e-02
  4.48704325e-02  6.78434819e-02  4.75780405e-02  3.96517552e-02
 -3.25253769e-03  1.06928078e-02 -8.80777091e-02  5.54733500e-02
  2.05809232e-02  1.79083683e-02  3.81048024e-02 -3.27420495e-02
  4.04752512e-03  8.58038024e-04  2.74530463e-02  3.82923358e-03
 -9.74262878e-03  9.74051878e-02 -4.46607955e-02 -5.59747629e-02
 -4.36004326e-02  1.28129795e-02 -2.30379086e-02  2.28939131e-02
  4.49932255e-02 -2.31995732e-02 -8.20527822e-02  2.23178454e-02
  5.70913367e-02 -6.35698363e-02 -2.82150898e-02 -2.24376116e-02
 -8.22224542e-02 -2.35746931e-02 -6.43886104e-02  4.68284711e-02
  4.73827915e-03 -2.64596120e-02 -3.85701470e-02  1.17878933e-02
  1.61645433e-03 -5.83719835e-02  3.19027342e-02 -2.16519423e-02
 -5.68938814e-02  2.97003370e-02 -5.01754060e-02 -1.39050158e-02
  5.89560010e-02  4.83463146e-02  1.03675481e-02  3.54014524e-33
  1.00112475e-01 -1.50074102e-02 -1.04591660e-01  3.41647281e-03
 -3.26849036e-02  3.01200543e-02 -1.08497784e-01 -1.70939905e-03
  3.22103064e-04  6.54521734e-02  6.77739605e-02  8.42198133e-02
 -2.26795375e-02 -3.26884398e-03 -3.70059125e-02 -3.79994363e-02
 -2.79300660e-02 -1.08763510e-02  1.41092539e-02  2.94226240e-02
  5.30124642e-02  4.36721817e-02 -7.20528066e-02 -5.24661541e-02
  2.17668898e-02  5.85875809e-02 -7.19765872e-02 -8.61945283e-03
 -1.02464519e-02  2.04410143e-02 -1.65649131e-02  1.80561915e-02
 -9.49011743e-02 -2.47571617e-02  3.88355255e-02  4.97210808e-02
  3.74593213e-02 -2.94747725e-02 -4.89669219e-02 -5.00253327e-02
  1.41577125e-02 -9.91545431e-03 -5.38410917e-02  3.94356810e-02
  3.55575234e-02  3.40239815e-02 -3.98336984e-02 -9.61791277e-02
 -4.53746133e-02 -5.45646101e-02 -5.82990497e-02  1.24803204e-02
 -9.32837948e-02 -1.52144715e-01  6.05290271e-02 -2.83207446e-02
  3.09858862e-02 -3.27681303e-02  2.48049740e-02 -1.30309770e-02
 -6.18932135e-02 -1.34928031e-02 -3.92493382e-02  6.59145555e-03
  4.59307805e-02 -4.12122235e-02  2.85222959e-02  5.80432313e-03
 -7.11285099e-02  8.46284383e-04 -3.25322449e-02  3.04045640e-02
 -2.65999753e-02  1.54187912e-02 -3.86304077e-04  1.87552461e-04
  8.32362548e-02 -2.38644443e-02  1.10432655e-02 -2.03484502e-02
 -1.08746998e-02  1.53625151e-02  3.16881971e-03 -8.85687041e-05
  3.08368988e-02  1.82765126e-01 -4.54889312e-02 -9.47978254e-03
 -7.82753900e-02  1.03763588e-01  2.81708930e-02 -2.88071707e-02
  5.01987673e-02 -3.60520631e-02  2.58483496e-02 -1.75826855e-08
 -2.60170847e-02  5.75763807e-02  4.17602202e-03 -3.05415541e-02
 -5.13945147e-03 -3.26999575e-02  9.22705699e-03  1.17225461e-01
 -3.33746597e-02  1.11577421e-01  5.35560772e-03 -7.25814980e-03
  4.47517447e-02  4.19756882e-02  9.31445360e-02  2.58847997e-02
  2.54173782e-02  7.28818625e-02 -7.32654706e-02 -1.25810094e-02
  9.31619704e-02  4.50764000e-02 -1.03260288e-02 -2.58334801e-02
 -4.87661436e-02  5.42511605e-03  1.72536708e-02 -5.51146790e-02
  5.07871620e-02 -1.92137025e-02 -3.81636955e-02 -4.13964204e-02
 -5.82718849e-02 -5.10436203e-03 -6.76076263e-02 -5.75770950e-03
 -8.38685855e-02 -2.43636575e-02  6.33654371e-02 -3.28378454e-02
 -6.46827072e-02 -3.84847187e-02 -2.00470071e-02 -1.39333894e-02
 -1.39914649e-02  5.48929088e-02  7.50037003e-03 -1.49664441e-02
 -1.53394081e-02  1.99539196e-02 -1.06466394e-02 -1.77246369e-02
  9.05109942e-03  3.03595383e-02  9.17876363e-02  2.43912041e-02
 -2.07845327e-02  1.65824164e-02  3.85800675e-02  5.39009050e-02
 -2.07802579e-02  2.99749020e-02 -1.78766847e-01  5.41966669e-02]",2
proj_test,3,What did you like most?,The group energy was amazing and the activities were engaging.,The group energy was amazing and the activities were engaging.,positive,0.8074,False,"[-2.59774039e-03  6.38109073e-02  1.32217994e-02  1.00454018e-01
 -2.98685534e-03  3.00113708e-02  6.50019497e-02 -3.98475416e-02
 -4.77992706e-02 -2.02593729e-02  2.40189731e-02  1.59460548e-02
  3.39688570e-03 -1.43279498e-02  5.84853329e-02  7.20740471e-04
  6.62195832e-02 -2.22171266e-02 -6.31923899e-02 -6.89587891e-02
  2.79315468e-02 -6.69924691e-02  8.47238377e-02  6.49385452e-02
  1.06991539e-02  7.27912635e-02 -5.65633550e-02  2.34700274e-02
  7.15474337e-02 -1.47163086e-02 -1.80587471e-02  4.32411246e-02
  6.36944398e-02  4.53105718e-02 -5.25604412e-02  1.80833876e-01
  6.01647943e-02 -1.93564240e-02 -2.46696509e-02 -1.19725028e-02
 -4.17737104e-02 -2.56574638e-02  1.20909110e-01 -3.98622490e-02
 -6.09258749e-02 -4.12088037e-02  1.22595564e-04 -1.12538807e-01
  3.75201670e-03  3.64965461e-02  1.24397472e-01 -4.24136743e-02
  5.19566797e-02 -3.47814858e-02 -9.76405665e-03  2.04511397e-02
 -3.25026512e-02 -9.09116268e-02  4.24295217e-02 -7.72710741e-02
  1.83056612e-02 -6.36435524e-02 -9.58519801e-03  2.99048293e-02
 -1.74371079e-02 -2.71439254e-02  4.29332675e-03  7.02600628e-02
 -5.33583527e-03 -8.50936249e-02  5.31599857e-02 -7.59726390e-02
  4.72049490e-02 -1.06223859e-01 -2.18915585e-02  3.89485955e-02
 -1.00864107e-02 -3.88304517e-02 -3.35003249e-02 -6.37166426e-02
  9.15085673e-02 -7.23159388e-02 -3.22409570e-02 -2.75270594e-03
  7.70037845e-02 -3.96369817e-03  1.56189865e-02 -1.13007063e-02
 -1.23133417e-02  4.35532406e-02 -6.20046631e-02  7.19999149e-02
 -2.00550612e-02  6.89112814e-03  6.16099685e-02 -2.94036921e-02
 -3.23789343e-02 -4.19515669e-02  2.97754090e-02  4.71925363e-02
  4.74495701e-02  7.44122714e-02 -4.55453992e-02 -9.93943308e-03
 -5.21032065e-02 -6.32702559e-02 -6.55048266e-02  6.44742623e-02
  3.94287594e-02  4.63719442e-02 -8.54284596e-03  1.81333497e-02
  1.58694461e-02 -2.09594555e-02 -4.03324887e-02 -1.51257555e-03
  1.15187438e-02  8.00956693e-03 -3.18909101e-02  2.93518677e-02
  1.42298803e-01  9.94994491e-03  7.59167820e-02  4.87147421e-02
  1.74889844e-02  4.45947610e-02  2.47696675e-02 -5.66583171e-33
 -4.78764996e-02 -2.65540443e-02  6.76713139e-02  6.71908185e-02
  4.39074486e-02 -2.71641202e-02 -8.90632644e-02 -5.41464277e-02
 -4.69046757e-02 -3.26207094e-02 -6.45738691e-02  9.88532752e-02
  1.18991204e-01 -9.33821080e-04  8.05709139e-03 -1.25739589e-01
 -1.01929687e-01  8.14480241e-03  1.32869473e-02 -1.64652783e-02
 -4.70972545e-02  7.46386126e-02  1.74395577e-03  6.86373143e-03
 -4.27338341e-03  5.32869995e-02  9.02426057e-03 -2.10578684e-02
  2.13280171e-02  2.30513457e-02  2.87516806e-02 -5.34516834e-02
 -8.59368369e-02  1.36738131e-02  4.96054068e-03  8.32746252e-02
  4.40467596e-02 -9.13325846e-02  3.73228975e-02  2.86422260e-02
  3.54433320e-02  3.23039144e-02 -8.70131049e-03 -4.45990264e-02
  1.77912824e-02  9.57765505e-02  2.81718224e-02  2.14156117e-02
 -3.34819518e-02  1.57096330e-02 -6.51272535e-02  9.63703543e-03
  2.24706847e-02 -5.16001247e-02  4.74764369e-02  1.71428118e-02
  4.13372219e-02  9.46882963e-02  3.54397409e-02 -2.46055182e-02
  2.71694176e-02  1.17076978e-01  8.40752106e-03 -5.64102642e-02
 -2.70065013e-02 -3.54631827e-03  1.02091432e-02  2.23262496e-02
 -1.17706973e-02  7.90431444e-03 -1.79281663e-02 -7.86217395e-03
  2.95203812e-02 -7.91075155e-02  4.73524593e-02  2.64200810e-02
 -3.39588188e-02 -4.36964333e-02 -9.86538604e-02  6.18859418e-02
  1.55668110e-02 -8.33656639e-02  4.43492271e-02 -5.16118966e-02
 -1.76044665e-02 -3.98421176e-02  1.00809541e-02 -1.25351131e-01
 -1.07969500e-01  1.75979789e-02 -2.93756109e-02  1.90023240e-02
  9.36171561e-02  6.46229088e-02 -6.47862181e-02  3.60314549e-33
  4.41074111e-02  7.64352381e-02 -4.80057526e-04 -1.90792885e-02
  1.31560743e-01 -2.39984486e-02 -9.23517346e-02 -9.00420994e-02
  4.69250558e-03  9.17102471e-02  1.71264298e-02  1.38860231e-03
 -4.51759994e-02 -3.01887877e-02  2.06276029e-02 -2.89350189e-02
  1.06096184e-02  5.13471067e-02  2.55518872e-02  4.88500372e-02
 -6.54576160e-03  7.06892237e-02 -1.11088166e-02  1.27754221e-02
  3.12554576e-02  1.01427495e-01 -5.17635420e-03 -4.51843962e-02
  4.39186916e-02  2.62559783e-02  6.03621267e-02  1.86876357e-02
 -5.76171689e-02  4.97940136e-03 -2.24312246e-02  1.25252575e-01
 -1.22679407e-02  2.28647385e-02 -6.07327707e-02 -5.82537949e-02
  1.08089354e-02  2.98315343e-02 -1.77087057e-02  1.12390250e-01
 -4.47298475e-02  1.09769125e-02 -4.91074426e-03 -1.39907785e-02
 -1.71667323e-01  1.25722261e-02  1.45774344e-02 -8.43594316e-03
 -6.75023049e-02 -4.84005585e-02  1.91873405e-02  1.52079575e-02
  6.39991090e-02 -8.29288736e-02 -5.13874292e-02 -9.71638486e-02
 -3.11072115e-02 -8.97097460e-04 -1.46228420e-02  2.54447721e-02
  1.66589282e-02 -1.48442248e-02 -8.06084368e-03 -3.19746472e-02
 -8.60536247e-02 -1.03035495e-02 -3.37084718e-02  2.78066564e-03
 -4.98455428e-02  4.22337130e-02 -2.63987901e-03  2.46570557e-02
 -2.27346495e-02 -4.29245085e-02 -2.19356758e-03 -4.58162278e-02
 -7.03089982e-02  3.95446680e-02 -2.78298780e-02 -4.45378982e-02
 -2.00560018e-02  8.66224021e-02 -3.95609215e-02  3.24540492e-03
 -3.50657105e-02  7.61871636e-02  4.80398312e-02 -6.13002107e-02
  2.82306187e-02  4.47128303e-02  1.04395449e-02 -1.89366407e-08
  3.23381904e-03  6.00539967e-02 -8.50776583e-03 -2.35676318e-02
  8.60223256e-04 -5.53865731e-02  1.30782416e-02  6.00801334e-02
  3.66811380e-02  9.72203389e-02  1.49427808e-03  7.18238371e-05
  8.07713643e-02  6.07502535e-02  8.37204158e-02  1.03417682e-02
 -1.75586771e-02 -2.22805180e-02 -5.95155135e-02  2.02950556e-02
  3.94166149e-02 -1.55799584e-02 -3.66373062e-02 -6.14080653e-02
 -5.05824052e-02  2.49682032e-02 -8.90649110e-02 -4.71167676e-02
 -1.36031257e-03 -2.68177167e-02 -9.49783716e-03 -3.28462012e-02
 -5.91607876e-02 -8.92242789e-03 -5.35071641e-02 -1.07692638e-02
 -6.93260729e-02 -5.45165725e-02  4.06660922e-02 -1.47297233e-02
 -2.52999812e-02  8.94049555e-03  3.79544087e-02  6.74346909e-02
 -4.77642156e-02  3.34414281e-02 -4.98494655e-02 -2.78263912e-02
 -8.18141457e-03  3.12679075e-02  4.38365107e-03 -1.37587013e-02
 -6.19483851e-02  2.42855698e-02 -2.63396651e-02  8.74444284e-03
 -5.60280941e-02  3.98331657e-02 -1.07937725e-02 -4.26617302e-02
  4.54077683e-02 -4.33280692e-03 -1.19449325e-01  5.85696893e-03]",2
proj_test,4,What did you like most?,The facilitators were well prepared and always helpful.,The facilitators were well prepared and always helpful.,positive,0.6,False,"[ 1.61628723e-02  2.54635699e-02  6.34212699e-03  5.24952300e-02
 -2.78164018e-02  6.75755963e-02 -8.68098065e-03 -3.68747208e-03
 -1.06019087e-01 -2.67742109e-02  2.74660066e-02  1.00289114e-01
  7.85486307e-03  2.93593500e-02 -2.37083957e-02  3.52113955e-02
  6.36202097e-02 -3.02283429e-02 -4.45886925e-02 -5.07625900e-02
 -1.05654977e-01 -6.80161566e-02  1.19759344e-01  2.72510741e-02
 -9.15826932e-02 -1.94977894e-02 -3.51001434e-02 -5.47632463e-02
  1.04492523e-01  2.14369316e-02 -2.14548428e-02 -8.82337845e-05
  1.28107099e-03  3.97885293e-02 -4.66406830e-02  1.29296660e-01
  5.22888489e-02  5.09119481e-02  1.41774882e-02  3.57664339e-02
 -4.11877185e-02 -2.99741216e-02  4.37566414e-02 -2.20214259e-02
 -1.67323183e-02 -6.82731196e-02  3.81562822e-02 -3.87168638e-02
 -1.78766213e-02 -2.05382816e-02  3.43516506e-02 -1.10934235e-01
  4.32982109e-02 -9.50408801e-02  1.52622815e-02  5.10556363e-02
 -3.46536096e-03 -6.41294047e-02  4.12514247e-02 -1.62597988e-02
 -4.44513485e-02 -5.36289951e-03 -6.69603050e-02  1.15716336e-02
 -1.75734591e-02 -2.93884915e-03 -2.64856536e-02  4.42622826e-02
  4.61994633e-02 -9.58261453e-03 -5.68975285e-02 -2.30817329e-02
  9.25489068e-02 -5.54987192e-02  3.40116248e-02  7.20611587e-02
 -2.44974662e-02  4.36069071e-03  4.86805625e-02 -6.06299974e-02
  7.80532584e-02  1.26353092e-02  6.38044104e-02  8.06407258e-02
  2.53056977e-02  1.50228823e-02  2.73418278e-02 -9.90796983e-02
  3.47632840e-02  8.43058806e-03  4.42944318e-02  9.40446481e-02
 -3.15201059e-02 -6.50408939e-02 -5.29230423e-02 -1.33450050e-03
 -2.66507231e-02 -6.71827793e-02  1.17263468e-02  5.19614108e-02
  2.42453497e-02 -5.51486090e-02  2.46168324e-03 -1.65745877e-02
 -4.75742705e-02 -8.23073685e-02 -2.06751954e-02  3.26476768e-02
  1.09362258e-02  9.15035605e-02 -3.01781707e-02  3.36215869e-02
  8.92458204e-03  4.67047915e-02 -3.04239560e-02  5.38509153e-02
 -1.27885267e-01 -2.19354421e-04  4.21478301e-02 -3.15920040e-02
  7.49965161e-02 -1.01473148e-03  1.02640934e-01 -2.22207010e-02
  4.44901884e-02  3.96913551e-02  6.54497929e-03 -3.35708623e-33
  3.07514518e-02  1.10313147e-02  1.95203871e-02  1.18682459e-01
 -6.21178944e-04  4.90939058e-02 -9.50833131e-03 -1.47492802e-02
 -2.05706488e-02 -2.47053951e-02 -2.36328635e-02  8.18993002e-02
  1.81837212e-02  6.18049782e-03 -3.48284133e-02 -4.83925641e-02
 -1.09274291e-01  3.53702903e-02 -1.00740172e-01 -1.09429229e-02
  1.62142273e-02 -3.71236238e-03  1.86545830e-02 -2.94689946e-02
  7.18030408e-02  1.23410048e-02  3.36472318e-02  6.17889091e-02
  2.66559944e-02  3.89771387e-02 -4.78455238e-02 -6.30275253e-03
 -6.35870919e-02 -3.73018272e-02 -1.10229636e-02  8.12285990e-02
 -6.15424812e-02 -6.48453012e-02 -2.19136593e-03  1.77533310e-02
  4.77678962e-02  5.04355021e-02  9.98603553e-02 -4.00835127e-02
  6.91995919e-02  4.55878396e-03 -6.33396581e-02 -5.95213240e-03
 -3.15003544e-02  6.97851297e-04 -1.11541867e-01  9.24221985e-03
  8.51961225e-03 -3.00772078e-02  7.79712014e-03  4.84701544e-02
 -9.62415058e-03  9.16732550e-02 -3.43511030e-02 -6.15122207e-02
  1.28024165e-02  2.32991595e-02 -5.05353101e-02  1.96421519e-02
 -2.59282272e-02 -5.15741110e-02  1.17454082e-02 -2.28488091e-02
  1.03770211e-01  5.46630379e-03 -8.45865831e-02  3.58395390e-02
  6.65896237e-02  5.22424793e-03 -1.19782329e-01 -3.51780280e-02
 -5.48383482e-02 -4.01341915e-02  2.97368187e-02  3.53657082e-02
  5.23146465e-02 -5.07136174e-02 -6.47052824e-02  6.35835528e-02
  5.93510568e-02 -6.08669445e-02  1.38979070e-02 -3.04710064e-02
 -3.06166615e-02  3.87988724e-02  1.24966959e-02 -1.86219476e-02
  8.29075053e-02  1.99187011e-03 -3.03915646e-02  1.13745903e-33
  8.73541012e-02  4.01067100e-02  4.56632450e-02  5.55183217e-02
  6.31389320e-02  1.22447254e-03 -7.85455182e-02 -1.34901971e-01
  4.74900417e-02  4.32233289e-02 -1.21425185e-02  3.52276415e-02
 -1.83583125e-02 -5.09807207e-02 -7.22045600e-02 -2.31856387e-02
 -7.21601248e-02 -2.72661746e-02  4.15584669e-02 -3.11320908e-02
  3.44894677e-02  9.94254462e-03  1.79726016e-02  2.15825960e-02
  2.60834228e-02  1.26675032e-02 -4.58021415e-03 -5.82041510e-04
 -1.26277164e-01  4.92102206e-02  2.31252238e-02 -5.64902984e-02
 -1.57780331e-02  2.64130756e-02 -4.29471806e-02  3.31701338e-02
  4.63479944e-02 -2.17641350e-02 -3.14286910e-02  6.40513469e-03
  4.12576571e-02  3.93950567e-02 -5.76253682e-02  2.46417820e-02
 -1.63702667e-02  7.70829665e-03 -5.29932082e-02 -4.99937274e-02
 -3.30163836e-02 -9.58422478e-03 -5.10494038e-02 -9.61141512e-02
 -4.81143184e-02 -1.47103459e-01 -5.16410032e-03  1.81131568e-02
  3.66344899e-02 -7.33073726e-02 -9.56484489e-03 -2.51740757e-02
 -1.00466482e-01  6.03265222e-03  2.49656057e-03  6.15849271e-02
  5.46945520e-02 -1.84575599e-02 -3.26514035e-03  7.51911625e-02
 -4.65065092e-02  2.74557676e-02 -1.78296827e-02  4.89136167e-02
  3.13075492e-03  4.54558916e-02 -7.60996295e-03 -1.29083348e-02
 -4.06271033e-02 -1.19023047e-01 -4.22683768e-02  1.40539724e-02
 -6.01445213e-02 -3.47664133e-02 -4.25966159e-02  4.29618210e-02
 -2.94817872e-02  1.37252420e-01  5.74007705e-02  3.96325625e-02
  6.07246649e-04  1.44668585e-02 -1.69674531e-02 -3.96766476e-02
  4.49228026e-02 -6.82163425e-03 -2.12985165e-02 -2.06695052e-08
 -3.11303120e-05  6.92620426e-02 -3.66055109e-02  8.06638449e-02
 -5.99407312e-03 -1.18645214e-01 -8.63944069e-02  7.85306245e-02
 -2.25914158e-02  3.53530534e-02 -4.62730527e-02  5.06820679e-02
  3.35652684e-03  3.02378405e-02  8.23826119e-02 -6.09153844e-02
  2.26093698e-02  7.23269656e-02 -1.49172306e-01 -5.15288562e-02
  4.52926829e-02  6.90473244e-02 -1.36030298e-02 -6.85389619e-03
 -6.53446978e-03  3.34665291e-02 -5.16537353e-02  1.40207252e-02
 -9.60128903e-02  6.97285980e-02  4.08171043e-02 -3.59068215e-02
 -2.65564751e-02 -2.04513166e-02 -2.24410575e-02  8.35797712e-02
 -2.15776358e-02 -8.18267986e-02  7.15850145e-02 -1.43674780e-02
 -4.06779759e-02  5.27824089e-02  1.65696573e-02  4.31097671e-02
 -4.20695990e-02  4.30358462e-02  8.84142006e-04  4.96168025e-02
 -3.42628434e-02 -3.68608199e-02 -2.27892138e-02  5.50309680e-02
 -9.75601282e-03  3.23016159e-02  5.71209788e-02  7.03616114e-03
  5.30258268e-02 -1.36614125e-02  4.53549437e-02  1.46432202e-02
 -6.31858706e-02  1.14473373e-01  1.08265514e-02 -1.44586004e-02]",2
proj_test,5,What did you like most?,I liked how practical the sessions were and how easy it was to participate.,I liked how practical the sessions were and how easy it was to participate.,positive,0.6,False,"[-8.67416617e-03  7.82762915e-02 -3.29770055e-03 -2.18535531e-02
 -7.08462447e-02  1.53530240e-02  6.66304156e-02  7.40206912e-02
 -5.15405051e-02  9.97465849e-03 -3.08405235e-02  5.40062860e-02
 -2.04156758e-03  6.65865168e-02  6.67709410e-02 -6.80185407e-02
  1.00060530e-01 -5.43015264e-02  1.45995161e-02 -1.65026300e-02
 -3.77107151e-02 -2.31175087e-02  3.17099765e-02  2.89231613e-02
 -3.17180566e-02 -6.00225618e-03 -4.55068611e-02 -1.07030915e-02
  4.96557988e-02  2.27949815e-03 -7.95076415e-02  7.83380419e-02
  2.41053719e-02 -1.66925583e-02 -4.65128683e-02 -6.58662058e-03
  6.49578720e-02  1.87528580e-02 -5.28470576e-02 -3.73682901e-02
 -3.84568088e-02 -4.47932482e-02  8.31702277e-02  1.03792185e-02
  5.21020265e-03 -7.59139135e-02  1.24437762e-02 -4.64344919e-02
 -1.23760635e-02  3.38247009e-02  8.81547406e-02 -7.24940598e-02
  8.17389190e-02 -4.55473512e-02 -6.65571690e-02  2.20965724e-02
 -4.14729938e-02  8.16699304e-03 -2.68161632e-02  2.25202478e-02
 -7.85025433e-02 -5.37589043e-02 -4.07329202e-02  2.68414691e-02
  4.35967650e-03 -5.22679538e-02 -2.49586366e-02 -1.96404243e-03
  1.03801049e-01 -4.14226986e-02 -1.17571123e-01  9.99222975e-03
 -4.58832318e-03 -4.59040031e-02  9.48655140e-03 -4.97237965e-02
 -1.36196464e-02 -5.34540713e-02 -6.18894510e-02  6.78044790e-03
 -1.61720254e-02  2.20107250e-02  1.64495017e-02  5.52592464e-02
  9.16066021e-03 -8.95974338e-02  9.74488910e-03 -2.27452032e-02
 -5.42048737e-03 -2.41869725e-02  2.43012365e-02  1.14877664e-01
 -6.30268604e-02 -4.63949181e-02  6.10469701e-03  1.12145636e-02
 -3.36194783e-02  8.86014700e-02  5.35383560e-02  8.06870535e-02
  3.66546288e-02  7.74137378e-02 -2.30248030e-02 -8.04808270e-03
 -1.99062992e-02 -1.80624332e-02 -2.23458428e-02 -6.88981339e-02
  2.95834802e-02 -1.48370359e-02 -6.24221079e-02  2.72022467e-02
  5.38360775e-02 -1.16108283e-02  1.17238704e-02  5.70887439e-02
 -1.53059373e-03  2.60745585e-02  6.15931395e-03  6.78824633e-02
  6.41647130e-02  1.40124261e-02  5.48319146e-02  3.23206298e-02
  5.51968301e-03  3.41459028e-02  8.87599885e-02 -5.11149943e-33
 -2.18571839e-03  9.80403647e-03  1.76293533e-02  9.74613279e-02
  8.60031694e-02  2.53977999e-02 -4.04635184e-02 -3.14269550e-02
 -4.36513647e-02 -1.65254511e-02  6.29501268e-02  1.26885355e-01
  6.42315447e-02 -2.76285335e-02  4.25060205e-02 -4.33927290e-02
 -1.40542880e-01  5.19403592e-02 -3.09407152e-02 -5.01823146e-03
 -1.37906130e-02  1.31189935e-02  6.04947656e-03  4.40981947e-02
  5.85933514e-02  6.77239671e-02  3.30466293e-02  1.76546443e-02
  1.10946797e-01  1.49155492e-02  4.55027223e-02 -4.00082432e-02
 -6.10441789e-02 -2.29488201e-02  5.50046302e-02  3.84471491e-02
  3.06226462e-02 -9.85399708e-02  3.76930051e-02 -1.95843354e-03
 -5.53419888e-02  5.45988930e-03  6.02985695e-02 -3.23636993e-03
 -1.66749638e-02  7.15986863e-02 -1.51468785e-02  1.93610843e-02
  8.20330437e-03 -7.80949974e-03 -9.84539241e-02  2.50818878e-02
  1.92228127e-02 -5.46150375e-03  1.99864786e-02  1.45529201e-02
  9.00889561e-03  5.67477234e-02 -8.72542337e-02  1.39735863e-02
 -2.43678931e-02  8.17631334e-02 -1.27249639e-02 -6.68931901e-02
 -1.52673990e-01 -3.33302468e-02 -2.14916095e-02  5.70015516e-04
  3.62151526e-02 -7.26152435e-02 -1.03851251e-01  1.78592261e-02
 -2.27485765e-02 -1.15232572e-01 -2.64877006e-02 -4.28118790e-03
 -7.77537795e-03  2.08328497e-02 -2.04400811e-02  2.53469553e-02
  5.54780401e-02 -4.67158072e-02 -3.86922024e-02  4.30561863e-02
  4.03966159e-02 -2.85569951e-02  5.67740388e-02 -1.22835442e-01
 -7.11477175e-02 -1.75407398e-02 -3.63490451e-03 -2.10527070e-02
  9.05379578e-02  3.12518217e-02  2.68248608e-04  3.65744525e-33
 -2.65700184e-03  2.27504186e-02  8.28471128e-03  8.86056796e-02
  7.81384483e-02 -1.22781135e-02 -1.98410973e-02 -3.67614217e-02
  1.22566232e-02  5.14077954e-02  1.93936583e-02  8.98905322e-02
 -4.51369584e-02 -6.08967198e-03 -7.17328787e-02 -2.25033369e-02
 -3.00526470e-02  2.57577579e-02 -5.53363888e-03  3.79677750e-02
  8.29478130e-02  1.06584296e-01 -5.12320921e-02 -4.23218012e-02
 -1.37642063e-02  3.31103951e-02 -6.45769089e-02 -7.08735436e-02
 -1.68551095e-02  1.24802357e-02  5.63981244e-03  3.30481045e-02
 -8.22900906e-02 -2.69765388e-02 -1.90323777e-02  4.85492498e-02
  4.18166164e-03  5.20515144e-02 -2.37153433e-02 -5.25692105e-02
  2.20116451e-02 -5.16843516e-03 -6.36451244e-02 -3.49634996e-04
  6.71288185e-03  4.54698093e-02 -6.06542416e-02 -4.18083631e-02
 -7.44431913e-02  4.39634137e-02 -9.74779055e-02 -2.88905874e-02
 -1.10307574e-01 -1.02778271e-01  4.06449148e-03 -4.33352254e-02
  3.78080234e-02 -7.44676888e-02  3.05564445e-03 -3.31407078e-02
 -1.07300662e-01  4.53168433e-03 -3.51328254e-02  3.04461401e-02
  1.06877778e-02 -5.77464476e-02 -2.16554645e-02  6.38023913e-02
 -1.06600747e-01  2.76209004e-02 -7.16045275e-02 -1.29081234e-02
  1.61817931e-02  1.17220111e-01  5.07618301e-02  3.80485086e-03
  1.87668763e-02 -5.64036779e-02 -4.93967235e-02  7.85747916e-03
 -4.43191379e-02 -1.41403975e-03 -3.32762599e-02 -2.29138527e-02
  1.69761442e-02  1.53897777e-01 -1.34377591e-02 -7.91064091e-03
 -4.55963351e-02  5.54117225e-02  4.12597284e-02 -2.79964563e-02
  4.38527912e-02  3.74626182e-02  7.91810155e-02 -2.08804991e-08
 -2.45936401e-02  3.58250625e-02  1.49762845e-02  4.53325137e-02
 -4.61490033e-03 -2.66293269e-02 -3.98856848e-02  6.95334375e-02
 -3.00892312e-02  1.15724370e-01  2.50709672e-02  2.47203410e-02
  1.00086750e-02  4.96727116e-02  4.29226346e-02  4.43191715e-02
  1.94415227e-02  5.91423847e-02 -6.52421340e-02  5.14022857e-02
  3.32232355e-03  4.57128659e-02 -1.92331932e-02 -1.82888750e-02
 -5.52868396e-02  3.90245840e-02 -2.22512521e-02  6.75634742e-02
 -3.92835774e-02  5.04084583e-03  1.27596234e-03  2.38291677e-02
 -6.47728518e-02  4.92870100e-02 -3.65830734e-02  4.26804498e-02
 -1.26776919e-01 -4.80624586e-02  3.63182798e-02  2.58609024e-03
 -6.86361417e-02  1.13954982e-02  2.17215586e-02  4.66497280e-02
  2.46221554e-02  4.97642457e-02 -4.49490920e-02  2.21450534e-02
 -4.35790885e-03  3.15294787e-02  5.77843562e-02  2.57733781e-02
 -5.74369542e-03  1.94351468e-02  1.04921922e-01  7.31055066e-02
  2.30560768e-02 -1.67420600e-02 -4.75315237e-03  2.96167731e-02
  1.22565441e-02  1.20861277e-01 -1.88390791e-01  4.56131622e-03]",2
proj_test,6,What did you like most?,The cultural evening was inspiring and brought everyone together.,The cultural evening was inspiring and brought everyone together.,positive,0.6,False,"[ 8.38034973e-02  1.03223585e-01 -3.44254496e-03  1.75691117e-02
  3.46410982e-02 -3.91306169e-02  2.53890790e-02 -7.94375613e-02
  2.55374238e-02 -6.87857643e-02  2.78847907e-02  1.59492344e-02
  1.92892291e-02 -3.74143124e-02  2.97441017e-02 -1.23209096e-02
 -4.03261334e-02 -1.01106074e-02 -7.90864229e-02 -1.08924173e-01
 -1.31342873e-01 -4.11681607e-02  6.36186749e-02  4.63760793e-02
  4.06538136e-03  8.83800089e-02  6.52644485e-02 -2.77268495e-02
  1.08904786e-01 -4.52427231e-02 -1.64093617e-02  2.78089419e-02
  6.70605078e-02  4.48423810e-02 -4.09439951e-02  1.30634189e-01
  8.36649984e-02 -4.52433117e-02  1.25675357e-03  3.34882438e-02
 -4.72821668e-02  3.36833596e-02  6.10450990e-02  3.38558219e-02
 -1.72017738e-02  1.64492317e-02 -1.10436697e-02 -3.71947512e-02
 -1.05339000e-02  1.11499839e-01  2.69512217e-02  3.65125723e-02
  1.28290558e-03 -1.08756021e-01  1.80831924e-02  7.79302344e-02
 -1.05469367e-02 -1.04661994e-01  9.63745043e-02 -2.79343817e-02
 -7.79677853e-02 -8.64647387e-04  2.86988914e-02  6.57212883e-02
  1.16791287e-02 -7.28966445e-02 -4.09584828e-02  8.35965872e-02
  7.65798381e-04 -3.89434658e-02 -5.01915952e-03 -1.40407477e-02
  7.59480372e-02  1.25694210e-02 -3.04529164e-02  1.04462244e-02
 -2.55356077e-02 -9.14137736e-02 -3.48242223e-02  1.22527974e-02
  2.76100282e-02  2.04011369e-02 -2.51489598e-02 -4.61000428e-02
  6.10022396e-02  7.89313018e-03 -8.33321270e-03  3.36505361e-02
 -5.00332303e-02  3.93468589e-02 -8.35809559e-02  9.58505180e-03
 -4.54116762e-02 -9.01592057e-03  2.68780030e-02 -5.55215441e-02
 -1.49816331e-02 -1.79568734e-02  2.10957415e-02  6.02983870e-02
  3.41934226e-02  8.16447064e-02  2.15697195e-02  6.36558223e-04
 -6.22355044e-02 -7.06666261e-02 -2.25326512e-02 -7.13860197e-03
  3.54378647e-03 -3.95953432e-02 -9.79536492e-03  3.20730768e-02
  1.60975684e-03  1.42788440e-02  3.70517932e-02  5.25405537e-03
  2.25997232e-02 -3.68621796e-02 -2.82757770e-04 -2.16907915e-02
  5.44856265e-02  4.25685570e-03  5.57281729e-03  1.25548253e-02
  2.52276789e-02  4.75934930e-02  3.83610390e-02 -4.20630744e-33
  2.55187433e-02  2.96602976e-02  3.54218930e-02  5.91716655e-02
  6.28833994e-02 -5.24935536e-02 -2.53238305e-02 -1.45445205e-02
 -8.89842585e-02 -6.25011548e-02  1.74198695e-03  7.66921490e-02
  4.00384478e-02 -9.60030966e-03 -3.27423848e-02  1.22830328e-02
 -7.54761174e-02  1.59923006e-02 -4.22128551e-02 -1.09389126e-02
  1.63132194e-02  5.66962361e-02 -2.96661370e-02 -3.27901058e-02
 -1.17713042e-01 -1.62372328e-02  5.49587049e-02  5.27086435e-03
  4.56129201e-02  1.06992861e-02  2.57355459e-02 -2.94115441e-03
 -1.02811558e-02  2.10683495e-02  4.64225449e-02  1.85467564e-02
  2.07092557e-02 -1.06924050e-01  9.47552267e-03  4.88264337e-02
 -1.37761189e-03  1.02702994e-02 -2.43503954e-02 -4.98157218e-02
 -2.98792701e-02  8.62800926e-02 -3.98187898e-02 -4.77484101e-03
  9.13088396e-03  3.08347726e-03 -1.04442850e-01 -4.71689738e-02
  6.19598590e-02 -2.05620509e-02  4.94216103e-03  1.57733019e-02
 -2.50197370e-02  4.29178998e-02  2.51281150e-02 -6.07833117e-02
 -3.76908947e-03 -1.96446553e-02  8.31399695e-04  2.51962692e-02
  2.24670134e-02  3.50925438e-02  7.94067532e-02 -2.27829292e-02
  2.28006858e-02 -3.80726298e-03 -1.68833416e-02 -3.73759493e-03
 -5.28731532e-02 -5.01954369e-02 -5.49871139e-02  5.55089526e-02
  3.14363861e-03 -6.30125776e-02  8.49802494e-02  2.16903295e-02
 -4.51949984e-02  1.51034798e-02  5.16610313e-03 -7.44810328e-02
  6.40439168e-02  3.08253597e-02  5.05350642e-02 -2.59755943e-02
 -8.88037086e-02  7.59025961e-02 -1.00951577e-02 -4.04978618e-02
  1.32369459e-01 -4.55698073e-02 -6.56361133e-02  2.70748051e-33
  9.71562043e-02  4.48788516e-02 -5.72993793e-03 -3.47017050e-02
  9.62812826e-02 -6.03089370e-02 -4.31060344e-02 -7.42086098e-02
  9.25352890e-03  1.05503835e-01  6.44488484e-02  2.16844250e-02
  4.31206375e-02  4.20441404e-02 -5.81789687e-02 -6.04957417e-02
  1.23751894e-01  9.03668702e-02  4.31954302e-02  6.37210310e-02
  2.09160661e-03  8.12021047e-02 -1.57996584e-02 -4.48808819e-02
 -1.76936816e-02  7.18427375e-02  1.84490960e-02 -2.95630079e-02
 -6.83514550e-02  1.17144054e-02  3.31557840e-02  4.30765841e-03
 -4.01129425e-02  2.31683231e-03  9.74861812e-03  1.27351001e-01
  4.50250208e-02 -2.65308470e-02 -1.56269930e-02 -2.18791459e-02
 -8.63036588e-02 -9.85184405e-03 -7.65870363e-02  5.41971549e-02
  7.29555177e-05  5.96124604e-02 -8.76452327e-02 -9.57491528e-03
 -1.18126616e-01 -1.30896559e-02 -6.53933957e-02 -1.82479415e-02
  1.11947069e-02 -1.06516421e-01  1.98690388e-02 -2.14251243e-02
  1.16475001e-01 -7.44927153e-02 -2.77061108e-02 -3.36306281e-02
 -7.16528445e-02 -1.44075947e-02 -1.65523849e-02 -6.78743720e-02
  5.31679280e-02 -3.23722176e-02  2.81740334e-02  7.80099854e-02
 -8.41938481e-02  2.83654686e-02 -5.43469675e-02  3.98583375e-02
 -6.84418753e-02  8.65136534e-02  3.36566381e-02  2.92313620e-02
  1.99264847e-02 -5.45680895e-03  4.41498756e-02 -7.11798668e-02
 -9.47011784e-02  1.19914198e-02 -7.64862001e-02 -3.80710210e-03
 -2.53382847e-02 -6.91856071e-03  3.24591659e-02  3.57699618e-02
 -1.24965226e-02  8.93552005e-02 -1.29500066e-03 -4.88566458e-02
  2.81884037e-02 -2.55443994e-02  2.65103076e-02 -1.84898976e-08
 -8.31108764e-02  3.17652561e-02 -8.97696391e-02  2.47547757e-02
  6.70174044e-03 -1.54773332e-02  6.20209873e-02  7.70982075e-03
 -1.24341920e-02  1.16671614e-01 -6.40731901e-02  5.03060929e-02
  2.77929604e-02  6.15385473e-02  4.11678925e-02 -3.50547843e-02
 -3.50585133e-02 -3.59838875e-03 -2.63708290e-02 -3.07918712e-02
  6.73600882e-02  1.03036696e-02  2.03659348e-02 -2.55054235e-02
  9.77769680e-03  2.53067501e-02 -1.07383959e-01 -3.96187678e-02
 -5.15241399e-02 -3.18938941e-02 -3.19172000e-03 -1.99679341e-02
 -1.26103118e-01 -1.30924582e-02 -5.92308454e-02  1.81359183e-02
 -7.18738958e-02 -2.99111996e-02  8.65383521e-02 -5.89168631e-02
 -1.89096034e-02  5.24391234e-02 -2.44257022e-02  1.58634502e-02
  1.06448717e-02  7.74533972e-02  1.15319574e-02  4.08296660e-03
 -8.54496583e-02  4.84237336e-02 -5.23849390e-02 -3.91655117e-02
  9.03914310e-03  6.56538596e-03  2.78773177e-02 -1.00141726e-01
 -2.17947271e-02  3.43780406e-02  8.38253126e-02 -3.38826738e-02
  1.06621139e-01  5.98829649e-02 -4.64088880e-02 -2.27176193e-02]",2
proj_test,7,What did you like most?,"The atmosphere was warm, welcoming, and motivating.","The atmosphere was warm, welcoming, and motivating.",positive,0.6,False,"[ 3.72415558e-02  9.22718346e-02  6.50045946e-02  9.10115540e-02
  9.61244181e-02  1.52100436e-02  7.70893767e-02 -7.37533495e-02
 -7.60503113e-02  3.67829911e-02  6.10547839e-03 -3.95976081e-02
  6.38481155e-02 -4.52082232e-02  1.03051372e-01  1.22969812e-02
  2.73817983e-02 -6.01373613e-02 -4.12543304e-02 -2.57266890e-02
 -3.63859870e-02  8.60005710e-03  4.92094085e-03  4.52715605e-02
 -9.94747411e-03  1.09574618e-02  3.88148725e-02  9.22986120e-02
  6.71038255e-02  3.34204100e-02 -6.75974926e-03  4.11312841e-02
  1.22357056e-01  3.91231962e-02 -5.28732687e-03  1.02508284e-01
  4.27650884e-02 -5.65340221e-02 -1.20547272e-01  2.06813738e-02
 -2.54325029e-02 -4.28285822e-02  6.26798496e-02  1.20670125e-02
 -3.94496098e-02 -4.96071242e-02 -1.85264423e-02 -1.10836448e-02
  6.87166974e-02  7.52116181e-03  6.49758652e-02  1.79054663e-02
 -6.93042353e-02 -9.26875249e-02  5.41918026e-03  6.04838021e-02
 -1.15115391e-02 -7.06948936e-02  1.23402262e-02 -1.14012152e-01
 -5.19449785e-02 -6.04624255e-03 -6.37296811e-02  3.38357948e-02
  5.42553961e-02 -9.46797580e-02 -3.72935943e-02 -6.61357027e-03
  2.38469429e-02 -4.13770378e-02  1.45088723e-02 -2.15673330e-03
  7.66456127e-02 -8.72842222e-02 -6.88838512e-02 -3.82702090e-02
 -2.65819356e-02 -2.07911097e-02 -2.64213588e-02 -5.11599556e-02
  9.06933099e-02 -4.38470170e-02 -5.91093786e-02  5.62231056e-02
 -2.64255833e-02 -4.36730720e-02  5.58387209e-03 -6.67818785e-02
 -6.75858604e-03  5.27697615e-02 -2.96512078e-02 -3.14199142e-02
 -7.20420554e-02 -1.36597957e-02 -6.50052875e-02 -1.18826469e-02
 -1.54636595e-02  5.94731979e-02  5.49065135e-02  6.23641647e-02
  3.20442244e-02  4.99855205e-02 -6.43562526e-02  1.00628175e-01
 -5.36755472e-02 -6.51312396e-02 -4.09114473e-02  1.57269742e-02
 -1.04792863e-02  1.58786513e-02 -1.30530715e-01 -2.03286055e-02
  8.49309191e-03 -5.50196096e-02  7.14748129e-02  3.08298972e-02
 -3.72375213e-02 -1.61783360e-02 -2.97712144e-02  3.75377312e-02
  9.52394754e-02  1.42905014e-02  3.95369483e-03  5.35884760e-02
 -6.14872314e-02 -5.59566393e-02  3.32073271e-02 -4.92444008e-33
  5.90692572e-02  3.81517820e-02  6.41537830e-02  1.31037921e-01
  4.37084883e-02 -1.43594928e-02 -4.29989547e-02 -8.95976741e-03
 -4.62632254e-02  2.26654932e-02 -2.36618370e-02  1.11366935e-01
  4.45508137e-02 -1.57707967e-02  2.49342397e-02 -5.45030572e-02
 -1.44513652e-01  9.22540948e-03 -5.67941442e-02  4.12492007e-02
 -1.03865571e-01  2.22171005e-03  2.41822973e-02  2.79205926e-02
 -2.11737081e-02 -6.56664595e-02  1.45715000e-02 -1.95728652e-02
 -5.45305349e-02  5.21852216e-03  8.91070664e-02 -3.33198346e-02
 -4.88935821e-02 -2.60722619e-02 -3.23809381e-03  1.08586177e-02
 -7.97040574e-03 -8.32974017e-02  4.42543328e-02  4.62131239e-02
 -4.72853379e-03  1.43195782e-02  6.75979406e-02 -1.28361480e-02
  3.56734917e-02  8.66821855e-02 -4.93203476e-03 -9.10275336e-03
 -2.47168709e-02  3.58383954e-02 -3.40094902e-02  1.65012870e-02
  6.81832805e-02 -1.72964968e-02  6.85853278e-03  5.64444102e-02
  1.95713677e-02  1.28950670e-01 -1.34157864e-02 -8.39076340e-02
 -6.14409335e-03  1.49280336e-02  6.20974861e-02 -6.08030260e-02
  3.57285291e-02  6.11127540e-03  9.46227089e-03  1.15521699e-02
 -2.37443782e-02  5.34697808e-02 -8.03456083e-03  4.96014692e-02
 -7.08628893e-02 -3.94044928e-02 -3.69626172e-02  4.02567722e-02
  3.48218195e-02 -8.94942433e-02  7.41541237e-02  2.66961530e-02
 -1.60474069e-02 -2.08264533e-02 -1.18775209e-02 -3.43884691e-03
 -2.98722591e-02 -7.50295743e-02  3.56591605e-02 -6.29274100e-02
 -3.11329868e-02  4.92795929e-02  3.00357322e-04 -2.06415299e-02
  7.59389326e-02 -1.30927088e-02 -5.45423664e-02  2.44857439e-33
  8.60426649e-02  3.52606401e-02 -2.21677888e-02 -5.77570461e-02
 -5.13909571e-03  3.04296575e-02 -6.76012635e-02 -1.54914800e-02
 -5.59704527e-02  8.16622153e-02  1.10709462e-02  2.37373672e-02
  1.02521658e-01 -1.58145651e-02 -5.73097318e-02 -1.47084286e-02
  1.19612422e-02  9.31998491e-02 -1.19333202e-02  8.26910809e-02
  2.64616441e-02  7.00066015e-02 -8.52266103e-02 -6.92399070e-02
 -4.53718901e-02  5.60274571e-02 -1.00998254e-02 -1.84407625e-02
 -5.93736880e-02 -1.68276709e-02  4.03049514e-02  8.55566338e-02
 -9.28885490e-02  6.39471263e-02 -1.24150980e-02  1.28797591e-01
  5.29974550e-02  2.29025353e-02 -4.85735349e-02 -2.22082087e-03
 -5.30907921e-02 -1.59098469e-02  1.13242604e-01  3.63947973e-02
 -3.60663957e-03  3.98707427e-02 -3.33928987e-02 -4.23884243e-02
 -6.49253502e-02 -3.74540091e-02 -2.50921096e-03 -7.32745801e-04
 -6.77191764e-02  1.01994378e-02 -1.53352842e-02 -2.40218341e-02
 -4.00743708e-02 -3.68202105e-02  2.61573307e-02 -8.19739550e-02
 -4.82955351e-02 -4.19934690e-02  7.61999562e-03 -9.58126620e-04
 -2.72474978e-02 -6.58379421e-02  2.34070942e-02  3.00483517e-02
 -5.21461442e-02 -1.76277012e-02 -4.59725410e-02 -2.12380085e-02
 -6.96983263e-02  5.13943546e-02  1.52961549e-03 -3.32741886e-02
  3.02564614e-02 -3.12256459e-02 -1.63897444e-02 -1.16361734e-05
 -1.07032023e-01  1.16314944e-02 -3.56456824e-02 -1.27938408e-02
  1.82025097e-02  5.50784990e-02  2.61527428e-04 -1.61885433e-02
  9.66735184e-03 -7.52819330e-03 -2.89524384e-02 -1.41882570e-03
  1.16859749e-02  2.59705428e-02 -4.70484560e-03 -2.01463184e-08
 -6.60937056e-02 -1.14027197e-02  6.96658576e-03  5.87263182e-02
 -1.86451785e-02 -4.88283187e-02  3.15919369e-02  1.45898610e-02
 -2.50251442e-02  4.20464613e-02 -4.03563827e-02  9.40271318e-02
  6.09065741e-02  9.57381353e-02  9.17723700e-02  1.51653839e-02
  2.31447164e-02 -3.30845709e-03 -3.83535177e-02 -3.12098283e-02
  2.56417394e-02  9.33794826e-02 -8.68532509e-02 -9.99355596e-03
 -2.17858632e-03  3.11913416e-02 -5.21578118e-02 -2.40373705e-02
  6.40730187e-02 -1.08373063e-02 -4.59039733e-02  9.78351757e-03
 -8.23346227e-02 -8.70169476e-02 -6.97790235e-02  3.60303260e-02
  6.00621756e-03 -3.63563262e-02  4.07036021e-02 -1.08252808e-01
  3.48447412e-02  7.96968713e-02 -3.23118679e-02  1.36975953e-02
 -6.24907529e-03  2.39604283e-02  2.72263680e-02  4.87963408e-02
 -9.61886048e-02  9.40044597e-03  6.96565956e-03 -2.21732035e-02
 -6.91228453e-03  8.37143511e-03  6.32029679e-03 -6.15481175e-02
 -6.60174564e-02  7.29589537e-02  7.67217577e-02  3.96394320e-02
 -7.71164382e-03  4.16569822e-02 -1.12287566e-01  4.97958669e-03]",2
proj_test,8,What did you like most?,I appreciated the safe space for sharing ideas and experiences.,I appreciated the safe space for sharing ideas and experiences.,positive,0.8402,False,"[-6.64394051e-02 -3.76505684e-03 -1.61626786e-02  8.22653994e-03
  8.11623931e-02 -1.51762143e-02  6.19316008e-03  3.97062581e-03
  6.25893921e-02 -1.32124564e-02 -1.21660363e-02  7.82142878e-02
  6.60267249e-02  1.40444282e-02  1.68999117e-02 -1.99561063e-02
  6.13558479e-02 -1.29322549e-02 -1.12774394e-01 -3.37545834e-02
 -1.35071650e-02  1.66878719e-02  7.64705464e-02  1.67630129e-02
 -2.20212732e-02  1.26378480e-02 -1.37162249e-04  4.14460599e-02
 -3.25885369e-03 -4.84413169e-02 -9.42027103e-03  1.18424622e-02
  4.30123061e-02 -5.09780180e-03 -4.88319341e-03  5.25322631e-02
 -1.00036906e-02 -2.97708418e-02  2.50475239e-02 -7.88670927e-02
 -8.05981085e-02 -1.18726026e-02  6.76262975e-02  5.41466884e-02
 -1.27330497e-02  1.13096638e-02  2.70151123e-02 -9.21734273e-02
  8.31234232e-02 -7.06222728e-02  3.32903885e-03 -4.45326325e-03
 -1.41087658e-04  8.17314070e-03 -3.69177312e-02 -5.23049533e-02
 -2.33880039e-02  6.63485087e-04 -5.94426952e-02 -4.16958034e-02
  4.90153302e-03  9.45818145e-03  2.21797060e-02  5.72269149e-02
 -1.29359849e-02 -5.35379834e-02 -7.37995133e-02  1.63967207e-01
  1.79392509e-02 -1.46463038e-02 -5.48519082e-02  8.45169201e-02
  3.51266004e-02  7.12150857e-02  4.83445358e-03  3.68936360e-02
  2.27730460e-02  1.09292637e-03 -1.09927347e-02  1.45862270e-02
  3.92128900e-02  8.35028514e-02  1.23201534e-02  1.12976814e-02
 -8.92276168e-02  1.55149493e-02 -1.76762973e-04  3.50266322e-03
  1.31969620e-03 -3.61831486e-02 -4.16735560e-02  6.23089224e-02
  3.84176411e-02 -2.52936943e-03 -5.75244147e-03 -5.95291555e-02
 -5.85641861e-02  4.14792672e-02 -5.39714284e-02  5.47926389e-02
  8.67941417e-03  7.99254850e-02  3.15034688e-02  1.09323685e-03
  5.10567911e-02  5.02555929e-02 -6.28684461e-02 -1.79205220e-02
 -1.73389632e-02  4.42773104e-02 -7.24150017e-02  4.57506292e-02
 -3.53267007e-02  5.69970980e-02  5.26385009e-02  2.75041983e-02
  4.48962022e-03  6.58830209e-03  1.37609348e-01  2.11491575e-03
  4.20421883e-02  3.81779973e-03  1.69944298e-02  1.77957714e-02
 -1.42487837e-02 -1.11884557e-01  1.74735989e-02 -6.41168765e-33
  2.26934813e-02  3.46659310e-02  7.42426291e-02  9.37732011e-02
  1.20772764e-01  1.04922457e-02 -7.75551349e-02  5.52603342e-02
 -7.07089677e-02 -2.20657997e-02  1.02045253e-01  6.83415607e-02
  7.48339221e-02 -2.16861255e-02  2.42945435e-03  1.59832072e-02
 -7.61702508e-02  7.86466897e-02 -3.74426367e-03 -4.10105772e-02
 -8.10882309e-04 -3.44877802e-02 -9.91210621e-03  6.35135993e-02
 -2.55719777e-02  1.91382673e-02  1.34638371e-02 -6.07838966e-02
  8.61242786e-02  1.13932379e-02 -1.37591958e-01  7.77134225e-02
 -5.53713515e-02 -8.68784711e-02  8.60187647e-05  9.71076712e-02
 -1.49186924e-02 -1.07710630e-01 -1.24118412e-02  4.09261994e-02
 -2.61821430e-02 -1.92812141e-02  6.55562012e-03  1.87788047e-02
  3.01763713e-02  4.64703925e-02  9.34448373e-03 -2.46922392e-02
 -3.15237604e-02 -9.55922529e-03 -1.09244063e-01 -1.60475411e-02
  1.40415849e-02 -4.64890618e-04 -6.44247979e-02  1.55158788e-02
 -2.67426893e-02 -4.28222120e-02  5.57126999e-02 -4.05013859e-02
 -2.49033757e-02  5.38631603e-02  2.31791232e-02 -6.61787987e-02
 -9.79675651e-02 -4.91724387e-02  2.86019258e-02 -2.15930846e-02
  2.28584763e-02  1.73046850e-02 -1.09606333e-01 -2.02025240e-03
 -3.83349285e-02 -6.46616742e-02 -7.02781007e-02 -5.18037640e-02
 -1.07392825e-01 -4.68742922e-02  6.17035106e-03 -3.18054557e-02
  1.19852267e-01 -9.64390710e-02 -3.17443050e-02  2.25732066e-02
  6.22574706e-03 -4.56536449e-02  4.92473580e-02 -5.57342581e-02
 -1.34983182e-01  5.44284284e-02  2.65017123e-04 -2.20380593e-02
  9.91642252e-02 -3.10720541e-02 -8.87958482e-02  4.45646843e-33
  2.31267940e-02 -2.45407242e-02 -7.05179647e-02 -4.94908448e-03
  4.82228585e-02 -4.10345048e-02 -9.70345140e-02 -1.09883258e-02
 -1.33978678e-02  1.31275088e-01 -4.97683473e-02  2.27829367e-02
  3.56348343e-02 -1.64634874e-03 -3.51111777e-02 -6.33948743e-02
  4.27080542e-02  6.40375400e-03 -6.28897622e-02 -2.21902896e-02
  4.01793346e-02  1.04257911e-01 -7.08409622e-02  2.47285720e-02
  5.94139695e-02  5.46642728e-02 -1.00650871e-02 -2.51847636e-02
 -3.73634254e-03  3.36171016e-02 -3.42730731e-02  4.46141399e-02
 -5.47260530e-02 -1.78953987e-02 -1.67166088e-02  3.63859534e-02
  5.10912947e-02 -3.02301198e-02  2.30466276e-02 -4.51340154e-02
  3.18538770e-02  8.13392177e-03 -2.22796276e-02 -5.39972819e-03
 -7.85255209e-02 -1.10633532e-02  3.37860323e-02  1.29651586e-02
  1.30917327e-02  9.37587488e-03 -3.01182345e-02 -3.98922935e-02
  1.00237224e-02 -1.53029755e-01  3.16880047e-02  3.53595950e-02
  4.05129194e-02  1.30552333e-03  5.48464917e-02  4.71788868e-02
 -3.94153371e-02  1.25975786e-02 -1.23680562e-01  4.22329828e-02
 -1.66174155e-02 -6.78988248e-02 -6.04918227e-02  2.89805010e-02
 -6.91456050e-02 -8.58737156e-03 -4.04718006e-03  2.26900354e-02
 -4.44603041e-02  3.61061767e-02  4.03283089e-02 -5.95944095e-03
  1.15446672e-01 -6.84431940e-02 -5.92907108e-02  1.95483211e-02
 -3.52869742e-03 -1.63712911e-02  2.27174852e-02  3.86150181e-02
  5.25376610e-02 -2.60206335e-03 -5.19272126e-02 -2.18128823e-02
 -6.84564039e-02 -3.97424623e-02 -6.14103191e-02 -1.52377281e-02
 -4.41458635e-02  3.97223718e-02  7.47777149e-02 -2.07096775e-08
  1.20440191e-02  5.48414141e-02  5.73783144e-02  4.87058163e-02
 -8.85565020e-03 -1.76182555e-04 -2.78630119e-04  4.63744402e-02
 -4.59622592e-02  9.63921398e-02 -6.89719766e-02  2.06673369e-02
 -4.67684753e-02  7.56941438e-02  1.67754125e-02 -1.20023936e-02
  7.56784528e-02 -9.56102181e-03 -3.70054543e-02  4.97847311e-02
  1.22226812e-01  1.16504997e-01 -5.68025783e-02 -4.83253412e-02
 -1.82541385e-02  6.96543679e-02  2.03069206e-02  7.34628970e-03
  1.05002001e-02  9.00888816e-03 -2.31730472e-02 -1.39000639e-02
 -5.51209711e-02  5.13907634e-02 -2.79594380e-02  2.57485230e-02
 -3.64973918e-02 -1.47960745e-02  2.15238221e-02 -1.69593655e-02
 -1.37595879e-02  2.98079532e-02  8.55380446e-02  5.78923989e-03
 -3.98044996e-02  7.72497132e-02  4.88423109e-02 -2.38038488e-02
 -3.63723375e-02  6.36441782e-02 -4.25953865e-02 -1.07833771e-02
  4.50977497e-02  6.30429462e-02  3.95345278e-02  4.09802794e-03
 -5.51968031e-02  3.49512100e-02  2.90995967e-02  4.76175472e-02
  5.99077493e-02  1.16217352e-01 -1.13409340e-01  4.24100906e-02]",2
proj_test,9,What did you like most?,"The schedule was full, but the activities were meaningful and fun.","The schedule was full, but the activities were meaningful and fun.",positive,0.8126,False,"[ 6.50552437e-02  4.40422334e-02  5.47999702e-02 -1.25792029e-03
  1.38702085e-02  1.05287423e-02 -4.47792187e-02 -5.28689660e-02
 -3.64119373e-02  3.60649312e-03  4.22577793e-03  6.93488047e-02
 -4.42124866e-02  6.79354295e-02  9.06447545e-02 -4.45411243e-02
  5.47231641e-03 -7.28224590e-02 -2.96056848e-02 -2.00259425e-02
  1.58200543e-02 -1.71642210e-02  3.57387140e-02  6.71177059e-02
  2.40226910e-02  6.42385110e-02 -5.03777713e-02 -4.03173491e-02
  4.38367687e-02  4.47666757e-02 -7.23589910e-03  5.75665310e-02
  1.08829036e-01 -1.10355113e-02  1.38690032e-03  9.91002172e-02
  6.94073439e-02 -3.00273988e-02 -3.40226135e-04  9.68954805e-03
  3.63971330e-02 -9.37674567e-03  5.29120341e-02  6.95835501e-02
 -4.47197855e-02 -2.87239049e-02  1.97517406e-02 -1.99387923e-01
 -4.44335118e-02  6.30577728e-02  9.87680033e-02 -1.34722600e-02
  1.36624221e-02 -5.46710305e-02  2.16891598e-02  8.53113160e-02
 -1.27992602e-02 -5.32181934e-03  5.61064668e-02 -2.33679041e-02
 -9.69847739e-02 -8.16009182e-04 -3.06643732e-02  6.70880973e-02
 -9.98858362e-03 -3.37784439e-02 -8.26992542e-02 -5.23956008e-02
  5.16356789e-02 -3.05592678e-02 -4.04804572e-02 -1.66463759e-02
  4.17104736e-02 -2.65002623e-03  2.40461081e-02  9.06804984e-04
  5.60763619e-05 -5.23786480e-03 -1.61692202e-02 -4.64897864e-02
 -5.47261946e-02 -8.31233487e-02  3.80367972e-02  2.41045002e-02
  2.30460297e-02 -5.90723380e-02 -2.07611714e-02  1.54238986e-02
 -6.45058509e-03  4.74990644e-02  2.06443202e-03  3.91905047e-02
  1.28228881e-03 -3.09610926e-02 -5.23568802e-02  1.07998867e-02
 -7.09018782e-02  3.46361622e-02  4.98502590e-02  6.09561205e-02
 -2.18927898e-02  3.65719125e-02 -1.72995105e-02 -1.01011088e-02
 -5.33738844e-02 -2.43363692e-03 -2.82617025e-02 -2.31710300e-02
 -5.53023964e-02 -2.06377599e-02 -4.31719162e-02 -2.00319458e-02
  1.51533514e-01 -3.63281928e-02  3.98414247e-02  1.55736402e-01
 -2.21278407e-02  3.73131372e-02 -4.98683145e-03  2.95610707e-02
  8.43801275e-02  1.70343835e-02  9.74680409e-02  4.17254400e-03
 -7.21363425e-02  5.89134134e-02  1.25057742e-01 -5.97629887e-33
 -2.50113215e-02 -8.64232108e-02  3.18336263e-02  4.11389880e-02
  4.04915772e-02 -5.60167152e-03  1.83755430e-04 -4.83658947e-02
  2.62764264e-02 -4.11325991e-02  7.35830842e-03  8.64888430e-02
  3.77925439e-03 -4.73191068e-02  4.95015457e-02 -1.82609428e-02
 -5.48659032e-03  9.23375860e-02  3.08092348e-02  4.94089117e-03
  1.73120368e-02 -6.07567132e-02 -4.35340218e-02  7.11235544e-03
  8.73053260e-03  2.80982498e-02  4.03536595e-02 -2.76317112e-02
  2.09072307e-02 -1.45022748e-02 -6.54519629e-03 -1.80348866e-02
  1.52314035e-03  2.07116362e-02  8.50538611e-02  4.77481410e-02
  4.30960208e-02 -2.50178296e-03  4.32290416e-03  9.62613057e-03
  3.69358547e-02 -4.42194305e-02 -1.13023017e-02 -8.75536446e-03
 -9.58273560e-03 -1.57334339e-02  2.07339637e-02 -2.19669640e-02
  3.49241099e-03  3.26038040e-02  9.61098447e-03 -4.12415568e-04
  5.05994074e-02 -9.48076099e-02 -5.77112548e-02  7.01123327e-02
  4.12542075e-02 -1.11139510e-02 -7.10877776e-03  3.24000418e-02
  8.47232118e-02  8.31691250e-02 -2.14498001e-03 -3.18271182e-02
 -4.29760367e-02  4.31106314e-02  4.43858653e-02  1.81025974e-02
  5.62783591e-02 -4.28885221e-02  1.08425273e-02  2.44214684e-02
  3.73799689e-02 -9.00776014e-02  3.71841118e-02  4.36908118e-02
 -8.93608388e-03 -8.07531327e-02 -1.17793635e-01  6.15779459e-02
  9.68610346e-02 -7.30783418e-02  6.62964815e-03 -5.77071831e-02
  3.16512361e-02 -3.53118442e-02  6.28409833e-02 -6.13332838e-02
 -6.77784756e-02  1.65115260e-02 -9.19171125e-02  2.75421962e-02
  2.21093949e-02  3.37804332e-02  1.17474739e-02  5.22051625e-33
  4.07784283e-02  8.63346271e-03 -5.83310984e-02 -1.27830720e-02
  8.18470493e-02 -4.24603447e-02 -1.01924188e-01 -3.67479101e-02
  5.33321425e-02  1.05916709e-01  2.99670566e-02 -2.24839784e-02
 -1.70427300e-02 -4.88610975e-02 -6.28031492e-02 -4.64614294e-02
  2.08060592e-02  2.79193465e-02 -8.15843418e-03  7.27525204e-02
  2.86588036e-02  4.66401465e-02 -1.37123331e-01 -3.74073274e-02
  3.42111173e-03  1.14789851e-01 -2.44090147e-02  2.14745104e-03
 -3.93264890e-02  6.27078339e-02  4.97755297e-02 -6.57230541e-02
 -6.10198826e-02 -4.13821116e-02  1.30610224e-02  4.20262069e-02
 -5.98496497e-02  3.40094566e-02 -5.38473353e-02 -6.56768978e-02
  3.33566032e-02 -4.01599593e-02 -9.92239714e-02  7.35628158e-02
 -2.03047344e-03  6.13094196e-02 -5.66188917e-02 -2.96725612e-02
 -6.38769120e-02  4.24932083e-03 -5.05869575e-02  1.43276136e-02
 -5.81801608e-02  2.92321062e-03  6.03557266e-02 -3.27830054e-02
 -4.83074738e-03 -6.34460226e-02 -8.74444190e-03 -1.01009920e-01
 -2.64381319e-02 -1.03596831e-02 -3.70907672e-02 -2.60677617e-02
  5.90448417e-02  1.96766295e-02  1.92983989e-02 -3.52903642e-02
 -7.71738812e-02 -4.30163667e-02 -5.94478473e-02  2.39290930e-02
 -1.75271332e-02  6.83249980e-02 -5.68278097e-02  5.67214452e-02
 -1.82143804e-02  1.71486964e-03  3.31299342e-02  1.50763867e-02
 -7.66184106e-02 -9.75456834e-03 -7.51766860e-02 -4.04878817e-02
 -6.75790310e-02  1.23998657e-01 -8.47459361e-02  1.28829423e-02
 -2.93748640e-02  8.02209005e-02  8.67772698e-02 -3.28678228e-02
  7.26432353e-02  6.12242073e-02 -3.70007334e-03 -2.00616093e-08
  3.32091264e-02  8.02629068e-02 -2.42081657e-02 -2.77720653e-02
  3.92200872e-02 -7.01810792e-02  7.10740313e-02  5.30224405e-02
  5.60235791e-02  1.60006285e-01 -2.28998880e-03 -3.55950333e-02
  1.19697535e-02  2.96439584e-02  5.16319312e-02  5.95943397e-03
  7.45445788e-02 -9.08516906e-03 -4.88663651e-02  8.23690221e-02
  3.90072912e-02 -1.14519596e-02 -1.31861433e-01 -3.26435715e-02
 -4.99824695e-02  2.18884833e-02 -5.16265444e-02  4.19802144e-02
  3.74824516e-02  1.30934045e-02  5.12542166e-02 -1.52072227e-02
 -4.65905443e-02 -2.70601176e-02 -6.38736412e-02 -8.47864449e-02
 -3.58217470e-02 -4.58153300e-02 -1.84267797e-02  2.08826866e-02
 -5.87915890e-02 -1.30120264e-02  6.52168989e-02  2.94359922e-02
  4.81828041e-02  6.03100359e-02 -7.02725649e-02 -6.90095534e-04
 -2.22590435e-02 -5.28729595e-02 -4.05729748e-02 -3.81344813e-03
 -3.35730277e-02 -1.64944585e-02  3.33137102e-02  6.00559451e-03
  4.54154890e-03  6.09013438e-03 -6.06057458e-02 -5.26194200e-02
  1.03078187e-02  1.29277389e-02 -1.07393526e-01 -8.42235703e-03]",2
proj_test,10,What did you like most?,"Even though the days were long, I enjoyed the teamwork a lot.","Even though the days were long, I enjoyed the teamwork a lot.",positive,0.6,False,"[-5.17685786e-02  7.58174062e-02  6.16544671e-02 -7.32943974e-03
  2.61945166e-02 -7.20632263e-03 -2.79006157e-02 -3.31354141e-02
 -3.00121475e-02 -3.62555720e-02 -5.08475378e-02  7.37440437e-02
  3.65008563e-02  5.42346574e-02  4.28966656e-02 -7.68054053e-02
 -5.88420779e-02 -3.87545153e-02  4.26704213e-02 -5.80638945e-02
 -7.67224059e-02 -2.79397629e-02 -2.57966649e-02  5.16908728e-02
 -8.61793384e-03  2.14794595e-02  2.13967822e-03 -1.97024941e-02
  2.75429115e-02 -6.88075051e-02 -1.23976849e-01  9.18908194e-02
  4.60493229e-02  2.77776830e-02 -1.39260823e-02  8.80894437e-02
  2.12611277e-02 -8.69277399e-03 -7.61980051e-03  2.17452832e-02
  3.06727216e-02  2.55770329e-02  1.08906068e-01  4.81741726e-02
 -6.12605140e-02 -3.90532911e-02  5.14335632e-02 -8.72598812e-02
  3.00404858e-02  6.43248335e-02  5.06777540e-02 -2.86947447e-03
  2.96655055e-02 -5.32278046e-02  5.41192964e-02  4.72922623e-02
  2.44943276e-02 -2.72233635e-02  1.17122997e-02 -5.93213774e-02
 -3.23829539e-02  2.93318052e-02 -9.28552076e-03 -1.77683290e-02
 -7.01782331e-02 -5.43249249e-02 -4.04643044e-02  7.83259049e-02
 -3.20397667e-03  3.55031602e-02 -9.36113372e-02 -1.45469373e-02
 -1.55911772e-02 -2.54803221e-03  6.71980008e-02  8.42121243e-02
 -1.00010177e-02 -1.31598845e-01  1.52880959e-02 -5.04314005e-02
  4.34307680e-02 -2.96082757e-02  3.98545004e-02  7.16731101e-02
  8.03294685e-03 -7.36134723e-02  1.55860465e-02  7.93356914e-03
  3.24732997e-02 -2.69321222e-02  1.89620815e-02  2.86226049e-02
 -1.43851321e-02 -9.93105676e-03 -5.98510262e-03 -2.98597608e-02
 -5.71615994e-03  7.70969763e-02  9.69923846e-03  9.36422944e-02
 -2.09618974e-02 -1.31573156e-02 -2.44425591e-02 -3.05652507e-02
 -2.33271271e-02  8.83884355e-03 -4.98728193e-02 -2.34353496e-03
 -4.74177301e-02  2.35065212e-03 -1.08642597e-02  7.39191696e-02
 -3.33728641e-02  4.11292501e-02 -1.14918612e-02 -9.55974311e-03
 -4.28593680e-02  5.57291359e-02 -7.23497272e-02  9.01577696e-02
  1.26682878e-01  4.19391319e-02  3.86024192e-02  5.19951768e-02
 -1.41292503e-02  4.87088934e-02  1.42285824e-01 -5.87704454e-33
 -4.32874672e-02 -1.88336615e-02  8.06620345e-04  1.04486972e-01
  6.33641928e-02  9.72448755e-03  9.23641492e-03  1.49111487e-02
 -8.39858949e-02 -4.49639224e-02 -2.93332841e-02  7.18221813e-02
 -1.02055504e-03 -5.41480035e-02  1.94780584e-02  7.04067200e-03
 -5.91568537e-02  2.78915167e-02 -3.60893384e-02  3.62289362e-02
  7.71245454e-03 -3.69544625e-02  2.11596340e-02 -1.89311057e-03
  7.47285830e-03 -2.13986412e-02  1.58184227e-02 -2.02778801e-02
 -1.27707804e-02  8.91193096e-03  9.18622389e-02  2.25662831e-02
 -1.64000653e-02  8.11580941e-02  8.61910917e-03  1.13961520e-03
  6.83962777e-02 -8.00028071e-02  4.51383740e-02  4.76876572e-02
  2.00920850e-02 -5.58442026e-02  2.32729986e-02 -3.29057910e-02
  3.68301081e-03  3.60880755e-02  1.77037735e-02  2.24370714e-02
 -1.64227281e-02 -5.99229941e-04 -4.71799225e-02 -1.93175655e-02
  2.09015813e-02 -1.99257326e-03  2.58730017e-02  2.44518891e-02
 -1.03582274e-02  4.59307432e-03 -2.93376436e-03 -1.63465086e-02
 -7.07661919e-03  3.19216475e-02  1.62649676e-02 -2.90968940e-02
 -2.21704915e-02  8.38062838e-02 -5.70270699e-03  1.51068205e-02
  6.81240559e-02 -7.30265081e-02 -2.99255718e-02 -7.48952180e-02
  5.07613178e-03 -7.26527199e-02  1.22750690e-02 -4.41383496e-02
 -1.01242878e-03 -9.63424891e-03 -8.56384039e-02 -1.14364270e-02
  5.10843247e-02 -5.01694940e-02 -6.04236349e-02 -3.38489972e-02
  8.65888596e-02 -3.33986506e-02  3.88111100e-02 -1.13211162e-01
 -3.99408117e-02  6.54327869e-02 -2.69520413e-02 -2.59839259e-02
  3.93625461e-02 -4.30721641e-02  2.75778607e-03  4.19810983e-33
  3.19905020e-02 -8.40596408e-02 -1.72119197e-02  3.23163811e-03
  7.70137534e-02 -3.79383303e-02 -9.28700864e-02  7.68925101e-02
 -4.67678122e-02  1.43229797e-01  7.87906572e-02  2.59628333e-02
 -1.35487884e-01 -3.02103274e-02 -7.62360618e-02 -2.90328674e-02
  5.10194749e-02 -1.36892227e-02  2.00222023e-02  2.64180806e-02
  2.34464891e-02 -1.22054359e-02  3.57001796e-02 -5.45520522e-03
  5.68241887e-02  4.16285805e-02 -6.30474091e-02 -4.20740731e-02
  4.90995534e-02  6.67568222e-02  2.65697017e-02 -1.19570130e-02
 -3.09499223e-02 -7.61084706e-02  9.67088621e-04  4.44183126e-02
 -5.17800748e-02  1.48315877e-02  3.35596129e-02 -1.35198124e-02
 -3.50159295e-02 -6.06334284e-02  1.34500684e-02 -1.50137721e-02
  4.45527658e-02 -1.21226665e-02 -5.48379729e-03 -1.36628086e-02
 -7.91677311e-02  3.80315594e-02 -7.13722929e-02  4.41230610e-02
 -8.58244598e-02 -8.32625479e-02 -9.20732133e-03 -1.49488002e-02
  6.08335994e-02 -9.11216661e-02 -1.49394106e-02 -2.31307540e-02
 -1.24149345e-01 -6.14832751e-02 -6.91606253e-02  2.70353481e-02
  6.22924753e-02 -2.17665099e-02 -2.22868063e-02  1.93609949e-03
 -6.61556423e-02  2.97445226e-02 -1.15136884e-01  2.09801476e-02
 -4.20820527e-02  9.79271829e-02 -8.55112150e-02 -3.05737350e-02
 -9.78398770e-02  3.85830365e-02 -1.48302624e-02  2.04282757e-02
 -9.63288769e-02 -1.21576861e-02 -3.70328873e-02  5.51694334e-02
 -3.96401100e-02  1.14680983e-01 -2.13153921e-02  9.50824022e-02
  3.19439061e-02  8.59392956e-02  1.04831085e-01 -6.88656718e-02
  7.87849352e-02 -1.07215615e-02  5.17601147e-02 -2.41756446e-08
  2.78160442e-02  8.65833163e-02 -3.24938819e-03 -3.87603045e-02
 -4.27109050e-03 -6.49176911e-02  8.51847418e-03  6.63984343e-02
  1.76647641e-02  1.26494169e-01  8.10610056e-02  1.07652759e-02
  7.06594363e-02  3.53416577e-02  6.44692481e-02  3.33458483e-02
  5.44141009e-02 -1.35336281e-03 -2.32213233e-02  7.14112073e-02
  5.27520701e-02 -3.18670906e-02 -1.18753701e-01 -2.59586778e-02
 -5.03897965e-02 -8.69028922e-03 -7.18805641e-02 -4.43114936e-02
  1.56537499e-02 -3.94903347e-02  2.97077675e-03  1.31048281e-02
 -9.55551937e-02  2.77866479e-02 -4.08457704e-02 -3.86067666e-02
  4.85418830e-03 -8.19647461e-02  8.31634086e-03  2.87573691e-03
 -1.04020881e-02  7.40166828e-02  1.07302843e-02  2.44252719e-02
  8.46607760e-02  6.00630380e-02  1.44257862e-02 -2.75215227e-02
 -3.03399824e-02 -6.52323961e-02  2.34810878e-02  6.62833229e-02
 -2.58931611e-02  6.88546821e-02  3.68510969e-02  6.69676065e-02
 -4.46038954e-02 -1.89102907e-02  3.90544571e-02 -2.31199935e-02
  2.32322123e-02  4.21153046e-02 -1.31903857e-01  7.09451502e-03]",2
proj_test,14,What could be improved?,There should have been more free time in the evenings.,There should have been more free time in the evenings.,positive,0.5563,False,"[ 5.96749317e-03  6.98669553e-02  4.71364222e-02  1.48415682e-03
  1.06039107e-01 -3.02252993e-02 -4.07018065e-02  4.67015803e-03
  3.86317186e-02 -8.98572151e-03 -1.59588475e-02  3.68505456e-02
  6.47700625e-04  1.54997557e-02  8.39997306e-02 -2.65222657e-02
 -3.07706022e-03 -8.98828357e-02  3.33658904e-02 -4.47383001e-02
 -7.30472729e-02 -7.27467835e-02  7.59227648e-02  3.65248360e-02
  8.45187232e-02  3.82416397e-02  3.26117687e-02 -6.58392906e-03
  2.86690518e-03 -9.81634390e-03  6.56733010e-03  1.14776842e-01
  5.51715158e-02 -1.49091538e-02  2.68707518e-02 -7.21188961e-03
  7.08858073e-02  2.76147686e-02 -1.65076051e-02 -1.19072627e-02
  5.87952845e-02 -1.28418170e-02  2.49637514e-02  6.13907762e-02
 -5.88327348e-02  3.77327986e-02  2.68367697e-02 -1.12516046e-01
  6.83686789e-03  4.77495641e-02  9.45596099e-02  3.81329954e-02
 -8.31494257e-02 -1.26209542e-01  1.96187943e-02  4.20428701e-02
 -2.12212391e-02 -2.20433790e-02  5.31783663e-02  5.00691310e-02
 -9.10201147e-02  6.06039241e-02 -2.95606162e-02 -3.44488840e-03
 -1.46503095e-03 -4.51249182e-02 -1.01561010e-01  5.33155277e-02
  1.76646002e-03  8.72077346e-02 -9.67218205e-02  2.30398141e-02
  3.80686969e-02 -3.49613540e-02 -2.91079981e-03 -6.20856285e-02
 -1.65590644e-03 -1.45455366e-02  3.91017506e-03  8.76581222e-02
  2.12596487e-02 -3.36184390e-02 -1.82215068e-02  8.76609907e-02
 -1.42778186e-02 -4.07410711e-02  1.45599684e-02 -4.52653691e-02
  7.04205036e-03 -7.65809864e-02  4.59669810e-03  2.30027139e-02
 -2.79238708e-02  4.57807221e-02  2.21179221e-02 -7.51730800e-02
 -1.88339930e-02  9.78010967e-02 -8.94776825e-03  1.06540494e-01
 -5.27622830e-03  1.93705503e-02  1.86516643e-02  3.55306454e-02
 -3.76794003e-02  1.87301990e-02  2.90017985e-02  3.86803150e-02
 -2.27981228e-02  7.58313481e-03 -1.37200663e-02  4.50649522e-02
  9.31451619e-02  2.75125541e-02  2.35569831e-02  7.48363063e-02
 -1.06159449e-01  2.00838707e-02  3.52017768e-02  6.53597191e-02
  3.11667807e-02  2.87928525e-02  6.55222544e-03 -4.01397683e-02
  1.14782825e-02  2.35546213e-02  3.82683054e-02 -4.41293106e-33
 -9.14710667e-03  2.92116944e-02 -1.62900556e-02 -5.90995736e-02
  1.41786411e-01  9.58957337e-03 -4.20038179e-02  3.69184129e-02
  1.02543645e-02 -5.47109470e-02  5.65804215e-03 -7.78359622e-02
 -2.99879089e-02 -1.24287032e-01  4.59460281e-02  5.93524836e-02
  6.78070411e-02  7.90869966e-02  4.39967364e-02 -7.94272572e-02
  3.59622724e-02 -4.61814776e-02 -2.62498911e-02  3.33149545e-02
 -5.70219979e-02 -8.54576752e-02  3.54280658e-02 -6.54677302e-02
  5.70097417e-02 -2.87888311e-02 -2.45836172e-02  3.00974660e-02
  5.17042540e-03  4.56769280e-02  6.49147704e-02  4.83247377e-02
  2.53510810e-02 -4.32660282e-02 -6.40895441e-02 -2.31030229e-02
 -3.63071635e-02  1.57323387e-02  2.04287954e-02 -1.22256968e-02
  2.90849619e-02  2.03624070e-02 -9.94605012e-03 -7.25584477e-02
 -3.13089080e-02  7.36325532e-02 -1.36399176e-02  1.16839930e-02
  4.18851040e-02 -6.38881773e-02 -2.42976975e-02  7.34260380e-02
 -5.62171787e-02  5.21159992e-02 -8.98806937e-03  2.16119122e-02
  2.12895703e-02 -2.56828852e-02  2.79592406e-02 -7.77285248e-02
 -2.97233313e-02 -1.10789319e-03  4.24964577e-02  8.07077717e-03
 -2.61899401e-02  2.97471955e-02 -4.90049757e-02  4.47019935e-03
 -3.57757956e-02 -2.39132233e-02 -5.72815314e-02 -1.68367627e-03
  1.34609342e-02 -5.37976660e-02 -3.62210982e-02 -1.76816080e-02
  1.16736226e-01 -3.46757285e-02  5.24185263e-02 -1.15453072e-01
  1.23311557e-01 -5.85770085e-02  1.36045188e-01  1.68044399e-02
 -1.06600197e-02  3.64219546e-02 -1.14640981e-01 -5.75116277e-02
 -1.44937253e-02 -1.57559589e-02  3.11830547e-03  3.32067309e-33
 -9.13854223e-03 -9.89061520e-02 -7.55681098e-02 -4.98624472e-03
  6.63800612e-02  2.86452798e-03 -2.14224551e-02 -5.33993542e-03
  2.42645070e-02  8.98183584e-02  3.30030099e-02  4.39240001e-02
 -7.68813863e-02 -2.65710447e-02  2.73622088e-02 -9.88486111e-02
  4.88017611e-02  1.24395955e-02  1.30387014e-02  1.02894478e-01
  1.77260321e-02  4.18347940e-02 -5.89337340e-03 -1.83888320e-02
 -5.28338831e-03  7.09581822e-02 -1.28180161e-02  5.54299876e-02
 -1.21293895e-01  5.75335696e-02 -6.44539371e-02  1.81579106e-02
 -5.05723767e-02  3.01791634e-02 -1.03557035e-02  1.61562413e-02
  1.09892366e-02  2.60140691e-02 -3.81358266e-02  1.03656128e-02
 -4.31594662e-02 -2.44073011e-02 -5.99409230e-02 -9.82618425e-03
 -2.12314390e-02  7.08076954e-02 -7.20269829e-02 -2.54599303e-02
  2.20156759e-02  3.37015577e-02 -4.60724952e-03 -4.93244007e-02
 -6.04095273e-02 -4.08943929e-02 -1.76910851e-02 -7.03295693e-02
  3.76566797e-02 -5.88799827e-02  9.17795300e-03  3.51922140e-02
 -3.49125266e-02 -5.87006472e-02 -8.46886486e-02 -7.22186863e-02
  9.86268446e-02  1.97370183e-02 -6.07092725e-03 -4.23844978e-02
 -9.21332091e-03  1.11718178e-02  1.98250711e-02 -1.08561423e-02
 -1.08222343e-01  8.71241838e-02 -1.19127855e-02  5.04555814e-02
 -1.13641778e-02  7.09073469e-02 -9.17597413e-02 -4.90796044e-02
 -5.21853454e-02 -4.80331965e-02 -4.78719324e-02 -2.05012951e-02
 -1.09544128e-01  3.20351496e-02  5.69922552e-02 -4.99346480e-02
  2.63896976e-02  2.56725922e-02  5.72075509e-02 -5.56173362e-03
  5.44949323e-02  9.63646397e-02  7.39001157e-03 -2.03296224e-08
  3.73778008e-02 -4.63913307e-02 -2.37740632e-02  6.37469143e-02
  4.84510958e-02 -4.50555123e-02  5.52395955e-02 -6.06951164e-03
  5.06649576e-02  1.41301617e-01  3.17258053e-02 -3.47676761e-02
  7.10121840e-02  5.22020012e-02  4.29464281e-02 -4.30669934e-02
 -3.41364508e-03 -1.07431442e-01 -6.79442286e-02  5.20670116e-02
  3.45533080e-02  6.38883039e-02 -5.85146919e-02 -3.47230546e-02
 -2.38804109e-02  3.02792806e-02 -6.16100654e-02  4.38931771e-02
  1.66763756e-02  5.80613390e-02  7.49475928e-03 -7.12797232e-03
 -6.96220100e-02 -2.96039730e-02 -6.45041242e-02 -6.51392639e-02
 -3.19493003e-02  2.18592584e-02 -5.72917163e-02 -9.59852617e-03
 -8.52956325e-02  1.85171440e-02 -1.95657928e-02 -3.21911015e-02
  5.81219383e-02  3.84848639e-02 -6.46660328e-02  9.03621837e-02
  1.40976412e-02 -9.70217958e-03 -1.45627735e-02 -1.90548431e-02
  6.62553906e-02  3.01031838e-03  8.93978849e-02 -2.88463607e-02
  1.40859382e-02 -4.19448838e-02 -1.07282586e-02  3.05172782e-02
 -1.43910414e-02 -2.45372169e-02 -7.00493306e-02 -1.94938891e-02]",1
proj_test,17,What could be improved?,"The room was nice, although it was a bit too cold at night.","The room was nice, although it was a bit too cold at night.",positive,0.4215,False,"[ 2.46551428e-02  7.73499236e-02  4.45990078e-03  8.16228539e-02
  5.73933171e-03 -3.95063348e-02 -4.17999588e-02 -9.88975726e-03
 -2.57342458e-02 -3.98784764e-02 -6.27773860e-03  2.40996759e-02
  9.28446949e-02  3.21973767e-03  7.99457803e-02 -6.08237348e-02
  9.01599750e-02 -6.60845116e-02  2.62540039e-02 -1.94609761e-02
 -3.94158177e-02  6.74850792e-02  5.83513379e-02 -1.72809716e-02
  5.37664108e-02  2.74095070e-02  4.72472236e-03  2.76334733e-02
  5.82031645e-02  1.76974759e-03 -5.02119288e-02  9.20244753e-02
  1.47158802e-02 -2.91751660e-02  4.72227633e-02  2.94508915e-02
  2.25300174e-02 -5.10164052e-02 -2.20900811e-02  3.68184820e-02
  9.45850834e-03  8.61029327e-02  1.02586880e-01 -1.57447101e-03
 -6.57378435e-02 -1.16167050e-02  4.44588251e-03 -6.67946488e-02
  4.09461372e-02 -4.21527168e-03  5.18199392e-02  5.35774194e-02
 -3.80863249e-02  8.29600915e-03 -5.16340844e-02  1.10992558e-01
 -1.34690376e-02 -6.96327016e-02  2.86802258e-02 -1.02303453e-01
  2.60306187e-02  2.05803607e-02  4.73906845e-02 -1.46849357e-04
  4.75188270e-02 -8.19118768e-02 -1.18232504e-01 -2.13877149e-02
  1.39403939e-01 -3.04236114e-02 -2.59308796e-02  5.89891188e-02
  5.86220399e-02 -6.54283091e-02 -6.40447065e-02 -5.71803227e-02
 -1.68724507e-02 -1.09893441e-01  3.32318507e-02  4.20540497e-02
  3.62877846e-02 -6.28540814e-02 -2.80234925e-02  6.50091544e-02
 -5.23037277e-02 -4.88082729e-02  8.70324448e-02 -1.41813643e-02
 -4.53056954e-02  2.27636527e-02  9.58775133e-02  5.22653237e-02
 -1.04359120e-01 -3.02425139e-02  7.39364922e-02 -2.00143140e-02
 -2.52147242e-02  5.36580533e-02 -1.17596621e-02  1.30917430e-02
  2.66432445e-02  2.51748133e-02  4.88750171e-03 -8.12849309e-03
 -3.69109809e-02 -3.88158783e-02  4.91381213e-02 -2.54142154e-02
 -5.24745472e-02 -4.01826948e-02 -7.14173988e-02  4.17246744e-02
 -4.36744932e-03  1.16676406e-03  4.43010256e-02  1.21887093e-02
  7.44506642e-02 -2.07793452e-02 -2.24500615e-02  5.05413115e-02
  1.01490028e-01  2.86851041e-02 -5.34413336e-03  8.20547268e-02
 -1.85294077e-02 -7.92453531e-03  4.25332114e-02 -4.43951890e-33
  1.95052624e-02  7.96622317e-03 -6.11287244e-02  1.32369744e-02
  2.14201540e-01 -8.00119713e-03 -5.14343679e-02  7.34843910e-02
 -3.30926478e-02  4.41728607e-02  5.64878844e-02 -8.08878709e-03
 -4.75371368e-02 -6.53984621e-02  3.41225155e-02  2.30554827e-02
 -7.10553899e-02  2.77753584e-02 -4.11509722e-02  7.78594837e-02
 -7.18025267e-02  7.79672712e-02  1.25943357e-02  4.03008983e-02
 -1.07155535e-02  2.55429316e-02  3.46099250e-02  2.32192911e-02
 -1.18973078e-02 -5.07171964e-03 -1.53990351e-02 -3.24091017e-02
 -4.37574871e-02  3.41069400e-02  2.43731793e-02 -1.65647063e-02
 -1.19779399e-02 -1.77017562e-02 -4.08782996e-02  2.61714831e-02
 -7.04314001e-03  5.13786599e-02  8.34859684e-02 -1.39660400e-03
  4.90374193e-02  7.21761957e-02 -4.58259769e-02  1.21964980e-02
  1.43227577e-02 -6.24725502e-03 -4.85236011e-02  1.71854179e-02
 -3.04688420e-02 -4.16882057e-03 -2.49256790e-02 -4.56044497e-03
  3.07103861e-02  5.65925837e-02  1.53674390e-02 -5.53067867e-03
 -4.71998639e-02  1.06623992e-02  4.89185601e-02 -1.04405075e-01
 -4.66480106e-03 -6.22405149e-02 -2.56318636e-02  4.18867543e-02
 -2.22916640e-02 -6.17387071e-02 -4.75446247e-02 -1.61007177e-02
 -4.50535724e-03 -3.80800851e-02 -5.77332564e-02  5.71856450e-04
 -8.10580105e-02  2.22851639e-03 -5.65330759e-02 -9.50341895e-02
  8.25973302e-02  1.18996408e-02  2.57035661e-02  3.62829715e-02
  1.71209089e-02 -2.17414089e-02  2.16186959e-02  2.87932809e-03
 -6.80486411e-02  1.86433475e-02  3.33907194e-02 -3.54239754e-02
  9.14867744e-02 -3.46994996e-02 -4.00429443e-02  2.21057480e-33
  6.33498505e-02 -6.34478405e-02 -5.88967577e-02  2.36123498e-03
 -8.71000532e-03  1.79365918e-04 -1.22908421e-01  1.22583015e-02
 -3.79898166e-03  5.96741177e-02  2.00432837e-02  4.82330285e-02
  6.80151209e-02 -5.02766483e-02  1.87509060e-02 -2.06052866e-02
  4.25104201e-02 -8.48214049e-03 -2.18213405e-02  4.14058305e-02
  2.14563441e-02  6.22362494e-02 -1.54852085e-02 -6.65043816e-02
 -4.79155518e-02  9.62477177e-02 -2.43411455e-02 -9.83823929e-03
 -4.79778983e-02 -1.00890053e-02 -5.03258482e-02  2.95932163e-02
 -5.25779091e-02 -1.27815013e-03  6.47577271e-02  4.20479961e-02
  1.81696471e-02 -6.74410211e-03 -5.53586520e-02 -5.15137017e-02
  4.53276858e-02 -5.89731932e-02 -4.62951176e-02  7.26503283e-02
  7.13881999e-02 -2.05359682e-02 -2.28904299e-02 -6.36281669e-02
  3.05621438e-02  9.22378153e-03 -4.16858755e-02 -3.25116850e-02
 -7.40994737e-02 -9.32381451e-02 -5.54083250e-02 -7.03608170e-02
  1.94907933e-02  4.67628054e-03  1.18534863e-01  1.79973077e-02
 -1.20808758e-01 -5.37389405e-02 -5.71153611e-02 -3.73204239e-02
 -4.44410481e-02  1.55095253e-02 -5.60879894e-02  1.32065173e-03
 -2.48359405e-02  1.13878008e-02 -1.89576519e-03  1.81226712e-02
 -3.08859330e-02  1.57849029e-01  5.94465137e-02 -1.94217600e-02
  7.52778873e-02  1.76314991e-02  2.38671247e-02  1.51699083e-02
 -7.24390522e-02  2.93065817e-03 -1.15257494e-01 -4.67320792e-02
  8.47184211e-02 -2.64973138e-02  1.94258969e-02 -5.93451634e-02
 -3.71895768e-02  9.75644216e-03  1.51869142e-02 -8.48745648e-03
  1.02669923e-02 -1.67615023e-02  6.56542629e-02 -2.38411193e-08
 -5.90030067e-02  3.92511189e-02 -1.89838987e-02  4.61407229e-02
 -9.61491652e-03 -1.07757702e-01  6.54497668e-02  4.39779572e-02
 -2.78713480e-02  7.87687674e-02 -7.00301770e-03  4.62376326e-02
  6.63418695e-02  4.39748615e-02 -1.36059225e-02  2.91081611e-02
 -3.56314853e-02 -2.44448986e-02 -8.34390894e-03 -1.19368575e-04
  7.93193802e-02  1.94484312e-02 -5.25348447e-02  1.96633060e-02
  4.55028042e-02  1.84506495e-02 -2.98162811e-02 -3.42519470e-02
  1.31860320e-02 -4.11726348e-02 -2.05629244e-02 -4.00923751e-02
 -2.58997106e-03 -4.42772731e-03 -5.74767441e-02  8.45517218e-03
  3.99985909e-02 -4.19555977e-02  5.84268905e-02 -7.74199441e-02
 -4.28882763e-02 -8.98804665e-02 -9.09320787e-02 -3.61797214e-02
  3.54931392e-02 -2.54343487e-02  6.06420860e-02 -1.31034488e-02
 -3.52567136e-02  6.33720383e-02  8.90502881e-04  4.20453735e-02
 -4.52854559e-02  5.18305674e-02  8.99694208e-03 -9.66016427e-02
 -3.18891741e-02 -1.93845406e-02 -6.60853554e-03  2.23299637e-02
 -3.39067280e-02  7.51846209e-02 -2.03835160e-01  5.56846336e-02]",1
proj_test,21,What could be improved?,"The venue was beautiful, yet the internet connection was unreliable.","The venue was beautiful, yet the internet connection was unreliable.",positive,0.5994,False,"[ 8.63329470e-02  8.30903742e-03  4.46821935e-02 -1.69402745e-03
 -3.09294686e-02 -1.62930060e-02 -1.87956858e-02 -6.49689361e-02
  9.38658789e-03 -3.74998450e-02 -2.61033047e-02  1.14690319e-01
  4.55928557e-02 -2.98304018e-02  2.93814857e-03 -6.86469376e-02
  8.41707289e-02 -1.25354469e-01 -1.52980140e-03  8.75995145e-04
 -5.83504103e-02 -1.68070178e-02 -4.23056446e-02  2.59214230e-02
  2.98191886e-02  3.98077555e-02  9.83236916e-03  7.46374428e-02
  2.95122135e-02 -8.23554676e-03 -1.76706910e-02  1.50730200e-02
 -7.34832436e-02 -1.86428032e-03 -4.22171922e-03 -8.11193883e-03
 -2.76552443e-03 -3.15662436e-02 -2.21046302e-02 -4.97501018e-03
  4.58986722e-02 -6.82883337e-03  4.86200377e-02  4.50037373e-03
  1.00926841e-02 -1.12013012e-01 -1.91975366e-02 -1.84331406e-02
 -1.68750174e-02 -2.24591307e-02  3.87546159e-02  5.29192213e-04
  1.40291126e-02 -1.09335907e-01 -1.04187466e-02  2.68620197e-02
 -2.78203208e-02  9.83941928e-02 -8.33551865e-03  3.08278278e-02
  5.28876260e-02  1.69949550e-02 -2.85344459e-02  3.50116566e-02
 -4.36412822e-03  4.16962802e-02  1.94509309e-02 -1.56226950e-02
  6.39666170e-02  5.01471609e-02 -3.70785855e-02  4.84064594e-02
 -1.22495485e-03 -2.26053577e-02  4.60131746e-03 -2.53978800e-02
  2.10715197e-02 -5.33353575e-02  8.58690683e-03  8.93019661e-02
  2.42090262e-02 -7.56004378e-02  2.07931101e-02  1.02952495e-02
  7.89238065e-02 -6.55565560e-02  4.84448709e-02 -4.42095846e-02
 -6.23568185e-02 -6.01241924e-02  1.06103122e-02  6.94960579e-02
 -1.06803775e-04  6.80110082e-02  2.29326170e-02 -2.25882344e-02
 -2.46975431e-03 -7.22917402e-03  5.01604453e-02  6.10898323e-02
  3.84243913e-02  1.24253534e-01 -3.09729818e-02  1.72386710e-02
 -1.24379257e-02 -1.27361948e-02  2.54196450e-02  1.17543280e-01
  1.26990378e-02  3.25611718e-02 -6.08028769e-02 -4.17797901e-02
  7.60902911e-02  2.41488796e-02 -5.42028770e-02  2.57199649e-02
 -2.99394876e-02  4.47668619e-02  5.71147613e-02 -4.40448849e-03
 -7.06619816e-03  2.65343278e-03  2.70007141e-02  2.70819608e-02
 -3.19047049e-02 -8.90424177e-02  1.10297509e-01 -4.66980669e-33
  6.08328683e-03 -2.41157915e-02 -4.84015830e-02 -2.66821161e-02
  6.70170039e-02  2.63995361e-02 -7.59493187e-02 -5.71966777e-03
 -3.12183890e-02 -2.68593803e-02  1.14812423e-03 -6.83443546e-02
 -2.77743917e-02 -1.38022289e-01  6.44876361e-02  4.58111204e-02
 -1.11594587e-03  5.02622612e-02  4.49785069e-02 -2.81807743e-02
 -3.72958183e-02 -7.62136951e-02  3.39496508e-02 -4.05322500e-02
 -2.77867168e-02  6.35184944e-02  4.67102639e-02  8.63151327e-02
  7.97880441e-02 -8.62396229e-03 -3.19855250e-02 -4.07577679e-02
  3.45140733e-02 -1.87075175e-02  1.11470759e-01 -3.74199450e-02
  1.61449909e-02 -9.52618942e-02  1.95015427e-02  3.39041613e-02
 -3.35248709e-02  2.85022967e-02 -6.13274090e-02 -1.89636112e-03
 -1.63684804e-02  7.73022175e-02 -1.93209425e-02  1.70659851e-02
  3.57757099e-02  4.10321578e-02 -4.20124196e-02  6.94148690e-02
 -1.60453450e-02  1.07103288e-02 -6.83476636e-03  3.26337963e-02
 -3.53188142e-02  5.50156683e-02  3.65948305e-02 -2.17705965e-02
  5.67946695e-02 -1.39309210e-03 -2.84145912e-03 -1.33591592e-02
  5.51743433e-02  3.04640029e-02  1.18759824e-02 -5.73477969e-02
 -4.19284217e-02 -2.71500349e-02 -3.81567664e-02  2.38276869e-02
  5.28154410e-02 -5.17456308e-02 -4.03888449e-02 -4.34446894e-02
 -1.16951853e-01  6.27908390e-03  2.70556733e-02  6.10640235e-02
  3.06427777e-02  9.31409001e-03 -2.46943645e-02  1.35647822e-02
 -9.20863170e-03 -3.83040756e-02  4.82038967e-02 -9.77769271e-02
 -8.37991089e-02  5.31663746e-02 -3.34925763e-02  2.37199292e-02
  1.79542433e-02 -7.09227249e-02 -1.17858499e-02  3.00130818e-33
 -9.18884389e-03 -4.16439176e-02 -3.31376214e-03  3.66175137e-02
 -3.97127680e-02 -2.17268001e-02 -2.66727228e-02 -3.34185399e-02
  6.86616451e-02  8.74150842e-02  3.30669433e-02  1.99265666e-02
 -6.12417585e-04 -5.16392216e-02 -6.85383603e-02 -2.20726375e-02
  5.91192581e-02 -4.21834178e-02 -1.54549098e-02  8.96796510e-02
  6.72827139e-02 -3.16133648e-02 -5.16615696e-02 -4.08165418e-02
 -4.04319726e-02  8.98052752e-02 -5.37706278e-02 -4.61103395e-02
 -7.62967244e-02 -1.78114418e-02  6.64283112e-02  1.69935450e-02
 -6.37133196e-02  2.68984362e-02  1.51968813e-02  1.85075492e-01
  3.35046016e-02  1.80689488e-02 -8.44789520e-02 -4.50232215e-02
  4.93768565e-02  6.08785264e-02 -4.10190783e-02  2.93220095e-02
  5.37654795e-02  2.90444624e-02 -9.29146186e-02  8.47322308e-03
 -4.28710245e-02 -2.45836825e-04  1.83297358e-02  3.96225117e-02
 -6.08956367e-02 -5.74074627e-04 -3.69877331e-02  4.36491333e-02
  2.74190456e-02 -1.60472021e-02 -3.65967955e-03  3.16647030e-02
 -6.01568520e-02 -1.16228603e-01 -8.81772861e-02  4.83803675e-02
  5.75679913e-02  7.86058083e-02  1.90190915e-02  6.00659624e-02
  8.30656011e-03  6.03841320e-02 -1.72387958e-02 -8.78911931e-03
 -1.54541116e-02  4.73186076e-02  4.46110032e-02  3.02244537e-02
 -2.85945926e-02  1.54125318e-01 -5.57654537e-02  5.64244656e-05
  4.16176729e-02  8.49601924e-02 -3.74927744e-02 -7.07056299e-02
  5.08050174e-02  9.31072757e-02  5.24567105e-02 -1.08767368e-01
 -8.07390064e-02  2.98964861e-03  1.57964639e-02 -1.06222676e-02
 -3.11648846e-02  8.16523377e-03  2.65804939e-02 -1.61456271e-08
 -6.38523549e-02  7.18391687e-02 -5.84290363e-02 -2.38176249e-02
 -9.15756822e-03 -1.05959035e-01  1.21617474e-01 -5.88162243e-02
  2.17267987e-03  6.28929287e-02 -1.15234807e-01 -5.54035008e-02
 -9.51827317e-02  5.52388318e-02  2.38372143e-02  8.51271022e-03
 -5.59803583e-02 -4.52863015e-02 -6.21838830e-02  4.30994257e-02
  5.71743138e-02 -1.74590934e-03 -3.79619189e-02 -4.62760217e-03
  5.28446399e-02  5.14740795e-02 -2.97522568e-03  1.15981302e-03
 -1.23600103e-02 -1.13967797e-02 -2.66683698e-02 -8.31214488e-02
 -2.79197339e-02 -1.38258543e-02 -6.88771158e-02 -7.00679724e-04
 -7.92628434e-03 -2.68855970e-02 -7.41300965e-03 -4.52483743e-02
 -2.48537175e-02  8.44108313e-03 -6.85059931e-03  4.41082530e-02
  1.75770670e-01  5.59712350e-02  3.89819243e-03  4.77601103e-02
 -2.50035040e-02 -4.16791206e-03 -7.51862451e-02 -1.71824452e-03
 -8.04479942e-02 -5.56588806e-02  9.28441286e-02 -1.41693518e-01
  6.45190477e-02  4.16828506e-02 -4.83597182e-02  5.81095330e-02
 -7.01187237e-04  1.20298592e-02 -4.33425419e-02  7.29780737e-03]",1
proj_test,23,What could be improved?,"The program was useful overall, though the mornings started too early.","The program was useful overall, though the mornings started too early.",positive,0.4404,False,"[-2.27261856e-02  8.42843428e-02  4.47396748e-02  3.22632529e-02
  8.28456134e-02  5.20832576e-02 -6.71976954e-02  5.45978174e-02
 -5.97885624e-02 -2.76694819e-02 -1.17201358e-01  1.50855497e-01
 -5.21408729e-02  4.69435640e-02  1.42785562e-02 -1.27496403e-02
  4.61469293e-02 -9.26615745e-02  7.81268775e-02 -1.86629277e-02
 -1.21645071e-01 -8.48101173e-03  5.66838197e-02  6.86526969e-02
  9.58146676e-02  3.96094732e-02  2.61447188e-02 -4.97758482e-03
  4.14057262e-02 -9.48415510e-03 -2.34047435e-02  1.15423277e-01
  1.15963951e-01 -2.80356891e-02 -1.56854913e-02  7.56680220e-02
  1.17225684e-01  1.15422942e-02 -1.16566047e-01  5.31429164e-02
  1.39819710e-02  2.28033657e-03  1.92164797e-02  2.67981626e-02
 -3.53600122e-02 -5.73822558e-02  2.84910258e-02 -6.28716797e-02
  3.21459398e-02  3.79623696e-02  4.34182361e-02 -2.39959657e-02
 -1.88338831e-02 -9.87680703e-02  4.31649499e-02  1.10837243e-01
  2.35871244e-02 -2.11055558e-02  5.13112955e-02  5.39417304e-02
 -1.04151987e-01  1.46466577e-02 -6.09051473e-02  8.74224957e-03
  1.01512693e-01 -1.09941997e-02 -1.02073938e-01 -7.48100057e-02
  7.47255981e-02 -1.18945897e-01 -9.81184989e-02 -5.86575316e-03
  3.34225176e-03 -8.15671030e-03 -9.54242982e-03  1.36575280e-02
  4.07400876e-02  4.72126994e-03  7.74415731e-02 -4.91860025e-02
 -3.17623862e-03  2.35377699e-02  9.22788749e-04  2.65452731e-02
  5.80403209e-02  1.86815299e-02 -5.50501421e-03 -3.58484132e-04
  5.35107926e-02 -2.08198670e-02  1.23057067e-01  5.59472153e-03
  1.65372360e-02 -4.59233159e-03  4.18411866e-02 -1.44875636e-02
 -5.80074377e-02 -1.97491907e-02 -1.17760859e-02  4.45576832e-02
  2.67409552e-02  3.81888822e-03  2.44164392e-02 -1.65600516e-02
  1.58701837e-02 -8.75836834e-02  3.92391235e-02 -2.66164299e-02
 -3.20696235e-02 -7.58245066e-02 -1.82652250e-02 -4.54894174e-03
  8.56484845e-02 -1.36382785e-02  2.40151417e-02  8.84075016e-02
 -5.44532435e-03  6.84877858e-02  2.78113130e-02  7.92079940e-02
  2.00389791e-02 -1.64224990e-02 -7.72686955e-03 -8.77096429e-02
 -6.80083781e-02  6.16674013e-02  4.50868756e-02 -3.85181030e-33
 -2.44743563e-02  1.44468350e-02 -1.53599661e-02  3.11990511e-02
  1.44182602e-02 -5.14610112e-02  8.64036288e-03  1.24717513e-02
  2.51197293e-02 -6.51432946e-02  5.71176894e-02  5.96046820e-02
 -3.70423682e-02 -1.65104140e-02  3.55015919e-02 -2.69074887e-02
 -5.21348752e-02  6.57956526e-02 -8.30410793e-03  8.08418635e-03
 -5.52123599e-03 -4.17068414e-02  2.46790461e-02 -6.35729805e-02
  3.95501778e-02  1.12935482e-02  1.07994769e-02  1.30576091e-02
  1.13129988e-01  2.27062311e-02  8.40857774e-02  2.73613054e-02
 -6.66211173e-02  3.62548255e-03  6.61754459e-02  3.52637060e-02
  1.74968094e-02 -1.14471018e-01  7.51422998e-03 -3.13590355e-02
 -3.92858535e-02  6.70140311e-02  8.38798210e-02 -6.98293671e-02
  3.21630277e-02  3.74352895e-02 -8.40662513e-03 -3.95736704e-03
  8.66195839e-03 -6.53475290e-03 -3.39994058e-02  2.15797573e-02
 -5.00947284e-03 -1.12353489e-01 -6.95718899e-02  5.79013228e-02
  3.95552926e-02  3.11540756e-02 -2.42358539e-02  2.63503399e-02
 -8.15437175e-03  5.38421758e-02  5.11080101e-02 -9.61242020e-02
 -4.69728708e-02 -8.74565635e-03  3.46821472e-02 -1.07019721e-02
  6.78986870e-03  6.41489401e-02 -3.52216549e-02 -4.50320505e-02
  4.10960801e-02 -6.13619573e-02  2.36703735e-03  2.05800422e-02
  4.06015478e-02 -3.43256406e-02 -2.17287820e-02 -2.98995413e-02
  1.13992490e-01 -4.30542603e-02  6.19606562e-02 -4.97746170e-02
  5.04814498e-02 -3.61412694e-03  7.28596747e-02  2.61976253e-02
 -3.51287089e-02  5.87940449e-03 -6.96965083e-02 -9.35139687e-05
  1.67855918e-02  1.10367462e-01 -5.64442910e-02  3.43724650e-33
 -2.03055865e-03 -3.17306891e-02 -2.29246803e-02 -1.33368969e-02
 -1.80276111e-04  3.62448581e-03  1.34882663e-04 -9.15971249e-02
 -5.10107540e-02  7.32891560e-02  4.97865714e-02 -3.84816667e-03
 -1.51247773e-02 -3.58912162e-02  2.40698177e-02 -3.15451883e-02
  3.30725648e-02  8.91670864e-03 -4.99594361e-02  2.43708584e-02
  3.31144445e-02  3.54343988e-02 -1.09319001e-01 -7.06600770e-02
  6.80213422e-02  3.00345942e-02 -6.95263594e-02  3.05355731e-02
 -1.45937400e-02 -1.08768856e-02 -1.05124293e-02  2.96196099e-02
 -7.29534030e-02 -2.05071010e-02 -2.61606202e-02  2.81307902e-02
 -2.69566011e-02  3.76855698e-03 -6.60194904e-02 -6.59100860e-02
  6.11743629e-02 -2.79769413e-02 -2.94450615e-02  1.60428174e-02
 -3.46369743e-02  7.64971003e-02 -1.73983369e-02  4.95398305e-02
 -2.81726252e-02  4.15416844e-02 -4.62449342e-02 -3.25254798e-02
 -1.02747662e-03 -4.16818894e-02 -3.66933830e-02 -4.36265841e-02
  8.58513415e-02 -7.81367421e-02 -5.05076088e-02  2.30796486e-02
 -1.00132078e-01 -2.97702476e-02  3.60718183e-02 -1.38399810e-01
 -1.02487160e-03  7.56115792e-03 -1.40181938e-02 -1.62790492e-02
 -1.23027591e-02 -9.43593010e-02  5.70771284e-02 -1.64324157e-02
  5.14346287e-02  5.25788553e-02 -1.40652254e-01  1.05444409e-01
 -2.63073910e-02 -2.06477996e-02 -1.23568468e-01  1.27733788e-02
 -9.98338610e-02 -7.92041570e-02 -2.00171601e-02  3.74866687e-02
 -4.03431542e-02  4.50416878e-02  2.87959389e-02 -5.49734645e-02
  6.41694441e-02  5.75556159e-02 -1.02886709e-03  1.77206370e-04
  1.85372941e-02  8.97631571e-02 -5.75057743e-03 -2.05856718e-08
  9.07449517e-03 -6.12565912e-02  5.50609082e-02  4.35957238e-02
 -3.48097421e-02 -9.74105373e-02  3.56121026e-02  6.18331470e-02
 -7.77675211e-03  9.85447466e-02 -2.67237164e-02  2.26224214e-02
 -8.31857231e-03  2.15191636e-02  2.14737654e-02 -4.21525538e-03
  1.08213991e-01  1.50589487e-02 -3.83107476e-02  1.86961261e-03
  3.13893221e-02  3.18803615e-03  2.99336258e-02 -2.82230955e-02
  3.45534869e-02  1.31640211e-02 -2.16551609e-02  6.97391629e-02
  6.84102476e-02 -4.54940135e-03  3.99624147e-02  4.03648987e-03
  2.43001897e-02 -1.09581128e-02 -5.59834354e-02  8.06478318e-03
 -1.15246419e-02  1.92224719e-02 -4.34719920e-02 -1.91345643e-02
  1.01834151e-03 -2.81800162e-02 -6.03879523e-03  1.79654744e-03
 -2.43836716e-02  9.55483411e-03 -5.81305772e-02 -2.15192027e-02
 -1.01720253e-02 -3.92814465e-02  4.71813716e-02 -7.77938962e-03
  2.43707597e-02 -4.58376668e-02  7.96346664e-02 -9.12642386e-03
 -2.02802382e-03 -1.13579750e-01 -3.15943323e-02 -2.05305796e-02
 -5.37835099e-02  1.76670142e-02 -2.19207723e-02  3.59062366e-02]",2
proj_test,26,What did you learn?,I became more confident speaking English in front of others.,I became more confident speaking English in front of others.,positive,0.5413,True,"[ 7.27227628e-02 -8.43702350e-03  8.48916695e-02 -1.84105262e-02
  5.11240214e-02 -6.47603124e-02  9.52111632e-02  7.66424276e-03
  5.84308570e-03 -6.23099841e-02  2.30637994e-02  3.13724242e-02
  5.69746122e-02 -5.03155924e-02  1.08241983e-01 -3.28957923e-02
 -2.48942766e-02  2.03983244e-02 -9.28695872e-02 -9.01397169e-02
 -9.52763185e-02  5.63652478e-02  1.22379903e-02  6.14362163e-03
  1.96589082e-02  1.66845378e-02 -1.01424642e-02  1.47644803e-02
  5.82234859e-02 -1.89458057e-02 -3.53496522e-02 -1.15434723e-02
  8.85074809e-02 -3.11960857e-02 -3.48380804e-02  4.28575266e-04
  4.89841588e-03 -1.09123103e-02  3.05389091e-02 -2.23348383e-02
 -7.34627619e-02 -5.48500530e-02  1.11662790e-01 -2.17553606e-04
  2.12636292e-02  3.60718835e-03  4.15796749e-02  3.70852575e-02
 -9.64536704e-03 -6.94094400e-04 -2.72485949e-02 -4.99262027e-02
  1.92542584e-03 -5.29186726e-02 -5.62659502e-02  2.16063205e-03
  5.44466171e-03  1.17653832e-01  1.14156473e-02  1.19558107e-02
 -8.71240273e-02 -2.44217142e-02 -4.69374582e-02  8.75091180e-02
  1.02787348e-03  2.47583427e-02 -1.18971514e-02  3.01387534e-02
 -2.39507910e-02  4.30952124e-02  2.86847018e-02  2.61369832e-02
  5.97566292e-02  4.49573882e-02  2.17660442e-02 -5.56506440e-02
  9.36919078e-03 -5.49262017e-02  2.29503643e-02  4.59202975e-02
  5.78077137e-02  4.76168655e-02 -3.40543874e-02  2.14561950e-02
  1.91296078e-02 -1.22193038e-01 -8.80117901e-03 -5.80557287e-02
 -3.06457952e-02 -4.62657064e-02 -1.57182589e-02 -4.94960621e-02
 -4.99822907e-02  1.10078774e-01 -1.67526603e-02 -6.03748038e-02
 -1.04007669e-01  6.77964929e-03 -8.04285519e-04  7.00054839e-02
 -1.05442433e-02 -1.27509877e-03  1.20325489e-02  6.75891805e-03
 -6.58276156e-02  1.38243912e-02 -6.12451055e-04  3.47386710e-02
 -9.85818636e-03 -1.82528459e-02 -1.22465473e-02 -2.72481274e-02
 -1.80491302e-02  5.94462901e-02  3.04301474e-02  9.47764516e-03
 -5.37085757e-02  2.73883212e-02 -7.98233040e-03 -2.51804013e-03
  2.34388802e-02  1.10776506e-01  1.41404010e-02 -5.56624234e-02
 -3.23643610e-02  9.03537963e-03  8.14571828e-02 -1.80522982e-33
  5.06110787e-02  2.31591333e-02 -6.72972202e-03  1.21242188e-01
  2.26110741e-02  9.84198041e-03 -1.85409058e-02  2.88020410e-02
  1.49333561e-02 -6.63090870e-02  7.20063224e-02  3.09149758e-03
 -3.34034525e-02 -1.24290973e-01 -5.45858890e-02  6.72619566e-02
 -7.30902627e-02  8.45883191e-02  1.73647217e-02  6.90652803e-02
  3.62738557e-02  2.96621118e-02  1.29941478e-02 -4.60011549e-02
  9.92431864e-03  4.16597538e-02  9.13017839e-02 -6.96751848e-02
  4.67252769e-02  6.70701638e-03  4.20450047e-02  2.68011782e-02
 -4.65309508e-02 -2.33294610e-02  5.46044204e-03 -2.71370653e-02
  1.18839882e-01 -1.09407082e-01  1.10676419e-02 -1.19667342e-02
  2.22829208e-02  5.54764783e-03  8.52259099e-02  3.33796442e-02
  2.01522652e-02  3.62238660e-02 -5.10433540e-02  8.69682990e-03
 -1.19814716e-01 -2.21777498e-03 -9.77910906e-02 -4.41117585e-02
  1.27300406e-02  3.27474102e-02  5.95567450e-02 -1.82022192e-02
  1.30421277e-02  6.64700046e-02  2.63533611e-02 -1.85280535e-02
 -4.40554954e-02  4.79065403e-02  2.16791639e-03  9.00463015e-03
 -3.39807905e-02  7.97674898e-03 -3.17490511e-02 -3.02060936e-02
  2.66737863e-02 -3.86800990e-02 -6.02786765e-02 -5.12488820e-02
 -4.71129157e-02  5.78729920e-02  1.49757834e-02 -3.23145427e-02
 -5.29970489e-02 -2.62524262e-02  5.07695712e-02 -5.35785779e-02
  2.38412898e-02  1.41802514e-02 -5.90854175e-02 -5.04202303e-03
  6.82227761e-02  4.50011678e-02  6.53729141e-02 -8.27730969e-02
  6.05608784e-02  3.93033028e-02  3.17051075e-02 -2.24129912e-02
  2.50164121e-02 -5.88537380e-02 -7.71679580e-02  1.35198133e-33
 -3.34627321e-03  2.11739913e-02 -2.03512888e-03  7.13172331e-02
 -1.24155350e-01 -1.72057860e-02  1.39800861e-01  6.58168197e-02
  2.24224031e-02 -2.21256986e-02  4.20319624e-02  2.35907966e-03
  8.86218548e-02  2.83144675e-02  4.40254062e-03 -7.79165849e-02
  4.98965643e-02  6.54229224e-02  5.13436608e-02  5.39106652e-02
 -8.27295333e-03  4.21070904e-02 -8.73979181e-03  4.06107530e-02
 -8.58299807e-03 -5.66357523e-02 -4.22598422e-02  2.40654610e-02
 -2.37607453e-02 -5.88026866e-02  4.51930910e-02  1.60276927e-02
 -8.86144564e-02  2.27830578e-02 -3.71287465e-02  8.32129717e-02
 -5.36115244e-02 -7.27407187e-02 -3.44812572e-02  1.90499041e-03
 -7.25717396e-02 -5.07223867e-02 -3.41687445e-03 -3.01625002e-02
  8.96671508e-03 -6.50630891e-02 -2.49912329e-02 -6.88113049e-02
 -3.66232060e-02  3.46301757e-02 -5.37346229e-02  2.59772642e-03
 -2.15305183e-02 -9.13826078e-02 -5.76004107e-03 -3.18300612e-02
  1.10612147e-01 -9.90647972e-02 -7.72145391e-03 -3.57122533e-02
 -7.24776387e-02  3.68380360e-02 -3.28435153e-02 -4.88573015e-02
  9.31666344e-02  5.05620427e-02 -5.65318093e-02  1.11914396e-01
  7.09561110e-02 -1.63367903e-03  2.19997659e-04 -1.88367662e-03
  1.02714133e-02  5.61795011e-02 -2.59746239e-02 -5.54088168e-02
 -1.47754597e-02 -2.63054650e-02 -4.94333915e-02  2.11716965e-02
 -6.32833540e-02  1.18731186e-02  1.12388451e-02 -6.31717592e-02
 -1.22981574e-02  1.44624457e-01 -4.48214896e-02  8.99574952e-04
  5.41539304e-02 -3.18281613e-02 -3.81663367e-02 -1.68077871e-02
  5.91512537e-03 -4.24561501e-02  3.36988526e-03 -1.87619840e-08
 -1.31429836e-01 -4.67193400e-04  2.62959152e-02  8.47378075e-02
  5.61456308e-02 -6.37857988e-02 -1.01733699e-01  4.93493862e-02
 -2.35813279e-02 -9.58445072e-02 -1.05555244e-01  8.85611027e-03
  5.41936643e-02 -2.89986935e-03  6.39463365e-02  1.19888010e-02
  9.78441685e-02  3.94163616e-02  2.26753019e-02  2.34710872e-02
  3.75594795e-02  7.61535540e-02 -3.91128138e-02  1.86315700e-02
 -6.86953217e-02  2.47902963e-02 -2.41551641e-02 -1.20093832e-02
 -3.25339027e-02 -4.10774648e-02 -3.93700749e-02 -2.85338890e-02
 -7.03888014e-02 -1.21757295e-03 -7.71018583e-03  6.09548241e-02
 -4.20784988e-02 -6.67358923e-04  1.19785860e-01  5.03946804e-02
  3.96643113e-03  4.01351675e-02  4.72265389e-03  6.64559975e-02
  2.41899751e-02  4.54682410e-02 -2.18529487e-03 -2.10563354e-02
  4.70529869e-03 -5.53581789e-02  4.60720994e-02  3.08533721e-02
  2.80158856e-04  7.48750865e-02  7.29843602e-02  4.33901474e-02
 -4.99993414e-02 -3.19954054e-03 -3.62585187e-02  7.85098299e-02
  2.92139910e-02  6.27056062e-02 -1.34000674e-01 -4.33619618e-02]",0
proj_test,28,What did you learn?,This project improved my communication and teamwork skills.,This project improved my communication and teamwork skills.,positive,0.4767,True,"[-4.82332148e-02  5.79843596e-02  2.54855528e-02 -1.54062342e-02
  2.20826305e-02 -5.57989553e-02 -1.24952840e-02 -3.06303357e-03
 -1.36738354e-02 -3.82881649e-02 -2.14365050e-02  4.53108065e-02
  7.12233922e-03  4.05601151e-02  7.67148137e-02 -1.66361909e-02
  6.54487759e-02  3.45588215e-02 -2.78994106e-02 -1.11550272e-01
  2.15029735e-02  3.69170681e-02  8.66378397e-02  4.13308106e-02
 -7.48145282e-02  2.17139069e-02 -5.52739687e-02  1.88214481e-02
  2.70225736e-03 -6.91345632e-02 -9.87077057e-02  3.24566476e-02
  1.02078557e-01 -3.13611515e-03 -1.99286677e-02  1.18187875e-01
  5.59773445e-02  3.73049751e-02 -1.07145915e-02 -1.41091235e-02
 -1.43717319e-01 -6.97113797e-02  8.44174251e-02  2.64000642e-04
 -1.33621152e-02 -3.28787118e-02 -4.39659832e-03 -7.98214879e-03
 -7.79739255e-03 -2.58643199e-02 -4.55273464e-02 -6.29953817e-02
  4.21037851e-03 -6.02645278e-02  3.55548151e-02  3.05341333e-02
 -3.84482257e-02  5.19576259e-02  2.54675909e-03 -3.86647806e-02
  2.90952865e-02  2.35906169e-02 -6.96942806e-02  9.01510417e-02
 -1.12005183e-02  2.60701235e-02 -1.04060536e-03  7.29870200e-02
 -1.63777191e-02 -4.88641970e-02 -8.28776229e-03 -4.45888517e-03
  3.35842371e-02  1.26882326e-02  1.76728405e-02  4.12383676e-02
 -1.82524789e-02 -2.17656177e-02  7.06692189e-02  3.38051543e-02
 -1.00088958e-02 -1.06989574e-02 -1.68614667e-02  6.74213991e-02
 -6.24122052e-03 -4.68372069e-02  2.18612924e-02 -4.10737209e-02
 -2.49123690e-03 -1.23838028e-02  2.83961426e-02 -1.03643248e-02
  5.75048150e-03  3.67451608e-02 -9.77393985e-02 -1.51661327e-02
 -3.95734888e-03 -1.59387477e-02 -1.84831733e-03  6.83432296e-02
 -3.04161943e-03 -4.04470637e-02 -1.94702465e-02 -9.53115970e-02
 -7.11725578e-02 -1.39937773e-02  2.83193570e-02  1.00942831e-02
 -1.61986258e-02  3.96829545e-02 -6.51822835e-02  5.75507898e-03
 -1.21581957e-01  1.46997450e-02  4.43078652e-02  4.56242301e-02
 -6.32878840e-02  5.83461486e-02 -4.91120145e-02  1.19736213e-02
  5.80897667e-02  8.08969513e-03 -1.30040832e-02  1.31879589e-02
 -8.83597881e-03 -2.29349006e-02 -2.97797713e-02 -4.05518845e-33
  4.68876436e-02  7.37242550e-02  1.98208112e-02  1.58125758e-01
  1.12518735e-01 -3.34763639e-02 -1.20786987e-02  3.78736034e-02
 -9.01495591e-02 -8.44100118e-02  3.26379277e-02 -3.47536709e-03
  5.59765473e-02  2.97838269e-04  1.13928672e-02 -5.13973050e-02
 -8.65392536e-02  2.94372179e-02 -1.86219197e-02  3.75629775e-02
 -1.29991705e-02 -9.70515385e-02  1.31622488e-02 -4.49110270e-02
  4.88697328e-02  5.13726994e-02  3.20480093e-02 -5.30992113e-02
 -1.60677312e-03  3.56682800e-02 -1.20805309e-03  5.38984202e-02
 -5.20112216e-02 -5.45696877e-02 -2.25108787e-02  6.18588813e-02
 -1.86624378e-02 -1.84287190e-01  2.54700184e-02  7.67114833e-02
  5.28975986e-02 -3.07415538e-02 -5.17001301e-02 -1.31153744e-02
  9.02440101e-02  2.77780276e-02  1.81237701e-02 -1.93238091e-02
  3.18765417e-02  8.30843521e-04 -3.37645970e-02  5.80117665e-03
 -5.53724542e-02 -2.72519607e-02  3.72069441e-02 -1.23962841e-03
  1.52985258e-02 -1.10625401e-02  9.92525276e-03  1.34238312e-02
  2.84888055e-02  1.56760607e-02 -6.89174831e-02 -5.97776240e-03
  1.68793350e-02  3.60764451e-02 -9.24995355e-03  1.82176456e-02
  1.11613996e-01 -8.69025290e-02 -1.40924919e-02 -4.05007452e-02
  1.07677802e-01  4.87295054e-02 -7.72347092e-04  8.81845597e-03
 -8.44014883e-02  1.61895284e-03  4.84530907e-03  3.06703523e-02
  2.59842421e-03 -5.61608560e-02 -3.48870382e-02 -7.84952566e-02
  7.86842778e-02 -2.56333854e-02  2.68328656e-02 -2.73086671e-02
 -7.49465972e-02  4.90868352e-02  4.77385707e-02  1.17978631e-02
 -2.26996597e-02  4.38164212e-02 -6.28740788e-02  2.10369426e-33
 -1.14596905e-02  3.71639766e-02 -2.17500478e-02  7.39050135e-02
  7.51683041e-02  2.86560487e-02  1.18868062e-02 -3.09055462e-03
  9.10066143e-02  1.49052620e-01 -3.17614991e-04  5.71637414e-03
 -5.83775043e-02 -2.36912630e-03 -8.81899521e-03 -7.47501664e-03
  2.67712306e-02 -4.20125648e-02 -4.93322350e-02  7.17370678e-03
 -2.99358070e-02  1.53729245e-01 -2.78783999e-02  4.19815928e-02
  2.93004587e-02  1.51824970e-02 -2.39416584e-02 -9.86104235e-02
  8.09399411e-02 -4.05740179e-02  1.36721143e-02 -7.25559220e-02
 -1.19397357e-01 -1.55711025e-02 -2.72601973e-02  8.49197283e-02
  1.18998718e-02 -1.09223805e-01 -3.31627950e-02 -3.97241302e-02
  5.05348779e-02  6.22008042e-03 -1.73162185e-02  3.83736030e-03
  1.42016076e-02 -3.25636603e-02 -8.18473101e-03 -1.08194780e-02
 -6.63552880e-02  4.33040038e-02  7.68193752e-02 -3.06177232e-02
 -2.46436684e-03 -1.13931358e-01  1.16532184e-02  1.31018767e-02
  9.36180949e-02 -9.89950523e-02  1.43652270e-02  2.59267408e-02
 -6.70953095e-02  3.38099003e-02 -2.12423485e-02  3.98739576e-02
  6.79373369e-02 -2.70758867e-02 -5.87046444e-02  8.56591240e-02
  2.43573338e-02 -5.65519556e-03 -1.30043086e-02  4.66357283e-02
 -3.12667675e-02  2.01130230e-02 -2.98559051e-02 -3.36518213e-02
 -3.62662300e-02  3.51458378e-02 -4.99044284e-02  4.25222069e-02
 -3.60861048e-02  7.32145691e-03 -2.81626303e-02 -1.19526766e-03
  2.60932595e-02  1.05890289e-01 -2.05659363e-02  2.48504318e-02
  1.25160515e-02 -1.69829023e-03 -9.16518718e-02  1.61047000e-02
  4.85267714e-02 -2.79456824e-02  2.34487373e-02 -2.13520632e-08
  5.80921881e-02  1.96960792e-02 -6.36518607e-03  4.30768840e-02
 -5.11496253e-02 -2.91632134e-02 -8.84613618e-02  4.17324975e-02
  3.76377138e-03  3.98524292e-02 -6.89349836e-03 -1.45447617e-02
  2.19068080e-02  7.95756504e-02  5.01450710e-02 -5.78383505e-02
  6.23288937e-02  5.80354929e-02 -7.86905549e-03 -7.29411915e-02
  4.38113883e-02  1.66008230e-02 -7.40440488e-02 -1.19085750e-02
 -4.04744893e-02 -2.18655523e-02  3.29955248e-04  9.30096880e-02
 -5.79222701e-02 -7.97381252e-02 -6.16526417e-02  3.07414085e-02
 -5.24753220e-02  1.30394418e-02  2.01922655e-02  3.50534804e-02
 -2.59414166e-02 -4.76493984e-02  1.77460294e-02  6.15298152e-02
 -1.02255028e-02  7.02009723e-02  4.25386690e-02  8.15860406e-02
  1.31485797e-02  7.14435726e-02 -6.58125803e-02 -6.98846877e-02
 -7.15978295e-02 -7.63008893e-02  3.68774426e-03  8.05054754e-02
  2.57580094e-02  7.95747563e-02  3.24527696e-02  1.01165451e-01
 -6.55855006e-03 -3.32255922e-02  1.67988951e-03  2.68709753e-02
  8.90644565e-02  7.73665607e-02 -1.63503140e-01 -3.03121973e-02]",3
proj_test,31,What did you learn?,I gained more self-confidence and I am less afraid to share my opinion.,I gained more self-confidence and I am less afraid to share my opinion.,positive,0.5478,True,"[ 4.17686217e-02  1.86610613e-02  1.63892563e-02  5.22120595e-02
  7.06413910e-02 -2.81908680e-02  5.82030527e-02  7.18766600e-02
  3.13886255e-02 -8.55336413e-02  3.37898321e-02 -1.87392402e-02
  6.46791011e-02 -1.13268510e-01  5.17887324e-02  1.20314676e-02
  3.10102757e-02 -8.61117058e-03 -1.51439205e-01 -4.88091186e-02
 -8.07823762e-02  3.84597704e-02 -3.92846204e-02  3.60716656e-02
 -1.61405690e-02 -6.48096055e-02 -3.22864987e-02  4.26624380e-02
  1.48560787e-02 -3.06823328e-02 -1.55890975e-02 -3.65708284e-02
  5.91538697e-02 -3.87378447e-02 -6.70707300e-02 -2.66962498e-02
 -3.24692465e-02 -9.63515602e-03  3.89541988e-03 -4.04594019e-02
 -6.84988946e-02  3.17602381e-02  5.56695126e-02  8.83842073e-03
 -2.63272207e-02 -1.91847701e-02  2.48856992e-02 -3.77179421e-02
  5.83757553e-03 -4.24839705e-02 -9.17079598e-02  1.92755125e-02
 -6.15282878e-02 -6.59011230e-02  3.11051700e-02 -2.07141191e-02
 -1.02984034e-01  8.53430703e-02  3.54130846e-03  3.99208441e-02
  7.82092288e-03 -4.42224694e-03 -1.53585756e-02  4.15587164e-02
  4.95454408e-02  8.82501826e-02 -1.85229350e-02  1.30093433e-02
 -1.26818195e-03  3.43036205e-02  3.94674875e-02  2.09655445e-02
  5.97379822e-03 -7.79904658e-03  1.17227715e-02  7.85791036e-03
  8.96935351e-03 -3.39213200e-02  3.69746462e-02  1.12049669e-01
 -1.74682755e-02  6.90079480e-02 -3.39377224e-02  6.46947846e-02
 -8.42802823e-02 -1.19480066e-01  6.90830648e-02 -1.53229423e-02
 -6.36899099e-02 -1.06681064e-02 -6.48103189e-03  3.09177544e-02
 -8.27904120e-02  1.11152660e-02  4.70694806e-03 -2.24761385e-02
 -1.54237553e-01 -2.00472586e-02 -1.36189191e-02  8.16664696e-02
  6.01821765e-03  1.04119265e-02 -3.97552922e-02  3.42317298e-02
 -7.35403178e-03  3.48758586e-02 -1.93761829e-02 -1.98287908e-02
 -5.15552275e-02  7.39891008e-02 -4.28278558e-02 -1.69112608e-02
 -3.36734541e-02 -4.09461074e-02  4.57043052e-02  4.43443619e-02
 -8.05640128e-03  6.65436983e-02  5.96202426e-02  4.90111671e-03
  4.31485660e-02 -1.52006687e-04  8.68442729e-02 -6.80479826e-03
 -7.48127978e-03 -4.29238603e-02  1.14247734e-02 -3.90206599e-33
  2.28308868e-02  2.04427391e-02  3.73201407e-02  6.87714666e-02
 -2.47893166e-02  1.79245546e-02 -8.83912761e-03 -1.58601068e-02
 -2.62620840e-02 -4.12038900e-02  6.74377829e-02  2.11990569e-02
  2.26219185e-02 -6.24438897e-02  1.41882310e-02  5.42867184e-02
 -1.03490740e-01  6.05502166e-02  1.22575322e-02  6.69509098e-02
  6.55740425e-02 -2.78604180e-02  3.90483625e-03  7.46314460e-03
  8.10008217e-03 -4.20054495e-02  4.09369580e-02 -3.73550840e-02
 -4.54947278e-02  1.89077463e-02 -2.96314037e-03  1.06966861e-01
 -1.17031196e-02 -8.44136328e-02  3.87520231e-02  1.52892014e-02
  2.06682496e-02 -3.72656644e-03  9.49711259e-03 -4.04608063e-02
  2.93614585e-02  2.21455395e-02  3.72260511e-02 -2.58391839e-03
  1.42910769e-02  5.43908775e-02 -8.23746845e-02 -3.59974578e-02
 -1.64643794e-01 -1.50379138e-02 -8.77990052e-02  3.67548950e-02
  7.63972616e-03  4.95347790e-02 -6.62634075e-02 -2.14803554e-02
 -6.67581111e-02  3.60410400e-02  3.92734446e-02 -3.41523848e-02
 -3.37978266e-02  9.01310369e-02 -5.97122610e-02 -5.69363013e-02
 -4.14485894e-02  5.39707951e-02 -8.15468840e-03 -9.37905461e-02
  1.52801927e-02  1.55361183e-03 -1.03819277e-02 -1.25264991e-02
 -9.86980423e-02 -2.51606479e-02  3.47483009e-02 -6.24618530e-02
 -8.98765326e-02 -2.88219396e-02  6.36416450e-02 -1.47885323e-01
  3.31885517e-02  1.65444287e-03 -7.22694322e-02 -1.19725065e-02
  2.65494622e-02 -3.06127146e-02  9.11545306e-02  6.91774264e-02
  5.08450270e-02  9.57603473e-03  5.26082180e-02  1.28368549e-02
  4.97855842e-02  2.53106020e-02 -9.85131413e-02  2.22348724e-33
 -5.62616438e-03  4.93700057e-02  2.05600522e-02  9.92159825e-03
 -5.59266359e-02  2.76182909e-02  1.91898309e-02  6.80940524e-02
  5.36974743e-02  4.70857434e-02  3.93024720e-02  6.23147599e-02
  7.70851970e-02  1.11094583e-02 -4.32194248e-02 -5.33581972e-02
  2.63799354e-02 -9.12956614e-03 -6.18648268e-02 -6.02708496e-02
 -5.18982448e-02  9.59916636e-02  1.07744578e-02  3.47037390e-02
  1.44209098e-02 -6.50239410e-03  6.06916919e-02 -5.76609559e-03
  7.41159096e-02 -8.51785243e-02  1.62865855e-02  4.15735990e-02
 -3.61352563e-02  4.88269702e-03  3.35516706e-02  5.53550273e-02
 -5.30274026e-02 -7.63520226e-02  5.30772842e-02  4.35753725e-03
 -6.73929304e-02 -6.57183677e-02 -2.28462629e-02 -8.93974379e-02
 -3.97392176e-02 -5.09960167e-02  8.14549103e-02 -3.35077904e-02
  1.34120593e-02  4.31227386e-02 -4.87994738e-02  7.14930594e-02
  1.13901552e-02  1.52377840e-02  5.20815775e-02 -4.38757613e-02
  7.90539160e-02 -1.53805371e-02 -1.93736460e-02  7.74353519e-02
 -8.54148194e-02  4.64424528e-02 -3.19246985e-02 -3.60871516e-02
  9.11636278e-02  8.68762098e-03 -7.14853555e-02  3.41065265e-02
  1.11076042e-01 -2.85351835e-02  3.62962112e-02  3.92882079e-02
  3.48532596e-03  1.23215397e-03  1.42827602e-02 -5.35826162e-02
 -1.92618258e-02  2.86720321e-02 -7.68394396e-02  2.25785896e-02
 -4.03446592e-02  4.83616665e-02  3.85419913e-02 -7.28974640e-02
  4.27049631e-03  6.65895566e-02  6.80995220e-03 -4.32575820e-03
 -1.73321348e-02 -2.71343011e-02 -2.51564831e-02 -4.65185791e-02
 -7.54111866e-03 -4.29763459e-02 -1.21891368e-02 -2.23578649e-08
 -3.00448760e-02 -7.20614344e-02  7.00866058e-02  1.23849757e-01
  4.96887229e-02  5.24284244e-02 -2.83873770e-02  5.34741245e-02
 -9.27330926e-02 -8.00517388e-03  2.62187161e-02  7.31706526e-03
  9.22190491e-03 -9.90422256e-03  1.72106978e-02 -4.65375148e-02
  6.39509633e-02  1.92622356e-02  2.10888050e-02 -5.32020852e-02
  2.94307582e-02 -6.70829695e-03 -8.17365050e-02 -8.27022865e-02
 -5.38259186e-03  7.13903978e-02  2.40719765e-02 -3.15577053e-02
 -1.17330343e-01  5.79290800e-02 -1.86543688e-02 -2.64408756e-02
 -3.84995192e-02  6.12653233e-03 -1.92433093e-02  3.89723741e-02
  5.67722693e-02  2.46232748e-02  1.05593510e-01 -6.60670698e-02
 -6.22158460e-02  9.79270265e-02  7.28977248e-02  9.63387042e-02
  1.87954796e-03  3.54966074e-02  7.04113096e-02 -3.97053659e-02
 -3.85407656e-02 -2.71917842e-02  4.56655473e-02 -1.16123222e-02
  4.53601032e-02  4.70970720e-02 -3.36617464e-03  9.19499174e-02
 -1.08238064e-01  4.37420271e-02 -3.13258916e-02  3.29511948e-02
  3.11449990e-02 -2.58388165e-02 -1.13769814e-01  1.12954127e-02]",0
proj_test,32,What did you learn?,My English improved a lot during the exchange.,My English improved a lot during the exchange.,positive,0.4767,True,"[ 3.97441722e-02 -1.33068217e-02  1.24753766e-01 -8.85129254e-03
 -2.82730348e-02 -1.32670347e-02  5.71041815e-02 -1.85128190e-02
  9.76663083e-03 -1.12461345e-02  2.95792259e-02  7.60621503e-02
 -1.15002813e-02 -2.78712902e-02  8.08973536e-02 -1.40652824e-02
  6.23669755e-03  4.68520001e-02 -8.28769580e-02 -8.97357315e-02
 -6.91663697e-02  3.59165668e-02  5.22624627e-02 -6.00889279e-03
  4.06688377e-02  2.95844069e-03 -5.55636100e-02  3.60754319e-02
  4.91707921e-02 -9.27756056e-02 -9.57497507e-02  6.19481038e-03
  7.84387663e-02 -1.12725096e-02 -3.38353813e-02  3.19004878e-02
  2.49010902e-02 -3.87416258e-02  6.65822551e-02 -2.18656883e-02
 -8.57949108e-02 -3.27996463e-02  1.42228767e-01 -2.49589905e-02
  3.52273174e-02  2.72185206e-02  5.23392931e-02  7.26595297e-02
 -2.38201916e-02  1.07008321e-02  2.30325945e-02  2.37342697e-02
 -2.34324038e-02 -8.29642825e-03 -1.00701721e-02  6.68497756e-02
  4.77062985e-02  9.92440730e-02  4.22645397e-02 -2.98110154e-02
 -1.23335607e-01 -1.25469800e-04 -1.89396739e-02  1.05230965e-01
 -3.07364371e-02 -5.03301509e-02 -6.25626231e-03  1.74306463e-02
 -6.09949566e-02  4.53929491e-02 -1.16337556e-02 -5.42136189e-03
  3.57370228e-02  1.00647554e-01 -2.89295670e-02 -1.89567683e-03
  3.32174450e-02 -4.30933088e-02 -1.96965598e-02  5.61325736e-02
  3.89714725e-03  4.04332764e-03 -1.71645898e-02 -1.81634538e-02
  5.70605807e-02 -1.01168685e-01  2.38279048e-02 -9.23162624e-02
  1.28310136e-02 -3.62929748e-03  8.31097215e-02 -3.57591175e-02
 -2.53407727e-03  8.09092522e-02 -2.02668011e-02 -2.45347098e-02
 -3.26113850e-02  4.73965518e-02 -2.46559326e-02  1.02265656e-01
  7.47706071e-02  1.15617432e-01 -1.65585894e-02 -2.32744198e-02
 -1.30123734e-01 -1.36119537e-02 -3.58415656e-02  3.19588445e-02
 -5.61951697e-02 -3.98686267e-02 -2.26740297e-02  2.39438340e-02
 -4.31472771e-02  3.73472273e-02  4.69749188e-03  4.55759764e-02
 -1.47096710e-02 -1.63748618e-02  2.35297233e-02 -3.97995636e-02
 -1.44361856e-03  8.16129819e-02 -4.11372520e-02 -6.70847148e-02
 -1.45065606e-01  1.67075580e-03  7.40229040e-02 -6.58020726e-33
  1.56816375e-02  5.30109555e-02 -6.48783520e-02  1.07714683e-01
 -1.42935505e-02  2.31432579e-02 -9.84112360e-03  2.21865484e-03
  7.32834404e-03 -1.24070510e-01  2.99181193e-02  5.86249605e-02
  2.21082233e-02 -6.14998974e-02 -6.81997314e-02  5.72667010e-02
 -3.30958776e-02  4.68901657e-02 -8.58447421e-03  5.30179814e-02
  4.71791886e-02 -2.34599691e-02  5.01808375e-02 -4.69894931e-02
 -1.98830459e-02  3.23292194e-03  4.30126786e-02 -6.62775785e-02
  2.15982888e-02  6.59350073e-03  7.48588610e-03  1.13182422e-02
  4.05305158e-03  2.09442209e-02  1.73024426e-03 -1.47504313e-02
  7.88366720e-02 -1.08722113e-01  2.04978734e-02  6.09078445e-03
 -5.57752466e-03  4.36402820e-02  7.10385367e-02  1.27010075e-02
  9.10558365e-03  9.41121057e-02 -1.36119220e-02 -1.41097214e-02
 -1.63927115e-02 -1.23106018e-02 -1.96257811e-02 -5.78519516e-02
 -4.46832255e-02 -7.86113553e-03  5.18321544e-02  1.43809179e-02
  5.45683168e-02  1.52260950e-02 -2.45960560e-02 -1.52811799e-02
  2.01250357e-03  5.49171753e-02  6.25477210e-02  5.34662185e-03
 -1.86860468e-02 -1.19468886e-02 -9.57472436e-03 -4.13888656e-02
  5.54061867e-03 -1.03001021e-01 -5.41385449e-02 -2.44793948e-02
  2.06460953e-02  2.76380405e-02  6.44850358e-02 -2.13894472e-02
 -4.04900536e-02 -3.29920836e-02  7.70480931e-02 -6.78565428e-02
  1.92296840e-02 -2.71633416e-02 -1.89269590e-03  4.41184230e-02
  4.05390598e-02  1.50084952e-02  2.15582736e-02 -2.37731654e-02
  8.54542032e-02  3.21612842e-02  3.05822995e-02 -5.57042751e-03
 -5.15011651e-03 -6.21098280e-02  1.95583538e-03  4.82770571e-33
 -8.36232305e-03 -9.23839305e-03 -4.48302142e-02  1.26320705e-01
 -9.46930274e-02  7.91111682e-03  8.89548436e-02  8.44233558e-02
  5.35223559e-02 -9.81097575e-04  4.34864014e-02 -1.33199887e-02
  3.01499050e-02  3.77242006e-02  5.21429628e-03 -1.00309305e-01
  5.49205840e-02  2.40074378e-02  1.05160393e-01  1.42658390e-02
 -1.79906785e-02  9.91604701e-02 -1.15194423e-02  3.45343798e-02
 -1.91482827e-02 -2.31620427e-02 -5.12695126e-02 -1.49594266e-02
 -3.15063074e-02 -2.94273756e-02  2.26308983e-02  3.59250419e-02
 -8.65850449e-02  7.11662397e-02 -4.50589098e-02  8.71321410e-02
  4.48545953e-03 -7.94466510e-02 -4.25711274e-02  7.20345825e-02
 -3.83054316e-02 -1.80069485e-03 -6.25765388e-05  4.97593917e-02
  1.77696738e-02 -3.62706147e-02 -8.75302404e-02 -8.39706510e-02
  5.18687582e-03  3.12292725e-02 -1.75416730e-02  2.11130809e-02
 -5.61490692e-02 -1.03956558e-01 -2.79379729e-03  8.11231323e-03
  8.57841894e-02 -1.59376442e-01 -2.27886830e-02 -6.26759008e-02
 -8.73026475e-02  5.80108091e-02 -9.43929795e-03 -4.87518758e-02
  1.88435726e-02  3.92423086e-02 -2.67080665e-02  3.45458835e-02
  6.05741255e-02 -3.29330936e-02  2.41598208e-03 -7.16165751e-02
 -1.79167073e-02 -3.13706957e-02  1.80372577e-02 -2.71716863e-02
  3.41890426e-03 -5.29843494e-02 -4.38559875e-02  3.56463040e-03
 -6.05638623e-02  5.94627969e-02 -8.92211124e-03 -4.05278318e-02
  1.45629933e-02  7.76739642e-02 -8.76911134e-02  9.98870563e-03
  4.27777767e-02  5.29451063e-04  1.78141352e-02  6.33607758e-03
  7.80262286e-03 -5.09179607e-02 -4.00379859e-02 -1.82710735e-08
 -7.60730579e-02  5.99451549e-02  4.46078368e-02  8.25293139e-02
 -1.26359072e-02 -7.80975446e-02 -7.00540841e-02  6.72722384e-02
 -7.80960778e-04 -4.03522812e-02 -1.01930812e-01  4.79469188e-02
 -2.51732916e-02 -5.01068085e-02  4.42822576e-02  6.92963153e-02
  5.08602299e-02  6.31164759e-02 -3.14981267e-02 -2.22226437e-02
  3.66879962e-02  1.30631134e-01  3.33325118e-02 -2.10171547e-02
 -7.03448579e-02  3.66698317e-02  5.74948937e-02 -2.33093952e-03
 -1.05686542e-02 -1.29459918e-01 -6.31072745e-03 -2.79672854e-02
 -3.52528505e-02 -2.74638855e-03 -3.83262113e-02  3.56486514e-02
 -1.50205810e-02 -5.05050905e-02  3.48421931e-02  5.95773570e-02
 -2.04733126e-02 -5.17875254e-02 -3.97425471e-03  2.45428681e-02
  3.24522555e-02  3.57009210e-02 -1.01756573e-01 -3.44536491e-02
 -4.98603191e-03 -8.58281925e-02  6.88044801e-02  2.20629219e-02
 -2.01478768e-02  4.56966236e-02  5.70039265e-02  2.25632284e-02
 -1.76583324e-02 -6.61845729e-02  1.92792527e-02  2.61784922e-02
  1.01242140e-02  8.54027495e-02 -9.82184485e-02 -2.16930341e-02]",0
proj_test,33,What did you learn?,I learned to collaborate better and listen more carefully to others.,I learned to collaborate better and listen more carefully to others.,positive,0.5709,True,"[ 4.17863429e-02 -7.88125843e-02 -4.62275557e-03  7.39267375e-03
 -8.54487624e-03  1.84164215e-02  2.20911913e-02 -3.38490047e-02
  4.54385392e-02 -4.29789796e-02 -4.29871865e-03  9.37438309e-02
  2.45439657e-03 -1.97177217e-03  4.69981041e-03  7.04421150e-03
 -3.74346375e-02  4.98996526e-02 -6.46811947e-02 -1.27704889e-01
 -1.77168906e-01  4.20092046e-02  4.96471822e-02  2.42617428e-02
 -5.12665659e-02  6.60533085e-02 -3.23848948e-02 -3.29681747e-02
  5.34600988e-02 -6.17934018e-02 -3.13937664e-02  3.34712118e-02
  3.47592160e-02 -8.32493650e-04 -7.77219012e-02  6.54273853e-02
  7.29743950e-03  4.95604835e-02  1.03293665e-01 -5.95164858e-02
 -2.45971847e-02  3.95250618e-02  2.97311638e-02 -6.10677414e-02
 -4.40756045e-02 -3.48994508e-02 -4.45994772e-02 -4.55302224e-02
  6.03142101e-03 -2.32738885e-03 -8.17433745e-02 -4.63059619e-02
 -3.05520017e-02 -3.62496488e-02  1.38776992e-02  6.93276674e-02
 -2.53595524e-02  9.38561708e-02  3.61373089e-02 -4.79066856e-02
 -5.06171910e-03 -6.64306730e-02 -9.09778625e-02  1.25371938e-04
  6.59448206e-02  3.86762656e-02 -8.00612010e-03  7.79763758e-02
 -9.27036107e-02  4.12074290e-02  2.64795788e-04  4.81901430e-02
  8.53275973e-03 -5.43039106e-03  4.48184423e-02  2.44807098e-02
  1.77128725e-02 -8.90850648e-02 -2.84128971e-02 -1.17086126e-02
 -2.37403437e-02  9.04326662e-02 -3.81217301e-02  3.30667533e-02
 -3.35817854e-03 -1.17816895e-01  5.16257659e-02  1.71888061e-02
  1.38154496e-02 -2.93237623e-02 -2.97977999e-02  1.02260455e-01
 -3.80550250e-02 -2.54963245e-02  2.67457240e-03  4.37963568e-03
 -1.73409246e-02  2.87382528e-02 -2.52831690e-02  8.75471160e-02
  1.37828840e-02  3.78012583e-02 -5.44692874e-02 -5.10740913e-02
  3.87917235e-02 -1.65244061e-02 -3.15791741e-03  6.18715994e-02
  2.59483363e-02  1.14958342e-02 -2.80803684e-02  3.75236496e-02
 -9.18508992e-02  3.29892971e-02  7.28083253e-02  6.80347607e-02
 -2.77447533e-02  2.76786033e-02 -1.48036908e-02  1.57430582e-02
  2.13408601e-02  2.88702454e-02  4.76439623e-03  4.93289903e-02
 -6.84901476e-02 -7.62920082e-02 -2.15188805e-02 -3.35238903e-33
  9.26197171e-02 -9.30900220e-03  5.47515415e-02  5.44288829e-02
  5.75099774e-02  2.61567384e-02 -5.37806973e-02  2.61960160e-02
 -5.71674258e-02 -2.87053455e-02  1.10124387e-01  3.63347456e-02
  1.62567180e-02  1.39564574e-02 -5.80444839e-03 -3.14924568e-02
 -1.41455829e-01  6.11408465e-02 -4.75447066e-02 -7.49603473e-03
  1.41249103e-02 -6.54563382e-02  1.92096028e-02 -1.63334645e-02
  2.29863748e-02 -3.78174335e-02  2.02487136e-05 -1.21762808e-02
  8.24246481e-02  1.59775447e-02  3.00203566e-03  3.38065401e-02
  4.04044706e-03  1.16938651e-02 -4.17957380e-02  7.86634684e-02
  1.32651543e-02 -5.98288141e-02  3.09899021e-02  5.63352974e-03
  3.23191695e-02 -1.63873099e-02  2.99157761e-02 -9.33342576e-02
  3.35380547e-02  5.88934235e-02 -1.99019257e-02 -3.86976041e-02
 -2.04162858e-03 -4.55192616e-03 -8.31715986e-02 -1.19772123e-03
  3.10332123e-02 -1.89485401e-02  1.29570495e-02  5.86002022e-02
 -1.81454793e-02  2.69591203e-03  5.07226028e-03  4.74083535e-02
  4.70964462e-02  7.48412758e-02 -1.50556946e-02  4.87165265e-02
  2.67497525e-02  1.12389639e-01  2.03667711e-02  9.35399253e-03
  8.17961097e-02 -7.09702671e-02 -9.37117487e-02 -2.50400025e-02
 -6.11005984e-02 -1.51521806e-02 -2.76728794e-02 -8.48742276e-02
 -7.73552731e-02 -3.62603068e-02  1.09691560e-01 -5.00892550e-02
  1.79504673e-03 -2.44648047e-02 -7.58269653e-02 -3.09298337e-02
  3.63108725e-03 -1.25291757e-02 -1.67438183e-02 -1.04431212e-02
  1.73047744e-03  1.23926580e-01 -1.10397246e-02  4.29570815e-03
  4.27097753e-02 -2.23698765e-02 -6.07818328e-02  1.44120668e-33
 -1.75537895e-02  3.35578956e-02  1.14645876e-01  8.19953009e-02
 -4.71778177e-02 -4.96187294e-03 -5.13815843e-02 -3.10875941e-02
 -3.17754224e-02  9.96734723e-02  3.00116651e-02 -4.29854617e-02
 -3.88434492e-02 -6.05635606e-02 -1.30935302e-02 -5.60452379e-02
  3.42708128e-03  6.47669425e-03  3.38532515e-02 -2.40838788e-02
 -3.81954722e-02  1.63108893e-02  1.01466924e-01  6.27842098e-02
  5.32406289e-03 -1.57457814e-02  6.72151372e-02  1.21695921e-02
  4.78986353e-02 -2.53286976e-02  3.39504294e-02 -2.66298112e-02
 -1.08467363e-01 -8.87666717e-02 -1.30143715e-02  4.19284143e-02
 -3.18432450e-02 -8.66192654e-02 -7.35567743e-03 -4.61546369e-02
 -4.18417305e-02  1.04530510e-02 -4.09307741e-02  8.12277757e-03
  2.68256143e-02 -5.03050089e-02 -2.41226070e-02  3.63103650e-03
 -4.65789363e-02 -9.64663457e-03  1.87545177e-02 -7.57208541e-02
 -2.97142455e-04 -1.37028858e-01  3.79925803e-03  8.27697515e-02
  1.40201122e-01 -3.06216180e-02  8.51944163e-02 -7.01172219e-04
 -7.15892464e-02  2.15493292e-02 -1.71777308e-02  7.79320858e-03
  2.20724158e-02 -4.11408693e-02 -8.96965247e-03  1.02164447e-01
  1.32170869e-02  1.01057760e-01 -1.45476731e-02  3.53122279e-02
 -1.26513271e-02 -2.06590705e-02 -2.68975762e-03 -6.84273392e-02
 -7.40692839e-02 -6.01659901e-02 -7.56798759e-02 -7.08465055e-02
  2.86568538e-03  5.07020690e-02  1.42889926e-02 -1.21053755e-02
  2.56444770e-03  1.07333355e-01  3.11136022e-02 -5.83019247e-03
 -2.12001912e-02 -1.60234813e-02  2.23979587e-03 -8.95424187e-03
 -1.82353659e-03 -1.64123662e-02 -5.16956598e-02 -2.17686686e-08
 -4.62970585e-02  1.82442963e-02  1.70340557e-02  5.33367470e-02
  5.26445471e-02  7.34138628e-03 -1.04387139e-03  8.51912275e-02
 -4.83318865e-02  6.59524798e-02 -1.13820359e-02 -1.73652284e-02
 -2.04074290e-02  7.67112896e-02  1.13122016e-01 -6.24979697e-02
  1.04706608e-01 -2.72257300e-03 -3.93370055e-02 -5.92705654e-03
  6.92689717e-02  1.64897740e-02  7.62564223e-03 -6.63981363e-02
 -6.68911031e-04 -2.63597667e-02 -5.99198788e-03  6.90218881e-02
 -7.66764432e-02  3.48911039e-03  3.61622162e-02  2.22372673e-02
 -1.07324593e-01  2.10982980e-03  3.22821513e-02 -5.60528971e-02
  1.74819101e-02 -7.99497291e-02  1.01672485e-02  1.70359630e-02
 -5.53129204e-02  1.45819306e-01  8.27508420e-02  6.40899912e-02
 -4.90513854e-02  1.77247617e-02  3.15902382e-02  1.18203536e-02
 -1.67384502e-02 -3.18007395e-02  2.57792398e-02  2.82582752e-02
  8.38118494e-02 -1.31547563e-02  9.90746394e-02  2.15111803e-02
 -4.53200005e-02  1.29784802e-02 -3.04026771e-02  2.71586478e-02
  5.22815958e-02  5.61274029e-02 -1.07997827e-01  2.91145267e-03]",3
proj_test,34,What did you learn?,This experience motivated me to join more trainings in the future.,This experience motivated me to join more trainings in the future.,positive,0.6369,True,"[ 2.26479303e-03 -9.23548080e-03  3.63599472e-02  6.86357841e-02
  3.98437977e-02 -3.15476619e-02 -4.12631519e-02 -2.93721724e-02
 -3.11353207e-02 -1.06496982e-01 -4.49956581e-02  2.14259177e-02
  4.34312820e-02  1.18572824e-01  3.32143679e-02  9.75420512e-03
  1.78251968e-04 -3.07284612e-02 -5.52963989e-04 -1.28634587e-01
 -6.79124221e-02 -3.43171433e-02  1.46676134e-02  2.68009733e-02
 -2.56246980e-02  2.04654094e-02 -1.73100792e-02 -1.70339886e-02
  2.66147149e-03 -3.34220789e-02 -3.56983468e-02  5.95775805e-02
 -2.27535833e-02  5.00890911e-02  1.31309521e-03  5.37232608e-02
  4.53799032e-02  2.65514981e-02  3.09675373e-03  3.29566561e-02
 -1.97700895e-02 -1.08409123e-02  3.23059186e-02  2.87690423e-02
  4.32367437e-02 -1.76554080e-02  5.32220490e-03 -6.34315535e-02
  1.04509192e-02 -8.65846779e-03 -3.40398364e-02 -1.05867147e-01
  4.29162607e-02 -2.21859775e-02 -4.09162231e-02  5.97566031e-02
  7.80946994e-03  7.95857981e-02 -8.27494338e-02  7.43722636e-03
 -5.76652288e-02 -2.24776920e-02 -4.86828238e-02  2.05063801e-02
 -6.37185350e-02  2.28934716e-02 -1.80259775e-02  1.05225205e-01
  3.66590992e-02 -9.25931409e-02 -2.45135520e-02  3.95577699e-02
 -7.25272000e-02 -1.64836124e-02  7.24401325e-02  8.15441161e-02
  3.41408290e-02 -9.35329497e-03  3.75753269e-02 -1.37366178e-02
  1.62596814e-02  9.57453474e-02 -3.27916560e-03  1.05016148e-02
 -1.46641824e-02 -6.55898005e-02  2.83925999e-02 -3.83094102e-02
  2.37499177e-02  2.77974047e-02  5.23491688e-02 -3.30213979e-02
 -7.41827637e-02  5.25969081e-02 -3.23216021e-02  1.50479879e-02
 -5.89922480e-02  7.58113265e-02 -2.14417353e-02  4.63986471e-02
 -2.15434395e-02 -4.47728001e-02 -1.54414885e-02  5.36689125e-02
 -4.05679606e-02  1.59006789e-02  1.72140438e-03  9.38463118e-03
  4.88054194e-02 -2.50456799e-02  1.53668197e-02  5.47456965e-02
 -3.28407101e-02 -3.04451622e-02 -3.60675119e-02  1.18390553e-01
 -6.73805922e-02  4.33860309e-02  5.21489047e-02  1.51674867e-01
 -4.64056209e-02  2.51321290e-02 -3.61752361e-02 -1.69086009e-02
  5.52455001e-02 -1.24041080e-01 -3.12390197e-02 -4.77833090e-33
  5.99615136e-03  4.83411029e-02  4.93756607e-02  4.24748696e-02
  9.37461630e-02 -6.98656961e-02  4.97355685e-03  2.49386616e-02
 -4.27319817e-02 -2.48014834e-03 -1.57498829e-02  9.71300304e-02
  3.77695784e-02 -2.18958091e-02  2.40429658e-02 -5.86548075e-02
 -9.48595703e-02  7.59171024e-02  2.56857276e-02  3.44572403e-02
  3.73136974e-03 -6.01153933e-02 -4.88754474e-02  4.68481705e-02
  2.51275543e-02  6.41847029e-02  3.34467702e-02  2.02921443e-02
  3.99199091e-02  3.13018784e-02  6.59829285e-03  5.60378656e-02
 -8.11148137e-02 -9.54790115e-02  6.27183355e-03  8.22965652e-02
  7.66549259e-02 -7.64470324e-02  2.97537120e-03 -5.87107204e-02
 -2.12626066e-02  3.68506741e-03  6.02364056e-02 -6.29701614e-02
  1.85679905e-02  1.16952294e-02  6.87934756e-02 -5.21187596e-02
 -7.23529235e-02 -3.84651730e-03 -8.68870392e-02 -4.83006164e-02
  3.19585875e-02 -3.44838314e-02  1.85774285e-02  2.09670584e-03
  3.72158885e-02  9.15381964e-03 -2.35948786e-02 -3.09194364e-02
 -1.18694548e-02  2.63028871e-02 -5.64502776e-02  4.02482972e-02
 -6.41390234e-02 -4.70668860e-02  6.65132701e-02 -1.74418576e-02
  8.79339576e-02  4.51815920e-03 -8.07134137e-02 -1.51638146e-02
 -4.11078297e-02 -4.55622114e-02  2.04670932e-02 -6.32539913e-02
 -4.52249497e-02 -3.83959599e-02  1.50572611e-02  6.95232861e-03
  7.89714903e-02  1.69134792e-02 -2.27360707e-02  5.39226271e-03
  1.77685708e-01  5.54341264e-02  4.27255034e-02 -1.42412975e-01
 -1.84528390e-03  7.49843046e-02 -3.06621064e-02 -2.83610504e-02
  5.94025552e-02  7.14256465e-02 -1.06558464e-02  3.14730347e-33
  6.21455275e-02  3.28903273e-02  4.39459633e-04 -3.97717394e-02
  9.77555290e-02 -1.38855046e-02  6.32151812e-02  9.47908536e-02
 -2.61741765e-02  4.09398004e-02  3.55633423e-02  1.80700310e-02
  2.27292422e-02  6.63116649e-02 -6.37378693e-02 -5.52320741e-02
 -5.08524515e-02  6.66253865e-02  8.41979310e-03  6.41729170e-03
  1.74467582e-02  1.04132988e-01  1.19580962e-02  9.59318317e-03
  2.41486337e-02  2.64840592e-02  1.26685062e-02  1.07230566e-01
 -1.15998834e-02  9.48325917e-03  3.64749134e-02  9.77339968e-03
 -5.49847335e-02 -4.01463211e-02 -2.63970438e-02  7.12308139e-02
  6.72668442e-02  2.16337349e-02  9.30382684e-03  1.56299770e-02
  2.05794834e-02 -4.43695523e-02 -9.06604156e-03  9.37494915e-03
 -5.05553931e-02 -5.11664040e-02  5.79349399e-02 -4.43572327e-02
 -5.71049601e-02 -5.85149694e-03 -4.90150787e-02 -1.19775617e-02
 -3.00950501e-02 -1.01178586e-01  1.43373180e-02 -5.32559641e-02
  3.81716527e-02 -6.68014959e-02 -5.87747470e-02 -2.38997862e-02
 -4.68334071e-02  3.68401483e-02 -2.20903140e-02  4.58157659e-02
  5.61479367e-02 -6.54547662e-02 -3.26053947e-02  1.00273959e-01
 -8.54487941e-02  2.13257018e-02 -5.42674726e-03  5.11436462e-02
 -1.37329446e-02  4.72052507e-02 -1.03131779e-01 -1.03507742e-01
  1.45013714e-02 -3.03437766e-02 -1.04578525e-01  3.41007463e-03
 -9.71126854e-02 -7.60641098e-02  1.62711237e-02  6.18965887e-02
  4.10324670e-02  1.39845803e-01  2.41774116e-02  3.13816145e-02
 -1.56846810e-02 -9.13558155e-02 -5.49886860e-02  2.48605222e-03
  2.22399943e-02  3.19449045e-03  2.47098468e-02 -2.25475336e-08
 -7.12942183e-02  5.03374673e-02 -7.74384066e-02  4.99947108e-02
  5.87750189e-02 -3.88369076e-02 -1.20631665e-01  7.50363991e-02
 -4.81567979e-02 -1.82498470e-02  2.40478683e-02 -2.25910433e-02
  2.35067084e-02  4.55498397e-02  1.20698221e-01  4.61777188e-02
  5.49278557e-02  4.52939309e-02 -1.44402934e-02 -1.48039646e-02
  1.79370865e-02  2.75065135e-02 -2.72788163e-02 -2.27508508e-02
 -4.74152714e-02 -1.75859947e-02 -2.48809289e-02  6.12244941e-02
  9.80265625e-03 -4.30848375e-02 -4.83711511e-02 -1.69627778e-02
 -3.11969314e-02 -3.63796949e-02  8.60187225e-03 -9.92725417e-03
 -1.54461414e-02 -7.20694140e-02 -5.69681544e-03 -4.53311671e-03
 -1.05459161e-01 -1.83493067e-02  6.80030510e-02  6.51526302e-02
 -3.83571051e-02  4.72070687e-02  9.81735997e-03  1.58549678e-02
 -9.21996718e-04  9.79226432e-04  8.01527873e-03 -2.33264081e-03
  9.68029257e-03  1.42486335e-03  5.99666387e-02  3.16584622e-03
 -2.77318452e-02 -1.89088844e-02 -5.49173504e-02  9.61239710e-02
  5.94133046e-04 -8.75744224e-02 -1.03694364e-01  3.21350731e-02]",3
proj_test,35,What did you learn?,I became more aware of European values and active citizenship.,I became more aware of European values and active citizenship.,positive,0.6597,True,"[ 8.76249820e-02  1.98419336e-02 -8.56456533e-02 -2.95506828e-02
  4.87457700e-02  2.58017867e-03  2.96195764e-02 -1.33043602e-02
 -4.21949923e-02 -4.28021513e-02  4.56312783e-02 -1.99611653e-02
 -1.33553501e-02  4.72734775e-03  6.48061112e-02 -2.19276594e-03
  1.17320037e-02  3.63118090e-02 -8.86866972e-02  6.40888559e-03
 -1.23339191e-01 -2.60260049e-02  3.13626043e-02  7.77946413e-02
  6.41333759e-02  6.39605941e-03  8.99276212e-02 -5.94375364e-04
  5.34844548e-02  9.24013369e-03 -2.68218480e-02  3.81141901e-02
  2.19759606e-02  8.78863677e-04  1.21424710e-02 -4.10944447e-02
  1.12006396e-01  9.60319117e-03 -5.55373207e-02 -8.38103592e-02
  2.46644393e-02 -7.25383088e-02  2.87407059e-02  1.89321451e-02
  4.13917340e-02  7.35652447e-02 -1.98218413e-02 -2.31383834e-03
 -3.67332771e-02  5.93044050e-03  4.67313342e-02  5.34903333e-02
  7.49057997e-03 -5.13713248e-02  8.79969634e-03  3.41662616e-02
  7.34174671e-03  5.37130609e-02  1.74906254e-02  8.33122805e-03
 -3.50367613e-02 -3.84545997e-02  4.64417227e-03  7.21206442e-02
 -5.62155806e-02 -1.89560391e-02 -5.93716539e-02 -5.68016246e-02
 -7.57280588e-02 -8.71584937e-02 -3.13898996e-02 -2.19966397e-02
 -5.38534075e-02 -3.56827909e-03  4.31139506e-02 -4.70151640e-02
  1.17672933e-02 -4.14425358e-02 -3.55881304e-02 -5.28295524e-03
  4.70899045e-02  7.06291944e-02 -1.02015764e-01  6.64418191e-02
  3.33991386e-02 -1.08103007e-01  2.33776998e-02 -5.55097312e-02
 -5.98815596e-03  4.19194736e-02  4.46761735e-02  7.75320921e-03
  2.41068322e-02  2.81292107e-02  1.19695310e-02 -6.09662049e-02
  7.35086948e-03  7.76825845e-02 -7.78683322e-03  4.61839437e-02
 -3.81980091e-02 -2.59571485e-02  1.20232273e-02  7.50640919e-03
 -5.12303226e-02 -4.13953625e-02 -2.56217178e-02  3.06958407e-02
  9.25756118e-04 -2.23658103e-02 -7.21794963e-02 -5.52427396e-03
 -2.50544883e-02 -1.49717396e-02  7.91766495e-02  1.39437607e-02
  3.91424522e-02 -3.04545034e-02  5.30968904e-02 -9.50401649e-03
  9.22960341e-02  3.42232846e-02 -4.40242030e-02  3.03639770e-02
 -1.88369192e-02  6.60635671e-03  9.65663639e-04 -2.80295140e-33
 -7.48406872e-02 -1.95445847e-02  5.61533011e-02  9.35908258e-02
 -6.01360872e-02  2.32374351e-02 -6.55576363e-02  1.03464955e-02
 -8.34407657e-03 -7.48070925e-02  2.23577186e-03  1.58281580e-01
 -2.02388573e-03  1.00012422e-02 -3.53303738e-02  4.56693061e-02
 -8.36966187e-02  1.96258575e-02  4.85746711e-02  7.52421543e-02
  7.19425827e-02  2.42302418e-02  7.37905353e-02  3.18584964e-02
  2.90961619e-02  5.07001823e-04  1.41978180e-02 -1.77600700e-02
  3.38092656e-03  3.36764660e-03  1.88050214e-02  3.87240574e-02
  1.17802536e-02 -1.78423934e-02 -2.24597845e-02  1.29269645e-01
  2.88696159e-02 -7.94405043e-02  1.79990698e-02 -1.55325579e-02
  1.05642201e-02  2.18090527e-02  6.40961528e-02  3.23644206e-02
  4.07272950e-02 -3.35042514e-02  7.59600196e-03 -2.19552848e-03
  4.09071753e-03  2.86281612e-02 -5.76609448e-02 -2.60125492e-02
 -1.38641819e-02 -6.01351708e-02 -1.81057882e-02  3.55875306e-02
 -4.15734760e-02  9.36120525e-02 -7.19881579e-02 -5.24382330e-02
 -7.72328079e-02  2.24658102e-02  1.26913087e-02  3.32743041e-02
 -2.20357124e-02  7.83833414e-02 -1.57234259e-02  6.77390248e-02
 -5.79538867e-02 -4.80777472e-02  1.12771662e-02  1.88953709e-02
  2.18458697e-02  5.09412866e-03 -1.39496729e-01  5.88713549e-02
  2.06051338e-02 -3.28361243e-02  1.65688153e-02 -7.90369064e-02
 -1.07359029e-02 -4.14031465e-03 -9.97393974e-04  4.85008247e-02
  9.96970311e-02  9.75116994e-03  1.06071785e-01 -7.69710764e-02
  4.00668383e-02  2.65952200e-02 -2.51401402e-02 -5.53239062e-02
  2.18658950e-02 -3.60851437e-02 -1.15267463e-01  1.55379507e-33
  1.22232223e-02 -6.48592412e-02 -2.26058010e-02  6.83027580e-02
  6.17732704e-02  3.09805223e-03 -3.22561562e-02  1.42349359e-02
 -1.87548678e-02 -1.20087545e-02  6.74346238e-02 -4.46271375e-02
 -9.94739868e-03  5.38736917e-02 -1.65366419e-02  6.46603620e-03
  5.30791422e-03  1.34808933e-02  5.09848297e-02  5.20397425e-02
 -6.08354248e-02  1.14272758e-01 -5.73082566e-02  9.36972201e-02
 -2.60259192e-02 -1.02942800e-02 -5.80967218e-02  4.50170692e-03
 -4.84755263e-03 -1.17986813e-01 -3.66783775e-02  2.16156933e-02
  6.64331112e-03  2.43290812e-02 -1.81265306e-02  7.29818717e-02
  1.65947508e-02 -7.09053278e-02  7.12039415e-03  7.12239519e-02
 -1.15929060e-01 -6.53380854e-03 -6.03916049e-02  3.63026634e-02
  1.30239315e-02  1.43305631e-02  1.86323375e-02  2.87347436e-02
 -3.71805467e-02 -2.27396917e-02  1.21542569e-02 -3.11615281e-02
 -2.73197964e-02  1.26023171e-03 -3.91176268e-02 -6.67478889e-03
  4.92503121e-02 -6.77943826e-02  9.02825519e-02  4.14675480e-04
 -3.63614112e-02  7.56072029e-02 -3.58066037e-02  6.03462616e-03
  4.53811279e-03 -8.60716924e-02 -6.67194948e-02  9.44992602e-02
 -8.80626738e-02 -1.33445775e-02  1.64738223e-02 -8.05796757e-02
 -7.42200390e-02 -4.69573922e-02 -6.77558407e-02 -1.53302535e-01
  8.70092958e-03  3.72286104e-02 -2.87247356e-02 -4.55556400e-02
 -4.63357680e-02 -8.82453173e-02  1.54178198e-02 -6.11668173e-03
  1.39808236e-02  1.38607398e-01 -4.89728786e-02 -6.95476755e-02
  1.16880752e-01 -2.39560450e-03 -1.13276318e-01 -3.30079836e-03
 -9.47264731e-02 -2.38536615e-02 -2.62216777e-02 -1.77747985e-08
 -5.81957437e-02  3.27829756e-02 -5.33509031e-02  9.98674110e-02
 -1.18614417e-02 -1.84701439e-02 -9.95743424e-02  9.02114213e-02
 -6.10871688e-02 -1.56019218e-02 -9.04236510e-02 -1.42206866e-02
  5.25083840e-02 -1.88586693e-02  6.75131530e-02  4.02140282e-02
  6.00600354e-02 -1.55447889e-02  2.97982227e-02  1.53430670e-01
  3.35864313e-02  6.36958927e-02 -1.00169769e-02 -7.58236572e-02
 -5.11217639e-02  2.43172678e-03 -5.98636717e-02 -1.26385251e-02
 -1.80195872e-04 -1.62889060e-04 -9.74836200e-03 -5.80356177e-03
 -5.31183667e-02 -1.44763300e-02  3.69845591e-02  3.39082405e-02
 -5.08409142e-02  1.80679234e-03  2.67500207e-02 -1.19643835e-02
 -2.06121784e-02  5.59877940e-02 -3.82805280e-02  5.55156060e-02
 -2.77905334e-02  3.30145732e-02  1.80179048e-02  8.05249661e-02
 -8.26153439e-03 -4.41858405e-03  1.51345534e-02  6.29316941e-02
  5.68108782e-02  1.80421695e-02  9.12277475e-02 -3.16226073e-02
  4.78325337e-02  9.74540412e-02  6.00353777e-02  3.69225405e-02
  4.64888029e-02 -4.80090827e-02 -7.05991536e-02  5.85974241e-03]",0
proj_test,36,What did you learn?,I improved my digital skills while preparing content with the group.,I improved my digital skills while preparing content with the group.,positive,0.4767,True,"[-1.34032778e-02 -3.57051403e-03  2.98025808e-03 -3.42184003e-03
 -2.53656041e-02 -5.23559451e-02  2.07664613e-02 -1.33809401e-02
 -4.94221114e-02  2.80216592e-03  3.74728031e-02  7.87004456e-02
  3.87813523e-02 -2.38828151e-03  3.82626690e-02 -5.18773422e-02
 -6.68049790e-03  2.31959317e-02 -7.95549825e-02 -1.07823417e-01
 -6.31578788e-02  2.01294548e-03  6.51068836e-02 -3.95131037e-02
  1.28367380e-03  3.80556174e-02 -6.35941774e-02 -9.41965636e-03
  1.27915561e-01 -9.74211916e-02 -7.82018378e-02  4.89699692e-02
  1.25846460e-01  3.47394571e-02 -3.62455100e-02  8.26151371e-02
  9.28096622e-02  2.18912344e-02  8.98648426e-03 -2.93472204e-02
 -1.95566397e-02 -3.63073274e-02  5.43512031e-02  1.79594588e-02
  1.62954703e-02  8.49185046e-03  2.07756516e-02  3.63117619e-03
 -3.39558236e-02  4.33152020e-02  1.35142151e-02 -1.25472900e-02
 -5.95914107e-03  5.53860795e-04 -4.52915542e-02  5.43210842e-02
  7.69935399e-02  6.35973811e-02 -4.38260054e-03 -7.05591440e-02
 -2.80252881e-02 -3.57503816e-02 -1.22112585e-02  9.44177583e-02
 -1.54148065e-03  4.35727611e-02  1.15242517e-02  3.51730175e-02
  2.49332879e-02 -1.91879049e-02 -2.57058218e-02  1.06432394e-03
 -6.80804765e-03  1.13268137e-01  6.98327497e-02 -3.53351273e-02
  2.50282772e-02 -9.36416313e-02  3.99786950e-04  7.44384620e-03
  5.95597290e-02  1.18968086e-02 -2.86481157e-02  5.83571009e-02
 -4.20723408e-02 -3.91567722e-02  3.28621157e-02 -1.20381042e-02
 -3.65044363e-02 -4.90017645e-02  6.46371469e-02  8.03081393e-02
 -6.77319104e-03  3.25848684e-02 -5.89324608e-02 -7.14584440e-02
  2.46877968e-02 -9.65234451e-03  2.08724402e-02  7.51714110e-02
  3.85435410e-02  2.54359306e-03 -4.38168719e-02 -6.57087043e-02
 -8.18556920e-02 -5.99685013e-02  2.07844120e-03  8.36407393e-02
 -3.73641029e-02 -2.18713265e-02 -2.41312180e-02  7.22198933e-02
 -1.04619347e-01  2.89097778e-04  3.53469029e-02 -1.92400515e-02
 -5.25094159e-02  6.22528940e-02  2.26097051e-02 -1.24152284e-02
  8.44988003e-02  5.82526177e-02 -9.99782700e-03  4.98943366e-02
 -2.50365417e-02 -6.46258891e-02 -2.34183595e-02 -4.20858642e-33
  8.79688412e-02  5.03040329e-02  1.33405384e-02  1.18729055e-01
  5.67879416e-02 -6.87233731e-03 -3.27946693e-02  5.23724593e-02
 -5.96406646e-02 -2.16145869e-02  5.14768958e-02  7.42940381e-02
 -1.03523377e-02  3.59541830e-03  1.13951219e-02  2.71301181e-03
 -8.26532096e-02  1.74062680e-02  1.60010681e-02  4.08391207e-02
  4.91442811e-03 -5.11409976e-02 -1.45319471e-04  3.06472350e-02
  1.10260686e-02  9.94441062e-02 -3.73940519e-03 -1.56606436e-02
  6.23000674e-02  1.86979640e-02 -2.64686979e-02 -2.15288028e-02
 -2.68937647e-02 -3.91930304e-02  2.60968599e-02  1.00179732e-01
  5.61007783e-02 -1.12138897e-01  2.95083504e-02  5.92789873e-02
  8.21424369e-03  2.92099942e-03  6.65492192e-02 -5.47323562e-02
  6.67675864e-03  5.93263842e-02  9.08145402e-03 -2.91886330e-02
 -6.39636144e-02  5.83263375e-02 -7.70431086e-02 -8.35566502e-03
 -2.64385454e-02 -6.28137365e-02 -7.29679782e-03 -9.29512177e-03
  1.01041356e-02 -1.10850325e-02  4.70751785e-02  1.73645485e-02
  4.99901921e-02  6.44602254e-02 -5.59054576e-02  3.46722230e-02
 -4.08244319e-02 -1.03738634e-02  7.17345551e-02 -2.10579634e-02
  1.01107463e-01 -9.27302688e-02 -7.68134743e-02 -1.56595930e-02
 -5.59643693e-02 -2.08570175e-02 -6.94961986e-03 -4.48898934e-02
 -8.85739177e-02 -9.11657512e-03 -3.47657613e-02 -1.44175254e-02
  1.23495817e-01 -1.80918314e-02 -6.63245991e-02 -8.30211788e-02
 -3.14861583e-03  1.52793871e-02  5.28942943e-02 -8.62619206e-02
 -3.39370370e-02  4.87757288e-02 -1.07464409e-02  2.46106051e-02
  3.72301019e-03  2.70182230e-02 -5.15193790e-02  2.91021269e-33
 -4.67659794e-02  9.57089849e-03  1.12618217e-02  9.03105587e-02
  4.27127331e-02 -6.16067946e-02  3.30644734e-02  7.61566451e-03
  5.08681610e-02  4.45142314e-02  3.82546410e-02  3.14282700e-02
 -7.45505616e-02 -3.33297141e-02 -8.58598351e-02 -2.26122607e-02
 -6.58748746e-02 -1.44772753e-02 -1.57937407e-02 -4.18134853e-02
 -3.36607769e-02  5.99168949e-02 -2.73049111e-03  8.12570900e-02
  7.02143610e-02  3.45364437e-02 -5.91672398e-03 -9.40891169e-03
  6.00897074e-02  4.56330962e-02  1.08854629e-01 -4.57860008e-02
 -8.43521729e-02  4.54469956e-03  2.06499873e-03  4.17241827e-03
  2.42924001e-02 -2.92646438e-02 -3.15654837e-02 -2.61184443e-02
  7.68841663e-03  6.85817078e-02 -3.01750526e-02  1.00195417e-02
 -4.35668230e-02 -1.17445411e-02  1.66388936e-02 -2.53473166e-02
 -2.20116209e-02  7.06153512e-02  1.76995378e-02 -3.37361880e-02
  1.85585786e-02 -1.05875440e-01  3.21373306e-02  3.42510231e-02
  7.68706501e-02 -1.07499823e-01  2.14908887e-02  2.18727347e-02
 -6.75865933e-02  3.85379158e-02 -6.11653887e-02 -1.04367109e-02
  3.57210450e-02 -1.04780272e-01  4.81683994e-03  1.19350344e-01
 -1.15650117e-01  3.13327983e-02 -2.03452427e-02  1.52522009e-02
  2.35686619e-02 -7.17943981e-02 -5.41525148e-02 -8.88950676e-02
 -8.21649879e-02  6.69864714e-02 -8.31282884e-02  5.03398776e-02
 -5.68992794e-02  8.09290074e-03 -1.22590549e-02  4.16851416e-02
 -2.85598147e-03  9.68284160e-02  5.08139990e-02  1.16082188e-02
 -4.77577262e-02 -5.34184948e-02 -3.97389457e-02  4.83421646e-02
  7.49998912e-03 -3.33229289e-03 -5.64685725e-02 -1.93405327e-08
  5.02660987e-04  3.06032393e-02  1.25843892e-02  3.69200483e-02
  5.55487908e-02  1.51436660e-03 -9.10684764e-02  7.39618093e-02
 -2.74145026e-02 -4.32977304e-02 -4.47079167e-02 -6.39932752e-02
  2.80527435e-02 -3.73954978e-03  1.73986971e-01 -2.34802570e-02
  3.48158404e-02 -2.46749874e-02 -8.75001214e-03 -6.45099580e-02
  1.16898715e-01  3.57558876e-02 -3.08399387e-02 -8.51223394e-02
 -2.39241477e-02  7.49714151e-02  1.95883140e-02 -1.38203241e-02
 -8.30836520e-02 -1.46895284e-02 -2.98793018e-02  5.13365911e-03
 -1.03252038e-01  2.98422035e-02  1.13981245e-02 -3.94298472e-02
 -2.17574630e-02 -4.05606590e-02  2.71112025e-02 -3.63631570e-03
 -2.75828615e-02  6.07306920e-02  1.00398235e-01  8.38302970e-02
 -2.71789134e-02  1.33318994e-02  2.30235197e-02 -4.60281931e-02
 -1.36638917e-02 -5.92257902e-02 -8.82945769e-03  2.04892531e-02
 -9.02077369e-03  5.46769425e-02  2.99490839e-02 -1.26134092e-02
  5.34332730e-02  8.45860690e-02 -4.31854464e-02  4.63988073e-02
 -5.96096879e-03  3.39058265e-02 -1.36980727e-01 -2.51959655e-02]",3
proj_test,37,What did you learn?,I now understand cultural differences much better.,I now understand cultural differences much better.,positive,0.4404,True,"[ 1.06887184e-01  6.12055846e-02  1.43792771e-03 -2.62122452e-02
  3.58859487e-02 -9.77302268e-02 -1.73793044e-02 -6.87112957e-02
  4.38108742e-02 -4.45261933e-02  7.18524158e-02 -9.38604679e-03
 -5.03072701e-02  4.68828604e-02  4.46727164e-02 -8.77039731e-02
  2.03956123e-02  3.98202799e-02 -7.49604627e-02 -1.92252814e-03
 -1.01296782e-01 -1.53088728e-02  5.91367632e-02  3.64195630e-02
  2.79707350e-02  1.54465940e-02  3.59115675e-02  5.12622409e-02
  9.03344825e-02  3.14223021e-03 -1.00003984e-02  1.10409983e-01
  3.41508053e-02 -1.08395396e-02 -6.52526319e-02  5.31133227e-02
  2.17644721e-02  5.61750829e-02  2.26360429e-02  2.08851229e-02
 -8.29585828e-03  1.57928616e-02  3.17920186e-02 -5.58463894e-02
  3.93677354e-02  9.96885374e-02 -4.63630334e-02  7.31279776e-02
 -4.62028198e-02 -7.56612374e-03 -7.77641963e-03  1.53812505e-02
 -5.89695480e-03 -4.32182811e-02  7.10410848e-02  2.26706490e-02
  2.65826713e-02  6.55680522e-02 -3.33220176e-02  1.88666545e-02
 -6.55759946e-02 -3.56874466e-02  3.20833512e-02  6.78350106e-02
 -2.55470090e-02 -2.56499499e-02 -5.06169163e-02  8.15540366e-03
 -7.18807653e-02  3.77552514e-03 -5.72410971e-02  8.22825357e-02
  2.33257692e-02  7.85560682e-02 -2.92382576e-02 -1.11153834e-02
  3.11597772e-02 -2.73055211e-02 -1.02749355e-01 -9.70878266e-03
  3.16318460e-02  3.13450359e-02 -2.65699215e-02 -4.21623811e-02
  2.00663619e-02 -6.69360682e-02  8.81430320e-03 -2.42249444e-02
 -4.28347811e-02 -8.02006479e-03  1.13072735e-03  3.94467711e-02
  3.98450671e-03  6.59365579e-02  3.89913321e-02 -4.73990925e-02
  1.97238591e-03  8.93241242e-02 -6.26751175e-03  7.54978806e-02
  4.38758209e-02  2.27597519e-03 -2.41185296e-02  2.87013538e-02
 -3.20048891e-02 -4.10957672e-02  1.68700349e-02  3.77140157e-02
 -7.24049062e-02 -6.75006807e-02 -8.99846293e-03  1.25979446e-02
 -8.45935494e-02  5.03455326e-02  3.71614136e-02 -1.26566691e-02
  6.49160519e-02 -1.00122662e-02  7.82042220e-02 -2.64038462e-02
  1.66484062e-02 -5.67383366e-03 -3.87506485e-02 -4.31634625e-03
  9.75048821e-03 -5.25137186e-02  5.22552012e-03 -3.28132085e-33
 -8.11327528e-03 -6.74314871e-02  3.93228903e-02 -9.48425010e-03
  4.99293767e-02 -6.80806814e-03  3.86021845e-02  3.85731161e-02
  5.50925359e-03 -5.00995368e-02  6.55257776e-02  5.99319637e-02
 -5.19467071e-02 -3.47146280e-02 -1.06669022e-02  2.62247585e-02
 -1.19135126e-01  1.33209629e-02 -1.60164107e-02  7.28858039e-02
  1.57462321e-02  5.38764894e-02  4.26287279e-02 -1.26527548e-02
  6.87681232e-03 -3.21651786e-03  8.55194703e-02  2.25028340e-02
 -2.70480439e-02 -2.61465665e-02  3.27273123e-02 -3.29493247e-02
  8.64288956e-03 -1.76057536e-02  9.86890215e-03 -2.87503321e-02
  9.95028019e-02 -7.19589293e-02 -6.58764988e-02 -5.81032224e-02
 -1.81656051e-02 -1.20189907e-02 -4.10129316e-02  6.72053825e-03
  3.24182622e-02  9.90697443e-02  2.47486625e-02 -6.70789406e-02
 -7.63604343e-02  7.64784636e-05 -5.33794127e-02  2.90739145e-02
  2.78626978e-02 -2.23220233e-02  9.69013944e-03  3.54837328e-02
  4.47682515e-02  4.31478173e-02 -3.56264561e-02  2.47390568e-03
 -3.60821448e-02  4.28740159e-02  6.44770637e-02  1.91735681e-02
  6.01837188e-02  4.71800156e-02  2.31128484e-02  3.95136960e-02
 -4.00740802e-02 -5.96379228e-02 -7.17865825e-02  6.90402277e-03
 -1.15572084e-02  8.25352967e-02 -6.56311437e-02  3.07709835e-02
 -5.51941991e-02 -5.33686765e-02  8.50765482e-02 -6.88624233e-02
 -1.34814000e-02  1.69357266e-02  1.05820941e-02 -2.63089444e-02
  1.36834476e-02  4.23878878e-02  1.13711052e-01  1.65719166e-02
  1.28670245e-01 -1.55454082e-02 -1.85357500e-02 -2.65938770e-02
  6.68542758e-02 -6.30151704e-02 -4.64422582e-03  2.60054358e-33
 -3.80365690e-03 -2.76980791e-02 -3.32739800e-02  9.00761262e-02
 -9.11956746e-03 -1.36610446e-02  3.75007354e-02  7.14069530e-02
  2.22321618e-02  1.30262999e-02  2.80542076e-02 -4.75524142e-02
 -3.42989080e-02  9.21076015e-02  2.09623408e-02 -7.66734779e-02
  8.40002820e-02  8.10597688e-02  3.43189095e-05  8.92755166e-02
 -5.45678586e-02  1.57261178e-01 -1.04586944e-01  6.11746013e-02
 -1.14168391e-01 -1.01831444e-02 -8.56336579e-03  5.86119778e-02
 -5.44594675e-02 -4.66719940e-02  3.61786261e-02 -3.51935439e-02
 -3.78330089e-02  1.36450557e-02 -5.69988154e-02  2.88839941e-03
 -4.80046868e-02 -9.86139178e-02  6.94377394e-03 -1.87617037e-02
 -5.24494797e-02  1.80882849e-02 -6.58482835e-02  8.17881618e-03
  1.60643794e-02  4.90121692e-02  7.89707061e-03  2.48038583e-03
 -5.02585247e-02 -8.74553341e-03  1.70805659e-02 -5.84364533e-02
 -1.77132506e-02 -1.26313567e-01  3.01821213e-02 -6.49180934e-02
  6.81459978e-02 -1.15042433e-01 -6.74591884e-02 -2.38444619e-02
 -2.04332825e-02 -1.71379466e-02 -3.13666388e-02  3.61521952e-02
 -3.42375413e-02 -3.79760526e-02 -1.74964108e-02  7.88048282e-02
  4.96320911e-02  2.22046040e-02 -3.53819109e-03 -6.85957000e-02
 -1.14115782e-01 -5.12739122e-02  5.00931256e-02 -1.71629861e-02
  1.23510212e-02  3.79761793e-02  1.59891410e-04 -2.04715971e-02
 -5.77977672e-02 -5.65829575e-02 -3.57011892e-02 -2.25485899e-02
  7.29725370e-03  1.63021803e-01 -8.72194022e-02 -2.31020395e-02
  7.32006133e-02  4.76093777e-03 -2.93338243e-02 -2.03215461e-02
 -6.47375733e-02  6.43948931e-03 -5.49796633e-02 -2.01413268e-08
 -7.65602440e-02 -5.35540879e-02  1.02032758e-02  2.83551123e-03
 -7.93125574e-03  6.72691911e-02 -9.23554525e-02  5.98701537e-02
 -4.24012877e-02  3.50653641e-02 -7.28460401e-02  3.93681191e-02
  2.42292900e-02  4.09481376e-02  4.25901823e-03  7.50337318e-02
  4.04127128e-02  5.33090765e-03  4.77548018e-02  1.38992652e-01
  4.65870515e-04  5.20008653e-02  1.59050785e-02 -1.69637389e-02
 -5.92506714e-02 -2.20002723e-03 -1.43721476e-01  7.10640103e-03
 -3.70008647e-02 -1.59501880e-02 -1.61102246e-02  1.04137473e-02
 -5.95295690e-02 -2.83392351e-02  5.40771373e-02 -1.93424039e-02
 -5.35257570e-02 -5.93895745e-03  9.89527106e-02  3.02221477e-02
  3.21322344e-02 -5.52889220e-02 -1.66914649e-02  4.19385768e-02
 -3.98591086e-02 -3.93889695e-02 -7.52738910e-03  4.11468260e-02
 -8.34780931e-02  1.98871992e-03  4.75056320e-02  3.88082713e-02
  2.00952087e-02 -6.76691998e-04  1.46188810e-01 -9.60043594e-02
 -9.24022309e-03  2.09466107e-02  6.35394454e-02  9.93698761e-02
  6.08946756e-02  3.73836644e-02  3.37095186e-02  1.07938228e-02]",0
proj_test,38,What did you learn?,I learned that I am capable of much more than I thought.,I learned that I am capable of much more than I thought.,positive,0.3818,True,"[ 8.86318758e-02 -8.05927888e-02 -5.09362668e-02  6.13446645e-02
 -4.99227121e-02 -3.21049243e-02  9.17400196e-02  5.22045977e-02
 -4.13524034e-03  6.31393772e-03  3.63247981e-03  2.25395691e-02
 -2.28209831e-02  2.54163723e-02  3.80014330e-02 -4.74311132e-03
  1.84773616e-02  1.30377505e-02 -7.80141354e-02 -1.90327894e-02
 -1.57651566e-02  3.41831408e-02  6.93755522e-02 -6.29209401e-03
 -8.36439244e-03  5.28331622e-02 -6.71206638e-02 -2.48465296e-02
  1.96986943e-02 -2.74245907e-02 -3.23701091e-02 -2.09739618e-02
  1.10677471e-02 -4.15193811e-02 -2.61628758e-02  1.59748755e-02
 -2.72008423e-02 -2.50151381e-04  5.21387011e-02 -2.49162484e-02
  3.17717902e-02  1.93018932e-02  1.78722870e-02 -1.69121791e-02
  4.27592342e-04 -2.56554559e-02 -3.75638492e-02 -5.28195910e-02
  4.27301303e-02 -4.98261042e-02 -6.29881993e-02  1.98297184e-02
 -2.75507346e-02  3.57335364e-03  4.63741943e-02  2.96149869e-02
 -5.37976958e-02  4.73446473e-02 -3.10761407e-02  9.33678914e-03
 -4.75554913e-02 -1.81688741e-02 -3.60316671e-02 -3.42851132e-02
  5.96554112e-03  3.90783697e-02 -4.54798713e-02  1.83995143e-02
 -9.27553698e-02  1.48460791e-02 -2.76768412e-02  4.63756770e-02
 -3.55977751e-02  2.24786066e-02  8.58698264e-02 -6.40095398e-02
  3.32377665e-02 -1.92069858e-02  1.88101381e-02  8.30337480e-02
 -2.28118431e-02  7.40539804e-02 -1.86722763e-02  4.92663942e-02
  1.13298921e-02 -2.82892641e-02  4.11130376e-02  6.05537593e-02
  1.69366188e-02  2.99717132e-02  3.21268551e-02 -1.97309032e-02
 -2.15303134e-02  3.42369340e-02  1.80042591e-02 -4.24317375e-04
 -1.22324049e-01 -3.00702434e-02 -6.49115592e-02  1.22994278e-02
  2.37156637e-03 -2.71157231e-02  4.49565463e-02 -1.27483122e-02
 -2.10840832e-02  1.82776316e-03 -3.58802415e-02  7.01839626e-02
  4.20395620e-02 -3.46185975e-02 -1.97673123e-02  1.43331289e-02
  2.46434230e-02  7.52020478e-02  3.10635613e-03  1.11896388e-01
 -7.93982297e-02 -2.15252135e-02 -1.67720672e-02  5.52151911e-02
 -2.22309885e-04  3.91216427e-02  7.87824169e-02  1.53964814e-02
 -4.34707813e-02 -1.59888700e-01 -7.31598629e-05 -5.92524862e-33
  3.17957811e-02  2.60683335e-02  1.23192653e-01  7.27706701e-02
  6.50869776e-03  2.78977770e-02 -4.30517271e-03  3.13183852e-02
 -4.51154262e-02 -7.26539642e-03  5.68149872e-02  4.95281219e-02
 -2.37601604e-02  5.67234680e-02  2.19584331e-02  3.60572487e-02
 -9.76433977e-02  1.44155305e-02  3.69742624e-02  4.25090268e-02
  6.04899973e-02 -4.21025008e-02  9.31301445e-04 -6.87810034e-02
 -4.11112967e-04  4.52831155e-03  3.20998169e-02  9.34563875e-02
  5.40074799e-03  1.44211538e-02  2.28357241e-02  6.05649129e-02
 -7.19811814e-03  1.20569132e-02 -2.12894771e-02 -1.33467056e-02
  9.86733660e-03 -6.37659207e-02  3.46894823e-02 -8.32672045e-03
  1.53572913e-02 -5.07737696e-02  7.76648223e-02 -1.83841269e-02
 -4.78377230e-02  4.62524518e-02  5.13194390e-02 -6.72558993e-02
 -1.96034610e-01  2.27971096e-02 -7.38606527e-02 -4.94694011e-03
  4.51886356e-02 -5.46750277e-02  7.63114244e-02  6.62997663e-02
  1.19703740e-03  1.12109169e-01 -5.91996759e-02  9.09503773e-02
 -8.84904191e-02  1.89029034e-02  7.08498119e-04  8.68907943e-02
 -4.97069247e-02  6.67440817e-02 -2.29314473e-02  3.95450629e-02
  7.22282007e-02 -1.72515679e-02 -3.89956757e-02 -4.17464674e-02
 -4.45730388e-02 -2.57285368e-02 -5.60190454e-02 -9.24587920e-02
  3.13955732e-02 -4.37674820e-02  1.77286975e-02 -2.76435986e-02
 -2.29706755e-03 -2.46750358e-02 -7.29240198e-03 -6.51127240e-03
  8.96673575e-02 -3.24985152e-03 -2.75961943e-02 -6.20149374e-02
  9.79663208e-02  3.99828656e-03  9.42370296e-03 -6.08499609e-02
 -6.48798142e-03 -9.56575722e-02 -1.33769155e-01  3.49519727e-33
 -1.05686961e-02 -2.31227875e-02 -1.19957719e-02  2.84793712e-02
  2.24829260e-02 -2.11933795e-02  2.68403087e-02  5.56562021e-02
 -8.90862942e-02 -2.56360751e-02  1.08106714e-02  1.37205236e-02
 -1.40618561e-02 -1.20979259e-02 -8.64773542e-02 -3.39775123e-02
 -6.43740669e-02 -1.22381486e-02  4.33526933e-02 -2.08698250e-02
 -5.81966974e-02  1.17823919e-02  4.59212363e-02  9.59282443e-02
 -3.00894100e-02  4.41950299e-02  3.57806645e-02  4.34619784e-02
 -5.24755334e-03 -4.20431718e-02  5.58926910e-02 -5.41584305e-02
 -4.79776338e-02  1.20492596e-02  6.61278050e-03  7.13034347e-02
  3.65874507e-02  2.14304645e-02 -3.23675876e-03  1.73977893e-02
 -2.35388149e-02  7.35336507e-05 -1.72617715e-02 -6.60681305e-03
 -2.95016840e-02 -5.46698868e-02  8.71620923e-02 -3.78925800e-02
  6.99426159e-02  6.34537041e-02  2.79778661e-03 -6.18110932e-02
 -4.33411412e-02 -4.31200713e-02 -4.50144382e-03 -5.98929897e-02
  1.39346182e-01 -5.85373417e-02  1.21397108e-01 -5.04451729e-02
 -7.11738467e-02  3.24889319e-03 -4.16505150e-02  8.06847736e-02
  2.54907869e-02 -8.45312253e-02 -8.02971572e-02  5.40380515e-02
 -5.90735711e-02  2.25320738e-02  3.16121653e-02  6.78067375e-03
  1.89962592e-02 -5.69654852e-02 -5.18718325e-02 -8.25595707e-02
 -5.66277914e-02  7.79135898e-03 -1.08141750e-01 -7.00048357e-02
 -4.90751751e-02 -4.61819395e-02  4.25238051e-02 -1.49216019e-02
 -7.23999320e-03  1.08611017e-01  2.83102673e-02 -1.44034764e-02
  6.00276105e-02  6.89707603e-03 -1.81333553e-02  4.41806316e-02
 -8.43264908e-02 -2.80738790e-02 -7.81865884e-03 -2.29353141e-08
 -1.06986389e-02  2.35570800e-02 -6.71062758e-03 -2.14697495e-02
  9.28709209e-02  6.48244023e-02 -5.26516847e-02  3.33979093e-02
 -6.84376210e-02  2.70719416e-02  2.55976748e-02  1.63710229e-02
  5.73623516e-02  1.94510166e-02  1.47637039e-01  3.99845317e-02
  9.45515111e-02 -2.67366767e-02  1.30716814e-02  3.56190950e-02
  9.40096676e-02 -1.48342848e-02  1.38277337e-02 -1.95007380e-02
 -3.28256860e-02 -8.82746577e-02 -8.81996155e-02  4.04704269e-03
 -7.20203519e-02  3.80421281e-02  8.99012610e-02 -4.93889339e-02
 -4.03423645e-02 -4.95145395e-02  5.22292890e-02  6.56030094e-03
 -4.11352925e-02 -5.93058951e-02 -1.93303451e-02 -1.79007053e-02
 -9.98339579e-02 -4.90802852e-03  9.41472948e-02  9.55514610e-02
 -3.40681225e-02  4.21012416e-02 -6.48547336e-02 -6.34523341e-03
  2.49578040e-02 -3.16949864e-03  7.25853220e-02  6.51280805e-02
  4.35722433e-02 -1.89217944e-02  1.34890512e-01  5.51104210e-02
 -1.60107967e-02  2.80509633e-03 -6.75852597e-02  4.29578424e-02
  1.05335757e-01  2.62997914e-02 -5.28068841e-02  5.11020841e-03]",3
proj_test,40,What did you learn?,I feel inspired to continue learning after this project.,I feel inspired to continue learning after this project.,positive,0.4939,True,"[-1.18240444e-02 -5.83379529e-02  4.93003987e-02 -4.92881238e-03
  3.21204029e-02 -1.40939094e-02 -3.21214460e-02 -2.65052672e-02
 -1.83835381e-03  1.98486503e-02 -4.31583710e-02  9.70557034e-02
 -2.58197691e-02  3.72747779e-02 -1.12973349e-02 -2.48206146e-02
  6.85460912e-03  1.41449422e-02 -2.50719790e-03 -6.59861043e-02
  8.45662225e-03  3.10276821e-02  7.94240981e-02  2.97688209e-02
 -1.61795896e-02  1.60111502e-01 -2.54473742e-02  3.06830425e-02
  2.06356887e-02 -6.24890365e-02 -7.41917314e-03  4.88451049e-02
  1.18573010e-02 -3.69287506e-02 -2.88219061e-02  3.18106711e-02
 -1.05138915e-02 -4.61709133e-04 -1.75575521e-02  2.10782904e-02
 -8.46929476e-02 -2.99398229e-02  3.14579196e-02  3.25185396e-02
  3.61972973e-02 -2.51319241e-02 -5.44038005e-02 -7.91540444e-02
  6.34634793e-02  3.67350108e-03 -4.54851724e-02 -9.90634337e-02
 -8.38979855e-02 -5.62728941e-02 -1.68085825e-02  2.81759761e-02
  3.02546807e-02 -2.23657265e-02  1.24991052e-02 -5.89673594e-02
  2.53127683e-02  2.19055545e-02 -1.07672788e-01  6.36507645e-02
  2.28866208e-02  7.18045458e-02 -9.67020693e-04  3.88728417e-02
  3.23834904e-02 -2.69851182e-02  1.21322938e-03  4.50470336e-02
  4.36634151e-03  6.53595626e-02  2.65236124e-02 -1.45722171e-02
 -8.69316887e-03 -3.55140530e-02  4.51803058e-02  2.39320528e-02
 -1.99876819e-02  6.22555874e-02  3.56050283e-02  5.78057505e-02
  2.19558459e-02 -8.64804070e-03  4.44483124e-02  2.51620039e-02
  2.50692368e-02 -6.45760000e-02  2.67462321e-02  2.06505377e-02
 -8.83277878e-03  1.00310659e-03 -3.08588631e-02  5.71931675e-02
 -5.49427271e-02 -2.49638744e-02 -2.73829512e-02  6.07688315e-02
 -6.77327439e-02 -5.59422188e-02 -6.12117874e-04 -5.38387895e-02
  1.20553002e-02 -6.49028420e-02 -1.26743102e-02  3.45040485e-02
  4.97245789e-02 -7.75099769e-02 -1.78571977e-02 -4.64980118e-03
 -5.13707958e-02  3.14415060e-02  5.48100546e-02  5.37914746e-02
 -9.66507941e-03 -2.24349815e-02  1.69318914e-02  6.09885827e-02
  1.78050790e-02  5.89799844e-02 -1.36694675e-02  2.89644636e-02
  6.70999009e-03 -1.07434735e-01 -4.23548371e-02 -5.95657150e-33
  5.81991207e-03  5.04680276e-02  1.14565618e-01  8.80108476e-02
  8.51529613e-02 -4.69559059e-02  6.41161203e-02  6.87155873e-02
 -4.50698957e-02 -4.22499590e-02  4.80398498e-02  8.02009180e-02
 -6.14462309e-02  3.92720364e-02 -3.17388326e-02 -1.11538552e-01
 -4.71905805e-02  2.62691099e-02 -3.40026990e-02 -3.44185829e-02
 -6.51977863e-03 -4.64608185e-02  1.03310822e-02 -1.81551985e-02
  2.62874495e-02  7.92703927e-02 -1.38850464e-02  1.58086270e-02
 -1.13682495e-02  5.82513958e-02  6.67036101e-02  3.77512872e-02
 -1.17564827e-01 -6.68955967e-02 -8.93877447e-02 -2.18077265e-02
  8.49986449e-02 -4.21057157e-02  4.02686745e-02 -4.48591895e-02
 -8.30612145e-03 -6.14711177e-03  5.02698943e-02 -2.03602319e-03
  3.44864130e-02 -6.58838451e-03  7.05218986e-02 -2.56171133e-02
  3.30168679e-02  6.33950857e-03 -1.93616021e-02  1.72978230e-02
 -1.83132906e-02 -3.52595188e-02  3.93479913e-02 -2.26894002e-02
 -3.43214497e-02  4.91846679e-03 -2.80931480e-02 -4.32854285e-03
  8.88576359e-03  3.57930847e-02 -3.21182571e-02  3.97465974e-02
  2.28133183e-02  1.54267550e-01 -4.46742959e-03  7.63542671e-03
 -2.59258505e-02 -4.01579216e-02 -4.35743257e-02 -2.99835717e-03
 -4.11658958e-02 -6.79401904e-02 -4.06628549e-02  1.90476105e-02
 -1.24698073e-01 -1.05111450e-01 -6.52576983e-03  1.59032475e-02
  1.95112731e-02 -3.93644795e-02 -1.47400070e-02 -3.07201315e-02
  6.05193824e-02 -6.69850502e-03  5.45325428e-02 -1.55884922e-01
  1.55102396e-02  7.42180459e-03  1.51174739e-02 -3.54238264e-02
  3.07051819e-02  1.29198423e-02 -6.09458201e-02  4.87232527e-33
  3.80546823e-02 -7.97926099e-04 -3.78987789e-02 -7.30721559e-03
  6.46843016e-02 -4.06638999e-03 -6.62654191e-02  4.19653766e-02
 -8.92477017e-03  7.23805875e-02  1.30365342e-02 -7.18046119e-03
 -1.23164933e-02  5.48584089e-02 -3.81387360e-02  3.41738015e-03
  2.36471128e-02 -3.02430689e-02 -5.31142056e-02 -2.17394419e-02
 -4.25050296e-02  6.45702034e-02 -7.18876421e-02  7.25372368e-03
 -9.81284864e-03  6.35022670e-02  2.61977059e-03  1.00594740e-02
  6.62513822e-02  2.23980080e-02  4.44593467e-02 -1.23420127e-01
 -1.67988371e-02 -1.12964548e-01 -5.83545379e-02  1.01982050e-01
  3.71134877e-02 -2.32058801e-02 -2.88931597e-02 -2.18152814e-02
  3.07425279e-02  5.42961527e-03  3.14377062e-02 -1.79019384e-02
 -9.12410021e-03 -1.68908294e-02  1.30496472e-01  3.06345187e-02
 -2.90402733e-02  2.20361631e-02  2.98556034e-02  3.43700312e-02
 -1.31250685e-02 -1.80114597e-01 -3.15858261e-03 -1.91497244e-02
  4.94304858e-02 -2.29686033e-02  2.48715677e-03 -6.75513893e-02
 -7.18637854e-02 -7.48084635e-02  2.23902687e-02 -8.43275990e-03
  2.16236543e-02 -8.70670304e-02 -3.07644345e-02  8.08762163e-02
 -6.43358529e-02 -3.10097523e-02 -1.39257787e-02  4.23401110e-02
 -9.99766439e-02  2.02340703e-03  1.89642236e-02 -1.17284216e-01
 -9.85240284e-03  4.78921235e-02 -2.29484364e-02  3.40767624e-03
 -5.78936227e-02 -4.77232039e-02  3.40190460e-03  7.84623921e-02
  5.83099723e-02  1.17667906e-01 -5.61248586e-02 -4.33986410e-02
  4.99074273e-02  7.14718550e-02 -6.81588203e-02  8.64705369e-02
  8.31315219e-02  2.76036859e-02  6.78874850e-02 -1.99871941e-08
 -2.17231419e-02  1.45479050e-02  5.47286449e-03  4.35981937e-02
  4.57565449e-02  3.89125720e-02 -5.28492732e-03  4.18755934e-02
 -1.02438569e-01 -2.12838240e-02  8.60406458e-02  1.84099302e-02
  2.95566302e-02  1.03058778e-01  1.82441133e-03 -2.12545097e-02
  2.32140034e-01 -1.26444260e-02  1.74202304e-02  3.50191705e-02
  6.40050024e-02  5.11272475e-02 -3.97335850e-02 -1.79932825e-02
 -2.47169621e-02 -1.79916862e-02 -3.86444479e-02  5.98825142e-03
  1.47534152e-02 -1.14767458e-02 -1.62282456e-02  6.66986778e-02
 -7.67144486e-02 -3.43411192e-02 -1.69589352e-02 -9.07245092e-03
  4.72111367e-02 -8.46020803e-02 -1.02849966e-02  1.47582442e-02
  7.22994655e-03  4.43430990e-02  7.44247958e-02  6.65130690e-02
  7.09242467e-03  4.63736989e-02  6.30072206e-02 -6.39215335e-02
 -2.14457326e-02  5.77857792e-02 -3.50649580e-02 -1.46751953e-02
  3.75899710e-02  1.90573763e-02  9.11851823e-02 -3.00729461e-02
 -4.11687307e-02 -1.18303271e-02 -8.22840855e-02  8.62983242e-02
  5.63419685e-02  4.50286493e-02 -7.53676519e-02  6.30533099e-02]",3
proj_test,42,Any other comments?,"The project was intense, but in a good way.","The project was intense, but in a good way.",positive,0.6124,False,"[-5.18519878e-02  5.20561598e-02  1.26712769e-02 -1.69895235e-02
  1.88758094e-02 -6.12329207e-02 -4.89538833e-02  1.44209247e-02
 -9.15927589e-02  1.59173608e-02 -3.05306241e-02  6.60389885e-02
  2.35057119e-02  2.30207928e-02 -5.10015227e-02  1.14832707e-02
  7.43456557e-02 -5.30001298e-02 -2.04313342e-02  6.35890104e-03
  2.11742818e-02  1.93613637e-02  5.12691773e-02  1.17234243e-02
  5.25544677e-03  3.59624885e-02  5.37896156e-03  2.58252826e-02
  8.87172893e-02  1.16376309e-02 -6.93822876e-02  8.25647712e-02
 -3.40198167e-02 -2.53305230e-02 -6.25501969e-04  1.27514124e-01
  2.53350567e-02  2.10458953e-02 -1.14326449e-02 -2.50086896e-02
 -5.11595234e-02  3.90305072e-02  7.47664645e-02 -1.84454285e-02
 -1.03764171e-02 -1.19379550e-01  2.05648895e-02 -1.40130550e-01
  1.61903407e-02 -7.95162246e-02 -1.19732721e-02 -1.10431194e-01
 -3.18380408e-02 -1.57308266e-01 -3.11815515e-02 -2.44135270e-03
 -4.32440732e-03 -4.13304679e-02 -5.75871114e-03 -8.79649818e-02
  1.54582027e-04  1.73215638e-03 -3.53374332e-02 -6.93996716e-03
  8.39414969e-02 -8.14791396e-03  1.27568385e-02  1.44832321e-02
  2.86883209e-02  7.11510256e-02  2.01805513e-02 -2.60404795e-02
  1.37732234e-02 -5.38829044e-02  1.62100606e-02  1.04820039e-02
 -1.63543057e-02 -1.57104675e-02  4.15389016e-02 -1.54095599e-02
  1.07099935e-01 -8.09947550e-02  2.01536231e-02  5.12570925e-02
  3.53162996e-02 -2.16764547e-02 -3.84084741e-03 -2.95188092e-02
 -2.73943245e-02  6.27191439e-02  1.02987858e-02 -1.97564960e-02
  4.58515063e-02  2.55182572e-02  5.77847026e-02 -4.69220579e-02
 -7.87575543e-03  2.65746005e-02  4.99946857e-03  8.66290182e-02
 -6.66969493e-02  1.96719579e-02 -1.41603965e-02 -1.00889646e-01
 -5.27134463e-02 -7.74773136e-02  5.02562989e-03 -2.06335168e-02
  2.34824256e-03  5.69585860e-02 -2.51635611e-02 -4.37913835e-02
  4.73736860e-02 -3.55128245e-03  6.46771342e-02  8.39317963e-02
 -2.15910338e-02  3.77051197e-02 -8.17613229e-02  6.45626783e-02
  5.00678867e-02  5.06486569e-04 -3.10102887e-02  7.31209069e-02
 -5.15592359e-02  2.71595642e-02  6.86417893e-02 -6.41526336e-33
  4.59387228e-02  6.92101941e-02  1.48624005e-02  1.72691181e-01
  3.31654176e-02 -2.11847434e-03  4.03271839e-02  2.60285512e-02
 -8.09741020e-02  2.40039546e-02  4.29964140e-02  4.47719693e-02
  2.63845772e-02  1.99881680e-02  4.17436063e-02 -8.63175541e-02
 -9.59803686e-02  3.12191341e-02 -5.63020818e-02  2.49266205e-03
 -6.79891929e-02  1.81952398e-02 -2.39472650e-02 -6.30802140e-02
  2.99344119e-02  7.72659853e-02  6.19827621e-02  2.80702822e-02
 -4.00777049e-02  3.93291563e-02 -1.84611063e-02  1.79980579e-03
 -5.37470318e-02  2.76276954e-02  2.07223631e-02  7.53688365e-02
 -9.17718571e-04 -6.26061633e-02  7.16476813e-02  8.73042196e-02
 -1.24089913e-02  3.79203483e-02  3.08481492e-02  3.39728482e-02
  5.56184240e-02  8.77988487e-02  1.14546530e-02 -2.71980278e-02
 -6.95191920e-02  1.14914672e-02 -1.74294952e-02  3.95083427e-02
  3.02090067e-02  7.32003152e-03  1.03231026e-02  4.64954302e-02
  3.77335064e-02  5.93084991e-02  3.32809128e-02  2.51108012e-03
  2.93266233e-02  7.95402080e-02 -2.97698211e-02  3.07536405e-02
 -1.34209767e-02  6.66941181e-02 -8.68953466e-02  4.06346992e-02
  2.15147920e-02  2.48846435e-03 -1.32332221e-01 -4.11545932e-02
  4.91065606e-02 -1.71861395e-01 -4.08910587e-02  1.45483287e-02
 -7.24426657e-02 -2.50956845e-02 -3.21557373e-02 -8.06467794e-03
 -2.09404156e-02 -2.12426912e-02  5.89395501e-03 -3.16264033e-02
 -4.27009761e-02 -2.60171797e-02  6.93608262e-03 -1.23219760e-02
 -5.51606379e-02  5.38388900e-02 -4.71651135e-03 -4.68661916e-03
  5.84375039e-02 -5.26233613e-02  2.30078083e-02  5.29775247e-33
  1.58438981e-02 -1.76587270e-03 -2.28860602e-02  2.98171211e-02
  7.17999041e-02 -8.52900557e-03 -1.04233071e-01 -5.17390482e-02
  2.84088794e-02  8.31971541e-02  1.85102224e-02 -2.34015402e-03
 -4.05978225e-03 -7.31495470e-02  1.30042452e-02 -7.96904415e-02
  1.30759235e-02 -3.31439241e-03  1.31566059e-02 -6.87257154e-04
 -2.45157853e-02  6.79380447e-02 -4.12501320e-02 -4.99442741e-02
  3.51515040e-02  8.22192207e-02 -5.40555380e-02 -4.33586538e-02
  2.45984290e-02 -6.18305281e-02 -8.16838990e-04 -3.65689956e-02
 -1.19942568e-01  3.58129968e-03 -4.66478243e-02  1.62253365e-01
  5.09773474e-03 -2.94937994e-02 -5.36546558e-02 -9.16556716e-02
 -2.97976360e-02  1.96086299e-02  5.34614781e-03  3.38797346e-02
 -3.97510687e-03 -3.47844884e-03  4.28985693e-02 -1.62474103e-02
 -2.15812866e-02  4.43601646e-02 -5.82063645e-02  1.66645478e-02
 -1.98138077e-02 -3.83984260e-02  4.00752667e-03 -9.31284577e-02
  1.25294076e-02 -3.44848372e-02  7.20317429e-03 -1.45294061e-02
 -1.03316382e-01 -3.44887227e-02 -4.23025852e-03  6.61949161e-03
  2.40676384e-02 -2.98562907e-02 -5.90249412e-02  3.29038613e-02
 -3.08057573e-02 -9.47608054e-03 -1.26821958e-02  7.45518953e-02
 -3.53322178e-02  1.70341492e-01  8.30859877e-03 -7.03111291e-02
 -1.84972398e-02  3.11419331e-02 -2.87643028e-03 -5.11777401e-02
 -2.90634111e-02 -2.56828275e-02 -3.20857912e-02 -5.23436144e-02
  7.81511366e-02  9.41878781e-02 -6.73131794e-02 -5.53764664e-02
  6.08826708e-03  1.30020380e-01 -3.19754146e-02 -5.04502270e-04
  8.71490315e-02  1.99011806e-02  9.36269686e-02 -2.23852901e-08
  2.21240930e-02  6.10452034e-02 -2.10715667e-03 -3.89145352e-02
  3.75200761e-03 -3.50171886e-02 -3.47748809e-02  9.00591910e-02
 -2.06205994e-02  7.22087622e-02  4.69282046e-02  1.14762941e-02
  1.84784345e-02  1.21931963e-01 -3.88681218e-02 -3.95319499e-02
  1.04386091e-01  1.91317182e-02 -4.80030254e-02  3.75310890e-02
  1.41901979e-02  6.81689829e-02 -1.38850976e-02 -2.38410812e-02
 -2.92868894e-02  4.07783352e-02 -3.57078761e-02  1.97285246e-02
  2.46327613e-02  3.91496196e-02 -1.98359247e-02  4.27971855e-02
 -7.00109899e-02  1.87817309e-02 -4.90629300e-02  3.24801803e-02
  2.12714262e-02 -3.41910422e-02  2.96834875e-02 -1.08013432e-02
 -3.27777937e-02  2.38054767e-02  1.89009104e-02  6.21600486e-02
  5.44092655e-02  9.53578390e-03 -2.66287457e-02 -5.20312972e-02
 -3.85486446e-02 -3.82100139e-03 -1.02406191e-02  1.08627602e-02
 -3.54017913e-02  1.31223230e-02  1.05905905e-01  8.34344327e-03
 -3.82123850e-02 -2.91614942e-02 -1.02655970e-01  7.22241923e-02
  3.66797037e-02  3.95524576e-02 -9.60712135e-02  6.59058988e-02]",2
proj_test,43,Any other comments?,"It was challenging, yet very rewarding.","It was challenging, yet very rewarding.",positive,0.6478,False,"[-2.24422961e-02  6.15114644e-02 -1.27751185e-02  1.10566271e-02
 -3.16442810e-02  5.39735667e-02  9.74175613e-03 -1.23462658e-02
 -1.03220128e-01  8.59367289e-03 -6.39698729e-02 -2.77408306e-02
  5.43871894e-02  8.28374326e-02 -2.35233791e-02 -3.04041263e-02
  6.00218959e-02 -6.43659532e-02  8.02609175e-02 -7.45049641e-02
  7.31183449e-03  9.08525754e-03  2.65472885e-02 -3.51507938e-03
  2.08327044e-02  6.10399665e-03 -4.17260733e-03  1.74442399e-02
  9.32882503e-02 -3.24184820e-02  1.55935669e-02  3.96543592e-02
  2.36496162e-02  3.79259549e-02 -3.28125805e-02  7.16753304e-02
 -8.76948889e-03  4.02734848e-03 -4.20388859e-03 -2.83529256e-02
 -8.14410672e-03 -6.27103001e-02  7.28813335e-02 -4.75734957e-02
  6.48679733e-02 -6.34986088e-02  1.13765644e-02 -6.02210201e-02
  1.16330907e-02 -8.67552310e-02  1.27869111e-03 -6.86401203e-02
 -1.59318857e-02 -8.45534876e-02 -5.71742058e-02  4.45375480e-02
  7.06159547e-02 -1.53777725e-03  5.74809983e-02 -5.36411479e-02
 -3.80106233e-02 -9.26598981e-02 -4.55687754e-03  7.82750174e-02
  5.50743304e-02 -5.63587174e-02  2.09863484e-03 -5.41345701e-02
  2.39275154e-02  1.40501838e-02 -2.12272871e-02  1.76188108e-02
  3.67277786e-02 -5.96909970e-02  1.26964405e-01  2.05411036e-02
 -5.33440784e-02 -5.30637316e-02  1.27746584e-02  3.88185456e-02
  6.44303346e-03 -6.83701634e-02 -8.85558128e-03  9.41417888e-02
  4.28893790e-02 -1.08347945e-01 -2.53069610e-03 -5.22276238e-02
  8.59062001e-02 -5.98167209e-03  4.42805663e-02 -8.42126925e-03
 -2.04932336e-02  4.85917889e-02 -4.97743189e-02 -3.75803327e-03
 -2.03937874e-03  4.15824577e-02 -4.28787507e-02  4.77049910e-02
  2.04712823e-02  6.40412346e-02 -9.13853943e-02  6.38677785e-03
  3.76965553e-02 -9.88515932e-03  2.63673980e-02 -6.65853918e-02
 -2.83527374e-02 -4.02667448e-02 -2.22113095e-02  1.03525165e-02
  7.95782581e-02 -1.81026827e-03 -3.39669921e-02  1.31260887e-01
 -8.37930664e-03  2.37153377e-02 -3.20677198e-02  1.22171767e-01
  8.32125098e-02 -6.90030213e-03  3.74375843e-02 -1.33632580e-02
 -2.84615792e-02  4.27294476e-03  9.90577415e-02 -5.56185409e-33
  4.79389839e-02  1.70272086e-02  1.16938204e-02  3.59923057e-02
  2.35888474e-02 -5.13526751e-03 -2.52995193e-02  3.63986045e-02
 -5.56366183e-02 -7.12604970e-02  6.73799450e-03  1.10379018e-01
  8.55972338e-03 -1.04414374e-02  5.42362444e-02 -8.64783674e-02
 -1.22410722e-01  6.34183269e-03 -2.48514339e-02 -5.83761232e-03
  1.05686858e-03  9.31791309e-03  2.80408971e-02 -6.10242151e-02
  4.83869761e-02  2.66855769e-02  6.32222071e-02 -8.67189765e-02
  1.43854730e-02  5.20006567e-03  1.84660498e-02 -5.01385797e-03
 -9.22467094e-03  2.34319381e-02  6.42217975e-03  3.29454616e-02
  1.08633555e-01 -9.70991477e-02  1.29223354e-02  4.20927741e-02
 -9.27390903e-03 -9.25367139e-03  4.16350625e-02 -1.33934589e-02
  8.18095449e-03  5.60795963e-02  3.68848778e-02 -7.54437596e-02
 -1.23799078e-01  4.48510386e-02 -5.01649417e-02  1.88917797e-02
  2.77698580e-02 -3.47930863e-02  6.43765777e-02  3.92592438e-02
 -2.17779204e-02  5.26568899e-03 -1.67507138e-02 -3.63552920e-03
  2.74046659e-02 -3.20841256e-03  8.28382559e-03  4.37532663e-02
 -8.53688717e-02  2.65709218e-02 -8.87404941e-03  4.85686436e-02
  7.75333308e-03  3.97285447e-02 -4.59992774e-02 -9.85154510e-03
 -4.22676647e-04 -1.72492042e-01  7.02079907e-02  4.43573035e-02
  2.35696826e-02 -4.96241674e-02 -1.34666497e-02 -7.52768815e-02
 -5.55091202e-02  4.77903616e-03 -3.17787305e-02  6.04726188e-03
  5.65718412e-02 -9.90762841e-03  3.14146467e-02 -1.64715052e-01
  4.96179610e-03  8.16069823e-03 -4.13034484e-03 -3.10694464e-02
  3.47716175e-02  3.40894237e-03  4.09451090e-02  4.72910340e-33
 -4.00412194e-02 -1.42961713e-02 -6.08758256e-02  7.29793683e-03
  7.70114809e-02 -4.20578569e-02 -5.16084358e-02 -1.13369450e-02
 -3.37591581e-03  7.47240484e-02 -1.00192409e-02  2.80750040e-02
 -1.26753608e-02  2.15746369e-02 -2.80120522e-02 -7.81609342e-02
 -4.76979874e-02  1.05093658e-01  5.10822237e-03  4.37234715e-02
  7.61857480e-02  1.28574073e-01 -5.53443320e-02 -5.49548566e-02
  2.77239271e-02  9.86338109e-02 -2.43763309e-02 -6.04694970e-02
 -1.14421165e-02  1.59948152e-02  2.40554586e-02  2.13412642e-02
 -9.53651443e-02 -1.91510674e-02 -4.48789168e-03  1.20908819e-01
  3.94246988e-02 -2.06095595e-02 -2.81608030e-02  1.26333749e-02
 -3.57051492e-02 -2.95795724e-02 -5.62178008e-02  5.33104204e-02
  4.56902273e-02 -3.40806716e-03  2.48265937e-02 -6.54275417e-02
  1.29840290e-02  7.19202915e-03 -2.83592213e-02  2.41492223e-02
 -5.08974865e-02  1.14416098e-03 -5.67670359e-05 -5.93867190e-02
 -9.22580957e-02 -3.47956046e-02  5.15064746e-02 -1.85306743e-02
 -8.65698904e-02  1.30712399e-02 -5.82362786e-02  1.02472648e-01
  6.34858608e-02 -2.94031352e-02 -7.23794219e-04  5.43112718e-02
 -1.53043106e-01  2.75825597e-02 -9.97366980e-02  7.78228492e-02
  1.27725722e-02  6.64689168e-02  4.84745055e-02  1.38642229e-02
 -8.47713277e-02  2.95485537e-02 -5.21195913e-03 -1.26405871e-02
  1.17692994e-02  3.67573579e-04 -5.49865048e-03 -2.03437675e-02
 -1.51589224e-02  8.72468501e-02  2.38208883e-02  7.53571396e-04
 -2.53567286e-03  5.66674061e-02  2.55439039e-02 -3.21990587e-02
  6.80124685e-02  1.90578476e-02  4.17845100e-02 -1.89555411e-08
  6.90603815e-03  2.48194691e-02 -5.97861968e-02 -7.28276819e-02
  1.17155816e-02  4.33761664e-02 -6.51797513e-03  3.00165340e-02
 -7.48339444e-02  6.63351342e-02  2.69291122e-02  2.13139821e-02
  5.10391779e-02  1.12417854e-01  8.37765355e-03  2.94679422e-02
  1.02753878e-01 -2.54327022e-02 -2.14445367e-02 -2.17199810e-02
  4.80452739e-02  3.20126601e-02 -2.36879680e-02 -7.25293458e-02
 -1.28610179e-01  2.03133863e-03 -2.97872759e-02  5.21377707e-03
  2.96355970e-02 -1.57893859e-02 -1.41300831e-03 -3.36201489e-02
 -3.21273655e-02  3.90102789e-02 -3.22831795e-02  5.40434942e-02
 -4.82728072e-02 -5.25415502e-02 -3.16132791e-02 -5.35312109e-02
 -7.52871274e-04  8.53448585e-02  5.20419031e-02  1.92474164e-02
  9.19846445e-03  8.78691301e-02 -6.41053766e-02  1.77178401e-02
 -2.82774284e-03 -3.07023153e-02  4.00936566e-02 -1.84095800e-02
 -5.12227453e-02  4.65670153e-02  9.24401581e-02 -7.03796744e-03
 -2.06563203e-03 -5.87494634e-02 -1.07786380e-01  4.50662225e-02
  7.03161955e-02 -1.71318243e-03 -1.20874397e-01  4.69086468e-02]",2
proj_test,44,Any other comments?,The accommodation was simple but absolutely fine for me.,The accommodation was simple but absolutely fine for me.,positive,0.3898,False,"[ 1.08868599e-01  2.03250144e-02  8.47535860e-03  4.34669256e-02
  6.54924586e-02 -2.47538537e-02 -4.19813097e-02 -3.56368907e-02
 -1.00751296e-01  2.30145194e-02 -5.46825409e-04  8.09767633e-04
  1.80499069e-02  2.82414574e-02  2.48611830e-02 -4.80625704e-02
  4.99313213e-02 -9.80781838e-02  4.11566906e-02  2.03508977e-02
 -6.41315505e-02  1.71243884e-02  1.97048672e-02 -1.03865704e-02
  5.82597964e-02  9.81941260e-03  3.06257587e-02  5.29811606e-02
  1.08666360e-01 -4.47199568e-02 -9.84110218e-03  5.86309731e-02
  3.47789340e-02 -4.49992307e-02  2.82975100e-02  1.02913991e-01
  2.33019087e-02 -1.10946193e-01 -1.95542239e-02 -9.28269047e-03
  1.20679373e-02  4.93810624e-02  8.43870267e-02 -1.70976687e-02
  1.59210947e-04 -1.16642574e-02  2.10722499e-02 -6.52368739e-02
  5.29736429e-02 -1.38719026e-02  9.25812870e-02  4.81967367e-02
 -3.14139090e-02 -8.64475667e-02 -5.50336391e-02  7.52540976e-02
 -4.37766090e-02  3.59950401e-03 -9.92269814e-03 -4.80452366e-02
  1.45187499e-02 -2.14765146e-02  3.21745276e-02  4.64838706e-02
 -7.32948724e-03 -3.77090722e-02 -1.08291812e-01 -2.14117374e-02
  3.89233045e-02 -2.76803765e-02 -1.01875588e-01 -2.84360033e-02
 -1.87756741e-05 -4.62656096e-02  2.42153252e-03 -6.62287846e-02
 -5.94837405e-03 -2.07093265e-02  1.45383561e-02  4.91462462e-02
  6.95020426e-03 -1.67935397e-02 -2.83647049e-02  2.19291169e-02
  2.71199401e-02 -8.37881714e-02  2.62244008e-02  7.08321342e-03
 -2.82977917e-03  1.18767116e-02  1.63026944e-01  1.60144959e-02
 -3.23487110e-02  7.00843781e-02  8.12886134e-02 -3.88366207e-02
 -5.62730096e-02  1.83241777e-02 -4.97831106e-02  4.41886075e-02
 -2.18966939e-02  1.08102649e-01  1.27180619e-02  4.79922779e-02
 -8.40305835e-02 -5.19561842e-02  3.59106138e-02  1.82747410e-03
 -5.98868243e-02 -2.96269599e-02 -5.68621457e-02  3.43570933e-02
  5.87598048e-02  3.70295718e-02 -6.50072098e-02  1.00859553e-01
 -3.33848484e-02 -5.68646491e-02  9.84908938e-02  4.86990549e-02
  5.87855726e-02  4.29264866e-02 -2.58937534e-02  4.65124100e-02
 -9.33266580e-02 -4.66951057e-02  7.39342496e-02 -3.15558924e-33
 -5.65574020e-02  2.59486586e-02 -6.20962493e-02  6.87655210e-02
  7.90843219e-02 -5.20351231e-02 -9.55491364e-02  4.57857251e-02
  1.22018149e-02  6.60702512e-02  1.37361571e-01 -2.84236968e-02
  3.44910137e-02 -5.01298048e-02 -3.15025486e-02  4.80568036e-02
  2.25189216e-02  1.36226416e-01 -8.76472592e-02  2.11805701e-02
 -3.79983820e-02  5.89117557e-02  2.20476054e-02 -4.49984521e-02
  1.70563832e-02  1.62961856e-02  2.60110982e-02 -3.10945534e-03
  3.42051387e-02  1.49091461e-03 -5.22684269e-02 -1.85529189e-03
 -2.63159275e-02 -3.58303338e-02  4.32306267e-02  7.28156567e-02
 -2.46061720e-02 -3.28993052e-02 -8.39441419e-02  2.06753947e-02
 -7.75188059e-02  3.72743234e-02  6.65430576e-02 -2.03333609e-02
  4.63204421e-02  8.84180516e-02  8.41941126e-03 -2.30454616e-02
 -3.76656726e-02  6.06426708e-02 -1.16762780e-01 -3.06810364e-02
 -8.44880939e-02  1.72974486e-02 -7.11169690e-02  1.92966592e-02
  3.36813591e-02  1.18634654e-02 -1.26602745e-03 -5.57374656e-02
 -8.90764315e-03 -1.84424762e-02 -3.86108235e-02 -7.59165064e-02
 -3.19480449e-02 -7.11402819e-02 -1.67815611e-02 -6.12178072e-03
  2.91555934e-02 -6.92830086e-02 -3.98184806e-02  5.74859530e-02
  1.29052298e-02 -1.41503746e-02  8.76950473e-03  2.05331426e-02
 -4.51904200e-02 -1.13602187e-02 -1.78861190e-02 -6.91873347e-03
  8.60127434e-02  7.75330514e-02 -3.68330418e-03  5.62687963e-02
  7.37754581e-03 -2.25612503e-02  6.22704327e-02 -4.70493361e-03
 -5.55519536e-02  6.10126294e-02  1.62224788e-02  4.29537036e-02
  4.81479876e-02 -9.57501680e-02 -1.16057340e-02  1.99658248e-33
  3.62171605e-02 -7.86088333e-02 -6.59708455e-02 -1.28402850e-02
 -5.15552238e-02  4.30353247e-02  2.90967524e-02  1.25739798e-02
  6.67987689e-02  2.72443332e-02 -6.58478215e-02  3.85027714e-02
  2.07081903e-02 -2.02285089e-02 -5.77722825e-02  1.18255112e-02
  2.91610360e-02  5.68956323e-03  7.68417194e-02  5.31725250e-02
  5.06955720e-02  9.61287320e-02  8.63899477e-03 -8.48145038e-02
  1.19469250e-02  1.21731728e-01 -5.86690344e-02 -6.28733356e-03
 -9.28922147e-02 -2.88267843e-02 -2.30255686e-02  1.38418823e-02
 -1.13615766e-01 -1.63584035e-02  1.57265943e-02  5.53797744e-02
 -1.78154539e-02  4.80577759e-02 -6.22242168e-02  1.43749900e-02
 -1.75936893e-02 -1.02706514e-02 -7.21573532e-02  3.93774286e-02
  1.08146384e-01 -6.54236078e-02  4.71650902e-03 -1.50035352e-01
 -9.68013983e-03 -1.00686401e-02 -1.71524212e-02  2.80888695e-02
 -3.21222097e-02 -4.65016067e-02  1.12864068e-02 -2.37415358e-02
  1.43056484e-02 -4.23433930e-02  4.13366854e-02 -3.39834839e-02
 -4.18399796e-02 -3.11148330e-03 -4.43145223e-02  7.67199975e-03
 -7.72122620e-03  3.55072878e-02 -3.12708281e-02 -2.66845357e-02
  2.73652878e-02 -1.03878714e-02 -1.09907657e-01 -6.90286309e-02
 -2.72780731e-02  4.80078012e-02  8.56919214e-02 -5.82464747e-02
  1.27200022e-01 -7.33656529e-03 -8.68877862e-03 -3.63458954e-02
  1.74157936e-02 -1.63737487e-03  1.20168673e-02 -6.59101009e-02
  4.58211862e-02 -1.54969729e-02 -1.43395667e-03 -1.15404293e-01
 -2.78607607e-02  7.72723258e-02 -2.87695788e-02  2.60928161e-02
  5.40309511e-02  1.25832651e-02  5.09624667e-02 -1.84524520e-08
 -3.32459398e-02 -1.85400154e-02 -2.76108626e-02  4.53738384e-02
 -5.34129068e-02 -1.26254246e-01  1.14561711e-02  5.23031550e-03
 -3.10674571e-02  6.96316883e-02 -5.90645000e-02 -1.86044984e-02
  1.43886078e-02  2.90118437e-02 -3.51123884e-02  8.28121901e-02
 -1.75547320e-02 -1.45205278e-02 -5.04975878e-02  6.76460564e-02
  1.73727572e-02  9.21345651e-02 -4.66957577e-02 -6.42721262e-03
  1.92325423e-03  5.18922582e-02  6.37830468e-03  7.86265638e-03
  2.02236865e-02 -1.08683323e-02  7.61495251e-03  3.85347046e-02
 -2.77362671e-02  1.97036751e-02 -8.95655900e-02  1.15281045e-02
  2.63943765e-02 -2.81055961e-02  3.10309622e-02 -4.64653783e-02
 -5.62833287e-02 -4.92731594e-02 -4.59553115e-02  2.18931008e-02
  5.40590473e-02  1.23666627e-02  4.00445051e-02 -3.00698671e-02
 -3.71394935e-03 -5.12146764e-02  1.99069977e-02  3.09575330e-02
 -2.47723181e-02  2.53905747e-02  3.55601609e-02 -3.83618884e-02
  7.70909665e-03  8.92499462e-03 -1.32414803e-03  7.11824521e-02
 -6.36001211e-03  7.02125877e-02 -1.57095835e-01 -1.12120416e-02]",1
proj_test,46,Any other comments?,The trainers were not unfriendly at all.,The trainers were not unfriendly at all.,positive,0.2755,False,"[ 9.26706940e-03  6.82712421e-02 -1.03483181e-02  4.09241952e-02
  4.14216146e-02 -5.86317433e-03 -5.93760833e-02 -2.29274035e-02
 -1.21063821e-01 -4.56760973e-02  9.79395583e-02  3.22392918e-02
  6.30083084e-02  2.65243137e-03 -1.20296225e-01 -1.63317397e-02
  4.91493521e-03 -9.93447378e-02 -3.46718766e-02  3.59218940e-02
 -4.17561866e-02 -8.09540320e-03  4.49341396e-03  9.42688137e-02
 -2.97681708e-02  9.74117406e-03 -1.81532069e-03 -2.72616968e-02
  1.51039744e-02  1.72123723e-02 -1.61590010e-01 -2.74747014e-02
  7.20395967e-02 -2.42942311e-02 -4.61204872e-02  1.56071968e-02
  6.04639985e-02  5.58535643e-02 -3.59243862e-02  6.94994163e-03
  2.54184753e-02  2.45443713e-02 -3.04487068e-02 -2.85092536e-02
  1.92459635e-02 -6.75096810e-02 -3.02162045e-03 -1.24966651e-01
 -8.78400207e-02 -1.86261665e-02  3.75006795e-02 -2.29204036e-02
  4.91757579e-02 -9.76886302e-02  6.86340481e-02  3.04484926e-02
 -4.36298326e-02  2.36821137e-02  5.54994531e-02  3.90193500e-02
  5.54082356e-02 -4.72875983e-02 -4.83627208e-02 -1.54506313e-02
 -5.12050949e-02 -1.44131221e-02 -4.94507067e-02  6.46836311e-02
  8.33490640e-02  5.56370839e-02 -5.40782660e-02 -5.24457060e-02
  4.58716527e-02 -3.50343585e-02  8.40107072e-03  6.61614761e-02
 -3.55710834e-02 -3.04874335e-03  8.80678091e-03 -1.29890488e-03
 -4.68447730e-02 -9.07874331e-02  2.82962080e-02  1.55151654e-02
  4.89258468e-02 -2.31701974e-02  2.73187682e-02 -9.87738520e-02
  1.21244779e-02  9.84361470e-02 -1.74088888e-02  7.50236288e-02
 -1.05310008e-02  6.33114297e-03  1.55446017e-02 -8.46693665e-03
  4.23003547e-03  3.04446034e-02 -9.22528431e-02  8.73591155e-02
  2.69276462e-02  1.20608389e-01 -5.83639331e-02  7.06969500e-02
  1.26454541e-02  4.12027873e-02 -5.01596555e-02 -6.65671080e-02
 -2.54946984e-02  7.13605061e-02 -3.48635763e-02  7.82047864e-03
  4.22656815e-03  1.56363677e-02 -3.75759639e-02  3.13569680e-02
 -1.83169916e-02  4.00004499e-02 -7.27831051e-02  6.24105446e-02
  2.40193643e-02 -3.44711579e-02 -2.68137585e-02  7.82501623e-02
 -7.07043558e-02  2.20835232e-03  1.02973320e-02 -1.50279193e-33
  2.86234282e-02 -2.08719517e-03 -4.29842360e-02 -4.61040288e-02
  4.85571548e-02 -3.75165953e-03 -3.17300297e-02 -6.48457604e-03
  8.77769738e-02  9.62834712e-03  1.00619504e-02  5.22981882e-02
  1.45476284e-02 -8.60080272e-02  7.09692761e-02  2.09341589e-02
 -3.48732136e-02  6.99791089e-02  2.08306555e-02  4.77524102e-03
  4.36558202e-02  4.88164984e-02 -3.07020973e-02 -5.53747546e-03
 -7.74116255e-03  4.97291721e-02 -3.84660363e-02  1.94816031e-02
  4.39727865e-02  1.95228942e-02 -1.20402081e-03 -6.29628450e-02
  8.30340013e-02 -1.55508984e-02  5.82878590e-02  3.28481104e-03
 -3.02842930e-02 -5.02389446e-02  6.66227483e-04 -3.49737774e-03
  2.32452508e-02 -3.38081527e-03  5.85355684e-02 -8.30742717e-02
  4.07540565e-03  1.04206130e-01  3.08450498e-02 -4.65483330e-02
 -8.50215554e-02 -5.94544932e-02 -4.88924794e-03  3.30678299e-02
  7.34799877e-02  4.30394486e-02 -3.52305397e-02  6.59415219e-03
  6.51674122e-02  8.83776546e-02 -9.77994576e-02  1.77529473e-02
  4.12932783e-03  9.49825123e-02  6.47229031e-02 -1.24820501e-01
 -3.45991142e-02 -1.80426948e-02 -5.20499982e-02  4.56404984e-02
 -3.34825367e-02 -1.59087479e-02 -8.03492665e-02  1.00231230e-01
 -7.43823126e-02 -7.13570267e-02  8.80977884e-03 -3.44217159e-02
 -2.08387226e-02  2.08645742e-02 -3.90847301e-04 -5.11996821e-02
  2.83545181e-02 -6.61162412e-05 -3.76050845e-02  2.21146867e-02
 -2.73506399e-02 -1.73862111e-02  7.88653549e-03  4.45474274e-02
  7.80573636e-02  1.43611208e-01 -3.42574865e-02  7.68072084e-02
  1.29681630e-02  2.57030763e-02 -2.05215719e-03  3.04210591e-35
  1.71788372e-02  3.77414599e-02  5.07559106e-02 -9.67036525e-04
 -3.92657779e-02  5.41431047e-02 -4.96056266e-02  9.61608365e-02
  1.09144859e-01  4.07919521e-03  5.03723994e-02 -2.73722038e-02
 -2.45225672e-02 -5.72811589e-02  2.34647933e-02 -1.23601975e-02
  1.38026066e-02  8.97876099e-02 -1.55834351e-02 -5.56322113e-02
  1.06651559e-01 -2.97462801e-03 -2.65346318e-02 -2.91017070e-02
 -5.29455692e-02  6.01649806e-02 -6.01161905e-02 -7.71494233e-04
 -8.73597115e-02  2.67984755e-02  9.14355665e-02  5.16410023e-02
 -5.36695719e-02 -5.68461698e-03 -1.53576620e-02  8.23699310e-02
 -1.02259189e-01  1.05681978e-01 -4.86857556e-02 -6.65723532e-02
  4.04486023e-02 -1.04983784e-02 -6.56123161e-02  5.15612252e-02
  3.77032273e-02 -4.34118696e-02  1.17426887e-02 -9.34845731e-02
  3.90269496e-02 -3.52764390e-02 -3.89610678e-02 -2.27210131e-02
 -2.58795228e-02  1.94042977e-02 -5.07175997e-02 -2.40757298e-02
  8.26855004e-02 -1.84527095e-02  2.38322224e-02 -6.13111071e-02
 -6.40365183e-02 -5.60753047e-02 -8.98035765e-02  3.23291332e-03
 -1.53742163e-02  9.41931969e-04  7.29749538e-03  9.41235423e-02
  1.26018589e-02 -5.99323846e-02  2.56770067e-02  4.86347266e-02
  2.41896622e-02  1.88004728e-02 -4.27389927e-02  8.06737021e-02
 -3.94389853e-02  3.57090519e-03  7.53884297e-03 -4.88584824e-02
  4.28554825e-02  2.95366477e-02  1.88710224e-02  1.16732577e-02
 -1.09873116e-02  1.01346672e-01  7.48133138e-02 -1.77954789e-02
 -1.89204272e-02  3.29294917e-03  4.63903584e-02 -5.68889156e-02
  1.28141910e-01  3.67839970e-02 -5.85775590e-03 -1.88763796e-08
  3.49844173e-02 -3.93326208e-03  4.71575913e-05  1.15897050e-02
 -6.40544742e-02 -3.73109989e-02 -5.28465882e-02  9.22109783e-02
 -3.83187570e-02  1.20438971e-01 -6.58489317e-02  5.50587755e-03
 -2.42818277e-02 -4.40941751e-02  2.54146680e-02  3.73497978e-02
 -3.17473002e-02  2.75068097e-02 -3.97585854e-02  7.64334649e-02
 -5.20787835e-02  2.52663475e-02 -9.15185511e-02  5.34919500e-02
 -2.99012265e-03 -1.07242838e-01 -4.33948338e-02 -7.31804743e-02
  1.53973466e-02  2.74845716e-02  4.26853821e-02 -4.17187922e-02
  8.37414432e-03  2.01144461e-02 -1.37485825e-02  4.94347624e-02
 -1.76215935e-02 -6.36457056e-02 -4.28404249e-02 -4.30291258e-02
 -5.25488369e-02  7.56972469e-03 -6.63784100e-03  4.08836119e-02
  5.16851693e-02 -3.11519708e-02  6.54768348e-02 -7.16380728e-03
 -6.15639277e-02 -3.31131145e-02  1.15587302e-02  4.59982157e-02
  1.58468529e-03 -3.25358510e-02 -3.37793268e-02 -3.96690592e-02
 -4.06599604e-02 -5.34242503e-02 -4.41396907e-02  3.17869708e-02
 -7.31790736e-02 -5.73462509e-02 -1.31641179e-02  1.97806302e-02]",1
proj_test,48,Any other comments?,The workshops were surprisingly good.,The workshops were surprisingly good.,positive,0.6249,False,"[-4.96324115e-02  1.82030331e-02 -5.01193292e-03  2.07782108e-02
 -9.55763534e-02  1.35297244e-02 -7.02483729e-02 -5.24631068e-02
 -8.24787468e-02 -1.56122409e-02 -1.90352648e-02  4.87464592e-02
  3.27384025e-02 -1.66225340e-02 -1.05504068e-02 -2.80863009e-02
  8.47694650e-02 -2.79162712e-02  7.53019005e-02 -5.16488031e-02
 -9.36778113e-02 -1.19315488e-02  6.42456710e-02  6.10112795e-04
  3.79958376e-02  1.34837925e-02 -3.91671099e-02 -2.48034913e-02
  8.86698589e-02  3.66270244e-02 -8.99150074e-02  7.94023275e-02
 -2.35719550e-02 -2.34200172e-02  3.38185430e-02  1.54733285e-01
  4.08305526e-02 -3.33384909e-02 -3.65183987e-02 -4.31079566e-02
 -2.65625454e-02  5.42895533e-02  5.77831045e-02 -7.49617517e-02
 -1.38742952e-02 -1.11502945e-01 -9.27699078e-03 -9.05779824e-02
 -2.90393531e-02 -5.59591092e-02  1.16882036e-02 -4.91484292e-02
  5.04535139e-02 -7.92587772e-02 -4.19848925e-03  8.46653059e-03
 -5.43017611e-02 -3.47406454e-02  5.49038462e-02 -4.00059260e-02
 -8.58194754e-03 -2.68545598e-02 -8.30272883e-02 -5.02314679e-02
  8.14009607e-02 -5.16896062e-02 -2.30884906e-02  8.60663205e-02
  3.74949053e-02 -8.69781245e-03 -1.35706335e-01 -5.50486222e-02
  5.82461506e-02 -3.18092853e-02  2.61299759e-02  5.76313064e-02
 -3.22622284e-02 -7.70771354e-02 -1.98970251e-02 -1.02281183e-01
  5.46551980e-02  8.25076550e-02  1.53971566e-02 -4.95585520e-03
  9.44337901e-03 -2.08758377e-02  2.76596658e-02 -1.52579779e-02
 -2.47915648e-03  1.15591884e-02  6.92061260e-02  3.97429578e-02
 -2.33510155e-02  3.33577842e-02  5.77186346e-02  5.60923219e-02
  1.16495360e-02  5.93280792e-03  9.55491140e-02  8.02288502e-02
 -1.17938537e-02  6.02677949e-02 -7.43290409e-03 -1.17399327e-01
 -8.88776109e-02  2.62672007e-02 -3.86523940e-02 -7.68613862e-03
  2.80497354e-02  1.83650889e-02 -3.39890197e-02  2.57966947e-02
  1.14200804e-02 -2.98279002e-02 -3.22487839e-02  7.50996396e-02
  3.32957357e-02 -6.83677755e-03 -8.74203369e-02  6.60068095e-02
  4.32756394e-02  1.75184961e-02  7.64912367e-02  8.16087946e-02
  2.72952896e-02  2.88124122e-02  2.54589934e-02 -5.87791403e-33
  8.37348681e-03 -4.41281572e-02  1.59526654e-02  8.50994810e-02
  8.31341445e-02 -2.79165003e-02  1.96883474e-02 -2.98068691e-02
 -2.77625006e-02  1.14405830e-03  5.02005443e-02  5.72298504e-02
 -2.29798593e-02 -5.48237190e-02  1.91251398e-03 -4.15319838e-02
 -5.66273518e-02 -8.71460605e-03 -4.03222889e-02  5.50492108e-03
 -4.75476235e-02  6.39780387e-02  3.35467197e-02 -1.44407107e-02
  4.56302427e-02  6.78898767e-02  5.63724525e-02  7.53135979e-02
  7.16332421e-02  2.71175187e-02  1.85076091e-02  3.65091339e-02
  9.89481900e-03  5.55846281e-02  6.49093315e-02  6.66391402e-02
 -4.44950499e-02 -6.40248954e-02  7.55499601e-02  5.76417409e-02
 -4.70948452e-03  2.03034356e-02  4.24454547e-03  5.38506685e-03
  6.97862431e-02  7.73923397e-02  2.84511223e-02  1.51323406e-02
  1.33167356e-02 -2.45306492e-02 -4.32152264e-02  9.33961570e-02
 -1.91725977e-02 -1.05654607e-02  4.63723019e-02 -4.62099724e-03
  2.05958379e-03  5.74853793e-02  2.02988684e-02  5.33964634e-02
 -2.61871684e-02  1.09483853e-01 -2.16812026e-02 -9.07678506e-04
 -8.87886062e-02 -1.10660652e-02 -1.49536347e-02  2.19353717e-02
  1.46957813e-02 -3.42981308e-03 -6.97611049e-02  1.07336240e-02
  1.90043580e-02 -5.02612479e-02 -2.94796173e-02 -2.83278176e-03
 -7.87551701e-02  2.71935132e-04 -6.22887947e-02  4.63109314e-02
 -7.62364035e-03 -3.18450481e-02 -3.67411859e-02  1.99891347e-02
  6.02707872e-03 -2.72312444e-02  3.33570503e-02  1.14145391e-02
  1.40933758e-02  5.25600277e-02 -6.11226857e-02 -2.70276722e-02
  1.79717205e-02 -9.35993681e-04  7.10181054e-03  3.32034249e-33
  7.69051462e-02  5.20091504e-02 -8.02354217e-02  4.50850464e-02
 -5.09306155e-02 -4.21701057e-04 -1.07809730e-01 -4.95434776e-02
  1.28709767e-02  8.89217779e-02  7.47712627e-02  6.03204109e-02
 -1.07933283e-02 -1.49507876e-02  8.50357115e-03 -8.34357068e-02
  2.84224600e-02 -2.09128484e-02  5.16650155e-02  2.57802121e-02
  4.92134020e-02  4.53149155e-02 -9.06048045e-02 -3.00982371e-02
  1.89594459e-02  5.78108318e-02 -1.38194367e-01 -2.00964101e-02
 -1.13202117e-01  1.23125790e-02  2.83412244e-02 -2.93701068e-02
 -7.59772807e-02  1.56277884e-03  4.27477695e-02  2.43539307e-02
 -2.32419390e-02 -4.78358604e-02 -1.52228987e-02 -5.36076054e-02
  2.01582350e-02 -9.40080639e-03 -8.71289968e-02  5.99988885e-02
 -2.61947606e-02 -2.36228798e-02 -3.57272215e-02 -5.02731688e-02
  4.01907377e-02 -4.02160287e-02 -3.97117175e-02  4.05513868e-02
 -4.32528667e-02 -1.06444478e-01  2.29787007e-02 -1.44274486e-02
  1.47490604e-02 -4.93403636e-02  6.13885038e-02  3.37314382e-02
 -8.03831145e-02 -2.95952056e-02 -2.31805332e-02  1.33032398e-02
  4.16438058e-02 -9.13914386e-03  1.84139162e-02  1.38283316e-02
 -2.33355686e-02 -7.97131041e-04  1.72259454e-02  1.94971468e-02
  1.48239452e-02  3.50571722e-02 -2.16700975e-02  2.68203542e-02
  2.62163505e-02  2.50587822e-04  6.90168887e-03 -5.80015481e-02
 -6.07953360e-03 -7.43265823e-02 -1.20839141e-02 -3.10533983e-03
  3.09354961e-02  1.89537972e-01  1.85945258e-02 -1.79625116e-02
 -3.23990770e-02  1.20012932e-01  2.84617692e-02 -1.13305718e-01
  9.85970572e-02 -1.88576449e-02  3.01687289e-02 -1.56187916e-08
 -9.19278059e-03  6.96296990e-02 -3.96868661e-02 -3.31386062e-03
 -4.59921472e-02 -1.44522619e-02 -2.04837266e-02  1.52749166e-01
 -4.90714498e-02  1.29963398e-01  1.79429713e-03 -3.11060343e-02
 -1.44025944e-02  3.34207304e-02  4.99600917e-02  9.34614986e-03
  8.89941221e-05  6.76857308e-02 -1.15885697e-01 -6.04834966e-02
  6.15778118e-02  5.95248900e-02  6.81381822e-02 -3.99684161e-02
 -7.97167271e-02 -7.88138807e-03  1.27509218e-02 -1.71903111e-02
  5.44001255e-03  4.05533761e-02  3.37559404e-03 -6.99934885e-02
 -2.08280180e-02 -2.28592679e-02 -1.09470142e-02  4.83380631e-02
 -1.11653738e-01 -4.07350995e-02  1.10568918e-01 -4.99444157e-02
 -6.19220212e-02  1.53146172e-03  3.87767181e-02  5.99548034e-03
 -8.25552456e-03  3.40225026e-02 -1.90049950e-02  7.49669364e-03
 -1.22594545e-02 -3.80435400e-02  7.74968043e-03  3.41132581e-02
 -4.81492504e-02 -5.44041069e-03  9.21882242e-02  1.03971483e-02
  1.70029737e-02 -2.88194101e-02 -8.42077099e-03 -8.48098367e-04
 -4.12745290e-02 -2.37189271e-02 -1.14920571e-01  4.72606532e-02]",2
proj_test,49,Any other comments?,"The evenings were quiet, which was actually nice.","The evenings were quiet, which was actually nice.",positive,0.4215,False,"[ 7.48415962e-02  6.54842108e-02  8.09859335e-02  1.05360016e-01
  3.00090611e-02 -8.90154690e-02  2.49609482e-02 -6.99958131e-02
 -5.91757149e-02 -7.90460780e-02 -8.64777993e-03  3.78065296e-02
  2.48359907e-02 -3.73057723e-02  4.34481688e-02 -1.99603233e-02
  1.00733675e-01 -6.85393438e-02  4.77785245e-02 -2.48240051e-03
 -1.10370539e-01  1.79649256e-02  8.91168416e-02  3.40830013e-02
  1.06674381e-01  5.40142544e-02  6.13452829e-02 -2.46090889e-02
  5.09314649e-02 -4.24781907e-03 -2.72053648e-02  9.81628299e-02
  5.15831746e-02 -2.99534146e-02  2.68123075e-02  9.03496612e-03
  1.09555215e-01 -5.32307988e-03  3.89888994e-02  7.50474771e-03
  1.70723982e-02  3.84391360e-02  7.78984204e-02 -4.40791957e-02
 -9.97748673e-02 -6.35003075e-02  1.91028882e-02 -7.39543140e-02
 -1.86982229e-02  1.84300859e-02  8.73280764e-02 -4.12248820e-03
 -7.16087744e-02 -6.11276925e-02  3.74681950e-02  7.68034384e-02
 -2.51632202e-02 -2.49944394e-03  8.04758370e-02  4.16582413e-02
 -4.98559922e-02  5.96543076e-03  2.88601569e-03  2.03849301e-02
  4.59739938e-02 -3.00770644e-02 -9.82683524e-02 -1.01366341e-02
  4.73301522e-02  2.77613923e-02 -9.74150002e-02  1.57987215e-02
  4.94477563e-02 -4.43456285e-02 -8.10232759e-02 -1.10323671e-02
 -2.27783996e-04 -1.07543461e-01  5.07818684e-02  2.78164949e-02
 -1.41104423e-02 -9.50224027e-02 -4.11611982e-02  3.04879546e-02
 -5.50894393e-03 -5.99023774e-02  9.08405632e-02 -1.10970279e-02
 -7.56105706e-02  1.86991412e-02  1.92584228e-02  6.08750479e-03
 -5.28314151e-02  1.81826558e-02  3.98429669e-02 -7.66049847e-02
  8.47031176e-03  6.96440339e-02  9.49039310e-03  9.79361236e-02
  3.81122753e-02  3.73483226e-02 -5.77263813e-03 -4.84681781e-03
 -5.48224971e-02  6.85495883e-02 -4.83013131e-02 -4.04790649e-03
 -8.41905475e-02 -1.62051693e-02 -1.08627670e-01  8.04165080e-02
  3.26847434e-02  1.37416068e-02  3.51322033e-02  7.22795650e-02
  1.65456384e-02  1.83588434e-02  9.08903126e-03  3.79809253e-02
  9.67986658e-02  6.58941194e-02 -6.35404838e-03 -1.51551561e-02
  2.50897240e-02  7.64496997e-02  6.68380260e-02 -5.28401902e-33
  2.18487661e-02 -5.73071688e-02 -4.80022393e-02  4.05234247e-02
  1.20784231e-01 -2.45189890e-02 -3.10423598e-02  5.85561618e-04
  2.73918416e-02  4.82350662e-02  3.46923955e-02 -2.50460487e-02
 -9.40751191e-03 -9.94911194e-02  5.91271184e-02  1.28544169e-03
  1.62620284e-02  4.01276648e-02  1.67663172e-02 -3.63245681e-02
 -2.08107065e-02  2.37870812e-02 -2.41871849e-02  2.22911942e-03
  4.60003726e-02 -1.05594307e-01  7.59391934e-02 -2.58003976e-02
  6.03789650e-02  4.42028092e-03 -1.24304369e-02  1.32929562e-02
  6.03087507e-02  6.09934665e-02  7.54360631e-02  2.52570175e-02
  1.73457414e-02 -4.51239757e-02 -2.89218873e-02 -1.10160923e-02
  3.37145254e-02  4.61149439e-02 -2.29290267e-03 -5.52245863e-02
  4.48018089e-02  1.10178038e-01 -5.65807261e-02 -1.48300054e-02
 -1.83967985e-02  2.67174542e-02 -3.37468348e-02  1.64510421e-02
  9.39475559e-03 -3.58918980e-02 -3.32122557e-02  1.67273954e-02
  1.06617697e-02 -1.29465545e-02 -3.45304981e-02 -3.19195837e-02
  5.20686060e-02 -2.70835664e-02  5.64871766e-02 -1.76680580e-01
 -1.62163191e-02  2.78269537e-02  1.09818000e-02  4.28912370e-03
 -4.85434085e-02 -5.21438494e-02  3.77266444e-02  3.97294052e-02
 -7.16698729e-03 -9.74711254e-02  2.05140859e-02 -1.23439403e-02
 -1.74319074e-02 -4.19235490e-02 -6.21511415e-03 -1.69171989e-02
  1.03016540e-01 -6.85415510e-03 -5.05958796e-02 -5.91025203e-02
  6.09979071e-02 -1.19117917e-02  8.80601555e-02  1.15369456e-02
 -3.04714944e-02  2.12808717e-02 -1.23985544e-01 -4.83243950e-02
  3.34781446e-02 -3.63453217e-02 -3.43818627e-02  2.95648419e-33
  3.34751308e-02  3.60094127e-03 -5.21418937e-02  3.72825600e-02
 -9.38392282e-02  5.71278296e-03 -6.11104257e-02 -6.05256669e-03
  3.00114639e-02  1.13929860e-01 -4.40867804e-03  1.68299247e-02
 -2.94340700e-02 -6.38580173e-02  3.59203853e-02 -1.10915795e-01
  6.89055696e-02  2.44469438e-02  1.59878191e-03  1.32078469e-01
  9.84453876e-03  3.04938089e-02  9.60866176e-03 -4.83194143e-02
  3.20332311e-02  6.56458959e-02 -6.52835593e-02 -2.11299676e-02
 -7.05839992e-02 -1.42828953e-02 -1.28918951e-02  4.81590815e-02
 -4.75113392e-02  7.95190688e-03  1.92814656e-02  8.45946446e-02
 -5.33385128e-02 -5.41690551e-03 -5.47367297e-02 -4.86720465e-02
  9.19570972e-04 -2.52146218e-02  5.84304146e-03  7.10557774e-03
 -4.98338714e-02  8.73707831e-02 -5.84688671e-02 -7.68446922e-03
 -6.63684011e-02 -2.95376442e-02 -1.24087150e-04  1.22778611e-02
 -6.75066561e-02  4.93745469e-02  7.01273186e-03 -7.75469169e-02
  3.43229659e-02 -5.91418855e-02 -1.76972337e-02  1.09829176e-02
 -8.02627653e-02 -4.11163978e-02 -5.98736294e-02 -4.01831493e-02
 -4.01717349e-04 -2.33295709e-02 -6.15583807e-02 -2.13791914e-02
 -1.18867680e-02 -4.14420711e-03  1.77797601e-02 -3.12137026e-02
 -5.68060465e-02  1.27378091e-01 -1.95286404e-02  5.64748086e-02
 -8.73427000e-03 -8.00989103e-03 -3.45710851e-02  1.05002085e-02
 -7.04030916e-02 -1.16821891e-02 -7.99097642e-02 -1.68547146e-02
 -7.53582418e-02 -1.36402063e-02  3.01453359e-02 -7.36439005e-02
  1.88663565e-02  6.49663284e-02  3.93393897e-02 -9.87187680e-03
  2.46074088e-02  1.84935663e-04  6.63975067e-03 -2.00896952e-08
  6.77158916e-03 -6.18073866e-02 -4.76410314e-02 -6.77711796e-03
  9.99345095e-04 -8.97806510e-02  7.61380419e-02  3.75246480e-02
  4.26306995e-03  1.20871507e-01 -5.41653521e-02 -3.70657742e-02
  6.00516722e-02 -3.05153022e-04  4.06045020e-02  8.19137041e-03
  1.32627105e-02 -5.05188406e-02 -1.52287353e-02 -5.04431576e-02
  4.13708538e-02  2.22399887e-02 -3.81511040e-02  4.22295667e-02
  3.93600129e-02  7.07784444e-02 -9.50835831e-03 -6.56936914e-02
  1.79969128e-02  5.92718832e-02  2.83316858e-02  9.70125198e-03
 -1.82501841e-02 -1.05694041e-01 -6.80206940e-02  5.09492168e-03
  7.55894603e-03 -1.99902952e-02 -4.44209715e-03 -3.02293673e-02
 -6.79649636e-02 -4.18958366e-02 -5.18679470e-02 -4.90795299e-02
  9.22751501e-02  3.82575318e-02  3.87771055e-02  6.68565650e-03
 -5.31824939e-02 -1.00426143e-02  7.39549566e-03  5.52742109e-02
  6.32289872e-02 -1.69025492e-02  1.76356491e-02 -6.06055036e-02
 -4.80196672e-03 -5.95740683e-04  4.40315809e-03 -5.76879829e-02
  2.96097025e-02  4.96173874e-02 -1.34855241e-01 -2.14492227e-03]",1
proj_test,50,Any other comments?,"I was nervous at first, but later I felt much more confident.","I was nervous at first, but later I felt much more confident.",positive,0.6357,False,"[-1.22715374e-02 -1.22859690e-03  2.34798510e-02  2.62113530e-02
  6.98152557e-02 -1.00866184e-01  4.73547168e-02  4.49651368e-02
  3.80122587e-02 -1.01625890e-01  2.89093722e-02 -2.47785095e-02
  8.63525942e-02 -1.13237545e-01  2.60087401e-02 -2.13930756e-02
  2.49454957e-02 -3.69598195e-02 -4.79987524e-02  5.08981273e-02
 -6.78175986e-02 -1.53044723e-02 -1.97766516e-02  8.60349741e-03
  3.99920680e-02  5.56326518e-03 -3.27815153e-02  1.25196055e-02
  5.75274788e-02  8.85087810e-03 -5.43001331e-02 -7.37037435e-02
  5.91504499e-02 -2.35022977e-02 -1.43011222e-02 -7.62300659e-03
 -4.87789176e-02  2.58025248e-02  1.58228935e-03  5.50849549e-02
 -8.27557407e-03 -4.93792519e-02  2.25566551e-02  8.40504933e-03
 -3.74619327e-02 -5.88138662e-02  7.26324692e-02 -4.26750956e-03
  5.96764237e-02 -3.86831276e-02 -2.42228173e-02 -6.73723742e-02
  9.99736786e-03 -1.09948412e-01  2.03833040e-02  5.55838421e-02
  2.50058323e-02  2.61819083e-02 -1.44699309e-02 -2.15101968e-02
 -5.18947244e-02 -2.78782956e-02 -3.00764851e-02  5.82183786e-02
  7.75520355e-02  4.96912235e-03 -3.48638110e-02 -6.28701895e-02
  8.18307474e-02  5.97958826e-02  5.19168898e-02 -1.74446814e-02
  7.60961100e-02 -3.54340347e-03 -2.03689747e-02 -2.32331678e-02
  1.74050145e-02 -1.41889835e-02 -1.19686108e-02  5.99190928e-02
  1.09659843e-02 -5.46986684e-02 -5.61817698e-02 -5.56229940e-03
 -4.55685519e-02 -7.06550181e-02  4.07851003e-02 -1.59100106e-03
 -7.44984448e-02 -1.96468532e-02  6.19637556e-02  2.96454616e-02
 -8.66164342e-02  8.93322900e-02  1.39472652e-02  2.40756236e-02
 -6.25371262e-02  5.23543805e-02  2.90785935e-02  8.09809268e-02
 -3.19876075e-02  4.23126891e-02  3.36482911e-03  5.93344867e-02
 -4.76028733e-02 -4.24299426e-02 -3.74796079e-03 -2.61388551e-02
  2.34261788e-02  3.16398665e-02 -4.31745164e-02 -2.35608146e-02
  2.93711182e-02  5.49145639e-02 -2.19353475e-02  4.97978069e-02
 -2.55225617e-02  4.94203679e-02  2.16074213e-02  2.83005573e-02
  7.87234530e-02 -3.56500875e-03  2.24822126e-02 -8.06469023e-02
 -2.00028848e-02 -4.86933552e-02  5.08047380e-02 -2.66028771e-33
  7.97221512e-02 -5.52465115e-03 -3.04802172e-02  7.73725510e-02
  2.05914043e-02  4.76101674e-02  2.68085423e-04  3.14324419e-03
 -9.41927731e-02  8.29619616e-02  4.08081450e-02 -9.98404995e-02
 -5.57083860e-02 -7.80392960e-02 -4.52922694e-02  3.06323152e-02
 -8.74374732e-02 -2.51808707e-02  6.77826628e-02  6.60749227e-02
 -2.26783343e-02  9.75432433e-03 -3.31403203e-02  1.25119844e-02
  2.12713890e-02  8.29333514e-02  1.80209726e-02 -3.54924016e-02
 -4.25458839e-03  1.90797038e-02 -7.36375302e-02 -5.12661180e-03
 -5.06271049e-02 -1.99039727e-02  2.94644516e-02  3.62044126e-02
  8.67461711e-02 -4.26549762e-02 -1.78176407e-02 -8.08886290e-02
  5.51491007e-02  2.50271689e-02  6.90804496e-02  1.56667680e-02
 -2.71889027e-02  2.75116023e-02 -1.18119530e-01 -4.89673298e-03
 -7.58214816e-02  1.50899366e-02 -8.71883929e-02  2.17312574e-02
  4.49217148e-02  6.82478845e-02 -4.08383906e-02  5.94256353e-03
  6.32154569e-02 -1.48759102e-02 -6.88147098e-02  7.93243665e-03
 -8.22489932e-02  4.51655015e-02 -2.02928688e-02 -6.87627867e-02
 -5.71445860e-02  1.23410784e-02 -5.89384139e-02 -1.27052013e-02
  3.60194631e-02 -3.43701206e-02 -6.62024766e-02 -1.54601643e-02
 -3.99824493e-02  1.15731433e-02  2.71422360e-02 -4.44493163e-03
 -4.21614908e-02  5.14315860e-03  4.55123149e-02 -1.53085530e-01
  4.34334315e-02 -5.20950519e-02 -6.27726763e-02  1.69022400e-02
 -2.89636850e-02  1.81393251e-02  4.86461073e-02 -1.95481093e-03
 -2.04838794e-02  1.39007065e-02  2.67222952e-02  5.08640073e-02
  9.90633294e-02 -4.24471963e-03 -5.81333898e-02  1.40145834e-33
  1.45269325e-02  1.35249447e-03 -7.20671192e-03  5.57803884e-02
 -4.58128676e-02 -5.36483712e-03  9.29194093e-02  3.54910605e-02
  1.14737451e-02  1.39010623e-02  8.28279704e-02  5.60010672e-02
  2.87356284e-02 -4.26803716e-02  1.79036912e-02 -7.25792870e-02
  1.05121369e-02  1.64673254e-02  6.97022155e-02  3.14138383e-02
  1.56075871e-02  4.18494605e-02  2.57997364e-02  3.02886032e-02
 -1.06253214e-02 -1.04112215e-02  5.21439873e-02 -3.35100517e-02
 -5.59595861e-02 -6.10767230e-02  3.47174853e-02 -1.38922725e-02
  6.82783732e-03  9.04785022e-02 -8.28441139e-03  1.21979959e-01
 -4.17473875e-02 -6.70595318e-02  1.62298065e-02 -3.02417558e-02
 -7.11697116e-02 -1.39864339e-02 -2.74814237e-02 -7.48507772e-03
 -8.64385162e-03 -3.24162990e-02  7.74241984e-02 -2.55251918e-02
 -1.54441101e-02  6.60707280e-02 -9.21943039e-02  1.64616883e-01
 -1.08221069e-01 -5.00505753e-02  4.72127497e-02 -3.88954058e-02
  4.08547148e-02 -1.27655109e-02 -5.10416972e-03 -4.70611500e-03
 -7.66354427e-02  9.87108983e-03 -7.60680363e-02 -1.97265185e-02
  4.81856428e-02  7.12208152e-02 -7.88328946e-02  4.18287367e-02
  5.24307936e-02  2.73682643e-02 -6.17066845e-02  7.10696653e-02
  7.99936336e-03  8.68421644e-02  1.91405099e-02 -9.83180329e-02
  7.76808884e-04  5.24373446e-03 -1.72003116e-02 -1.28858536e-03
 -5.57488948e-02  2.78032999e-02  3.91889783e-03  3.33162136e-02
  4.90682200e-03  1.60335407e-01  1.61628090e-02 -1.27514172e-02
 -5.75592183e-02 -2.55323853e-02 -5.57259656e-02  3.21912637e-04
  1.15425862e-01 -2.23882589e-03 -1.80870239e-02 -2.36834587e-08
 -1.09535679e-01 -3.83948139e-03  1.04417345e-02  1.80168822e-02
  6.65375069e-02 -1.94154717e-02 -8.06791335e-02  1.46470428e-03
 -1.03542447e-01 -1.04043126e-01 -3.83710908e-03  8.22077319e-02
  5.83026922e-05  3.05943494e-03 -7.71962944e-03  4.31220746e-03
  6.59606755e-02  7.01201381e-03  1.62867978e-02  2.62575150e-02
  3.31146643e-02  1.10054813e-01 -1.23859905e-01 -5.40885190e-03
  3.96067351e-02  2.44841706e-02  3.51628033e-03  5.70472144e-02
 -8.22686851e-02 -2.99097206e-02 -1.92174669e-02 -5.21404445e-02
 -4.09612544e-02  7.32856663e-03  4.76126699e-03  5.52066937e-02
  3.68187055e-02 -2.19444036e-02  1.42543450e-01 -7.07777739e-02
 -2.80547459e-02  2.52368394e-02  1.23707484e-02  5.39233163e-02
  7.19498610e-03  6.10594153e-02  5.62984496e-02 -5.56064360e-02
  6.06027171e-02 -7.08419457e-02  5.04962206e-02  2.77028084e-02
 -6.35519624e-02  5.84048145e-02  3.92877720e-02  8.36756174e-03
 -1.00673996e-01  1.88150983e-02 -6.14560954e-02  6.16564043e-02
 -1.47156427e-02  1.49673233e-02 -9.56567675e-02 -2.67030820e-02]",0
proj_test,51,What did you like most?,The sessions were not only informative but also very engaging.,The sessions were not only informative but also very engaging.,positive,0.5483,False,"[ 7.42598549e-02  3.21506374e-02 -2.47214315e-03 -1.40788769e-02
 -8.74583051e-03  2.51767579e-02  5.28659821e-02 -9.62536223e-03
 -3.45097333e-02  1.89182919e-03 -6.64124191e-02  9.16395113e-02
 -2.17886306e-02  1.29894409e-02  2.22896244e-02 -3.03544961e-02
  7.34227747e-02 -3.83772962e-02  3.80410068e-02 -2.42844992e-03
  6.41720369e-02  3.25658843e-02  7.71345124e-02  1.47202956e-02
  9.10928100e-03 -2.51857899e-02 -3.20040584e-02 -3.24838907e-02
  6.45163208e-02  2.86954385e-03 -6.10741191e-02  9.74638388e-02
 -3.79758552e-02 -5.88884279e-02 -1.61409378e-02 -6.90611731e-03
  4.30767797e-02  7.65108839e-02  4.02730480e-02 -8.57197046e-02
 -1.69515295e-03 -1.39641743e-02  7.15520754e-02  1.03706000e-02
  2.48433482e-02 -3.86586711e-02 -7.92585760e-02 -8.27618465e-02
 -1.05347790e-01  2.04496384e-02 -1.56654175e-02 -1.95161849e-02
  9.34844986e-02 -7.07885772e-02 -8.70779827e-02 -5.95340505e-03
 -5.45169227e-02 -2.21734364e-02  2.98835197e-03  8.71655066e-03
 -6.41636848e-02 -4.54115756e-02 -2.41325647e-02  4.36833836e-02
 -5.08505628e-02 -1.36653660e-02 -1.48849562e-02 -5.34288324e-02
  5.67455217e-02 -1.62574593e-02 -5.44122010e-02 -3.40450928e-02
  6.68071434e-02 -5.04123867e-02 -7.89455790e-03 -1.05891377e-01
  2.10098848e-02  3.72958593e-02 -4.75425161e-02 -5.93684316e-02
 -1.46894511e-02 -1.32582439e-02  1.57371089e-02  1.86766572e-02
  1.68395247e-02 -1.02527365e-01 -2.91191805e-02 -6.93862513e-02
 -1.08599827e-01  3.17171291e-02 -1.73427891e-02  5.83520755e-02
  2.69566812e-02 -2.08135303e-02  5.17944098e-02 -3.84562612e-02
 -2.72515044e-02  8.28806162e-02  2.70555075e-02  7.62992278e-02
  3.09550613e-02  1.21473216e-01 -5.01571521e-02  2.02687021e-04
 -8.31998140e-02 -3.88051011e-02 -5.42045794e-02 -6.35022819e-02
 -7.58583983e-03  8.40552896e-03 -3.21399719e-02  4.84444052e-02
  5.46739921e-02 -3.41073349e-02  4.19951752e-02  7.20187351e-02
  5.54113351e-02  4.38793041e-02 -2.89312080e-02  6.68621883e-02
  8.09151158e-02  3.98648856e-03  1.56623758e-02  4.31824327e-02
 -1.34757906e-02 -5.65220118e-02  8.04714486e-02 -3.04588862e-33
  5.31856483e-03 -5.95150962e-02 -2.52087321e-02  9.86417159e-02
  3.48628499e-02  9.67161432e-02 -6.05186671e-02 -1.04183480e-01
  3.19625698e-02  4.73960191e-02 -4.33952548e-02  1.07097104e-01
  7.30471313e-02 -5.84501512e-02  1.03349879e-03  1.49409948e-02
 -1.45506799e-01  8.00317079e-02  7.79338973e-03 -5.77378869e-02
  1.50723932e-02  6.11753203e-02  1.65912621e-02  2.13809609e-02
  2.91063190e-02  1.05604278e-02  4.56659161e-02  1.76853745e-03
  5.11487499e-02  2.36511361e-02 -3.42988484e-02 -3.80635075e-02
  2.50496157e-02 -1.67853031e-02  8.69340077e-02  5.15328944e-02
 -1.92650910e-02 -8.38810578e-02  7.91681111e-02  1.84708331e-02
  1.20374244e-02  1.30671784e-02  2.45291106e-02  1.57541607e-03
 -5.54855689e-02  3.15090194e-02  7.26690842e-03 -2.79131345e-02
 -2.41554547e-02  1.47838220e-02 -4.94459644e-02  1.41894463e-02
  2.42409930e-02  3.44667211e-02  2.57196669e-02  4.48603593e-02
 -7.87926279e-03  8.93756300e-02 -4.83661741e-02 -1.09383697e-03
  2.18458623e-02  5.26627414e-02 -7.59201348e-02 -7.39616379e-02
 -1.38782516e-01  5.23514040e-02 -3.98119725e-02  2.57157795e-02
  1.21234078e-02 -6.49121329e-02 -8.00298303e-02  4.34639342e-02
  8.09807777e-02 -1.13898113e-01 -6.06496148e-02  3.03894095e-03
 -1.04155373e-02  1.15735661e-02  2.83524320e-02  1.06021374e-01
  7.34774470e-02 -1.11720614e-01 -1.54672517e-03  5.45597672e-02
 -2.86872871e-02 -1.70204453e-02  6.79764524e-02 -1.62598789e-02
 -5.69399148e-02  6.10986538e-02 -2.08468526e-03  1.59439929e-02
  3.01034749e-02  1.11185359e-02  2.15500705e-02 -2.39534065e-34
 -3.04803252e-02  3.15236971e-02 -5.44468015e-02  4.14232761e-02
  2.29626335e-02  3.03759966e-02 -4.00769338e-03 -2.72151772e-02
  5.74132875e-02 -1.30407605e-02  2.94374637e-02  2.13720761e-02
 -5.31652682e-02 -2.92909658e-03 -4.39437069e-02 -2.93030478e-02
  7.97772314e-03  4.42675501e-02 -2.88095865e-02  7.09039047e-02
  6.92336783e-02  1.03733078e-01 -9.35503617e-02 -7.89878145e-02
  1.72182098e-02  4.40735817e-02 -6.80735335e-02 -3.13340575e-02
 -3.22956778e-02  5.33241220e-03  5.35785034e-02  4.15193215e-02
 -9.66305435e-02 -7.74527155e-03 -9.26843937e-03  6.12931885e-02
  7.43246600e-02  1.53584844e-02 -8.82406756e-02 -1.82262473e-02
  5.49777523e-02  1.55066047e-02 -8.75481293e-02 -2.89705954e-02
 -2.98052002e-02  2.10314412e-02 -1.08975016e-01 -2.45167520e-02
 -8.13005418e-02  4.39201668e-02 -1.05440684e-01 -1.57168731e-02
 -1.03623256e-01 -9.45813581e-02 -1.31120475e-03 -6.13747686e-02
  8.49658065e-03 -5.04624844e-02 -1.44219212e-02 -4.59123105e-02
 -5.29374927e-02  2.61613466e-02 -6.00606166e-02 -4.09322605e-02
  6.84926808e-02 -6.04728088e-02 -1.32050151e-02  6.33737370e-02
  3.01597398e-02 -2.96625551e-02 -5.25018089e-02 -5.38687930e-02
 -1.04993745e-03 -1.05076153e-02  8.38589966e-02  5.61859459e-02
 -1.67406574e-02 -8.31539333e-02 -1.07882414e-02 -6.01865239e-02
  3.52885351e-02  1.76872760e-02 -2.67083570e-02 -4.74604554e-02
  5.05424431e-03  2.05480754e-01 -1.88904461e-02 -2.22594850e-02
 -4.45648059e-02  5.00810072e-02 -4.20081615e-03 -4.25683707e-02
  5.10119088e-02  2.49948278e-02  5.06844148e-02 -2.12818208e-08
 -5.23935771e-03  1.22226756e-02  8.29418655e-03  1.21622719e-02
 -2.23286096e-02 -8.93038884e-02 -2.09574550e-02  7.68914372e-02
 -3.68274525e-02  8.24453980e-02  6.80246875e-02 -1.30879683e-02
 -3.68674914e-03 -2.57852599e-02  7.73024261e-02  4.45328765e-02
  2.82470640e-02  6.07585674e-03 -3.91696766e-02 -1.38893235e-03
  1.18823843e-02  3.15419026e-02 -4.70156483e-02 -8.36634263e-03
 -6.12240657e-02  4.15315442e-02 -2.83477874e-03 -3.76916006e-02
 -3.20925973e-02 -6.72651595e-03 -2.44832374e-02  4.37509604e-02
 -5.20647913e-02 -3.85939982e-03 -4.00483347e-02  3.86124328e-02
 -4.14856561e-02 -9.67164524e-03 -9.06588137e-03 -1.35275815e-02
 -9.20658857e-02  1.11322738e-02  1.54867638e-02  9.34802741e-02
  9.18499678e-02  4.00725827e-02 -1.82084423e-02  5.61561324e-02
  1.55622819e-02 -3.41687202e-02  2.73224432e-03  2.39319559e-02
  1.45604359e-02  1.34365289e-02  6.77345842e-02  5.09361997e-02
 -2.43723067e-03  2.30496824e-02 -2.23447308e-02 -3.76912911e-04
  2.38557961e-02  1.44367283e-02 -8.91501531e-02 -3.74059528e-02]",2
proj_test,54,What did you learn?,I developed better problem-solving skills during the activities.,I developed better problem-solving skills during the activities.,positive,0.4404,True,"[ 2.73175240e-02  4.77584228e-02  5.01351990e-02  1.88641027e-02
 -4.85972017e-02 -3.53342555e-02  5.73063157e-02  6.45532459e-02
 -6.02584071e-02  1.03687905e-02 -7.02438271e-03  7.52223954e-02
  2.03829985e-02  1.18853450e-01  6.94879666e-02  5.49883880e-02
 -5.34186326e-02  5.82505576e-02 -4.58602123e-02 -7.94695690e-02
 -7.10286573e-02  7.99641293e-03  3.95882726e-02  2.22112369e-02
 -4.18557562e-02  8.50455463e-02 -2.53399871e-02 -3.67773958e-02
  9.75573659e-02 -4.89048995e-02  1.80444773e-02  2.56270654e-02
  4.69156504e-02 -2.74941721e-03 -3.25551517e-02  8.96137133e-02
 -3.58438306e-02  6.31626174e-02  8.12880136e-03 -4.41328473e-02
 -5.05988561e-02 -3.03327963e-02  8.78891721e-02 -8.36611018e-02
 -1.29229147e-02 -3.21709402e-02  2.33645979e-02 -3.20980139e-02
  1.71371701e-03  5.12743555e-03 -6.48902133e-02 -2.36809421e-02
 -1.40528800e-02 -9.05197784e-02  5.62494658e-02  3.79882902e-02
  2.54040658e-02  8.36087465e-02 -1.97649305e-03 -1.40528884e-02
 -3.34800519e-02 -3.05965785e-02 -8.51104707e-02  3.78610194e-02
 -1.06933732e-02  1.02106489e-01 -5.74739464e-02  4.36827820e-03
 -5.81569644e-03  3.43511887e-02 -1.49758533e-02  1.90256462e-02
 -3.45764495e-02  3.13433968e-02  1.16688214e-01 -2.60258634e-02
  2.50267647e-02 -6.10368438e-02  2.72033978e-02  5.56569472e-02
  3.22180390e-02 -4.56903456e-03 -4.13430333e-02  6.03542253e-02
  2.80967634e-02 -8.27545226e-02 -9.80315451e-03  3.03923432e-02
  2.56263632e-02 -5.50590046e-02  6.52034730e-02 -5.78862391e-02
 -5.34833260e-02  2.84420382e-02 -2.66324282e-02 -2.24493872e-02
 -2.36304626e-02  4.29771580e-02 -3.90031040e-02  3.17917690e-02
  4.63071801e-02 -9.71425325e-03 -5.01555810e-03  1.09141488e-02
 -5.34287170e-02  3.56134064e-02  2.05914788e-02  2.28554178e-02
  1.26148146e-02 -1.78068653e-02 -5.23126572e-02  1.56574436e-02
 -1.63092725e-02  6.54575229e-02  2.25219745e-02  6.16480149e-02
 -5.27116209e-02  5.71479425e-02  8.88183340e-03  2.50089057e-02
  7.85626099e-02  6.44230619e-02  1.24283582e-02 -5.13623655e-03
 -4.88383435e-02 -4.16907622e-03 -4.00215127e-02 -3.24882247e-33
  2.07434827e-03 -6.65002968e-03  4.53533046e-02  6.91415668e-02
  6.93222806e-02 -3.47397737e-02  6.76389365e-03  5.63602448e-02
  8.47024098e-02 -3.74185368e-02  2.57280208e-02  1.92876495e-02
 -1.74981952e-02 -1.15652485e-02  5.86529821e-02  1.66688729e-02
 -1.45223096e-01  3.50318998e-02 -4.53292839e-02  6.63863793e-02
  3.72787379e-02 -1.23343334e-01  2.68699974e-02  1.95755940e-02
  4.83404621e-02  3.25217247e-02  1.29138261e-01 -7.96402618e-02
  1.77278779e-02 -6.21324696e-04 -1.36859540e-03  2.12413818e-02
 -1.00997910e-01  4.09415960e-02  1.12304315e-02  1.15812175e-01
  6.12719990e-02 -7.47824386e-02  4.85946387e-02 -6.06834283e-03
 -1.05869407e-02  3.15773450e-02  7.26581812e-02  2.27633845e-02
  5.09925038e-02  9.69582237e-03  5.19242920e-02 -2.75440644e-02
 -8.24073330e-02  4.56005558e-02 -1.00451969e-01  2.33531501e-02
  5.77025227e-02 -1.69922099e-01  8.12047813e-03 -2.21410841e-02
 -6.22461084e-03  7.73373852e-03 -5.02878008e-03  6.19584285e-02
  3.37832682e-02  1.40621662e-02 -5.26412316e-02  3.53585854e-02
 -5.21261133e-02  1.99980531e-02  1.14657721e-02 -1.63726341e-02
  1.07660510e-01 -3.22217569e-02 -2.82814559e-02 -9.62941628e-03
  4.97829653e-02 -2.06376053e-02  2.80519053e-02 -5.63384518e-02
 -5.43621033e-02 -2.91255470e-02 -8.77468660e-02 -5.14298156e-02
  6.03169687e-02  1.76493614e-03 -2.17248704e-02 -5.29694222e-02
  6.13575242e-03 -5.73629234e-03  4.46263403e-02 -6.80693313e-02
 -1.37591297e-02  4.34812047e-02  1.31938942e-02 -7.09132105e-03
  6.15568459e-03  8.31725299e-02 -4.18619402e-02  3.31796946e-33
 -5.85583113e-02 -2.84344181e-02 -3.39004509e-02  2.04439256e-02
  4.90739420e-02 -1.26713188e-02  5.50474972e-02 -5.87703697e-02
  3.78447063e-02  1.27189690e-02  1.72453728e-02  2.94398656e-03
 -9.56348032e-02 -1.41204474e-02 -4.27077897e-03 -6.28268495e-02
 -9.20160189e-02  4.77323569e-02 -1.78907975e-03  5.72960870e-03
 -6.72625750e-02  1.19721562e-01 -1.46067040e-02  1.30470814e-02
  3.83879505e-02  1.39706945e-02  7.83059653e-03 -2.31396426e-02
 -1.25123030e-02  5.07532731e-02  2.03672405e-02 -4.20885943e-02
 -4.99047861e-02 -2.67032664e-02 -1.22467885e-02  5.80829792e-02
 -6.04610555e-02 -1.15347669e-01 -4.09191567e-03 -3.28530446e-02
 -1.90061685e-02 -1.76238157e-02  1.04614608e-02  3.76318172e-02
  5.69176525e-02 -4.24757367e-03 -5.05045503e-02 -5.59583195e-02
 -1.43343452e-02  1.91260700e-03  4.43058461e-02 -5.37576228e-02
 -3.80873568e-02 -1.11057870e-01  1.27580073e-02  3.71362939e-02
  1.47190675e-01 -1.39806494e-01  3.69151831e-02 -3.50959562e-02
 -6.47323430e-02  4.45320942e-02  1.41172158e-02 -8.67573638e-03
  6.29420802e-02  9.81702190e-03 -3.60637605e-02  8.01689625e-02
 -2.76331846e-02  8.11724737e-03 -6.83584958e-02  3.72097977e-02
  2.99465116e-02 -5.37847029e-03 -2.13532224e-02 -2.42713429e-02
 -8.57599676e-02  2.97690816e-02 -6.23826198e-02 -7.09418021e-03
 -6.94544762e-02 -6.36423454e-02 -7.83131085e-03 -3.56626697e-02
 -6.39873445e-02  7.57806674e-02 -2.43168846e-02  1.16883200e-02
 -1.78743526e-02 -4.90674339e-02 -4.54329401e-02  5.90475164e-02
  1.13705276e-02 -1.95926875e-02 -1.13432901e-02 -1.76035027e-08
 -7.20175123e-03  1.03657786e-02 -2.42292858e-03  2.23504417e-02
 -3.92124290e-03  2.89605069e-03 -1.23608544e-01  1.39849350e-01
 -6.61783069e-02  2.54114140e-02 -1.49156218e-02 -3.36796381e-02
  8.37327540e-02  4.42115180e-02  9.04677361e-02 -5.59979193e-02
  1.14158377e-01  6.53210431e-02 -5.24493270e-02 -5.92522994e-02
  1.34438843e-01  2.66073272e-02 -5.41608222e-02  9.66686569e-03
 -5.38881160e-02 -3.28933671e-02 -8.59041605e-03  3.44121791e-02
 -9.24974121e-03  4.77428101e-02 -1.15056476e-03 -5.33448020e-03
 -3.17082293e-02  1.31550133e-02  5.93910627e-02 -2.20360383e-02
  4.84411009e-02 -5.87990060e-02 -2.90759224e-02  2.42129564e-02
 -8.54967758e-02  3.34035978e-02  9.97701883e-02  6.47632778e-02
 -1.12111503e-02  7.36547727e-03 -4.01061960e-02  3.77534563e-03
  3.47557366e-02 -1.34588014e-02  1.11350128e-02  5.89566939e-02
  2.95844837e-03 -6.37930632e-03  5.08932024e-02  4.73649502e-02
  4.42389436e-02 -5.55297211e-02 -9.43230465e-02  2.88662892e-02
  3.16798650e-02  9.08627957e-02 -1.03605002e-01  3.14980894e-02]",3
proj_test,55,What did you learn?,I became more patient and better at cooperating with others.,I became more patient and better at cooperating with others.,positive,0.4877,True,"[-4.96718753e-03  3.31268832e-02  3.33934724e-02  6.07242770e-02
  2.59634480e-03 -1.12954870e-01  3.78472060e-02 -1.72872422e-03
  1.16726030e-02 -9.81722027e-02 -7.92049989e-03  8.25182274e-02
  2.73289792e-02  3.12671065e-02  5.78016564e-02  2.07210761e-02
  2.60398574e-02 -1.87461413e-02 -7.73263499e-02 -6.19922355e-02
 -1.91160172e-01 -3.36923487e-02 -2.13084370e-02  1.18293148e-03
 -4.60796915e-02  5.36668412e-02 -6.77002743e-02 -1.95132270e-02
  6.35628626e-02 -5.29814549e-02 -2.04649549e-02  2.15443745e-02
  1.95910432e-03  1.85237452e-02 -1.43912649e-02  4.06495631e-02
 -2.31468920e-02  1.90117750e-02  5.23908809e-02 -5.14566079e-02
  2.04755049e-02 -2.08889022e-02  3.93378027e-02  3.65807745e-03
  1.01114772e-02 -2.90748384e-02  5.48187585e-04 -3.02332286e-02
  2.29063933e-03 -4.87645296e-03 -3.61222550e-02 -2.41275765e-02
 -4.19019759e-02  1.09119164e-02  6.16823994e-02  8.78198817e-02
  2.42405608e-02  7.68186152e-02 -5.11284024e-02 -7.25018419e-03
 -5.53957522e-02  1.84530541e-02 -3.67680215e-03  7.37884492e-02
  2.21705474e-02  4.49734740e-02 -4.52683726e-03  1.98294921e-03
  6.32987125e-03  1.78548936e-02 -9.84967127e-03  3.56384553e-02
 -1.85169671e-02  1.05379494e-02  7.22910464e-02 -3.27101983e-02
  4.13514413e-02 -4.49358337e-02  5.79039007e-02  6.48189113e-02
 -9.43290535e-03  6.90908805e-02 -5.77919930e-02  5.30719943e-02
 -8.42246711e-02 -1.61854029e-01  4.97784130e-02 -7.23535344e-02
  1.85253341e-02 -5.45222275e-02  6.62440285e-02  1.07947700e-01
 -6.18705638e-02  3.55754346e-02 -5.14568835e-02 -2.97108963e-02
 -3.33010852e-02  4.54851240e-02 -1.35796214e-03  1.10014401e-01
 -1.64580010e-02 -1.52602876e-02 -3.38811800e-02 -1.82586815e-02
 -1.38432104e-02  3.31490114e-02 -1.32423053e-02 -1.28171651e-03
 -1.57234557e-02  2.02606265e-02 -4.72886674e-02  3.56013477e-02
  9.54125263e-03 -1.34363612e-02  9.45393555e-03  6.61807433e-02
 -6.72113076e-02  6.24483787e-02  3.68298441e-02  7.65067711e-02
  6.76715747e-02  2.43829619e-02 -6.77625276e-03 -2.57039396e-03
 -6.16024435e-02 -1.53219886e-02  4.14196439e-02 -3.36275249e-33
 -1.16095822e-02 -2.67993473e-02  7.94627219e-02  8.63580182e-02
  7.76723400e-02  5.32978810e-02 -1.28313527e-02  5.27847223e-02
  9.88383195e-04 -8.18690881e-02  8.02503247e-03  5.05194589e-02
  5.16864844e-02 -7.09866509e-02 -6.67713284e-02 -1.75425112e-02
 -1.39247268e-01  4.72736359e-02 -2.94419564e-02  6.61948323e-02
  8.67204915e-04 -2.37679780e-02 -4.79502371e-03  6.53692484e-02
  2.71311924e-02 -2.72878306e-03 -6.24088384e-03 -1.93406083e-02
  5.32891080e-02  5.62236365e-03  1.78824775e-02  9.92436782e-02
 -1.03288256e-02 -1.61053520e-02 -7.61796460e-02  6.49734735e-02
  2.13423166e-02 -6.11027479e-02 -3.09854019e-02 -7.33065829e-02
 -1.08496044e-02  2.29016766e-02  6.56097457e-02  4.76354035e-03
  2.41047516e-02  1.06059862e-02 -2.68874038e-02 -3.51772644e-02
 -9.76359844e-02 -4.10789810e-02 -1.25481233e-01 -3.58196683e-02
 -1.26822852e-02  3.06577850e-02  1.21473493e-02 -2.10551564e-02
 -3.90610629e-04  5.96400984e-02 -6.49063066e-02  3.40322033e-02
  3.04078646e-02  1.47428634e-02 -1.74115654e-02  3.77884619e-02
  1.15688723e-02 -3.86808477e-02  7.23866234e-03 -7.87048489e-02
  5.25114723e-02  1.87848005e-02 -7.77629614e-02  3.12946327e-02
 -7.92193189e-02  2.76542623e-02 -3.55475321e-02 -9.49497372e-02
 -6.69332743e-02 -1.22536225e-02  5.64084575e-02 -8.30224827e-02
  2.23628134e-02  3.09621599e-02 -1.03225693e-01  6.35648891e-02
  6.77766576e-02  6.85784314e-03  2.70012207e-02 -5.30941524e-02
  2.15019267e-02  7.38065466e-02  5.49039841e-02  1.51098035e-02
  1.16881132e-01 -2.01829467e-02  9.54506360e-03  1.97954112e-33
  1.53198857e-02 -8.18518642e-03  4.03979719e-02  3.33601758e-02
 -8.71004444e-03 -6.09011389e-02  9.72360279e-03 -2.20773239e-02
  6.76399935e-03  1.00271702e-01  4.64785434e-02  6.38022944e-02
  6.13306090e-02  1.85803492e-02 -6.98038191e-02 -5.34544047e-03
  3.26687805e-02 -3.21856923e-02  8.53442214e-03 -1.32781081e-02
 -3.18477042e-02  1.53281435e-01 -2.02648975e-02  1.56500731e-02
  2.29013134e-02  9.48006846e-03  6.03668429e-02 -1.49870105e-02
  5.18476740e-02 -4.87574153e-02  4.05889824e-02  2.59491373e-02
 -9.94348377e-02  4.37886901e-02  3.67040001e-02  9.62260142e-02
 -1.86804533e-02 -4.84080203e-02 -3.96918617e-02 -7.59423375e-02
 -1.52706923e-02 -2.51121130e-02 -3.64395939e-02  1.66703202e-03
  7.05165267e-02 -2.11978499e-02  4.97267283e-02 -9.89491418e-02
 -2.78794523e-02  2.50277407e-02 -4.83388342e-02 -5.33519648e-02
 -2.49114316e-02 -5.65883033e-02  1.49408663e-02  4.60516401e-02
  6.28308430e-02 -7.87853301e-02  1.75999831e-02  5.04694763e-04
 -6.89786449e-02 -8.66699405e-03 -1.62781291e-02  2.86729895e-02
  3.64455581e-02 -4.76326533e-02 -1.96024030e-02  5.48797995e-02
 -1.20176039e-04  8.39697663e-03 -1.43466657e-02  1.41106080e-02
 -2.83690821e-02  2.42144391e-02  1.75700281e-02 -6.31494895e-02
 -5.97518869e-02 -4.60741334e-02 -1.34435594e-01  1.90057922e-02
 -1.38024405e-01  1.89723372e-02  5.42788841e-02 -4.05520424e-02
 -5.16173802e-02  8.59529451e-02  7.02220351e-02 -3.01744826e-02
  2.04788707e-02 -7.53482506e-02  7.56838033e-03 -5.27760535e-02
  6.90651825e-03 -4.34825197e-02 -4.59680371e-02 -1.87376443e-08
 -3.99333648e-02 -2.43109707e-02 -1.93587206e-02  1.02603137e-02
  1.09253727e-01  2.41268240e-02 -8.60440582e-02  9.02147964e-02
 -8.33665729e-02  5.56526333e-02 -3.87272500e-02  2.49245167e-02
  6.55590296e-02  6.23282231e-02  1.50797948e-01  1.08228531e-03
  7.54135400e-02 -6.38211668e-02 -9.13030375e-03 -1.24589819e-03
 -4.96948361e-02  8.16464499e-02 -9.49010104e-02 -3.25631015e-02
 -8.16176012e-02  4.96409414e-03  2.35302988e-02  1.81388073e-02
 -5.17005920e-02 -2.98132710e-02 -1.42968260e-02  6.01557607e-04
 -5.43538444e-02  1.55335227e-02  4.41068672e-02 -2.50980631e-02
 -3.67121622e-02 -5.32785542e-02  5.46885058e-02  1.35722412e-02
  1.03769749e-02  1.21672370e-01  3.03538330e-02  8.30490217e-02
  2.70339455e-02  2.24321745e-02  2.59896857e-03  2.06390657e-02
 -1.57196987e-02 -7.70221502e-02  4.34993170e-02  6.63251994e-05
  5.69808017e-03 -3.70042436e-02  5.06378412e-02 -1.26907341e-02
 -1.16177713e-02  3.42672877e-02 -7.92079698e-03  4.58244793e-02
 -1.02427313e-02  6.78898208e-03 -1.11039311e-01 -5.09946123e-02]",0
proj_test,56,What did you like most?,"I loved how supportive everyone was, especially during team tasks.","I loved how supportive everyone was, especially during team tasks.",positive,0.7269,False,"[-4.76593114e-02  6.76800981e-02  2.25709025e-02 -3.56018767e-02
  6.64306134e-02 -3.42189781e-02  3.14773135e-02  6.13911264e-02
 -3.49539183e-02 -3.83887365e-02  7.88897835e-03  6.67117909e-02
  5.06013185e-02  6.07817173e-02 -5.85032045e-04 -1.79467499e-02
  2.99937893e-02 -4.48965840e-02 -9.48264450e-02 -6.19676933e-02
 -8.19032490e-02 -4.30481061e-02  3.07786763e-02  7.00260773e-02
 -9.43884626e-03  2.02157628e-02 -1.92449223e-02 -1.70703828e-02
  1.70501927e-03 -1.84508145e-03 -5.67001961e-02 -1.00571401e-01
  6.33350164e-02  1.49731431e-02 -4.56494018e-02  5.78730330e-02
  4.46821377e-02  3.78884636e-02 -5.57370707e-02 -4.18867134e-02
 -1.40352445e-02  2.95658857e-02  5.56012653e-02 -3.75827705e-03
 -1.24163879e-02 -7.04713687e-02  3.32607627e-02 -6.52361587e-02
  1.21327909e-02  4.95552942e-02  6.33891746e-02 -4.47411351e-02
  8.75189714e-03 -4.58309166e-02  7.72523731e-02  8.87287930e-02
  7.42226020e-02 -2.29582805e-02 -1.36697581e-02 -2.94579323e-02
 -1.19660692e-02 -2.21174601e-02 -1.74054690e-02 -1.64622050e-02
  2.90268008e-03  1.61864329e-02 -1.65359788e-02  1.71113685e-02
 -2.04674806e-02 -3.13158296e-02 -1.04226142e-01 -1.98998209e-02
  5.71788251e-02 -4.82386835e-02  2.37323381e-02  6.77300170e-02
 -1.06088175e-02 -7.59642273e-02  4.10991088e-02  1.86529085e-02
  1.32138683e-02  2.49157753e-02  2.73892824e-02  3.57671790e-02
 -2.04574363e-03 -7.73832351e-02  3.83854955e-02 -2.98869256e-02
  7.66784744e-03  3.01135909e-02 -6.95600826e-03  4.17203531e-02
  2.08933987e-02 -1.13492096e-02 -4.83619608e-02 -5.81396855e-02
 -3.66749428e-02  1.84160005e-02 -4.37261350e-02  7.99690187e-02
 -1.52849937e-02  3.45610082e-02  1.12346997e-02 -1.06525179e-02
 -4.12727594e-02  3.84336859e-02 -4.91384007e-02 -1.06373597e-02
 -9.89907328e-03  2.19816305e-02 -1.01575531e-01  1.60394758e-02
 -4.60872650e-02  9.86766629e-03 -4.45279628e-02 -1.85918342e-02
 -3.42082395e-03  5.29144891e-02 -4.59261164e-02  2.12092325e-02
  1.15570068e-01  3.82640250e-02  5.39187118e-02  4.77436408e-02
  8.83855820e-02  3.47898249e-03  6.91951960e-02 -3.64487333e-33
 -4.67847567e-03 -9.68743395e-03  6.15793206e-02  8.48853216e-02
  3.59279104e-02 -1.01669179e-02 -3.50256078e-02  9.52157937e-03
 -5.96787706e-02 -6.51428699e-02 -2.29091328e-02  1.09087154e-01
  3.22924405e-02 -4.91972677e-02 -6.09249771e-02  1.38770440e-03
 -1.45494863e-01  5.50019667e-02 -5.59479184e-02  6.54341578e-02
 -8.95490288e-04  3.36198658e-02 -2.76726577e-02  7.16916611e-03
 -2.76326039e-03 -2.33652182e-02  2.18640221e-03 -4.06153593e-03
  2.31910460e-02  1.15869464e-02  1.90651268e-02  2.20292411e-03
 -2.44373679e-02 -3.20929885e-02 -3.62419747e-02 -4.81071230e-03
 -1.87619589e-03 -7.16485083e-02  2.67276075e-02  2.50533447e-02
  5.94798103e-02 -7.84325413e-03  3.17946896e-02 -1.81801356e-02
 -1.53594813e-03  2.94416342e-02 -3.61094028e-02 -1.52044734e-02
  7.44267693e-03 -6.78601637e-02 -3.30808647e-02 -2.44276179e-03
  7.16266856e-02 -2.81886663e-02  1.98737215e-02  3.97305004e-03
  4.23840666e-03  4.86058071e-02 -3.77202057e-03 -9.62644964e-02
 -6.69271592e-03 -2.08984432e-03  1.73305012e-02 -9.84246135e-02
 -5.07302284e-02 -1.71886142e-02 -7.81678129e-03  8.09356850e-03
  7.53393397e-03 -1.03468383e-02 -9.50121582e-02  4.36421484e-03
 -8.68400559e-03 -5.44162318e-02 -4.97385673e-02 -1.06446883e-02
 -4.20665406e-02 -3.29409540e-02 -2.80247256e-02 -3.22998688e-02
  2.77186534e-03 -8.41484591e-02 -7.76281906e-03 -3.96961048e-02
  6.65103272e-02  3.21300477e-02  4.42590797e-03 -4.75877412e-02
 -8.09509233e-02  5.62152378e-02  2.35707425e-02 -1.37119628e-02
  5.81247024e-02 -3.35083306e-02 -7.73650855e-02  1.87025486e-33
  3.16059887e-02 -9.41141276e-04  4.45837947e-03 -1.80241615e-02
  6.23039789e-02 -5.18352091e-02 -7.26968497e-02 -3.26581821e-02
  3.46253514e-02  1.41717046e-01  6.75116628e-02 -1.51072629e-02
 -4.82897237e-02  3.83519195e-02 -1.56402946e-01 -7.56235514e-03
 -1.88493561e-02  3.19216102e-02  3.22266668e-02  8.25098436e-03
  5.19440956e-02  8.27421471e-02  4.34881970e-02  1.06343992e-01
  3.22218947e-02  4.44609486e-03  7.85596296e-03 -4.15430069e-02
  2.89239213e-02 -2.83597019e-02  2.34820079e-02  1.34996995e-02
 -1.38159087e-02 -2.64667589e-02  3.30042653e-02  7.49884918e-02
 -1.07103467e-01  6.72070533e-02 -6.66216761e-02 -2.88844574e-02
  1.04789911e-02 -1.00762509e-02 -1.16484538e-02  3.47117186e-02
  9.43208765e-03 -7.84718082e-04  4.19051535e-02 -1.09963454e-01
 -1.47063673e-01  8.12730864e-02 -1.22051492e-01 -1.24406507e-02
 -1.92344822e-02  8.15281179e-03  9.65505838e-03  5.48612438e-02
  9.93523896e-02 -8.33295211e-02  6.43274235e-03 -7.94645697e-02
 -1.25864923e-01 -2.19207369e-02 -7.73780188e-03  4.67773154e-03
  9.56732929e-02  1.19774565e-02  4.28768098e-02 -2.52482202e-02
 -9.41241011e-02 -2.15165354e-02 -9.01020467e-02  1.47248115e-02
 -2.60867923e-02  1.10233910e-01  1.78177115e-02 -6.00192742e-03
 -1.04494587e-01 -8.44349787e-02 -4.46270034e-02  2.48318687e-02
 -4.92390282e-02  1.11039495e-02 -4.32540243e-03  4.48958995e-03
 -2.71964725e-02  5.72058484e-02  5.48130013e-02  6.50233999e-02
 -1.70672946e-02  3.25858593e-02  4.40532193e-02 -1.09123299e-02
  5.38300276e-02 -3.68656330e-02  8.34431201e-02 -2.14645937e-08
 -4.68329899e-03  9.05149728e-02 -5.82597293e-02  7.17674475e-03
  5.01337126e-02 -3.01978774e-02  2.00589597e-02 -2.40594987e-02
  1.42243998e-02  1.36373192e-01  2.23904867e-02  8.91915150e-03
  1.54038211e-02  3.55423465e-02  1.52396098e-01 -2.94480706e-03
  4.82579842e-02  7.29714707e-02 -3.62237170e-02  1.37700941e-02
  1.12622781e-02  5.14665060e-02 -7.43924156e-02  3.82630154e-02
  2.85095833e-02  8.81252065e-03 -1.38871431e-01  9.76108480e-03
 -3.38039659e-02 -7.40017882e-03  2.08974294e-02 -5.07660843e-02
 -6.99403882e-02  2.10317951e-02  2.15378255e-02  1.05546914e-01
  3.98059463e-04 -7.45175406e-02  6.77685216e-02  5.70675991e-02
  3.08446456e-02  7.72215202e-02 -2.55290233e-03  7.93659221e-03
  7.40282610e-02  4.08292413e-02  9.18566075e-04 -2.28780066e-03
 -8.96258354e-02 -4.31716591e-02 -7.47336447e-03  1.23810656e-02
 -8.01756456e-02  1.16255112e-01  8.02244619e-02  1.93409622e-02
 -4.28251624e-02 -3.09897377e-03  2.02506930e-02 -5.94032742e-03
  9.15734321e-02  1.35318935e-01 -1.01761036e-01 -2.85141021e-02]",2
proj_test,58,What did you learn?,I am more motivated to study abroad again in the future.,I am more motivated to study abroad again in the future.,positive,0.5095,True,"[ 4.53543924e-02 -6.40826151e-02  4.92061749e-02  1.56525094e-02
  5.01667820e-02 -3.36834639e-02 -5.98267987e-02  7.77466316e-03
 -3.50414477e-02 -2.76689157e-02 -1.25159733e-02  7.83250015e-03
 -6.89646751e-02  6.70237690e-02  4.76877950e-02 -5.96246123e-02
 -8.30057412e-02 -6.54977262e-02  7.59237166e-03 -1.04069807e-01
 -2.07363591e-02 -1.13882031e-02  1.67826079e-02  3.41205038e-02
  1.46125294e-02  5.29020373e-03  5.73792346e-02  6.58552535e-03
  1.08117638e-02  6.17052987e-03  1.73257515e-02  5.71508966e-02
 -1.14099070e-01  1.16854943e-02  1.36123691e-02  2.28258073e-02
 -1.49972010e-02 -3.60178128e-02  7.28560165e-02  4.06097509e-02
 -1.81536227e-02 -5.99802192e-03  8.43641758e-02  1.08905118e-02
  5.98240010e-02 -6.89322948e-02 -4.78573143e-02  2.76919939e-02
  1.26723116e-02  8.65142271e-02  2.36461288e-03  2.94055063e-02
 -7.35929534e-02 -1.04779981e-01  3.96410227e-02  5.66597804e-02
  8.16212818e-02  6.59548491e-02 -8.04056749e-02 -6.42426088e-02
 -5.31277433e-03 -3.90506797e-02 -2.49300972e-02  6.65002540e-02
 -5.54078482e-02 -4.34414670e-02  4.33672853e-02  3.13492529e-02
  6.35216385e-02  6.03448115e-02 -1.56468153e-02 -3.23304832e-02
 -4.95038927e-02  2.28491668e-02  7.68736303e-02  1.53988171e-02
 -2.45814454e-02  5.47783002e-02 -1.03130117e-02  5.89317307e-02
  6.89778030e-02  5.34683056e-02 -9.30814967e-02 -6.22862205e-02
 -4.76013646e-02 -9.20642763e-02  1.73671860e-02 -2.27038488e-02
  4.68394794e-02 -1.84208807e-02  7.12748319e-02 -4.09222282e-02
 -3.89512591e-02  1.34932771e-01 -5.99265173e-02 -1.51073150e-02
  1.06000518e-02  6.91411495e-02  2.43585780e-02  7.60330334e-02
 -3.13651897e-02  2.35742889e-02  1.91892460e-02  1.21999800e-01
 -9.23700780e-02 -1.27428025e-02  6.06947504e-02  4.81273159e-02
  1.79542713e-02 -6.54909238e-02 -7.61627406e-02  2.42067594e-02
 -3.16870911e-03 -3.99673078e-03 -1.90271791e-02  1.67730395e-02
  2.36636288e-02  2.60741096e-02  7.41246194e-02  9.53603461e-02
 -1.91545431e-02  4.30179462e-02 -2.36059818e-03 -3.29658389e-02
 -5.95148131e-02 -1.13987885e-01  1.68411918e-02 -3.18503170e-33
 -1.67986006e-02  2.46875249e-02  4.18708846e-02  3.39323841e-02
 -4.67042252e-02 -4.00834568e-02  4.10084687e-02  9.37794745e-02
 -4.43037041e-02 -3.38813886e-02  3.97421308e-02  5.36944270e-02
  1.56616699e-02 -4.83081164e-03 -9.10753570e-03 -6.09750114e-03
 -1.22407367e-02  4.88469936e-02  6.64370060e-02  1.41561434e-01
  7.86849707e-02 -8.72206688e-02  6.71243221e-02 -3.64193693e-02
  8.12585205e-02 -1.78869385e-02  6.04794286e-02 -3.34131606e-02
 -6.60403594e-02  2.23101135e-02  5.56025691e-02  5.50634302e-02
 -1.11983806e-01 -9.32091773e-02 -5.01234382e-02  2.68972572e-03
 -6.27507130e-03 -2.95214597e-02 -6.95892842e-03 -2.27364786e-02
  2.88672708e-02  2.83833072e-02  3.13909166e-02 -3.58918868e-02
  6.05089925e-02 -1.05385296e-02  2.02915445e-02 -4.39509982e-03
 -1.93894189e-02  1.44640701e-02 -1.16078570e-01 -8.67113844e-02
 -5.67306131e-02 -1.22023083e-01  3.17637958e-02 -2.81170458e-02
 -4.61907536e-02  2.42241360e-02 -1.84658654e-02 -4.38578390e-02
 -6.16234466e-02 -4.67897719e-03 -5.34317531e-02  3.09818368e-02
  3.89081463e-02  3.93527709e-02  3.17336097e-02 -4.68106791e-02
 -3.00768670e-02 -4.34490778e-02 -4.30264771e-02 -6.21116720e-02
  7.85669219e-03 -6.67751878e-02 -3.43315699e-03  5.13212942e-02
 -8.39023758e-03 -3.71730775e-02  3.48757207e-02 -5.64553728e-03
  2.10241098e-02  2.45879870e-02 -4.92979735e-02 -2.08249073e-02
  9.87066031e-02  9.61156264e-02  6.78007603e-02 -1.12129614e-01
  8.39694813e-02  2.16549225e-02  1.88970212e-02 -5.02450764e-02
  1.25217373e-02 -3.38592231e-02 -6.10742755e-02  1.44193227e-33
  1.19293667e-01 -7.64184911e-03  2.32284423e-02 -4.69250530e-02
  2.08304040e-02 -1.74970999e-02  5.26316762e-02  7.64297247e-02
 -2.66880766e-02  7.86461122e-03 -3.54416184e-02 -3.52700092e-02
  1.00493178e-01  1.56389713e-01 -6.47819787e-02 -2.44490411e-02
 -2.45940941e-03 -1.13660085e-03 -4.43848930e-02  4.40620296e-02
 -2.01227833e-02  1.10209994e-01 -2.61763169e-04 -4.06414270e-02
  9.85182356e-03 -4.37178053e-02  2.39591040e-02  2.56029572e-02
 -2.58262884e-02 -3.07191461e-02  3.26803774e-02  8.17817599e-02
 -8.91806558e-02 -2.04521343e-02 -1.15044313e-02  6.19234592e-02
  4.21480574e-02  1.03970477e-02 -7.27916285e-02  1.08653761e-01
 -4.64477614e-02  5.87347299e-02  4.33000140e-02 -3.51100862e-02
  5.08362353e-02 -1.03422371e-03  2.80492064e-02  7.40455613e-02
 -2.09394954e-02 -3.76875699e-02  2.26161946e-02  3.76963019e-02
 -1.63499340e-02 -4.17883880e-02  6.39067516e-02 -1.32326689e-02
 -1.24934851e-03 -9.42496657e-02 -6.58377185e-02 -3.16860899e-02
 -2.60334276e-02  7.19062344e-04  5.62614063e-03  2.51465105e-02
 -6.49698079e-03 -5.66427372e-02 -8.71216133e-03  4.60192151e-02
 -3.35377012e-03  2.01095231e-02  2.53793970e-02  5.91667509e-03
 -6.02527559e-02  3.29091260e-03  3.05781811e-02 -4.80390154e-02
 -5.94898418e-04  1.01297237e-02 -2.31911093e-02  2.41153222e-02
 -4.15504463e-02 -6.47842279e-03 -3.24543230e-02 -5.12332320e-02
 -8.85774568e-03 -5.64651191e-03 -6.79833367e-02  2.69782841e-02
  6.46948814e-02 -9.86655131e-02 -8.03487971e-02 -8.20198283e-03
 -7.02876179e-03 -2.79733669e-02  4.64030616e-02 -1.92683896e-08
 -4.18220758e-02 -3.59499045e-02  6.41550543e-03  8.74018744e-02
 -3.50437090e-02 -6.27781674e-02 -9.61287990e-02  2.52143294e-02
  8.41521309e-04 -7.79859349e-02  1.17512969e-02 -2.07241252e-03
  7.97213316e-02  1.17868707e-02  8.02685693e-03  8.47145990e-02
  7.94736519e-02  2.47546714e-02  5.81279360e-02  3.21057923e-02
 -4.10686852e-03  7.53618637e-03 -2.18879431e-02  3.26836817e-02
 -2.63428725e-02  8.01306963e-02  1.50781842e-02 -4.29541385e-03
  4.54478152e-02 -2.05909796e-02 -4.65699509e-02 -3.32933478e-02
  3.49235050e-02 -7.39133880e-02 -4.82401215e-02 -9.77718756e-02
  9.73995426e-04 -1.45836705e-02  8.89081974e-03  1.39081932e-03
  1.68688092e-02 -4.86793518e-02  2.19783895e-02  8.38176757e-02
 -1.11499345e-02 -6.72409236e-02  3.37909237e-02  2.01016925e-02
 -1.68473122e-03  1.03010591e-02 -1.23844348e-01 -4.40447452e-03
 -3.41410711e-02 -3.64679359e-02  1.27838096e-02  7.74655193e-02
 -6.77911118e-02  1.55001292e-02 -9.15308148e-02  8.06644633e-02
  5.35692796e-02 -5.33675961e-02 -6.81487769e-02 -2.44945493e-02]",0
proj_test,59,Any other comments?,"It was exhausting, though definitely worth it.","It was exhausting, though definitely worth it.",positive,0.2732,False,"[-1.87970195e-02  8.47051069e-02  5.33330701e-02  2.82014068e-02
  6.79128096e-02 -3.62801179e-02 -2.02482119e-02  5.76864034e-02
 -2.05580983e-02 -2.98603233e-02 -9.20896232e-02 -4.96697286e-03
  2.36561671e-02 -3.81186046e-02  3.96164991e-02 -2.22794320e-02
  7.06811845e-02 -5.05479015e-02  4.69018854e-02 -7.84190595e-02
 -1.97023638e-02  4.86799106e-02  1.71610229e-02  5.13230152e-02
  1.10554762e-01  7.39481598e-02 -5.32849953e-02  2.89288480e-02
  4.96287793e-02  5.49334474e-02 -2.25124862e-02  6.91619813e-02
 -2.71851365e-02 -5.19957691e-02 -1.20429005e-02 -2.18647365e-02
  7.58059248e-02  3.58686522e-02 -1.44952517e-02 -4.77128103e-03
  4.75277985e-03 -1.55960107e-02  4.89845090e-02 -6.81916624e-02
 -5.53746596e-02 -5.66776022e-02 -1.18825166e-02 -1.01324983e-01
  6.75728694e-02  8.66819732e-03  8.45401287e-02 -5.42842261e-02
 -2.08648015e-02 -3.43904570e-02 -4.16988805e-02  7.18800873e-02
  8.03795923e-03 -5.07712141e-02 -1.99597366e-02 -5.27605787e-02
 -9.89366025e-02 -5.79125062e-02  1.55957718e-03  4.03896458e-02
  1.20809548e-01 -4.24643010e-02 -8.34271163e-02 -6.60103783e-02
  6.95116594e-02  6.18725233e-02 -1.79289840e-04 -4.30722535e-02
 -1.98063403e-02 -6.81703687e-02 -3.19601200e-03  1.95436347e-02
 -1.89313628e-02 -9.45573375e-02  3.64938355e-03  6.96011819e-04
 -3.72778275e-03 -3.28986309e-02 -9.34327673e-03  3.52593847e-02
  4.27334309e-02 -6.84367493e-02  4.64472435e-02 -1.39646716e-02
 -2.17281561e-03  1.62598174e-02  8.07871297e-03  2.32347697e-02
  2.11007372e-02  3.44952196e-02  4.54939939e-02 -4.45256615e-03
 -4.39456925e-02  6.05606548e-02  1.57330427e-02  1.53731443e-02
 -5.72870933e-02  7.94055164e-02  5.59798488e-03 -2.62399912e-02
 -6.35918463e-03 -1.15214232e-02  2.42439639e-02  7.26473704e-02
  2.11555753e-02 -7.01684281e-02 -2.23344862e-02  2.08097752e-02
  5.78425862e-02 -2.05743182e-02  3.71161401e-02  1.33454621e-01
  1.01477643e-02  3.44693032e-03  2.09224392e-02  1.12840898e-01
  6.50338009e-02 -3.74534987e-02  3.34707350e-02  4.96125408e-02
 -2.03053672e-02 -1.15598500e-01  1.36953667e-01 -8.01976098e-33
 -6.71215877e-02  4.16914225e-02  2.87802033e-02 -5.26671996e-03
  8.72395039e-02  1.61532536e-02  2.76996903e-02  1.93563718e-02
 -3.33522027e-03 -1.19684581e-02  1.76867284e-02  1.00599796e-01
 -2.89285686e-02 -1.00545041e-01  5.25293536e-02 -1.02396227e-01
 -6.84623420e-02  1.51806781e-02 -4.56602648e-02  2.76071765e-03
  2.07663290e-02  7.98990135e-04 -6.22764379e-02 -8.97178706e-03
 -1.01039726e-02  8.02519470e-02  2.10892153e-03  1.83903035e-02
 -5.95762841e-02  7.00842962e-03 -2.21540593e-02  2.26498321e-02
 -2.52911337e-02  3.65642533e-02  9.78653971e-03 -1.09683927e-02
  9.04036686e-03 -6.15887269e-02 -3.71281095e-02  2.12393533e-02
 -7.96105638e-02  5.35785146e-02  4.44020629e-02 -5.47086485e-02
 -4.40773973e-03 -2.39202287e-02 -8.18029121e-02  3.40319909e-02
 -5.76986708e-02  3.59022617e-02  5.48068294e-03  2.45769918e-02
  1.43786697e-02  3.73218320e-02 -2.28562411e-02  2.11122725e-02
  1.05344318e-02  7.10534491e-03  2.29721274e-02  2.55603157e-02
 -1.86673906e-02  9.56366733e-02  2.90765483e-02 -4.51903092e-03
 -3.92513052e-02  4.10359204e-02 -3.95054882e-03  4.12968872e-03
 -2.35681143e-02  1.73940870e-03 -5.75937480e-02 -4.35722880e-02
  3.76480073e-02 -9.38925892e-02  7.48839825e-02  8.34897626e-03
 -9.47014540e-02 -8.34500045e-02 -5.56000881e-02  4.79260925e-03
  1.96929630e-02 -9.62202623e-03  1.88053604e-02 -8.83127153e-02
  7.86381960e-02 -3.50674894e-03  3.82270887e-02 -1.02966107e-01
 -4.90561314e-02  2.64257398e-02 -2.29764320e-02  2.89247259e-02
  2.27067433e-02 -8.29093624e-03 -1.91099513e-02  6.15620020e-33
  6.33158609e-02  2.22140551e-02 -2.98639713e-03  2.73488630e-02
  2.95834299e-02  7.43090548e-03  2.67306552e-03  5.02779661e-03
 -6.50885180e-02  1.45713715e-02 -1.50980605e-02  3.16965915e-02
 -4.32252884e-02  6.07398786e-02 -4.85867774e-03 -2.22878587e-02
  4.63315174e-02 -1.04545280e-01  1.56915188e-02 -9.00299475e-03
  5.34862652e-02  5.52852973e-02 -2.30329297e-02 -5.26788719e-02
 -9.28660631e-02  1.08143091e-01 -2.98088621e-02  2.68336143e-02
  4.59702909e-02 -1.61690637e-02  4.53457311e-02  4.45180871e-02
 -1.49782375e-02  2.86569372e-02 -1.22199524e-02  1.25253916e-01
  8.15165266e-02  8.45839903e-02 -5.03185242e-02 -3.84204350e-02
 -6.38961501e-05 -9.55375377e-03 -2.66198739e-02  8.26746449e-02
  3.37535888e-02 -3.34350020e-02  4.80065905e-02 -5.92704639e-02
  7.63347233e-03  1.83536019e-02  9.77043882e-02 -1.36929704e-02
 -4.73910384e-02  6.12219386e-02 -4.55761515e-02 -1.10255726e-01
  1.90778710e-02 -1.04497131e-02 -4.51168753e-02 -7.74878711e-02
 -1.08150139e-01  2.28370484e-02 -4.74372171e-02 -5.71616031e-02
  8.76415521e-03 -4.76870462e-02  3.37621383e-03 -1.48902182e-02
  1.89688802e-02 -6.12995699e-02 -8.34909379e-02  2.96227429e-02
 -2.85464432e-02  7.33212307e-02  1.33474879e-02  7.38752037e-02
  1.57195106e-02  5.55413263e-03 -7.09494390e-03  1.59137864e-02
 -1.06004886e-01 -3.21560688e-02 -6.84306473e-02 -9.06438604e-02
  8.28996971e-02  1.78823639e-02 -3.36725228e-02 -2.72730216e-02
 -3.47339213e-02  8.61505345e-02  4.78844456e-02 -6.89819269e-03
  5.05382642e-02 -2.95298006e-02  3.65552343e-02 -2.09025863e-08
 -2.29858253e-02  5.70098273e-02 -7.41287135e-03 -4.03372012e-02
  8.05193186e-03 -3.77525464e-02  5.94136678e-02  3.89739126e-02
 -4.14010547e-02  1.03461675e-01  9.53888744e-02 -1.72816925e-02
  4.76328805e-02  1.27197325e-01 -1.98388565e-02 -1.47500932e-02
  9.19565111e-02 -1.23326266e-02 -3.93892564e-02 -5.19337784e-03
 -1.72188086e-03  1.81142446e-02 -1.53351471e-01 -1.64444204e-02
 -6.26935065e-02  3.42791602e-02 -3.89910699e-03  4.10828330e-02
  5.11111096e-02 -8.16222802e-02  1.59615092e-03  3.30869481e-02
 -2.61628274e-02  2.09299456e-02 -1.21238865e-02 -1.99391656e-02
  2.59442907e-02 -3.97748165e-02 -5.42997243e-03 -1.58499386e-02
  4.63438034e-03  1.11760618e-02 -1.15976324e-02  1.48562836e-02
  1.38309404e-01  2.90768091e-02 -5.82180806e-02 -4.56054658e-02
 -7.32611343e-02 -2.64242683e-02  5.58506027e-02 -3.59560996e-02
 -4.17899005e-02  3.88987474e-02  9.68938991e-02 -5.09349629e-02
  4.96557448e-03 -2.08560899e-02 -9.89785194e-02  5.05948551e-02
  5.37499897e-02 -9.89062488e-02 -1.05211034e-01  8.35735872e-02]",2
